# 3ds Max Wavefront OBJ Exporter v0.99 - (c)2007 guruware
# File Created: 18.03.2026 14:55:53

mtllib Ribbed Duo.mtl

#
# object Mesh1
#

v  50733.4258 -850.6347 52830.7383
v  50717.1367 -850.6347 52830.7383
v  50713.3945 -854.3746 52829.4727
v  50737.1641 -854.3746 52829.4727
v  51827.2383 1899.3093 52829.4766
v  51827.2383 -854.3746 52829.4727
v  51830.9805 -850.6347 52830.7383
v  51830.9805 1895.5693 52830.7422
v  50720.9414 1891.7622 52831.5039
v  50720.9414 -846.8275 52831.5000
v  50724.7852 -842.9865 52831.7539
v  50724.7852 1887.9211 52831.7578
v  51843.4648 -846.8275 52831.5000
v  51834.7852 -846.8275 52831.5000
v  51847.2695 -850.6347 52830.7383
v  50713.3945 1899.3093 52829.4766
v  50717.1367 1895.5693 52830.7422
v  51834.7852 1891.7622 52831.5039
v  50737.1641 1899.3093 52829.4766
v  50740.8047 1902.9487 52827.7227
v  50709.7539 1902.9487 52827.7227
v  50747.6562 -864.8656 52822.8047
v  50747.6562 1909.8003 52822.8086
v  50744.3125 1906.4563 52825.4922
v  50744.3125 -861.5215 52825.4883
v  50740.8047 -858.0142 52827.7188
v  50709.7539 -858.0142 52827.7188
v  50706.2500 -861.5215 52825.4883
v  50702.9023 -864.8656 52822.8047
v  50702.9023 1909.8003 52822.8086
v  50706.2500 1906.4563 52825.4922
v  51838.6289 1887.9211 52831.7578
v  51838.6289 -842.9865 52831.7539
v  51839.6211 -842.9865 52831.7539
v  51839.6211 1887.9211 52831.7578
v  51851.0117 -854.3746 52829.4727
v  51671.8594 1895.5693 52830.7422
v  51688.1484 1895.5693 52830.7422
v  51691.8906 1899.3093 52829.4766
v  51668.1172 1899.3093 52829.4766
v  51688.1484 -850.6347 52830.7383
v  51684.3438 1891.7622 52831.5039
v  51684.3438 -846.8275 52831.5000
v  51679.5078 1887.9211 52831.7578
v  51679.5078 -842.9865 52831.7539
v  51680.5000 -842.9865 52831.7539
v  51680.5000 1887.9211 52831.7578
v  51675.6680 1891.7622 52831.5039
v  51675.6680 -846.8275 52831.5000
v  51671.8594 -850.6347 52830.7383
v  51695.5273 -858.0142 52827.7188
v  51664.4805 -858.0142 52827.7188
v  51660.9727 -861.5215 52825.4883
v  51699.0352 -861.5215 52825.4883
v  51657.6289 -864.8656 52822.8047
v  51702.3789 -864.8656 52822.8047
v  51668.1172 -854.3746 52829.4727
v  51691.8906 -854.3746 52829.4727
v  51716.0039 1908.5044 52824.9297
v  51716.0039 -863.5699 52824.9258
v  51716.7148 -864.2822 52823.9453
v  51716.7148 1909.2168 52823.9453
v  51717.2969 -864.8656 52822.8047
v  51717.2969 1909.8003 52822.8086
v  51707.9375 -864.2822 52823.9453
v  51708.6484 -863.5699 52824.9258
v  51707.9375 1909.2168 52823.9453
v  51707.3516 1909.8003 52822.8086
v  51714.2773 1906.7800 52826.3086
v  51714.2773 -861.8453 52826.3047
v  51715.1836 -862.7496 52825.7188
v  51715.1836 1907.6843 52825.7227
v  51709.4688 -862.7496 52825.7188
v  51709.4688 1907.6843 52825.7227
v  51708.6484 1908.5044 52824.9297
v  51707.3516 -864.8656 52822.8047
v  51646.6914 1905.8184 52826.6641
v  51648.6719 1905.8184 52826.6641
v  51649.6367 1906.7800 52826.3086
v  51645.7305 1906.7800 52826.3086
v  51710.3750 -861.8453 52826.3047
v  51710.3750 1906.7800 52826.3086
v  51711.3359 1905.8184 52826.6641
v  51713.3164 1905.8184 52826.6641
v  51711.3359 -860.8838 52826.6641
v  51712.3242 1904.8279 52826.7852
v  51712.3242 -859.8931 52826.7812
v  51713.3164 -860.8838 52826.6641
v  51645.7305 -861.8453 52826.3047
v  51649.6367 -861.8453 52826.3047
v  51648.6719 -860.8838 52826.6641
v  51646.6914 -860.8838 52826.6641
v  51647.6836 -859.8931 52826.7812
v  51650.5391 -862.7496 52825.7188
v  51650.5391 1907.6843 52825.7227
v  51644.8281 1907.6843 52825.7227
v  51647.6836 1904.8279 52826.7852
v  51644.8281 -862.7496 52825.7188
v  51361.2656 -842.9865 52831.7539
v  51361.2656 1887.9211 52831.7578
v  51357.4258 1891.7622 52831.5039
v  51357.4258 -846.8275 52831.5000
v  51294.0898 -854.3746 52829.4727
v  51294.0898 1899.3093 52829.4766
v  51290.3477 1895.5693 52830.7422
v  51290.3477 -850.6347 52830.7383
v  51297.7266 -858.0142 52827.7188
v  51297.7266 1902.9487 52827.7227
v  51353.6172 1895.5693 52830.7422
v  51353.6172 -850.6347 52830.7383
v  51369.9102 -850.6347 52830.7383
v  51366.1016 -846.8275 52831.5000
v  51366.1016 1891.7622 52831.5039
v  51369.9102 1895.5693 52830.7422
v  51277.8633 1891.7622 52831.5039
v  51286.5391 1891.7622 52831.5039
v  51274.0586 1895.5693 52830.7422
v  51362.2617 -842.9865 52831.7539
v  51453.2070 1899.3093 52829.4766
v  51453.2070 -854.3746 52829.4727
v  51456.8477 -858.0142 52827.7188
v  51456.8477 1902.9487 52827.7227
v  51373.6484 1899.3093 52829.4766
v  51349.8789 1899.3093 52829.4766
v  51362.2617 1887.9211 52831.7578
v  51277.8633 -846.8275 52831.5000
v  51286.5391 -846.8275 52831.5000
v  51282.6992 -842.9865 52831.7539
v  51281.7070 -842.9865 52831.7539
v  51270.3164 1899.3093 52829.4766
v  51373.6484 -854.3746 52829.4727
v  51282.6992 1887.9211 52831.7578
v  51460.3555 -861.5215 52825.4883
v  51460.3555 1906.4563 52825.4922
v  51270.3164 -854.3746 52829.4727
v  51266.6797 1902.9487 52827.7227
v  51266.6797 -858.0142 52827.7188
v  51263.1719 1906.4563 52825.4922
v  51263.1719 -861.5215 52825.4883
v  51463.6992 -864.8656 52822.8047
v  51463.6992 1909.8003 52822.8086
v  51281.7070 1887.9211 52831.7578
v  51259.8281 1909.8003 52822.8086
v  51259.8281 -864.8656 52822.8047
v  51304.5781 -864.8656 52822.8047
v  51301.2344 -861.5215 52825.4883
v  51349.8789 -854.3746 52829.4727
v  51301.2344 1906.4563 52825.4922
v  51422.2930 1906.4563 52825.4922
v  51418.9453 1909.8003 52822.8086
v  51304.5781 1909.8003 52822.8086
v  51107.5586 1902.9487 52827.7227
v  51107.5586 -858.0142 52827.7188
v  51111.1953 -854.3746 52829.4727
v  51111.1953 1899.3093 52829.4766
v  51104.0508 1906.4563 52825.4922
v  51104.0508 -861.5215 52825.4883
v  51134.9688 1899.3093 52829.4766
v  51138.6055 1902.9487 52827.7227
v  51138.6055 -858.0142 52827.7188
v  51142.1133 -861.5215 52825.4883
v  51142.1133 1906.4563 52825.4922
v  51145.4570 -864.8656 52822.8047
v  51145.4570 1909.8003 52822.8086
v  51100.7070 1909.8003 52822.8086
v  51134.9688 -854.3746 52829.4727
v  51206.9805 -846.8275 52831.5000
v  51206.9805 1891.7622 52831.5039
v  51203.1406 1887.9211 52831.7578
v  51203.1406 -842.9865 52831.7539
v  51183.6094 1906.4563 52825.4922
v  51183.6094 -861.5215 52825.4883
v  51187.1172 -858.0142 52827.7188
v  51187.1172 1902.9487 52827.7227
v  51221.6758 1906.4563 52825.4922
v  51225.0195 1909.8003 52822.8086
v  51180.2656 1909.8003 52822.8086
v  51225.0195 -864.8656 52822.8047
v  51221.6758 -861.5215 52825.4883
v  51274.0586 -850.6347 52830.7383
v  51198.3047 1891.7622 52831.5039
v  51210.7891 1895.5693 52830.7422
v  51194.4961 1895.5693 52830.7422
v  51194.4961 -850.6347 52830.7383
v  51198.3047 -846.8275 52831.5000
v  51214.5273 -854.3746 52829.4727
v  51190.7578 -854.3746 52829.4727
v  51218.1680 -858.0142 52827.7188
v  51210.7891 -850.6347 52830.7383
v  51202.1445 1887.9211 52831.7578
v  51202.1445 -842.9865 52831.7539
v  51214.5273 1899.3093 52829.4766
v  51190.7578 1899.3093 52829.4766
v  51180.2656 -864.8656 52822.8047
v  51218.1680 1902.9487 52827.7227
v  51396.0352 -861.8453 52826.3047
v  51392.1328 -861.8453 52826.3047
v  51391.2266 -862.7496 52825.7188
v  51396.9414 -862.7496 52825.7188
v  51391.2266 1907.6843 52825.7227
v  51392.1328 1906.7800 52826.3086
v  51393.0938 -860.8838 52826.6641
v  51393.0938 1905.8184 52826.6641
v  51394.0859 1904.8279 52826.7852
v  51395.0742 1905.8184 52826.6641
v  51396.0352 1906.7800 52826.3086
v  51396.9414 1907.6843 52825.7227
v  51395.0742 -860.8838 52826.6641
v  51394.0859 -859.8931 52826.7812
v  51390.4062 -863.5699 52824.9258
v  51397.7617 -863.5699 52824.9258
v  51409.9922 -860.8838 52826.6641
v  51408.0117 -860.8838 52826.6641
v  51407.0508 -861.8453 52826.3047
v  51410.9531 -861.8453 52826.3047
v  51408.0117 1905.8184 52826.6641
v  51409.0039 -859.8931 52826.7812
v  51409.0039 1904.8279 52826.7852
v  51409.9922 1905.8184 52826.6641
v  51412.6797 -863.5699 52824.9258
v  51405.3242 -863.5699 52824.9258
v  51404.6133 -864.2822 52823.9453
v  51413.3906 -864.2822 52823.9453
v  51406.1445 1907.6843 52825.7227
v  51406.1445 -862.7496 52825.7188
v  51407.0508 1906.7800 52826.3086
v  51398.4727 -864.2822 52823.9453
v  51389.6953 -864.2822 52823.9453
v  51389.1133 -864.8656 52822.8047
v  51399.0586 -864.8656 52822.8047
v  51389.6953 1909.2168 52823.9453
v  51390.4062 1908.5044 52824.9297
v  51410.9531 1906.7800 52826.3086
v  51411.8594 1907.6843 52825.7227
v  51411.8594 -862.7496 52825.7188
v  51389.1133 1909.8003 52822.8086
v  50761.9922 1909.2168 52823.9453
v  50761.9922 -864.2822 52823.9453
v  50762.5742 -864.8656 52822.8047
v  50762.5742 1909.8003 52822.8086
v  50833.4844 1908.5044 52824.9297
v  50840.8398 1908.5044 52824.9297
v  50841.5508 1909.2168 52823.9453
v  50832.7734 1909.2168 52823.9453
v  50842.1367 -864.8656 52822.8047
v  50842.1367 1909.8003 52822.8086
v  50841.5508 -864.2822 52823.9453
v  50840.8398 -863.5699 52824.9258
v  50832.1914 1909.8003 52822.8086
v  50840.0195 1907.6843 52825.7227
v  50840.0195 -862.7496 52825.7188
v  50834.3047 1907.6843 52825.7227
v  50761.2773 1908.5044 52824.9297
v  50761.2773 -863.5699 52824.9258
v  50833.4844 -863.5699 52824.9258
v  50834.3047 -862.7496 52825.7188
v  50835.2109 -861.8453 52826.3047
v  50839.1133 -861.8453 52826.3047
v  50838.1523 -860.8838 52826.6641
v  50836.1719 -860.8838 52826.6641
v  50835.2109 1906.7800 52826.3086
v  50837.1641 -859.8931 52826.7812
v  50836.1719 1905.8184 52826.6641
v  50838.1523 1905.8184 52826.6641
v  50839.1133 1906.7800 52826.3086
v  50837.1641 1904.8279 52826.7852
v  50759.5547 1906.7800 52826.3086
v  50759.5547 -861.8453 52826.3047
v  50760.4570 -862.7496 52825.7188
v  50760.4570 1907.6843 52825.7227
v  50832.1914 -864.8656 52822.8047
v  50832.7734 -864.2822 52823.9453
v  50754.7461 1907.6843 52825.7227
v  50753.9258 1908.5044 52824.9297
v  50753.2109 1909.2168 52823.9453
v  50755.6484 -861.8453 52826.3047
v  50758.5938 -860.8838 52826.6641
v  50756.6094 -860.8838 52826.6641
v  50757.6016 1904.8279 52826.7852
v  50758.5938 1905.8184 52826.6641
v  50756.6094 1905.8184 52826.6641
v  50755.6484 1906.7800 52826.3086
v  50754.7461 -862.7496 52825.7188
v  50753.9258 -863.5699 52824.9258
v  50757.6016 -859.8931 52826.7812
v  50753.2109 -864.2822 52823.9453
v  50752.6289 1909.8003 52822.8086
v  50752.6289 -864.8656 52822.8047
v  51816.7500 1909.8003 52822.8086
v  51816.7500 -864.8656 52822.8047
v  51820.0938 -861.5215 52825.4883
v  51820.0938 1906.4563 52825.4922
v  51823.6016 -858.0142 52827.7188
v  51823.6016 1902.9487 52827.7227
v  51851.0117 1899.3093 52829.4766
v  51854.6484 -858.0142 52827.7188
v  51854.6484 1902.9487 52827.7227
v  51858.1562 1906.4563 52825.4922
v  51861.5000 1909.8003 52822.8086
v  51858.1562 -861.5215 52825.4883
v  50979.4883 -858.0142 52827.7188
v  50948.4375 -858.0142 52827.7188
v  50944.9297 -861.5215 52825.4883
v  50982.9922 -861.5215 52825.4883
v  50975.8477 -854.3746 52829.4727
v  50975.8477 1899.3093 52829.4766
v  50972.1055 1895.5693 52830.7422
v  50972.1055 -850.6347 52830.7383
v  50941.5859 -864.8656 52822.8047
v  50986.3359 -864.8656 52822.8047
v  50952.0781 -854.3746 52829.4727
v  51599.9453 1887.9211 52831.7578
v  51599.9453 -842.9865 52831.7539
v  51600.9414 -842.9865 52831.7539
v  51600.9414 1887.9211 52831.7578
v  51596.1055 1891.7622 52831.5039
v  51596.1055 -846.8275 52831.5000
v  51592.2969 1895.5693 52830.7422
v  51592.2969 -850.6347 52830.7383
v  51604.7812 1891.7622 52831.5039
v  51604.7812 -846.8275 52831.5000
v  51608.5898 -850.6347 52830.7383
v  51608.5898 1895.5693 52830.7422
v  51612.3281 -854.3746 52829.4727
v  51612.3281 1899.3093 52829.4766
v  50963.4648 1887.9211 52831.7578
v  50964.4570 1887.9211 52831.7578
v  50968.3008 1891.7622 52831.5039
v  50959.6250 1891.7622 52831.5039
v  50955.8164 1895.5693 52830.7422
v  51588.5586 1899.3093 52829.4766
v  51588.5586 -854.3746 52829.4727
v  50952.0781 1899.3093 52829.4766
v  50968.3008 -846.8275 52831.5000
v  50964.4570 -842.9865 52831.7539
v  50955.8164 -850.6347 52830.7383
v  50959.6250 -846.8275 52831.5000
v  50963.4648 -842.9865 52831.7539
v  51584.9180 1902.9487 52827.7227
v  51584.9180 -858.0142 52827.7188
v  51581.4102 1906.4563 52825.4922
v  51581.4102 -861.5215 52825.4883
v  51578.0664 -864.8656 52822.8047
v  51622.8203 -864.8656 52822.8047
v  51619.4766 -861.5215 52825.4883
v  51615.9688 -858.0142 52827.7188
v  51578.0664 1909.8003 52822.8086
v  51615.9688 1902.9487 52827.7227
v  51516.5469 -846.8275 52831.5000
v  51516.5469 1891.7622 52831.5039
v  51512.7383 1895.5693 52830.7422
v  51512.7383 -850.6347 52830.7383
v  51520.3867 1887.9211 52831.7578
v  51521.3828 1887.9211 52831.7578
v  51525.2227 1891.7622 52831.5039
v  51521.3828 -842.9865 52831.7539
v  51525.2227 -846.8275 52831.5000
v  51529.0273 1895.5693 52830.7422
v  51529.0273 -850.6347 52830.7383
v  51532.7695 -854.3746 52829.4727
v  51532.7695 1899.3093 52829.4766
v  51755.2266 -846.8275 52831.5000
v  51755.2266 1891.7622 52831.5039
v  51751.4180 1895.5693 52830.7422
v  51751.4180 -850.6347 52830.7383
v  51747.6797 1899.3093 52829.4766
v  51747.6797 -854.3746 52829.4727
v  51771.4492 -854.3746 52829.4727
v  51767.7109 -850.6347 52830.7383
v  51759.0664 -842.9865 52831.7539
v  51759.0664 1887.9211 52831.7578
v  51763.9023 -846.8275 52831.5000
v  51760.0625 -842.9865 52831.7539
v  51520.3867 -842.9865 52831.7539
v  51760.0625 1887.9211 52831.7578
v  51763.9023 1891.7622 52831.5039
v  51767.7109 1895.5693 52830.7422
v  51771.4492 1899.3093 52829.4766
v  51744.0391 1902.9487 52827.7227
v  51744.0391 -858.0142 52827.7188
v  51740.5312 1906.4563 52825.4922
v  51740.5312 -861.5215 52825.4883
v  51737.1875 1909.8003 52822.8086
v  51737.1875 -864.8656 52822.8047
v  51781.9414 -864.8656 52822.8047
v  51778.5977 -861.5215 52825.4883
v  51775.0898 -858.0142 52827.7188
v  51509.0000 -854.3746 52829.4727
v  51509.0000 1899.3093 52829.4766
v  50868.8750 -858.0142 52827.7188
v  50868.8750 1902.9487 52827.7227
v  50865.3672 1906.4563 52825.4922
v  50865.3672 -861.5215 52825.4883
v  50899.9258 -858.0142 52827.7188
v  50896.2852 -854.3746 52829.4727
v  50872.5156 -854.3746 52829.4727
v  50876.2539 -850.6347 52830.7383
v  50876.2539 1895.5693 52830.7422
v  50872.5156 1899.3093 52829.4766
v  50880.0625 -846.8275 52831.5000
v  50888.7383 -846.8275 52831.5000
v  50884.8984 -842.9865 52831.7539
v  50883.9023 -842.9865 52831.7539
v  50883.9023 1887.9211 52831.7578
v  50880.0625 1891.7622 52831.5039
v  50896.2852 1899.3093 52829.4766
v  50899.9258 1902.9487 52827.7227
v  50892.5469 -850.6347 52830.7383
v  50903.4336 -861.5215 52825.4883
v  50903.4336 1906.4563 52825.4922
v  50884.8984 1887.9211 52831.7578
v  50888.7383 1891.7622 52831.5039
v  50892.5469 1895.5693 52830.7422
v  50906.7773 -864.8656 52822.8047
v  50906.7773 1909.8003 52822.8086
v  50862.0234 -864.8656 52822.8047
v  50862.0234 1909.8003 52822.8086
v  50823.8750 -861.5215 52825.4883
v  50823.8750 1906.4563 52825.4922
v  50820.3672 1902.9487 52827.7227
v  50820.3672 -858.0142 52827.7188
v  50792.9570 -854.3746 52829.4727
v  50816.7266 -854.3746 52829.4727
v  50812.9844 -850.6347 52830.7383
v  50796.6953 -850.6347 52830.7383
v  50800.5039 -846.8275 52831.5000
v  50809.1797 -846.8275 52831.5000
v  50805.3398 -842.9865 52831.7539
v  50804.3438 -842.9865 52831.7539
v  50796.6953 1895.5693 52830.7422
v  50812.9844 1895.5693 52830.7422
v  50816.7266 1899.3093 52829.4766
v  50792.9570 1899.3093 52829.4766
v  50809.1797 1891.7622 52831.5039
v  50800.5039 1891.7622 52831.5039
v  50789.3164 1902.9487 52827.7227
v  50789.3164 -858.0142 52827.7188
v  50785.8086 1906.4563 52825.4922
v  50805.3398 1887.9211 52831.7578
v  50804.3438 1887.9211 52831.7578
v  50827.2188 -864.8656 52822.8047
v  50827.2188 1909.8003 52822.8086
v  50785.8086 -861.5215 52825.4883
v  50782.4648 1909.8003 52822.8086
v  50782.4648 -864.8656 52822.8047
v  51425.7969 -858.0142 52827.7188
v  51429.4375 -854.3746 52829.4727
v  51429.4375 1899.3093 52829.4766
v  51425.7969 1902.9487 52827.7227
v  51422.2930 -861.5215 52825.4883
v  51418.9453 -864.8656 52822.8047
v  51062.5547 -861.5215 52825.4883
v  51024.4883 -861.5215 52825.4883
v  51021.1445 -864.8656 52822.8047
v  51065.8984 -864.8656 52822.8047
v  51619.4766 1906.4563 52825.4922
v  51622.8203 1909.8003 52822.8086
v  51065.8984 1909.8003 52822.8086
v  51062.5547 1906.4563 52825.4922
v  51059.0469 -858.0142 52827.7188
v  51059.0469 1902.9487 52827.7227
v  51055.4062 1899.3093 52829.4766
v  51055.4062 -854.3746 52829.4727
v  51445.6602 1891.7622 52831.5039
v  51445.6602 -846.8275 52831.5000
v  51449.4688 -850.6347 52830.7383
v  51449.4688 1895.5693 52830.7422
v  51024.4883 1906.4563 52825.4922
v  51027.9961 -858.0142 52827.7188
v  51027.9961 1902.9487 52827.7227
v  51031.6367 1899.3093 52829.4766
v  51021.1445 1909.8003 52822.8086
v  51031.6367 -854.3746 52829.4727
v  50767.5469 -864.8656 52822.8047
v  50767.5469 1909.8003 52822.8086
v  50777.4922 1909.8003 52822.8086
v  50777.4922 -864.8656 52822.8047
v  50991.3086 -864.8656 52822.8047
v  50991.3086 1909.8003 52822.8086
v  51001.2539 1909.8003 52822.8086
v  51001.2539 -864.8656 52822.8047
v  51006.2266 -864.8656 52822.8047
v  51006.2266 1909.8003 52822.8086
v  51016.1719 1909.8003 52822.8086
v  51016.1719 -864.8656 52822.8047
v  50926.6680 -864.8656 52822.8047
v  50926.6680 1909.8003 52822.8086
v  50936.6133 1909.8003 52822.8086
v  50936.6133 -864.8656 52822.8047
v  50941.5859 1909.8003 52822.8086
v  50986.3359 1909.8003 52822.8086
v  51070.8711 -864.8656 52822.8047
v  51070.8711 1909.8003 52822.8086
v  51080.8164 1909.8003 52822.8086
v  51080.8164 -864.8656 52822.8047
v  50847.1055 -864.8656 52822.8047
v  50847.1055 1909.8003 52822.8086
v  50857.0508 1909.8003 52822.8086
v  50857.0508 -864.8656 52822.8047
v  50911.7500 -864.8656 52822.8047
v  50911.7500 1909.8003 52822.8086
v  50921.6953 1909.8003 52822.8086
v  50921.6953 -864.8656 52822.8047
v  51165.3477 -864.8656 52822.8047
v  51165.3477 1909.8003 52822.8086
v  51175.2930 1909.8003 52822.8086
v  51175.2930 -864.8656 52822.8047
v  51642.7109 -864.8656 52822.8047
v  51642.7109 1909.8003 52822.8086
v  51652.6562 1909.8003 52822.8086
v  51652.6562 -864.8656 52822.8047
v  51657.6289 1909.8003 52822.8086
v  51702.3789 1909.8003 52822.8086
v  51786.9141 -864.8656 52822.8047
v  51786.9141 1909.8003 52822.8086
v  51796.8594 1909.8003 52822.8086
v  51796.8594 -864.8656 52822.8047
v  51498.5078 -864.8656 52822.8047
v  51498.5078 1909.8003 52822.8086
v  51543.2617 1909.8003 52822.8086
v  51543.2617 -864.8656 52822.8047
v  51085.7891 -864.8656 52822.8047
v  51085.7891 1909.8003 52822.8086
v  51095.7344 1909.8003 52822.8086
v  51095.7344 -864.8656 52822.8047
v  51339.3867 -864.8656 52822.8047
v  51339.3867 1909.8003 52822.8086
v  51384.1406 1909.8003 52822.8086
v  51384.1406 -864.8656 52822.8047
v  51861.5000 -864.8656 52822.8047
v  51866.4727 -864.8656 52822.8047
v  51866.4727 1909.8003 52822.8086
v  51876.4180 1909.8003 52822.8086
v  51876.4180 -864.8656 52822.8047
v  51244.9102 -864.8656 52822.8047
v  51244.9102 1909.8003 52822.8086
v  51254.8555 1909.8003 52822.8086
v  51254.8555 -864.8656 52822.8047
v  50700.4180 -869.8381 52822.8047
v  50700.4180 1914.7729 52822.8086
v  51893.8242 -869.8381 52822.8047
v  51100.7070 -864.8656 52822.8047
v  51150.4297 -864.8656 52822.8047
v  51160.3750 -864.8656 52822.8047
v  51160.3750 1909.8003 52822.8086
v  51229.9922 -864.8656 52822.8047
v  51239.9375 -864.8656 52822.8047
v  51239.9375 1909.8003 52822.8086
v  51309.5508 -864.8656 52822.8047
v  51319.4961 -864.8656 52822.8047
v  51324.4688 -864.8656 52822.8047
v  51319.4961 1909.8003 52822.8086
v  51334.4141 -864.8656 52822.8047
v  51334.4141 1909.8003 52822.8086
v  51404.0312 -864.8656 52822.8047
v  51399.0586 1909.8003 52822.8086
v  51413.9727 -864.8656 52822.8047
v  51413.9727 1909.8003 52822.8086
v  51468.6719 -864.8656 52822.8047
v  51478.6172 -864.8656 52822.8047
v  51483.5898 -864.8656 52822.8047
v  51478.6172 1909.8003 52822.8086
v  51493.5352 -864.8656 52822.8047
v  51493.5352 1909.8003 52822.8086
v  51548.2344 -864.8656 52822.8047
v  51558.1758 -864.8656 52822.8047
v  51563.1484 -864.8656 52822.8047
v  51558.1758 1909.8003 52822.8086
v  51573.0938 -864.8656 52822.8047
v  51573.0938 1909.8003 52822.8086
v  51627.7930 -864.8656 52822.8047
v  51637.7383 -864.8656 52822.8047
v  51637.7383 1909.8003 52822.8086
v  51722.2695 -864.8656 52822.8047
v  51732.2148 -864.8656 52822.8047
v  51732.2148 1909.8003 52822.8086
v  51781.9414 1909.8003 52822.8086
v  51801.8320 -864.8656 52822.8047
v  51811.7773 -864.8656 52822.8047
v  51811.7773 1909.8003 52822.8086
v  51881.3906 -864.8656 52822.8047
v  51891.3359 -864.8656 52822.8047
v  51891.3359 1909.8003 52822.8086
v  51893.8242 1914.7729 52822.8086
v  51150.4297 1909.8003 52822.8086
v  51229.9922 1909.8003 52822.8086
v  51309.5508 1909.8003 52822.8086
v  51324.4688 1909.8003 52822.8086
v  51404.0312 1909.8003 52822.8086
v  51468.6719 1909.8003 52822.8086
v  51483.5898 1909.8003 52822.8086
v  51548.2344 1909.8003 52822.8086
v  51563.1484 1909.8003 52822.8086
v  51627.7930 1909.8003 52822.8086
v  51722.2695 1909.8003 52822.8086
v  51801.8320 1909.8003 52822.8086
v  51881.3906 1909.8003 52822.8086
v  51469.2539 1909.2168 52823.9453
v  51469.2539 -864.2822 52823.9453
v  51469.9688 -863.5699 52824.9258
v  51469.9688 1908.5044 52824.9297
v  51473.6445 1904.8279 52826.7852
v  51474.6367 1905.8184 52826.6641
v  51472.6523 1905.8184 52826.6641
v  51476.5000 -862.7496 52825.7188
v  51470.7891 -862.7496 52825.7188
v  51477.3203 -863.5699 52824.9258
v  51478.0352 -864.2822 52823.9453
v  51474.6367 -860.8838 52826.6641
v  51472.6523 -860.8838 52826.6641
v  51471.6914 -861.8453 52826.3047
v  51475.5977 -861.8453 52826.3047
v  51471.6914 1906.7800 52826.3086
v  51473.6445 -859.8931 52826.7812
v  51475.5977 1906.7800 52826.3086
v  51470.7891 1907.6843 52825.7227
v  51476.5000 1907.6843 52825.7227
v  51477.3203 1908.5044 52824.9297
v  51478.0352 1909.2168 52823.9453
v  51405.3242 1908.5044 52824.9297
v  51413.3906 1909.2168 52823.9453
v  51412.6797 1908.5044 52824.9297
v  51404.6133 1909.2168 52823.9453
v  51724.3867 -862.7496 52825.7188
v  51730.1016 -862.7496 52825.7188
v  51729.1953 -861.8453 52826.3047
v  51725.2891 -861.8453 52826.3047
v  51790.8945 -860.8838 52826.6641
v  51790.8945 1905.8184 52826.6641
v  51789.9336 1906.7800 52826.3086
v  51789.9336 -861.8453 52826.3047
v  51727.2422 -859.8931 52826.7812
v  51727.2422 1904.8279 52826.7852
v  51726.2539 1905.8184 52826.6641
v  51726.2539 -860.8838 52826.6641
v  51791.8867 -859.8931 52826.7812
v  51791.8867 1904.8279 52826.7852
v  51789.0312 1907.6843 52825.7227
v  51789.0312 -862.7496 52825.7188
v  51725.2891 1906.7800 52826.3086
v  51724.3867 1907.6843 52825.7227
v  51728.2344 -860.8838 52826.6641
v  51536.4102 1902.9487 52827.7227
v  51505.3594 1902.9487 52827.7227
v  51843.4648 1891.7622 52831.5039
v  51847.2695 1895.5693 52830.7422
v  51501.8516 -861.5215 52825.4883
v  51501.8516 1906.4563 52825.4922
v  51536.4102 -858.0142 52827.7188
v  51505.3594 -858.0142 52827.7188
v  51539.9141 -861.5215 52825.4883
v  51539.9141 1906.4563 52825.4922
v  51043.0234 1887.9211 52831.7578
v  51043.0234 -842.9865 52831.7539
v  51044.0195 -842.9865 52831.7539
v  51044.0195 1887.9211 52831.7578
v  51039.1836 -846.8275 52831.5000
v  51047.8594 -846.8275 52831.5000
v  51035.3750 -850.6347 52830.7383
v  51051.6680 -850.6347 52830.7383
v  51035.3750 1895.5693 52830.7422
v  51047.8594 1891.7622 52831.5039
v  51039.1836 1891.7622 52831.5039
v  51051.6680 1895.5693 52830.7422
v  51127.4219 1891.7622 52831.5039
v  51127.4219 -846.8275 52831.5000
v  51131.2266 -850.6347 52830.7383
v  51131.2266 1895.5693 52830.7422
v  50982.9922 1906.4563 52825.4922
v  50725.7773 -842.9865 52831.7539
v  50725.7773 1887.9211 52831.7578
v  50733.4258 1895.5693 52830.7422
v  51660.9727 1906.4563 52825.4922
v  51664.4805 1902.9487 52827.7227
v  51695.5273 1902.9487 52827.7227
v  51699.0352 1906.4563 52825.4922
v  50729.6172 1891.7622 52831.5039
v  50979.4883 1902.9487 52827.7227
v  50729.6172 -846.8275 52831.5000
v  51118.7422 -846.8275 52831.5000
v  51114.9375 -850.6347 52830.7383
v  51114.9375 1895.5693 52830.7422
v  51118.7422 1891.7622 52831.5039
v  51122.5859 -842.9865 52831.7539
v  51122.5859 1887.9211 52831.7578
v  51123.5781 -842.9865 52831.7539
v  51123.5781 1887.9211 52831.7578
v  50948.4375 1902.9487 52827.7227
v  50944.9297 1906.4563 52825.4922
v  51346.2383 1902.9487 52827.7227
v  51346.2383 -858.0142 52827.7188
v  51342.7305 1906.4563 52825.4922
v  51342.7305 -861.5215 52825.4883
v  51377.2891 1902.9487 52827.7227
v  51380.7969 1906.4563 52825.4922
v  51377.2891 -858.0142 52827.7188
v  51380.7969 -861.5215 52825.4883
v  51174.7109 -864.2822 52823.9453
v  51165.9336 -864.2822 52823.9453
v  51172.2734 1906.7800 52826.3086
v  51172.2734 -861.8453 52826.3047
v  51173.1758 -862.7496 52825.7188
v  51173.1758 1907.6843 52825.7227
v  51233.0117 1906.7800 52826.3086
v  51236.9180 1906.7800 52826.3086
v  51237.8203 1907.6843 52825.7227
v  51232.1055 1907.6843 52825.7227
v  51166.6445 -863.5699 52824.9258
v  51166.6445 1908.5044 52824.9297
v  51165.9336 1909.2168 52823.9453
v  51232.1055 -862.7496 52825.7188
v  51231.2852 1908.5044 52824.9297
v  51231.2852 -863.5699 52824.9258
v  51167.4648 1907.6843 52825.7227
v  51173.9961 1908.5044 52824.9297
v  51174.7109 1909.2168 52823.9453
v  51173.9961 -863.5699 52824.9258
v  51170.3203 1904.8279 52826.7852
v  51171.3125 1905.8184 52826.6641
v  51169.3320 1905.8184 52826.6641
v  51234.9648 1904.8279 52826.7852
v  51234.9648 -859.8931 52826.7812
v  51235.9531 -860.8838 52826.6641
v  51235.9531 1905.8184 52826.6641
v  51236.9180 -861.8453 52826.3047
v  51170.3203 -859.8931 52826.7812
v  51171.3125 -860.8838 52826.6641
v  51167.4648 -862.7496 52825.7188
v  51237.8203 -862.7496 52825.7188
v  51233.9727 1905.8184 52826.6641
v  51169.3320 -860.8838 52826.6641
v  51168.3672 1906.7800 52826.3086
v  51230.5742 1909.2168 52823.9453
v  51230.5742 -864.2822 52823.9453
v  51168.3672 -861.8453 52826.3047
v  51310.8477 1908.5044 52824.9297
v  51318.1992 1908.5044 52824.9297
v  51318.9141 1909.2168 52823.9453
v  51310.1367 1909.2168 52823.9453
v  50853.0703 -860.8838 52826.6641
v  50852.0781 -859.8931 52826.7812
v  50851.0898 -860.8838 52826.6641
v  51317.3789 -862.7496 52825.7188
v  51317.3789 1907.6843 52825.7227
v  51316.4766 1906.7800 52826.3086
v  51316.4766 -861.8453 52826.3047
v  50850.1289 1906.7800 52826.3086
v  50854.0312 1906.7800 52826.3086
v  50854.9375 1907.6843 52825.7227
v  50849.2227 1907.6843 52825.7227
v  51315.5156 -860.8838 52826.6641
v  51315.5156 1905.8184 52826.6641
v  51314.5234 1904.8279 52826.7852
v  51314.5234 -859.8931 52826.7812
v  50854.9375 -862.7496 52825.7188
v  50854.0312 -861.8453 52826.3047
v  51318.9141 -864.2822 52823.9453
v  50849.2227 -862.7496 52825.7188
v  50850.1289 -861.8453 52826.3047
v  50853.0703 1905.8184 52826.6641
v  50852.0781 1904.8279 52826.7852
v  50856.4688 -864.2822 52823.9453
v  50847.6914 -864.2822 52823.9453
v  50847.6914 1909.2168 52823.9453
v  50848.4023 -863.5699 52824.9258
v  50848.4023 1908.5044 52824.9297
v  50851.0898 1905.8184 52826.6641
v  51310.1367 -864.2822 52823.9453
v  51313.5352 1905.8184 52826.6641
v  51311.6680 1907.6843 52825.7227
v  51312.5703 1906.7800 52826.3086
v  51318.1992 -863.5699 52824.9258
v  51310.8477 -863.5699 52824.9258
v  50855.7578 -863.5699 52824.9258
v  51311.6680 -862.7496 52825.7188
v  51312.5703 -861.8453 52826.3047
v  51313.5352 -860.8838 52826.6641
v  51077.7969 -861.8453 52826.3047
v  51073.8906 -861.8453 52826.3047
v  51072.9883 -862.7496 52825.7188
v  51078.6992 -862.7496 52825.7188
v  51073.8906 1906.7800 52826.3086
v  51074.8516 -860.8838 52826.6641
v  51074.8516 1905.8184 52826.6641
v  51076.8320 1905.8184 52826.6641
v  51077.7969 1906.7800 52826.3086
v  51080.2305 1909.2168 52823.9453
v  51080.2305 -864.2822 52823.9453
v  50855.7578 1908.5044 52824.9297
v  51072.1680 1908.5044 52824.9297
v  51072.1680 -863.5699 52824.9258
v  51072.9883 1907.6843 52825.7227
v  51075.8438 1904.8279 52826.7852
v  51079.5195 -863.5699 52824.9258
v  51233.0117 -861.8453 52826.3047
v  51071.4531 -864.2822 52823.9453
v  51076.8320 -860.8838 52826.6641
v  51075.8438 -859.8931 52826.7812
v  51233.9727 -860.8838 52826.6641
v  51079.5195 1908.5044 52824.9297
v  51071.4531 1909.2168 52823.9453
v  51078.6992 1907.6843 52825.7227
v  50856.4688 1909.2168 52823.9453
v  51152.5469 -862.7496 52825.7188
v  51152.5469 1907.6843 52825.7227
v  51151.7266 1908.5044 52824.9297
v  51151.7266 -863.5699 52824.9258
v  51326.5859 -862.7496 52825.7188
v  51332.2969 -862.7496 52825.7188
v  51331.3945 -861.8453 52826.3047
v  51327.4883 -861.8453 52826.3047
v  51159.7930 1909.2168 52823.9453
v  51159.7930 -864.2822 52823.9453
v  50936.0273 1909.2168 52823.9453
v  50936.0273 -864.2822 52823.9453
v  51328.4492 -860.8838 52826.6641
v  51330.4336 -860.8838 52826.6641
v  51329.4414 -859.8931 52826.7812
v  51159.0820 -863.5699 52824.9258
v  51158.2617 -862.7496 52825.7188
v  51151.0156 -864.2822 52823.9453
v  50999.9609 1908.5044 52824.9297
v  50999.9609 -863.5699 52824.9258
v  51000.6719 -864.2822 52823.9453
v  51000.6719 1909.2168 52823.9453
v  51327.4883 1906.7800 52826.3086
v  51326.5859 1907.6843 52825.7227
v  50993.4258 1907.6843 52825.7227
v  50999.1406 1907.6843 52825.7227
v  50992.6055 1908.5044 52824.9297
v  51329.4414 1904.8279 52826.7852
v  51330.4336 1905.8184 52826.6641
v  51328.4492 1905.8184 52826.6641
v  51331.3945 1906.7800 52826.3086
v  51151.0156 1909.2168 52823.9453
v  51332.2969 1907.6843 52825.7227
v  50991.8945 1909.2168 52823.9453
v  50999.1406 -862.7496 52825.7188
v  50927.9648 1908.5044 52824.9297
v  50935.3164 1908.5044 52824.9297
v  50927.2500 1909.2168 52823.9453
v  51325.7656 1908.5044 52824.9297
v  51325.7656 -863.5699 52824.9258
v  51159.0820 1908.5044 52824.9297
v  50934.4961 1907.6843 52825.7227
v  50934.4961 -862.7496 52825.7188
v  50935.3164 -863.5699 52824.9258
v  51333.8320 -864.2822 52823.9453
v  51325.0508 -864.2822 52823.9453
v  51333.1172 -863.5699 52824.9258
v  51325.0508 1909.2168 52823.9453
v  51333.1172 1908.5044 52824.9297
v  50991.8945 -864.2822 52823.9453
v  50992.6055 -863.5699 52824.9258
v  51158.2617 1907.6843 52825.7227
v  51333.8320 1909.2168 52823.9453
v  50993.4258 -862.7496 52825.7188
v  50768.8438 1908.5044 52824.9297
v  50776.1953 1908.5044 52824.9297
v  50776.9102 1909.2168 52823.9453
v  50768.1289 1909.2168 52823.9453
v  50932.6289 -860.8838 52826.6641
v  50931.6406 -859.8931 52826.7812
v  50930.6484 -860.8838 52826.6641
v  50776.9102 -864.2822 52823.9453
v  50768.1289 -864.2822 52823.9453
v  50769.6641 -862.7496 52825.7188
v  50769.6641 1907.6843 52825.7227
v  50768.8438 -863.5699 52824.9258
v  50928.7852 1907.6843 52825.7227
v  50928.7852 -862.7496 52825.7188
v  50929.6875 -861.8453 52826.3047
v  50929.6875 1906.7800 52826.3086
v  50776.1953 -863.5699 52824.9258
v  50930.6484 1905.8184 52826.6641
v  50931.6406 1904.8279 52826.7852
v  50932.6289 1905.8184 52826.6641
v  50933.5938 1906.7800 52826.3086
v  50775.3750 1907.6843 52825.7227
v  50775.3750 -862.7496 52825.7188
v  50933.5938 -861.8453 52826.3047
v  50927.9648 -863.5699 52824.9258
v  50773.5117 -860.8838 52826.6641
v  50773.5117 1905.8184 52826.6641
v  50772.5195 1904.8279 52826.7852
v  50772.5195 -859.8931 52826.7812
v  50927.2500 -864.2822 52823.9453
v  50997.2734 1905.8184 52826.6641
v  50997.2734 -860.8838 52826.6641
v  50998.2344 -861.8453 52826.3047
v  50998.2344 1906.7800 52826.3086
v  50996.2812 1904.8279 52826.7852
v  50996.2812 -859.8931 52826.7812
v  51153.4531 -861.8453 52826.3047
v  51157.3555 -861.8453 52826.3047
v  51156.3945 -860.8838 52826.6641
v  51154.4141 -860.8838 52826.6641
v  50771.5273 -860.8838 52826.6641
v  50771.5273 1905.8184 52826.6641
v  50774.4727 1906.7800 52826.3086
v  50770.5664 1906.7800 52826.3086
v  50774.4727 -861.8453 52826.3047
v  51153.4531 1906.7800 52826.3086
v  51157.3555 1906.7800 52826.3086
v  50994.3320 -861.8453 52826.3047
v  50994.3320 1906.7800 52826.3086
v  51155.4023 1904.8279 52826.7852
v  51156.3945 1905.8184 52826.6641
v  51154.4141 1905.8184 52826.6641
v  50995.2930 1905.8184 52826.6641
v  50995.2930 -860.8838 52826.6641
v  50770.5664 -861.8453 52826.3047
v  51155.4023 -859.8931 52826.7812
v  51440.8242 -842.9865 52831.7539
v  51440.8242 1887.9211 52831.7578
v  51436.9844 1891.7622 52831.5039
v  51436.9844 -846.8275 52831.5000
v  51433.1797 -850.6347 52830.7383
v  51433.1797 1895.5693 52830.7422
v  51778.5977 1906.4563 52825.4922
v  51441.8203 -842.9865 52831.7539
v  51441.8203 1887.9211 52831.7578
v  51775.0898 1902.9487 52827.7227
v  51009.2500 1906.7800 52826.3086
v  51009.2500 -861.8453 52826.3047
v  51010.2109 -860.8838 52826.6641
v  51010.2109 1905.8184 52826.6641
v  51014.0586 -862.7496 52825.7188
v  51014.0586 1907.6843 52825.7227
v  51013.1523 1906.7800 52826.3086
v  51013.1523 -861.8453 52826.3047
v  51014.8789 -863.5699 52824.9258
v  51007.5234 -863.5699 52824.9258
v  51006.8125 -864.2822 52823.9453
v  51015.5898 -864.2822 52823.9453
v  51011.1992 -859.8931 52826.7812
v  51011.1992 1904.8279 52826.7852
v  51629.9102 -862.7496 52825.7188
v  51629.9102 1907.6843 52825.7227
v  51629.0898 1908.5044 52824.9297
v  51629.0898 -863.5699 52824.9258
v  51636.4414 -863.5699 52824.9258
v  51635.6211 -862.7496 52825.7188
v  51008.3438 1907.6843 52825.7227
v  51630.8125 1906.7800 52826.3086
v  51634.7188 1906.7800 52826.3086
v  51635.6211 1907.6843 52825.7227
v  51012.1914 1905.8184 52826.6641
v  51012.1914 -860.8838 52826.6641
v  51006.8125 1909.2168 52823.9453
v  51007.5234 1908.5044 52824.9297
v  51008.3438 -862.7496 52825.7188
v  51630.8125 -861.8453 52826.3047
v  51634.7188 -861.8453 52826.3047
v  51633.7578 -860.8838 52826.6641
v  51631.7734 -860.8838 52826.6641
v  51632.7656 1904.8279 52826.7852
v  51633.7578 1905.8184 52826.6641
v  51631.7734 1905.8184 52826.6641
v  51636.4414 1908.5044 52824.9297
v  51628.3750 1909.2168 52823.9453
v  51637.1562 1909.2168 52823.9453
v  51014.8789 1908.5044 52824.9297
v  51015.5898 1909.2168 52823.9453
v  51628.3750 -864.2822 52823.9453
v  51637.1562 -864.2822 52823.9453
v  51632.7656 -859.8931 52826.7812
v  51090.7617 -859.8931 52826.7812
v  51090.7617 1904.8279 52826.7852
v  51089.7695 1905.8184 52826.6641
v  51089.7695 -860.8838 52826.6641
v  51088.8086 1906.7800 52826.3086
v  51088.8086 -861.8453 52826.3047
v  51087.9023 -862.7496 52825.7188
v  51093.6172 -862.7496 52825.7188
v  51092.7148 -861.8453 52826.3047
v  51092.7148 1906.7800 52826.3086
v  51093.6172 1907.6843 52825.7227
v  51087.9023 1907.6843 52825.7227
v  51087.0820 1908.5044 52824.9297
v  51094.4375 1908.5044 52824.9297
v  51095.1484 1909.2168 52823.9453
v  51086.3711 1909.2168 52823.9453
v  51091.7500 -860.8838 52826.6641
v  51248.8906 -860.8838 52826.6641
v  51250.8711 -860.8838 52826.6641
v  51249.8828 -859.8931 52826.7812
v  51239.3516 1909.2168 52823.9453
v  51239.3516 -864.2822 52823.9453
v  51087.0820 -863.5699 52824.9258
v  51095.1484 -864.2822 52823.9453
v  51094.4375 -863.5699 52824.9258
v  51247.9297 -861.8453 52826.3047
v  51251.8320 -861.8453 52826.3047
v  51249.8828 1904.8279 52826.7852
v  51250.8711 1905.8184 52826.6641
v  51248.8906 1905.8184 52826.6641
v  51238.6406 -863.5699 52824.9258
v  51238.6406 1908.5044 52824.9297
v  51091.7500 1905.8184 52826.6641
v  51086.3711 -864.2822 52823.9453
v  51247.0234 -862.7496 52825.7188
v  51252.7383 -862.7496 52825.7188
v  51247.9297 1906.7800 52826.3086
v  51247.0234 1907.6843 52825.7227
v  51252.7383 1907.6843 52825.7227
v  51251.8320 1906.7800 52826.3086
v  51254.2695 -864.2822 52823.9453
v  51245.4922 -864.2822 52823.9453
v  51245.4922 1909.2168 52823.9453
v  51254.2695 1909.2168 52823.9453
v  51253.5586 -863.5699 52824.9258
v  51253.5586 1908.5044 52824.9297
v  51246.2031 -863.5699 52824.9258
v  51246.2031 1908.5044 52824.9297
v  51882.6875 1908.5044 52824.9297
v  51882.6875 -863.5699 52824.9258
v  51883.5078 -862.7496 52825.7188
v  51883.5078 1907.6843 52825.7227
v  51889.2188 1907.6843 52825.7227
v  51890.0391 1908.5044 52824.9297
v  51890.7539 1909.2168 52823.9453
v  51890.7539 -864.2822 52823.9453
v  51890.0391 -863.5699 52824.9258
v  51889.2188 -862.7496 52825.7188
v  51881.9766 1909.2168 52823.9453
v  51881.9766 -864.2822 52823.9453
v  51888.3164 -861.8453 52826.3047
v  51888.3164 1906.7800 52826.3086
v  51887.3555 1905.8184 52826.6641
v  51887.3555 -860.8838 52826.6641
v  51886.3633 1904.8279 52826.7852
v  51886.3633 -859.8931 52826.7812
v  50913.0469 1908.5044 52824.9297
v  50920.3984 1908.5044 52824.9297
v  50921.1133 1909.2168 52823.9453
v  50912.3320 1909.2168 52823.9453
v  51796.2734 -864.2822 52823.9453
v  51787.4961 -864.2822 52823.9453
v  51796.2734 1909.2168 52823.9453
v  51795.5625 -863.5699 52824.9258
v  51788.2109 -863.5699 52824.9258
v  51792.8750 1905.8184 52826.6641
v  51793.8398 1906.7800 52826.3086
v  51794.7422 1907.6843 52825.7227
v  50920.3984 -863.5699 52824.9258
v  50919.5781 1907.6843 52825.7227
v  50919.5781 -862.7496 52825.7188
v  51795.5625 1908.5044 52824.9297
v  51788.2109 1908.5044 52824.9297
v  51794.7422 -862.7496 52825.7188
v  51787.4961 1909.2168 52823.9453
v  51792.8750 -860.8838 52826.6641
v  51793.8398 -861.8453 52826.3047
v  50921.1133 -864.2822 52823.9453
v  50913.8672 1907.6843 52825.7227
v  51644.0078 1908.5044 52824.9297
v  51644.0078 -863.5699 52824.9258
v  51652.0703 -864.2822 52823.9453
v  51652.0703 1909.2168 52823.9453
v  51651.3594 1908.5044 52824.9297
v  51651.3594 -863.5699 52824.9258
v  51643.2930 -864.2822 52823.9453
v  50913.0469 -863.5699 52824.9258
v  50913.8672 -862.7496 52825.7188
v  51643.2930 1909.2168 52823.9453
v  50912.3320 -864.2822 52823.9453
v  51885.3750 -860.8838 52826.6641
v  51884.4102 -861.8453 52826.3047
v  51884.4102 1906.7800 52826.3086
v  51885.3750 1905.8184 52826.6641
v  50916.7227 -859.8931 52826.7812
v  50916.7227 1904.8279 52826.7852
v  50915.7305 1905.8184 52826.6641
v  50915.7305 -860.8838 52826.6641
v  51551.2539 1906.7800 52826.3086
v  51551.2539 -861.8453 52826.3047
v  51552.2148 -860.8838 52826.6641
v  51552.2148 1905.8184 52826.6641
v  51556.8828 -863.5699 52824.9258
v  51556.8828 1908.5044 52824.9297
v  51556.0625 1907.6843 52825.7227
v  51556.0625 -862.7496 52825.7188
v  51554.1953 1905.8184 52826.6641
v  51555.1562 1906.7800 52826.3086
v  51548.8164 1909.2168 52823.9453
v  51557.5938 1909.2168 52823.9453
v  51550.3477 1907.6843 52825.7227
v  51550.3477 -862.7496 52825.7188
v  51557.5938 -864.2822 52823.9453
v  50914.7695 -861.8453 52826.3047
v  50914.7695 1906.7800 52826.3086
v  51548.8164 -864.2822 52823.9453
v  50918.6758 -861.8453 52826.3047
v  51549.5273 1908.5044 52824.9297
v  51554.1953 -860.8838 52826.6641
v  51553.2031 1904.8279 52826.7852
v  51553.2031 -859.8931 52826.7812
v  50917.7148 1905.8184 52826.6641
v  51555.1562 -861.8453 52826.3047
v  50917.7148 -860.8838 52826.6641
v  51549.5273 -863.5699 52824.9258
v  50918.6758 1906.7800 52826.3086
v  51723.5664 1908.5044 52824.9297
v  51723.5664 -863.5699 52824.9258
v  51722.8555 1909.2168 52823.9453
v  51722.8555 -864.2822 52823.9453
v  51484.8867 -863.5699 52824.9258
v  51484.8867 1908.5044 52824.9297
v  51484.1719 1909.2168 52823.9453
v  51484.1719 -864.2822 52823.9453
v  51492.9531 1909.2168 52823.9453
v  51492.9531 -864.2822 52823.9453
v  51728.2344 1905.8184 52826.6641
v  51487.5703 -860.8838 52826.6641
v  51487.5703 1905.8184 52826.6641
v  51486.6094 1906.7800 52826.3086
v  51486.6094 -861.8453 52826.3047
v  51485.7070 -862.7496 52825.7188
v  51485.7070 1907.6843 52825.7227
v  51488.5625 -859.8931 52826.7812
v  51488.5625 1904.8279 52826.7852
v  51490.5156 -861.8453 52826.3047
v  51489.5547 -860.8838 52826.6641
v  51490.5156 1906.7800 52826.3086
v  51491.4180 1907.6843 52825.7227
v  51729.1953 1906.7800 52826.3086
v  51730.1016 1907.6843 52825.7227
v  51489.5547 1905.8184 52826.6641
v  51731.6328 -864.2822 52823.9453
v  51492.2383 -863.5699 52824.9258
v  51492.2383 1908.5044 52824.9297
v  51730.9219 -863.5699 52824.9258
v  51491.4180 -862.7496 52825.7188
v  51570.9805 -862.7496 52825.7188
v  51570.9805 1907.6843 52825.7227
v  51570.0742 1906.7800 52826.3086
v  51570.0742 -861.8453 52826.3047
v  51397.7617 1908.5044 52824.9297
v  51398.4727 1909.2168 52823.9453
v  51567.1328 -860.8838 52826.6641
v  51569.1133 -860.8838 52826.6641
v  51568.1211 -859.8931 52826.7812
v  51564.4453 -863.5699 52824.9258
v  51564.4453 1908.5044 52824.9297
v  51563.7344 1909.2168 52823.9453
v  51563.7344 -864.2822 52823.9453
v  51572.5117 -864.2822 52823.9453
v  51571.8008 -863.5699 52824.9258
v  51571.8008 1908.5044 52824.9297
v  51572.5117 1909.2168 52823.9453
v  51567.1328 1905.8184 52826.6641
v  51566.1719 1906.7800 52826.3086
v  51566.1719 -861.8453 52826.3047
v  51565.2656 -862.7496 52825.7188
v  51565.2656 1907.6843 52825.7227
v  51569.1133 1905.8184 52826.6641
v  51731.6328 1909.2168 52823.9453
v  51568.1211 1904.8279 52826.7852
v  51730.9219 1908.5044 52824.9297
v  51867.7695 -863.5699 52824.9258
v  51867.7695 1908.5044 52824.9297
v  51867.0586 1909.2168 52823.9453
v  51867.0586 -864.2822 52823.9453
v  51869.4922 -861.8453 52826.3047
v  51873.3984 -861.8453 52826.3047
v  51872.4375 -860.8838 52826.6641
v  51870.4570 -860.8838 52826.6641
v  51875.8359 -864.2822 52823.9453
v  51875.1250 -863.5699 52824.9258
v  51870.4570 1905.8184 52826.6641
v  51872.4375 1905.8184 52826.6641
v  51873.3984 1906.7800 52826.3086
v  51869.4922 1906.7800 52826.3086
v  51874.3047 -862.7496 52825.7188
v  51874.3047 1907.6843 52825.7227
v  51875.1250 1908.5044 52824.9297
v  51875.8359 1909.2168 52823.9453
v  51868.5898 1907.6843 52825.7227
v  51868.5898 -862.7496 52825.7188
v  51871.4453 -859.8931 52826.7812
v  51871.4453 1904.8279 52826.7852
v  51810.4805 -863.5699 52824.9258
v  51803.1250 -863.5699 52824.9258
v  51802.4141 -864.2822 52823.9453
v  51811.1914 -864.2822 52823.9453
v  51807.7930 -860.8838 52826.6641
v  51807.7930 1905.8184 52826.6641
v  51806.8047 1904.8279 52826.7852
v  51806.8047 -859.8931 52826.7812
v  51803.1250 1908.5044 52824.9297
v  51810.4805 1908.5044 52824.9297
v  51811.1914 1909.2168 52823.9453
v  51802.4141 1909.2168 52823.9453
v  51803.9453 -862.7496 52825.7188
v  51803.9453 1907.6843 52825.7227
v  51805.8125 1905.8184 52826.6641
v  51805.8125 -860.8838 52826.6641
v  51808.7578 1906.7800 52826.3086
v  51804.8516 1906.7800 52826.3086
v  51804.8516 -861.8453 52826.3047
v  51808.7578 -861.8453 52826.3047
v  51809.6602 -862.7496 52825.7188
v  51809.6602 1907.6843 52825.7227
v  51893.8242 -869.8381 52818.8281
v  51893.8242 1914.7729 52818.8320
v  50700.4180 1914.7729 52818.8320
v  50700.4180 -869.8381 52818.8281
# 1208 vertices

vn 0.1317 0.1317 -0.9825
vn -0.1317 0.1317 -0.9825
vn -0.1961 0.1961 -0.9608
vn 0.1961 0.1961 -0.9608
vn -0.1961 -0.1961 -0.9608
vn -0.1317 -0.1317 -0.9825
vn -0.0661 -0.0661 -0.9956
vn -0.0661 0.0661 -0.9956
vn -0.0221 0.0221 -0.9995
vn -0.0221 -0.0221 -0.9995
vn 0.0661 0.0661 -0.9956
vn 0.1961 -0.1961 -0.9608
vn 0.2589 -0.2589 -0.9306
vn -0.2589 -0.2589 -0.9306
vn 0.3490 0.3490 -0.8697
vn 0.3490 -0.3490 -0.8697
vn 0.3193 -0.3193 -0.8922
vn 0.3193 0.3193 -0.8922
vn 0.2589 0.2589 -0.9306
vn -0.2589 0.2589 -0.9306
vn -0.3193 0.3193 -0.8922
vn -0.3490 0.3490 -0.8697
vn -0.3490 -0.3490 -0.8697
vn -0.3193 -0.3193 -0.8922
vn 0.0221 0.0221 -0.9995
vn 0.0221 -0.0221 -0.9995
vn 0.1317 -0.1317 -0.9825
vn 0.0661 -0.0661 -0.9956
vn 0.4467 -0.4467 -0.7752
vn 0.4467 0.4467 -0.7752
vn 0.5339 0.5339 -0.6557
vn 0.5339 -0.5339 -0.6557
vn 0.5726 0.5726 -0.5867
vn 0.5726 -0.5726 -0.5867
vn -0.5339 0.5339 -0.6557
vn -0.4467 0.4467 -0.7752
vn -0.5339 -0.5339 -0.6557
vn -0.5726 -0.5726 -0.5867
vn 0.2366 -0.2366 -0.9424
vn 0.2366 0.2366 -0.9424
vn 0.3466 0.3466 -0.8716
vn 0.3466 -0.3466 -0.8716
vn -0.3466 0.3466 -0.8716
vn -0.3466 -0.3466 -0.8716
vn -0.4467 -0.4467 -0.7752
vn -0.5726 0.5726 -0.5867
vn -0.1199 -0.1199 -0.9855
vn 0.1199 -0.1199 -0.9855
vn -0.2366 -0.2366 -0.9424
vn -0.2366 0.2366 -0.9424
vn -0.1199 0.1199 -0.9855
vn 0.0000 -0.0405 -0.9992
vn 0.0000 0.0405 -0.9992
vn 0.1199 0.1199 -0.9855
vn -0.0000 0.0405 -0.9992
vn -0.0000 -0.0405 -0.9992
vn 0.0000 0.0000 1.0000
vn 0.0000 0.0000 -1.0000
vn 1.0000 0.0000 -0.0000
vn -1.0000 0.0000 -0.0000
vn 0.0000 -0.0000 -1.0000
vn 0.0000 1.0000 -0.0000
vn 0.0000 -1.0000 0.0000
# 63 vertex normals

vt 0.9723 0.9931 0.9212
vt 0.9860 0.9931 0.9212
vt 0.9891 0.9944 0.8235
vt 0.9692 0.9944 0.8235
vt 0.0558 0.0056 0.8234
vt 0.0558 0.9944 0.8234
vt 0.0527 0.9931 0.9212
vt 0.0527 0.0069 0.9212
vt 0.9828 0.0083 0.9803
vt 0.9828 0.9917 0.9803
vt 0.9796 0.9904 1.0000
vt 0.9796 0.0096 1.0000
vt 0.0422 0.9917 0.9802
vt 0.0495 0.9917 0.9802
vt 0.0390 0.9931 0.9212
vt 0.9891 0.0056 0.8235
vt 0.9860 0.0069 0.9212
vt 0.0495 0.0083 0.9802
vt 0.9692 0.0056 0.8235
vt 0.9662 0.0042 0.6877
vt 0.9922 0.0042 0.6877
vt 0.9604 0.9982 0.3077
vt 0.9604 0.0018 0.3077
vt 0.9632 0.0030 0.5153
vt 0.9632 0.9970 0.5153
vt 0.9662 0.9958 0.6877
vt 0.9922 0.9958 0.6877
vt 0.9951 0.9970 0.5153
vt 0.9979 0.9982 0.3077
vt 0.9979 0.0018 0.3077
vt 0.9951 0.0030 0.5153
vt 0.0462 0.0096 1.0000
vt 0.0462 0.9904 1.0000
vt 0.0454 0.9904 1.0000
vt 0.0454 0.0096 1.0000
vt 0.0359 0.9944 0.8234
vt 0.1860 0.0069 0.9212
vt 0.1723 0.0069 0.9212
vt 0.1692 0.0056 0.8234
vt 0.1891 0.0056 0.8234
vt 0.1723 0.9931 0.9212
vt 0.1755 0.0083 0.9803
vt 0.1755 0.9917 0.9803
vt 0.1796 0.0096 1.0000
vt 0.1796 0.9904 1.0000
vt 0.1788 0.9904 1.0000
vt 0.1788 0.0096 1.0000
vt 0.1828 0.0083 0.9803
vt 0.1828 0.9917 0.9803
vt 0.1860 0.9931 0.9212
vt 0.1662 0.9958 0.6877
vt 0.1922 0.9958 0.6877
vt 0.1951 0.9970 0.5153
vt 0.1632 0.9970 0.5153
vt 0.1979 0.9982 0.3077
vt 0.1604 0.9982 0.3077
vt 0.1891 0.9944 0.8234
vt 0.1692 0.9944 0.8234
vt 0.1490 0.0023 0.4717
vt 0.1490 0.9977 0.4717
vt 0.1484 0.9980 0.3958
vt 0.1484 0.0020 0.3958
vt 0.1479 0.9982 0.3077
vt 0.1479 0.0018 0.3077
vt 0.1558 0.9980 0.3958
vt 0.1552 0.9977 0.4717
vt 0.1558 0.0020 0.3958
vt 0.1562 0.0018 0.3077
vt 0.1504 0.0029 0.5784
vt 0.1504 0.9971 0.5784
vt 0.1497 0.9975 0.5331
vt 0.1497 0.0025 0.5331
vt 0.1545 0.9975 0.5331
vt 0.1545 0.0025 0.5331
vt 0.1552 0.0023 0.4717
vt 0.1562 0.9982 0.3077
vt 0.2071 0.0032 0.6061
vt 0.2054 0.0032 0.6061
vt 0.2046 0.0029 0.5784
vt 0.2079 0.0029 0.5784
vt 0.1537 0.9971 0.5784
vt 0.1537 0.0029 0.5784
vt 0.1529 0.0032 0.6061
vt 0.1513 0.0032 0.6061
vt 0.1529 0.9968 0.6061
vt 0.1521 0.0036 0.6154
vt 0.1521 0.9964 0.6154
vt 0.1513 0.9968 0.6061
vt 0.2079 0.9971 0.5784
vt 0.2046 0.9971 0.5784
vt 0.2054 0.9968 0.6061
vt 0.2071 0.9968 0.6061
vt 0.2062 0.9964 0.6154
vt 0.2039 0.9975 0.5331
vt 0.2039 0.0025 0.5331
vt 0.2086 0.0025 0.5331
vt 0.2062 0.0036 0.6154
vt 0.2086 0.9975 0.5331
vt 0.4462 0.9904 1.0000
vt 0.4462 0.0096 1.0000
vt 0.4495 0.0083 0.9803
vt 0.4495 0.9917 0.9803
vt 0.5025 0.9944 0.8234
vt 0.5025 0.0056 0.8234
vt 0.5057 0.0069 0.9212
vt 0.5057 0.9931 0.9212
vt 0.4995 0.9958 0.6877
vt 0.4995 0.0042 0.6877
vt 0.4527 0.0069 0.9212
vt 0.4527 0.9931 0.9212
vt 0.4390 0.9931 0.9212
vt 0.4422 0.9917 0.9803
vt 0.4422 0.0083 0.9803
vt 0.4390 0.0069 0.9212
vt 0.5161 0.0083 0.9803
vt 0.5089 0.0083 0.9803
vt 0.5193 0.0069 0.9212
vt 0.4454 0.9904 1.0000
vt 0.3692 0.0056 0.8234
vt 0.3692 0.9944 0.8234
vt 0.3662 0.9958 0.6877
vt 0.3662 0.0042 0.6877
vt 0.4359 0.0056 0.8234
vt 0.4558 0.0056 0.8234
vt 0.4454 0.0096 1.0000
vt 0.5161 0.9917 0.9803
vt 0.5089 0.9917 0.9803
vt 0.5121 0.9904 1.0000
vt 0.5129 0.9904 1.0000
vt 0.5225 0.0056 0.8234
vt 0.4359 0.9944 0.8234
vt 0.5121 0.0096 1.0000
vt 0.3632 0.9970 0.5153
vt 0.3632 0.0030 0.5153
vt 0.5225 0.9944 0.8234
vt 0.5255 0.0042 0.6877
vt 0.5255 0.9958 0.6877
vt 0.5284 0.0030 0.5153
vt 0.5284 0.9970 0.5153
vt 0.3604 0.9982 0.3077
vt 0.3604 0.0018 0.3077
vt 0.5129 0.0096 1.0000
vt 0.5312 0.0018 0.3077
vt 0.5312 0.9982 0.3077
vt 0.4937 0.9982 0.3077
vt 0.4966 0.9970 0.5153
vt 0.4558 0.9944 0.8234
vt 0.4966 0.0030 0.5153
vt 0.3951 0.0030 0.5153
vt 0.3979 0.0018 0.3077
vt 0.4937 0.0018 0.3077
vt 0.6588 0.0042 0.6877
vt 0.6588 0.9958 0.6877
vt 0.6558 0.9944 0.8234
vt 0.6558 0.0056 0.8234
vt 0.6618 0.0030 0.5153
vt 0.6618 0.9970 0.5153
vt 0.6359 0.0056 0.8234
vt 0.6328 0.0042 0.6877
vt 0.6328 0.9958 0.6877
vt 0.6299 0.9970 0.5153
vt 0.6299 0.0030 0.5153
vt 0.6271 0.9982 0.3077
vt 0.6271 0.0018 0.3077
vt 0.6646 0.0018 0.3077
vt 0.6359 0.9944 0.8234
vt 0.5755 0.9917 0.9803
vt 0.5755 0.0083 0.9803
vt 0.5788 0.0096 1.0000
vt 0.5788 0.9904 1.0000
vt 0.5951 0.0030 0.5153
vt 0.5951 0.9970 0.5153
vt 0.5922 0.9958 0.6877
vt 0.5922 0.0042 0.6877
vt 0.5632 0.0030 0.5153
vt 0.5604 0.0018 0.3077
vt 0.5979 0.0018 0.3077
vt 0.5604 0.9982 0.3077
vt 0.5632 0.9970 0.5153
vt 0.5193 0.9931 0.9212
vt 0.5828 0.0083 0.9803
vt 0.5723 0.0069 0.9212
vt 0.5860 0.0069 0.9212
vt 0.5860 0.9931 0.9212
vt 0.5828 0.9917 0.9803
vt 0.5692 0.9944 0.8234
vt 0.5891 0.9944 0.8234
vt 0.5662 0.9958 0.6877
vt 0.5723 0.9931 0.9212
vt 0.5796 0.0096 1.0000
vt 0.5796 0.9904 1.0000
vt 0.5692 0.0056 0.8234
vt 0.5891 0.0056 0.8234
vt 0.5979 0.9982 0.3077
vt 0.5662 0.0042 0.6877
vt 0.4171 0.9971 0.5784
vt 0.4204 0.9971 0.5784
vt 0.4211 0.9975 0.5331
vt 0.4164 0.9975 0.5331
vt 0.4211 0.0025 0.5331
vt 0.4204 0.0029 0.5784
vt 0.4196 0.9968 0.6061
vt 0.4196 0.0032 0.6061
vt 0.4188 0.0036 0.6154
vt 0.4179 0.0032 0.6061
vt 0.4171 0.0029 0.5784
vt 0.4164 0.0025 0.5331
vt 0.4179 0.9968 0.6061
vt 0.4188 0.9964 0.6154
vt 0.4218 0.9977 0.4717
vt 0.4157 0.9977 0.4717
vt 0.4054 0.9968 0.6061
vt 0.4071 0.9968 0.6061
vt 0.4079 0.9971 0.5784
vt 0.4046 0.9971 0.5784
vt 0.4071 0.0032 0.6061
vt 0.4062 0.9964 0.6154
vt 0.4062 0.0036 0.6154
vt 0.4054 0.0032 0.6061
vt 0.4032 0.9977 0.4717
vt 0.4093 0.9977 0.4717
vt 0.4099 0.9980 0.3958
vt 0.4026 0.9980 0.3958
vt 0.4086 0.0025 0.5331
vt 0.4086 0.9975 0.5331
vt 0.4079 0.0029 0.5784
vt 0.4151 0.9980 0.3958
vt 0.4224 0.9980 0.3958
vt 0.4229 0.9982 0.3077
vt 0.4146 0.9982 0.3077
vt 0.4224 0.0020 0.3958
vt 0.4218 0.0023 0.4717
vt 0.4046 0.0029 0.5784
vt 0.4039 0.0025 0.5331
vt 0.4039 0.9975 0.5331
vt 0.4229 0.0018 0.3077
vt 0.9484 0.0020 0.3958
vt 0.9484 0.9980 0.3958
vt 0.9479 0.9982 0.3077
vt 0.9479 0.0018 0.3077
vt 0.8885 0.0023 0.4717
vt 0.8823 0.0023 0.4717
vt 0.8817 0.0020 0.3958
vt 0.8891 0.0020 0.3958
vt 0.8812 0.9982 0.3077
vt 0.8812 0.0018 0.3077
vt 0.8817 0.9980 0.3958
vt 0.8823 0.9977 0.4717
vt 0.8896 0.0018 0.3077
vt 0.8830 0.0025 0.5331
vt 0.8830 0.9975 0.5331
vt 0.8878 0.0025 0.5331
vt 0.9490 0.0023 0.4717
vt 0.9490 0.9977 0.4717
vt 0.8885 0.9977 0.4717
vt 0.8878 0.9975 0.5331
vt 0.8871 0.9971 0.5784
vt 0.8838 0.9971 0.5784
vt 0.8846 0.9968 0.6061
vt 0.8862 0.9968 0.6061
vt 0.8871 0.0029 0.5784
vt 0.8854 0.9964 0.6154
vt 0.8862 0.0032 0.6061
vt 0.8846 0.0032 0.6061
vt 0.8838 0.0029 0.5784
vt 0.8854 0.0036 0.6154
vt 0.9504 0.0029 0.5784
vt 0.9504 0.9971 0.5784
vt 0.9497 0.9975 0.5331
vt 0.9497 0.0025 0.5331
vt 0.8896 0.9982 0.3077
vt 0.8891 0.9980 0.3958
vt 0.9545 0.0025 0.5331
vt 0.9552 0.0023 0.4717
vt 0.9558 0.0020 0.3958
vt 0.9537 0.9971 0.5784
vt 0.9513 0.9968 0.6061
vt 0.9529 0.9968 0.6061
vt 0.9521 0.0036 0.6154
vt 0.9513 0.0032 0.6061
vt 0.9529 0.0032 0.6061
vt 0.9537 0.0029 0.5784
vt 0.9545 0.9975 0.5331
vt 0.9552 0.9977 0.4717
vt 0.9521 0.9964 0.6154
vt 0.9558 0.9980 0.3958
vt 0.9562 0.0018 0.3077
vt 0.9562 0.9982 0.3077
vt 0.0646 0.0018 0.3077
vt 0.0646 0.9982 0.3077
vt 0.0618 0.9970 0.5153
vt 0.0618 0.0030 0.5153
vt 0.0588 0.9958 0.6877
vt 0.0588 0.0042 0.6877
vt 0.0359 0.0056 0.8234
vt 0.0328 0.9958 0.6877
vt 0.0328 0.0042 0.6877
vt 0.0299 0.0030 0.5153
vt 0.0271 0.0018 0.3077
vt 0.0299 0.9970 0.5153
vt 0.7662 0.9958 0.6877
vt 0.7922 0.9958 0.6877
vt 0.7951 0.9970 0.5153
vt 0.7632 0.9970 0.5153
vt 0.7692 0.9944 0.8234
vt 0.7692 0.0056 0.8234
vt 0.7723 0.0069 0.9212
vt 0.7723 0.9931 0.9212
vt 0.7979 0.9982 0.3077
vt 0.7604 0.9982 0.3077
vt 0.7891 0.9944 0.8234
vt 0.2463 0.0096 1.0000
vt 0.2463 0.9904 1.0000
vt 0.2454 0.9904 1.0000
vt 0.2454 0.0096 1.0000
vt 0.2495 0.0083 0.9803
vt 0.2495 0.9917 0.9803
vt 0.2527 0.0069 0.9212
vt 0.2527 0.9931 0.9212
vt 0.2422 0.0083 0.9803
vt 0.2422 0.9917 0.9803
vt 0.2390 0.9931 0.9212
vt 0.2390 0.0069 0.9212
vt 0.2359 0.9944 0.8234
vt 0.2359 0.0056 0.8234
vt 0.7796 0.0096 1.0000
vt 0.7788 0.0096 1.0000
vt 0.7755 0.0083 0.9803
vt 0.7828 0.0083 0.9803
vt 0.7860 0.0069 0.9212
vt 0.2558 0.0056 0.8234
vt 0.2558 0.9944 0.8234
vt 0.7891 0.0056 0.8234
vt 0.7755 0.9917 0.9803
vt 0.7788 0.9904 1.0000
vt 0.7860 0.9931 0.9212
vt 0.7828 0.9917 0.9803
vt 0.7796 0.9904 1.0000
vt 0.2588 0.0042 0.6877
vt 0.2588 0.9958 0.6877
vt 0.2618 0.0030 0.5153
vt 0.2618 0.9970 0.5153
vt 0.2646 0.9982 0.3077
vt 0.2271 0.9982 0.3077
vt 0.2299 0.9970 0.5153
vt 0.2328 0.9958 0.6877
vt 0.2646 0.0018 0.3077
vt 0.2328 0.0042 0.6877
vt 0.3161 0.9917 0.9803
vt 0.3161 0.0083 0.9803
vt 0.3193 0.0069 0.9212
vt 0.3193 0.9931 0.9212
vt 0.3129 0.0096 1.0000
vt 0.3121 0.0096 1.0000
vt 0.3089 0.0083 0.9803
vt 0.3121 0.9904 1.0000
vt 0.3089 0.9917 0.9803
vt 0.3057 0.0069 0.9212
vt 0.3057 0.9931 0.9212
vt 0.3025 0.9944 0.8234
vt 0.3025 0.0056 0.8234
vt 0.1161 0.9917 0.9802
vt 0.1161 0.0083 0.9802
vt 0.1193 0.0069 0.9212
vt 0.1193 0.9931 0.9212
vt 0.1225 0.0056 0.8234
vt 0.1225 0.9944 0.8234
vt 0.1025 0.9944 0.8234
vt 0.1057 0.9931 0.9212
vt 0.1129 0.9904 1.0000
vt 0.1129 0.0096 1.0000
vt 0.1089 0.9917 0.9802
vt 0.1121 0.9904 1.0000
vt 0.3129 0.9904 1.0000
vt 0.1121 0.0096 1.0000
vt 0.1089 0.0083 0.9802
vt 0.1057 0.0069 0.9212
vt 0.1025 0.0056 0.8234
vt 0.1255 0.0042 0.6877
vt 0.1255 0.9958 0.6877
vt 0.1284 0.0030 0.5153
vt 0.1284 0.9970 0.5153
vt 0.1313 0.0018 0.3077
vt 0.1313 0.9982 0.3077
vt 0.0938 0.9982 0.3077
vt 0.0966 0.9970 0.5153
vt 0.0995 0.9958 0.6877
vt 0.3225 0.9944 0.8234
vt 0.3225 0.0056 0.8234
vt 0.8588 0.9958 0.6877
vt 0.8588 0.0042 0.6877
vt 0.8618 0.0030 0.5153
vt 0.8618 0.9970 0.5153
vt 0.8328 0.9958 0.6877
vt 0.8359 0.9944 0.8234
vt 0.8558 0.9944 0.8234
vt 0.8527 0.9931 0.9212
vt 0.8527 0.0069 0.9212
vt 0.8558 0.0056 0.8234
vt 0.8495 0.9917 0.9803
vt 0.8422 0.9917 0.9803
vt 0.8454 0.9904 1.0000
vt 0.8462 0.9904 1.0000
vt 0.8462 0.0096 1.0000
vt 0.8495 0.0083 0.9803
vt 0.8359 0.0056 0.8234
vt 0.8328 0.0042 0.6877
vt 0.8390 0.9931 0.9212
vt 0.8299 0.9970 0.5153
vt 0.8299 0.0030 0.5153
vt 0.8454 0.0096 1.0000
vt 0.8422 0.0083 0.9803
vt 0.8390 0.0069 0.9212
vt 0.8271 0.9982 0.3077
vt 0.8271 0.0018 0.3077
vt 0.8646 0.9982 0.3077
vt 0.8646 0.0018 0.3077
vt 0.8966 0.9970 0.5153
vt 0.8966 0.0030 0.5153
vt 0.8995 0.0042 0.6877
vt 0.8995 0.9958 0.6877
vt 0.9225 0.9944 0.8234
vt 0.9025 0.9944 0.8234
vt 0.9057 0.9931 0.9212
vt 0.9193 0.9931 0.9212
vt 0.9161 0.9917 0.9803
vt 0.9089 0.9917 0.9803
vt 0.9121 0.9904 1.0000
vt 0.9129 0.9904 1.0000
vt 0.9193 0.0069 0.9212
vt 0.9057 0.0069 0.9212
vt 0.9025 0.0056 0.8234
vt 0.9225 0.0056 0.8234
vt 0.9089 0.0083 0.9803
vt 0.9161 0.0083 0.9803
vt 0.9255 0.0042 0.6877
vt 0.9255 0.9958 0.6877
vt 0.9284 0.0030 0.5153
vt 0.9121 0.0096 1.0000
vt 0.9129 0.0096 1.0000
vt 0.8937 0.9982 0.3077
vt 0.8937 0.0018 0.3077
vt 0.9284 0.9970 0.5153
vt 0.9312 0.0018 0.3077
vt 0.9312 0.9982 0.3077
vt 0.3922 0.9958 0.6877
vt 0.3891 0.9944 0.8234
vt 0.3891 0.0056 0.8234
vt 0.3922 0.0042 0.6877
vt 0.3951 0.9970 0.5153
vt 0.3979 0.9982 0.3077
vt 0.6966 0.9970 0.5153
vt 0.7284 0.9970 0.5153
vt 0.7312 0.9982 0.3077
vt 0.6938 0.9982 0.3077
vt 0.2299 0.0030 0.5153
vt 0.2271 0.0018 0.3077
vt 0.6938 0.0018 0.3077
vt 0.6966 0.0030 0.5153
vt 0.6995 0.9958 0.6877
vt 0.6995 0.0042 0.6877
vt 0.7025 0.0056 0.8234
vt 0.7025 0.9944 0.8234
vt 0.3755 0.0083 0.9803
vt 0.3755 0.9917 0.9803
vt 0.3723 0.9931 0.9212
vt 0.3723 0.0069 0.9212
vt 0.7284 0.0030 0.5153
vt 0.7255 0.9958 0.6877
vt 0.7255 0.0042 0.6877
vt 0.7225 0.0056 0.8234
vt 0.7312 0.0018 0.3077
vt 0.7225 0.9944 0.8234
vt 0.0563 0.9982 0.3077
vt 0.0563 0.0018 0.3077
vt 0.1354 0.9982 0.3077
vt 0.1354 0.0018 0.3077
vt 0.1729 0.0018 0.3077
vt 0.1729 0.9982 0.3077
vt 0.0396 0.0018 0.3077
vt 0.0396 0.9982 0.3077
vt 0.0021 0.9982 0.3077
vt 0.0021 0.0018 0.3077
vt 0.2438 0.9982 0.3077
vt 0.2438 0.0018 0.3077
vt 0.2521 0.0018 0.3077
vt 0.2521 0.9982 0.3077
vt 0.0438 0.9982 0.3077
vt 0.0438 0.0018 0.3077
vt 0.0521 0.0018 0.3077
vt 0.0521 0.9982 0.3077
vt 0.2563 0.9982 0.3077
vt 0.2563 0.0018 0.3077
vt 0.1896 0.9982 0.3077
vt 0.1896 0.0018 0.3077
vt 0.1979 0.0018 0.3077
vt 0.0688 0.9982 0.3077
vt 0.0688 0.0018 0.3077
vt 0.1063 0.0018 0.3077
vt 0.1063 0.9982 0.3077
vt 0.2021 0.9982 0.3077
vt 0.2021 0.0018 0.3077
vt 0.2396 0.0018 0.3077
vt 0.2396 0.9982 0.3077
vt 0.2688 0.9982 0.3077
vt 0.2688 0.0018 0.3077
vt 0.3063 0.0018 0.3077
vt 0.3063 0.9982 0.3077
vt 0.3104 0.9982 0.3077
vt 0.3104 0.0018 0.3077
vt 0.3188 0.0018 0.3077
vt 0.3188 0.9982 0.3077
vt 0.1229 0.9982 0.3077
vt 0.1229 0.0018 0.3077
vt 0.1104 0.9982 0.3077
vt 0.1104 0.0018 0.3077
vt 0.1188 0.0018 0.3077
vt 0.1188 0.9982 0.3077
vt 0.1771 0.9982 0.3077
vt 0.1771 0.0018 0.3077
vt 0.1854 0.0018 0.3077
vt 0.1854 0.9982 0.3077
vt 0.7354 0.9982 0.3077
vt 0.7354 0.0018 0.3077
vt 0.7729 0.0018 0.3077
vt 0.7729 0.9982 0.3077
vt 0.4688 0.9982 0.3077
vt 0.4688 0.0018 0.3077
vt 0.5063 0.0018 0.3077
vt 0.5063 0.9982 0.3077
vt 0.3896 0.9982 0.3077
vt 0.3896 0.0018 0.3077
vt 0.6021 0.9982 0.3077
vt 0.6021 0.0018 0.3077
vt 0.6396 0.0018 0.3077
vt 0.6396 0.9982 0.3077
vt 0.7896 0.9982 0.3077
vt 0.7896 0.0018 0.3077
vt 0.7979 0.0018 0.3077
vt 0.8021 0.9982 0.3077
vt 0.8021 0.0018 0.3077
vt 0.8396 0.0018 0.3077
vt 0.8396 0.9982 0.3077
vt 0.9104 0.9982 0.3077
vt 0.9104 0.0018 0.3077
vt 0.9187 0.0018 0.3077
vt 0.9187 0.9982 0.3077
vt 0.4021 0.9982 0.3077
vt 0.4021 0.0018 0.3077
vt 0.4396 0.0018 0.3077
vt 0.4396 0.9982 0.3077
vt 0.6688 0.9982 0.3077
vt 0.6688 0.0018 0.3077
vt 0.7062 0.0018 0.3077
vt 0.7062 0.9982 0.3077
vt 0.3229 0.9982 0.3077
vt 0.3229 0.0018 0.3077
vt 0.3313 0.0018 0.3077
vt 0.3313 0.9982 0.3077
vt 0.5354 0.9982 0.3077
vt 0.5354 0.0018 0.3077
vt 0.5729 0.0018 0.3077
vt 0.5729 0.9982 0.3077
vt 0.9354 0.9982 0.3077
vt 0.9354 0.0018 0.3077
vt 0.9729 0.0018 0.3077
vt 0.9729 0.9982 0.3077
vt 0.9771 0.9982 0.3077
vt 0.9771 0.0018 0.3077
vt 0.9854 0.0018 0.3077
vt 0.9854 0.9982 0.3077
vt 0.4563 0.9982 0.3077
vt 0.4563 0.0018 0.3077
vt 0.4646 0.0018 0.3077
vt 0.4646 0.9982 0.3077
vt 1.0000 1.0000 0.3077
vt 1.0000 0.0000 0.3077
vt 0.0000 1.0000 0.3077
vt 0.9437 0.9982 0.3077
vt 0.8771 0.9982 0.3077
vt 0.8687 0.9982 0.3077
vt 0.8687 0.0018 0.3077
vt 0.8229 0.9982 0.3077
vt 0.8146 0.9982 0.3077
vt 0.8104 0.9982 0.3077
vt 0.8146 0.0018 0.3077
vt 0.7562 0.9982 0.3077
vt 0.7604 0.0018 0.3077
vt 0.7479 0.9982 0.3077
vt 0.7437 0.9982 0.3077
vt 0.7479 0.0018 0.3077
vt 0.6896 0.9982 0.3077
vt 0.6812 0.9982 0.3077
vt 0.6771 0.9982 0.3077
vt 0.6812 0.0018 0.3077
vt 0.6687 0.9982 0.3077
vt 0.6646 0.9982 0.3077
vt 0.6687 0.0018 0.3077
vt 0.6229 0.9982 0.3077
vt 0.6146 0.9982 0.3077
vt 0.6104 0.9982 0.3077
vt 0.6146 0.0018 0.3077
vt 0.5562 0.9982 0.3077
vt 0.5479 0.9982 0.3077
vt 0.5437 0.9982 0.3077
vt 0.5479 0.0018 0.3077
vt 0.4896 0.9982 0.3077
vt 0.4813 0.9982 0.3077
vt 0.4771 0.9982 0.3077
vt 0.4813 0.0018 0.3077
vt 0.4271 0.9982 0.3077
vt 0.4271 0.0018 0.3077
vt 0.4104 0.9982 0.3077
vt 0.4146 0.0018 0.3077
vt 0.3563 0.9982 0.3077
vt 0.3479 0.9982 0.3077
vt 0.3438 0.9982 0.3077
vt 0.3479 0.0018 0.3077
vt 0.3354 0.9982 0.3077
vt 0.3312 0.9982 0.3077
vt 0.3354 0.0018 0.3077
vt 0.2938 0.9982 0.3077
vt 0.2896 0.9982 0.3077
vt 0.2938 0.0018 0.3077
vt 0.2812 0.9982 0.3077
vt 0.2771 0.9982 0.3077
vt 0.2812 0.0018 0.3077
vt 0.2687 0.9982 0.3077
vt 0.2687 0.0018 0.3077
vt 0.2229 0.9982 0.3077
vt 0.2146 0.9982 0.3077
vt 0.2104 0.9982 0.3077
vt 0.2146 0.0018 0.3077
vt 0.1604 0.0018 0.3077
vt 0.1437 0.9982 0.3077
vt 0.0896 0.9982 0.3077
vt 0.0938 0.0018 0.3077
vt 0.0813 0.9982 0.3077
vt 0.0771 0.9982 0.3077
vt 0.0813 0.0018 0.3077
vt 0.0271 0.9982 0.3077
vt 0.0229 0.9982 0.3077
vt 0.0146 0.9982 0.3077
vt 0.0104 0.9982 0.3077
vt 0.0146 0.0018 0.3077
vt 0.0000 0.0000 0.3077
vt 0.9437 0.0018 0.3077
vt 0.8771 0.0018 0.3077
vt 0.8229 0.0018 0.3077
vt 0.8104 0.0018 0.3077
vt 0.7562 0.0018 0.3077
vt 0.7437 0.0018 0.3077
vt 0.6896 0.0018 0.3077
vt 0.6771 0.0018 0.3077
vt 0.6229 0.0018 0.3077
vt 0.6104 0.0018 0.3077
vt 0.5562 0.0018 0.3077
vt 0.5437 0.0018 0.3077
vt 0.4896 0.0018 0.3077
vt 0.4771 0.0018 0.3077
vt 0.4104 0.0018 0.3077
vt 0.3563 0.0018 0.3077
vt 0.3438 0.0018 0.3077
vt 0.3312 0.0018 0.3077
vt 0.2896 0.0018 0.3077
vt 0.2771 0.0018 0.3077
vt 0.2229 0.0018 0.3077
vt 0.2104 0.0018 0.3077
vt 0.1437 0.0018 0.3077
vt 0.0896 0.0018 0.3077
vt 0.0771 0.0018 0.3077
vt 0.0229 0.0018 0.3077
vt 0.0104 0.0018 0.3077
vt 0.4438 0.9982 0.3077
vt 0.4438 0.0018 0.3077
vt 0.4521 0.0018 0.3077
vt 0.4521 0.9982 0.3077
vt 0.6437 0.9982 0.3077
vt 0.6437 0.0018 0.3077
vt 0.6521 0.0018 0.3077
vt 0.6521 0.9982 0.3077
vt 0.7771 0.9982 0.3077
vt 0.7771 0.0018 0.3077
vt 0.7854 0.0018 0.3077
vt 0.7854 0.9982 0.3077
vt 0.6562 0.9982 0.3077
vt 0.6562 0.0018 0.3077
vt 0.7104 0.9982 0.3077
vt 0.7104 0.0018 0.3077
vt 0.7188 0.0018 0.3077
vt 0.7188 0.9982 0.3077
vt 0.8563 0.9982 0.3077
vt 0.8563 0.0018 0.3077
vt 0.5771 0.9982 0.3077
vt 0.5771 0.0018 0.3077
vt 0.5854 0.0018 0.3077
vt 0.5854 0.9982 0.3077
vt 0.3729 0.0018 0.3077
vt 0.3729 0.9982 0.3077
vt 0.5104 0.9982 0.3077
vt 0.5104 0.0018 0.3077
vt 0.5187 0.0018 0.3077
vt 0.5187 0.9982 0.3077
vt 0.5229 0.9982 0.3077
vt 0.5229 0.0018 0.3077
vt 0.5896 0.9982 0.3077
vt 0.5896 0.0018 0.3077
vt 0.3771 0.9982 0.3077
vt 0.3771 0.0018 0.3077
vt 0.3854 0.0018 0.3077
vt 0.3854 0.9982 0.3077
vt 0.8438 0.9982 0.3077
vt 0.8438 0.0018 0.3077
vt 0.8521 0.0018 0.3077
vt 0.8521 0.9982 0.3077
vt 0.9062 0.0018 0.3077
vt 0.9062 0.9982 0.3077
vt 0.7229 0.9982 0.3077
vt 0.7229 0.0018 0.3077
vt 0.7313 0.0018 0.3077
vt 0.7313 0.9982 0.3077
vt 0.9229 0.9982 0.3077
vt 0.9229 0.0018 0.3077
vt 0.9896 0.9982 0.3077
vt 0.9896 0.0018 0.3077
vt 0.3558 0.0020 0.3958
vt 0.3558 0.9980 0.3958
vt 0.3552 0.9977 0.4717
vt 0.3552 0.0023 0.4717
vt 0.3521 0.0036 0.6154
vt 0.3513 0.0032 0.6061
vt 0.3529 0.0032 0.6061
vt 0.3497 0.9975 0.5331
vt 0.3545 0.9975 0.5331
vt 0.3490 0.9977 0.4717
vt 0.3484 0.9980 0.3958
vt 0.3513 0.9968 0.6061
vt 0.3529 0.9968 0.6061
vt 0.3537 0.9971 0.5784
vt 0.3504 0.9971 0.5784
vt 0.3537 0.0029 0.5784
vt 0.3521 0.9964 0.6154
vt 0.3504 0.0029 0.5784
vt 0.3545 0.0025 0.5331
vt 0.3497 0.0025 0.5331
vt 0.3490 0.0023 0.4717
vt 0.3484 0.0020 0.3958
vt 0.4093 0.0023 0.4717
vt 0.4026 0.0020 0.3958
vt 0.4032 0.0023 0.4717
vt 0.4099 0.0020 0.3958
vt 0.1420 0.9975 0.5331
vt 0.1372 0.9975 0.5331
vt 0.1379 0.9971 0.5784
vt 0.1412 0.9971 0.5784
vt 0.0862 0.9968 0.6061
vt 0.0862 0.0032 0.6061
vt 0.0871 0.0029 0.5784
vt 0.0871 0.9971 0.5784
vt 0.1396 0.9964 0.6154
vt 0.1396 0.0036 0.6154
vt 0.1404 0.0032 0.6061
vt 0.1404 0.9968 0.6061
vt 0.0854 0.9964 0.6154
vt 0.0854 0.0036 0.6154
vt 0.0878 0.0025 0.5331
vt 0.0878 0.9975 0.5331
vt 0.1412 0.0029 0.5784
vt 0.1420 0.0025 0.5331
vt 0.1388 0.9968 0.6061
vt 0.2995 0.0042 0.6877
vt 0.3255 0.0042 0.6877
vt 0.0422 0.0083 0.9802
vt 0.0390 0.0069 0.9212
vt 0.3284 0.9970 0.5153
vt 0.3284 0.0030 0.5153
vt 0.2995 0.9958 0.6877
vt 0.3255 0.9958 0.6877
vt 0.2966 0.9970 0.5153
vt 0.2966 0.0030 0.5153
vt 0.7129 0.0096 1.0000
vt 0.7129 0.9904 1.0000
vt 0.7121 0.9904 1.0000
vt 0.7121 0.0096 1.0000
vt 0.7161 0.9917 0.9803
vt 0.7089 0.9917 0.9803
vt 0.7193 0.9931 0.9212
vt 0.7057 0.9931 0.9212
vt 0.7193 0.0069 0.9212
vt 0.7089 0.0083 0.9803
vt 0.7161 0.0083 0.9803
vt 0.7057 0.0069 0.9212
vt 0.6422 0.0083 0.9803
vt 0.6422 0.9917 0.9803
vt 0.6390 0.9931 0.9212
vt 0.6390 0.0069 0.9212
vt 0.7632 0.0030 0.5153
vt 0.9787 0.9904 1.0000
vt 0.9787 0.0096 1.0000
vt 0.9723 0.0069 0.9212
vt 0.1951 0.0030 0.5153
vt 0.1922 0.0042 0.6877
vt 0.1662 0.0042 0.6877
vt 0.1632 0.0030 0.5153
vt 0.9755 0.0083 0.9803
vt 0.7662 0.0042 0.6877
vt 0.9755 0.9917 0.9803
vt 0.6495 0.9917 0.9803
vt 0.6527 0.9931 0.9212
vt 0.6527 0.0069 0.9212
vt 0.6495 0.0083 0.9803
vt 0.6463 0.9904 1.0000
vt 0.6463 0.0096 1.0000
vt 0.6454 0.9904 1.0000
vt 0.6454 0.0096 1.0000
vt 0.7922 0.0042 0.6877
vt 0.7951 0.0030 0.5153
vt 0.4588 0.0042 0.6877
vt 0.4588 0.9958 0.6877
vt 0.4618 0.0030 0.5153
vt 0.4618 0.9970 0.5153
vt 0.4328 0.0042 0.6877
vt 0.4299 0.0030 0.5153
vt 0.4328 0.9958 0.6877
vt 0.4299 0.9970 0.5153
vt 0.6026 0.9980 0.3958
vt 0.6099 0.9980 0.3958
vt 0.6046 0.0029 0.5784
vt 0.6046 0.9971 0.5784
vt 0.6039 0.9975 0.5331
vt 0.6039 0.0025 0.5331
vt 0.5537 0.0029 0.5784
vt 0.5504 0.0029 0.5784
vt 0.5497 0.0025 0.5331
vt 0.5545 0.0025 0.5331
vt 0.6093 0.9977 0.4717
vt 0.6093 0.0023 0.4717
vt 0.6099 0.0020 0.3958
vt 0.5545 0.9975 0.5331
vt 0.5552 0.0023 0.4717
vt 0.5552 0.9977 0.4717
vt 0.6086 0.0025 0.5331
vt 0.6032 0.0023 0.4717
vt 0.6026 0.0020 0.3958
vt 0.6032 0.9977 0.4717
vt 0.6062 0.0036 0.6154
vt 0.6054 0.0032 0.6061
vt 0.6071 0.0032 0.6061
vt 0.5521 0.0036 0.6154
vt 0.5521 0.9964 0.6154
vt 0.5513 0.9968 0.6061
vt 0.5513 0.0032 0.6061
vt 0.5504 0.9971 0.5784
vt 0.6062 0.9964 0.6154
vt 0.6054 0.9968 0.6061
vt 0.6086 0.9975 0.5331
vt 0.5497 0.9975 0.5331
vt 0.5529 0.0032 0.6061
vt 0.6071 0.9968 0.6061
vt 0.6079 0.0029 0.5784
vt 0.5558 0.0020 0.3958
vt 0.5558 0.9980 0.3958
vt 0.6079 0.9971 0.5784
vt 0.4885 0.0023 0.4717
vt 0.4823 0.0023 0.4717
vt 0.4817 0.0020 0.3958
vt 0.4891 0.0020 0.3958
vt 0.8721 0.9968 0.6061
vt 0.8729 0.9964 0.6154
vt 0.8737 0.9968 0.6061
vt 0.4830 0.9975 0.5331
vt 0.4830 0.0025 0.5331
vt 0.4838 0.0029 0.5784
vt 0.4838 0.9971 0.5784
vt 0.8746 0.0029 0.5784
vt 0.8713 0.0029 0.5784
vt 0.8705 0.0025 0.5331
vt 0.8753 0.0025 0.5331
vt 0.4846 0.9968 0.6061
vt 0.4846 0.0032 0.6061
vt 0.4854 0.0036 0.6154
vt 0.4854 0.9964 0.6154
vt 0.8705 0.9975 0.5331
vt 0.8713 0.9971 0.5784
vt 0.4817 0.9980 0.3958
vt 0.8753 0.9975 0.5331
vt 0.8746 0.9971 0.5784
vt 0.8721 0.0032 0.6061
vt 0.8729 0.0036 0.6154
vt 0.8692 0.9980 0.3958
vt 0.8766 0.9980 0.3958
vt 0.8766 0.0020 0.3958
vt 0.8760 0.9977 0.4717
vt 0.8760 0.0023 0.4717
vt 0.8737 0.0032 0.6061
vt 0.4891 0.9980 0.3958
vt 0.4862 0.0032 0.6061
vt 0.4878 0.0025 0.5331
vt 0.4871 0.0029 0.5784
vt 0.4823 0.9977 0.4717
vt 0.4885 0.9977 0.4717
vt 0.8698 0.9977 0.4717
vt 0.4878 0.9975 0.5331
vt 0.4871 0.9971 0.5784
vt 0.4862 0.9968 0.6061
vt 0.6838 0.9971 0.5784
vt 0.6871 0.9971 0.5784
vt 0.6878 0.9975 0.5331
vt 0.6830 0.9975 0.5331
vt 0.6871 0.0029 0.5784
vt 0.6862 0.9968 0.6061
vt 0.6862 0.0032 0.6061
vt 0.6846 0.0032 0.6061
vt 0.6838 0.0029 0.5784
vt 0.6817 0.0020 0.3958
vt 0.6817 0.9980 0.3958
vt 0.8698 0.0023 0.4717
vt 0.6885 0.0023 0.4717
vt 0.6885 0.9977 0.4717
vt 0.6878 0.0025 0.5331
vt 0.6854 0.0036 0.6154
vt 0.6823 0.9977 0.4717
vt 0.5537 0.9971 0.5784
vt 0.6891 0.9980 0.3958
vt 0.6846 0.9968 0.6061
vt 0.6854 0.9964 0.6154
vt 0.5529 0.9968 0.6061
vt 0.6823 0.0023 0.4717
vt 0.6891 0.0020 0.3958
vt 0.6830 0.0025 0.5331
vt 0.8692 0.0020 0.3958
vt 0.6211 0.9975 0.5331
vt 0.6211 0.0025 0.5331
vt 0.6218 0.0023 0.4717
vt 0.6218 0.9977 0.4717
vt 0.4753 0.9975 0.5331
vt 0.4705 0.9975 0.5331
vt 0.4713 0.9971 0.5784
vt 0.4746 0.9971 0.5784
vt 0.6151 0.0020 0.3958
vt 0.6151 0.9980 0.3958
vt 0.8026 0.0020 0.3958
vt 0.8026 0.9980 0.3958
vt 0.4737 0.9968 0.6061
vt 0.4721 0.9968 0.6061
vt 0.4729 0.9964 0.6154
vt 0.6157 0.9977 0.4717
vt 0.6164 0.9975 0.5331
vt 0.6224 0.9980 0.3958
vt 0.7490 0.0023 0.4717
vt 0.7490 0.9977 0.4717
vt 0.7484 0.9980 0.3958
vt 0.7484 0.0020 0.3958
vt 0.4746 0.0029 0.5784
vt 0.4753 0.0025 0.5331
vt 0.7545 0.0025 0.5331
vt 0.7497 0.0025 0.5331
vt 0.7552 0.0023 0.4717
vt 0.4729 0.0036 0.6154
vt 0.4721 0.0032 0.6061
vt 0.4737 0.0032 0.6061
vt 0.4713 0.0029 0.5784
vt 0.6224 0.0020 0.3958
vt 0.4705 0.0025 0.5331
vt 0.7558 0.0020 0.3958
vt 0.7497 0.9975 0.5331
vt 0.8093 0.0023 0.4717
vt 0.8032 0.0023 0.4717
vt 0.8099 0.0020 0.3958
vt 0.4760 0.0023 0.4717
vt 0.4760 0.9977 0.4717
vt 0.6157 0.0023 0.4717
vt 0.8039 0.0025 0.5331
vt 0.8039 0.9975 0.5331
vt 0.8032 0.9977 0.4717
vt 0.4692 0.9980 0.3958
vt 0.4766 0.9980 0.3958
vt 0.4698 0.9977 0.4717
vt 0.4766 0.0020 0.3958
vt 0.4698 0.0023 0.4717
vt 0.7558 0.9980 0.3958
vt 0.7552 0.9977 0.4717
vt 0.6164 0.0025 0.5331
vt 0.4692 0.0020 0.3958
vt 0.7545 0.9975 0.5331
vt 0.9427 0.0023 0.4717
vt 0.9365 0.0023 0.4717
vt 0.9359 0.0020 0.3958
vt 0.9433 0.0020 0.3958
vt 0.8054 0.9968 0.6061
vt 0.8062 0.9964 0.6154
vt 0.8071 0.9968 0.6061
vt 0.9359 0.9980 0.3958
vt 0.9433 0.9980 0.3958
vt 0.9420 0.9975 0.5331
vt 0.9420 0.0025 0.5331
vt 0.9427 0.9977 0.4717
vt 0.8086 0.0025 0.5331
vt 0.8086 0.9975 0.5331
vt 0.8079 0.9971 0.5784
vt 0.8079 0.0029 0.5784
vt 0.9365 0.9977 0.4717
vt 0.8071 0.0032 0.6061
vt 0.8062 0.0036 0.6154
vt 0.8054 0.0032 0.6061
vt 0.8046 0.0029 0.5784
vt 0.9372 0.0025 0.5331
vt 0.9372 0.9975 0.5331
vt 0.8046 0.9971 0.5784
vt 0.8093 0.9977 0.4717
vt 0.9388 0.9968 0.6061
vt 0.9388 0.0032 0.6061
vt 0.9396 0.0036 0.6154
vt 0.9396 0.9964 0.6154
vt 0.8099 0.9980 0.3958
vt 0.7513 0.0032 0.6061
vt 0.7513 0.9968 0.6061
vt 0.7504 0.9971 0.5784
vt 0.7504 0.0029 0.5784
vt 0.7521 0.0036 0.6154
vt 0.7521 0.9964 0.6154
vt 0.6204 0.9971 0.5784
vt 0.6171 0.9971 0.5784
vt 0.6179 0.9968 0.6061
vt 0.6196 0.9968 0.6061
vt 0.9404 0.9968 0.6061
vt 0.9404 0.0032 0.6061
vt 0.9379 0.0029 0.5784
vt 0.9412 0.0029 0.5784
vt 0.9379 0.9971 0.5784
vt 0.6204 0.0029 0.5784
vt 0.6171 0.0029 0.5784
vt 0.7537 0.9971 0.5784
vt 0.7537 0.0029 0.5784
vt 0.6187 0.0036 0.6154
vt 0.6179 0.0032 0.6061
vt 0.6196 0.0032 0.6061
vt 0.7529 0.0032 0.6061
vt 0.7529 0.9968 0.6061
vt 0.9412 0.9971 0.5784
vt 0.6187 0.9964 0.6154
vt 0.3796 0.9904 1.0000
vt 0.3796 0.0096 1.0000
vt 0.3828 0.0083 0.9803
vt 0.3828 0.9917 0.9803
vt 0.3860 0.9931 0.9212
vt 0.3860 0.0069 0.9212
vt 0.0966 0.0030 0.5153
vt 0.3787 0.9904 1.0000
vt 0.3787 0.0096 1.0000
vt 0.0995 0.0042 0.6877
vt 0.7412 0.0029 0.5784
vt 0.7412 0.9971 0.5784
vt 0.7404 0.9968 0.6061
vt 0.7404 0.0032 0.6061
vt 0.7372 0.9975 0.5331
vt 0.7372 0.0025 0.5331
vt 0.7379 0.0029 0.5784
vt 0.7379 0.9971 0.5784
vt 0.7365 0.9977 0.4717
vt 0.7427 0.9977 0.4717
vt 0.7433 0.9980 0.3958
vt 0.7359 0.9980 0.3958
vt 0.7396 0.9964 0.6154
vt 0.7396 0.0036 0.6154
vt 0.2211 0.9975 0.5331
vt 0.2211 0.0025 0.5331
vt 0.2218 0.0023 0.4717
vt 0.2218 0.9977 0.4717
vt 0.2157 0.9977 0.4717
vt 0.2164 0.9975 0.5331
vt 0.7420 0.0025 0.5331
vt 0.2204 0.0029 0.5784
vt 0.2171 0.0029 0.5784
vt 0.2164 0.0025 0.5331
vt 0.7388 0.0032 0.6061
vt 0.7388 0.9968 0.6061
vt 0.7433 0.0020 0.3958
vt 0.7427 0.0023 0.4717
vt 0.7420 0.9975 0.5331
vt 0.2204 0.9971 0.5784
vt 0.2171 0.9971 0.5784
vt 0.2179 0.9968 0.6061
vt 0.2196 0.9968 0.6061
vt 0.2188 0.0036 0.6154
vt 0.2179 0.0032 0.6061
vt 0.2196 0.0032 0.6061
vt 0.2157 0.0023 0.4717
vt 0.2224 0.0020 0.3958
vt 0.2151 0.0020 0.3958
vt 0.7365 0.0023 0.4717
vt 0.7359 0.0020 0.3958
vt 0.2224 0.9980 0.3958
vt 0.2151 0.9980 0.3958
vt 0.2188 0.9964 0.6154
vt 0.6729 0.9964 0.6154
vt 0.6729 0.0036 0.6154
vt 0.6737 0.0032 0.6061
vt 0.6737 0.9968 0.6061
vt 0.6746 0.0029 0.5784
vt 0.6746 0.9971 0.5784
vt 0.6753 0.9975 0.5331
vt 0.6705 0.9975 0.5331
vt 0.6713 0.9971 0.5784
vt 0.6713 0.0029 0.5784
vt 0.6705 0.0025 0.5331
vt 0.6753 0.0025 0.5331
vt 0.6760 0.0023 0.4717
vt 0.6698 0.0023 0.4717
vt 0.6692 0.0020 0.3958
vt 0.6766 0.0020 0.3958
vt 0.6721 0.9968 0.6061
vt 0.5404 0.9968 0.6061
vt 0.5388 0.9968 0.6061
vt 0.5396 0.9964 0.6154
vt 0.5484 0.0020 0.3958
vt 0.5484 0.9980 0.3958
vt 0.6760 0.9977 0.4717
vt 0.6692 0.9980 0.3958
vt 0.6698 0.9977 0.4717
vt 0.5412 0.9971 0.5784
vt 0.5379 0.9971 0.5784
vt 0.5396 0.0036 0.6154
vt 0.5388 0.0032 0.6061
vt 0.5404 0.0032 0.6061
vt 0.5490 0.9977 0.4717
vt 0.5490 0.0023 0.4717
vt 0.6721 0.0032 0.6061
vt 0.6766 0.9980 0.3958
vt 0.5420 0.9975 0.5331
vt 0.5372 0.9975 0.5331
vt 0.5412 0.0029 0.5784
vt 0.5420 0.0025 0.5331
vt 0.5372 0.0025 0.5331
vt 0.5379 0.0029 0.5784
vt 0.5359 0.9980 0.3958
vt 0.5433 0.9980 0.3958
vt 0.5433 0.0020 0.3958
vt 0.5359 0.0020 0.3958
vt 0.5365 0.9977 0.4717
vt 0.5365 0.0023 0.4717
vt 0.5427 0.9977 0.4717
vt 0.5427 0.0023 0.4717
vt 0.0093 0.0023 0.4717
vt 0.0093 0.9977 0.4717
vt 0.0086 0.9975 0.5331
vt 0.0086 0.0025 0.5331
vt 0.0039 0.0025 0.5331
vt 0.0032 0.0023 0.4717
vt 0.0026 0.0020 0.3958
vt 0.0026 0.9980 0.3958
vt 0.0032 0.9977 0.4717
vt 0.0039 0.9975 0.5331
vt 0.0099 0.0020 0.3958
vt 0.0099 0.9980 0.3958
vt 0.0046 0.9971 0.5784
vt 0.0046 0.0029 0.5784
vt 0.0054 0.0032 0.6061
vt 0.0054 0.9968 0.6061
vt 0.0063 0.0036 0.6154
vt 0.0063 0.9964 0.6154
vt 0.8218 0.0023 0.4717
vt 0.8157 0.0023 0.4717
vt 0.8151 0.0020 0.3958
vt 0.8224 0.0020 0.3958
vt 0.0817 0.9980 0.3958
vt 0.0891 0.9980 0.3958
vt 0.0817 0.0020 0.3958
vt 0.0823 0.9977 0.4717
vt 0.0885 0.9977 0.4717
vt 0.0846 0.0032 0.6061
vt 0.0838 0.0029 0.5784
vt 0.0830 0.0025 0.5331
vt 0.8157 0.9977 0.4717
vt 0.8164 0.0025 0.5331
vt 0.8164 0.9975 0.5331
vt 0.0823 0.0023 0.4717
vt 0.0885 0.0023 0.4717
vt 0.0830 0.9975 0.5331
vt 0.0891 0.0020 0.3958
vt 0.0846 0.9968 0.6061
vt 0.0838 0.9971 0.5784
vt 0.8151 0.9980 0.3958
vt 0.8211 0.0025 0.5331
vt 0.2093 0.0023 0.4717
vt 0.2093 0.9977 0.4717
vt 0.2026 0.9980 0.3958
vt 0.2026 0.0020 0.3958
vt 0.2032 0.0023 0.4717
vt 0.2032 0.9977 0.4717
vt 0.2099 0.9980 0.3958
vt 0.8218 0.9977 0.4717
vt 0.8211 0.9975 0.5331
vt 0.2099 0.0020 0.3958
vt 0.8224 0.9980 0.3958
vt 0.0071 0.9968 0.6061
vt 0.0079 0.9971 0.5784
vt 0.0079 0.0029 0.5784
vt 0.0071 0.0032 0.6061
vt 0.8187 0.9964 0.6154
vt 0.8187 0.0036 0.6154
vt 0.8196 0.0032 0.6061
vt 0.8196 0.9968 0.6061
vt 0.2871 0.0029 0.5784
vt 0.2871 0.9971 0.5784
vt 0.2862 0.9968 0.6061
vt 0.2862 0.0032 0.6061
vt 0.2823 0.9977 0.4717
vt 0.2823 0.0023 0.4717
vt 0.2830 0.0025 0.5331
vt 0.2830 0.9975 0.5331
vt 0.2846 0.0032 0.6061
vt 0.2838 0.0029 0.5784
vt 0.2891 0.0020 0.3958
vt 0.2817 0.0020 0.3958
vt 0.2878 0.0025 0.5331
vt 0.2878 0.9975 0.5331
vt 0.2817 0.9980 0.3958
vt 0.8204 0.9971 0.5784
vt 0.8204 0.0029 0.5784
vt 0.2891 0.9980 0.3958
vt 0.8171 0.9971 0.5784
vt 0.2885 0.0023 0.4717
vt 0.2846 0.9968 0.6061
vt 0.2854 0.0036 0.6154
vt 0.2854 0.9964 0.6154
vt 0.8179 0.0032 0.6061
vt 0.2838 0.9971 0.5784
vt 0.8179 0.9968 0.6061
vt 0.2885 0.9977 0.4717
vt 0.8171 0.0029 0.5784
vt 0.1427 0.0023 0.4717
vt 0.1427 0.9977 0.4717
vt 0.1433 0.0020 0.3958
vt 0.1433 0.9980 0.3958
vt 0.3427 0.9977 0.4717
vt 0.3427 0.0023 0.4717
vt 0.3433 0.0020 0.3958
vt 0.3433 0.9980 0.3958
vt 0.3359 0.0020 0.3958
vt 0.3359 0.9980 0.3958
vt 0.1388 0.0032 0.6061
vt 0.3404 0.9968 0.6061
vt 0.3404 0.0032 0.6061
vt 0.3412 0.0029 0.5784
vt 0.3412 0.9971 0.5784
vt 0.3420 0.9975 0.5331
vt 0.3420 0.0025 0.5331
vt 0.3396 0.9964 0.6154
vt 0.3396 0.0036 0.6154
vt 0.3379 0.9971 0.5784
vt 0.3388 0.9968 0.6061
vt 0.3379 0.0029 0.5784
vt 0.3372 0.0025 0.5331
vt 0.1379 0.0029 0.5784
vt 0.1372 0.0025 0.5331
vt 0.3388 0.0032 0.6061
vt 0.1359 0.9980 0.3958
vt 0.3365 0.9977 0.4717
vt 0.3365 0.0023 0.4717
vt 0.1365 0.9977 0.4717
vt 0.3372 0.9975 0.5331
vt 0.2705 0.9975 0.5331
vt 0.2705 0.0025 0.5331
vt 0.2713 0.0029 0.5784
vt 0.2713 0.9971 0.5784
vt 0.4157 0.0023 0.4717
vt 0.4151 0.0020 0.3958
vt 0.2737 0.9968 0.6061
vt 0.2721 0.9968 0.6061
vt 0.2729 0.9964 0.6154
vt 0.2760 0.9977 0.4717
vt 0.2760 0.0023 0.4717
vt 0.2766 0.0020 0.3958
vt 0.2766 0.9980 0.3958
vt 0.2692 0.9980 0.3958
vt 0.2698 0.9977 0.4717
vt 0.2698 0.0023 0.4717
vt 0.2692 0.0020 0.3958
vt 0.2737 0.0032 0.6061
vt 0.2746 0.0029 0.5784
vt 0.2746 0.9971 0.5784
vt 0.2753 0.9975 0.5331
vt 0.2753 0.0025 0.5331
vt 0.2721 0.0032 0.6061
vt 0.1359 0.0020 0.3958
vt 0.2729 0.0036 0.6154
vt 0.1365 0.0023 0.4717
vt 0.0218 0.9977 0.4717
vt 0.0218 0.0023 0.4717
vt 0.0224 0.0020 0.3958
vt 0.0224 0.9980 0.3958
vt 0.0204 0.9971 0.5784
vt 0.0171 0.9971 0.5784
vt 0.0179 0.9968 0.6061
vt 0.0196 0.9968 0.6061
vt 0.0151 0.9980 0.3958
vt 0.0157 0.9977 0.4717
vt 0.0196 0.0032 0.6061
vt 0.0179 0.0032 0.6061
vt 0.0171 0.0029 0.5784
vt 0.0204 0.0029 0.5784
vt 0.0164 0.9975 0.5331
vt 0.0164 0.0025 0.5331
vt 0.0157 0.0023 0.4717
vt 0.0151 0.0020 0.3958
vt 0.0211 0.0025 0.5331
vt 0.0211 0.9975 0.5331
vt 0.0188 0.9964 0.6154
vt 0.0188 0.0036 0.6154
vt 0.0698 0.9977 0.4717
vt 0.0760 0.9977 0.4717
vt 0.0766 0.9980 0.3958
vt 0.0692 0.9980 0.3958
vt 0.0721 0.9968 0.6061
vt 0.0721 0.0032 0.6061
vt 0.0729 0.0036 0.6154
vt 0.0729 0.9964 0.6154
vt 0.0760 0.0023 0.4717
vt 0.0698 0.0023 0.4717
vt 0.0692 0.0020 0.3958
vt 0.0766 0.0020 0.3958
vt 0.0753 0.9975 0.5331
vt 0.0753 0.0025 0.5331
vt 0.0737 0.0032 0.6061
vt 0.0737 0.9968 0.6061
vt 0.0713 0.0029 0.5784
vt 0.0746 0.0029 0.5784
vt 0.0746 0.9971 0.5784
vt 0.0713 0.9971 0.5784
vt 0.0705 0.9975 0.5331
vt 0.0705 0.0025 0.5331
vt 0.0000 1.0000 1.0000
vt 0.0000 0.0000 1.0000
vt 0.3077 0.0000 1.0000
vt 0.3077 1.0000 1.0000
vt 1.0000 0.0000 0.0000
vt 1.0000 1.0000 0.0000
vt 0.6923 1.0000 0.0000
vt 0.6923 0.0000 0.0000
vt 0.0000 1.0000 0.0000
vt 0.0000 0.0000 0.0000
vt 1.0000 0.0000 1.0000
vt 1.0000 0.3077 1.0000
vt 0.0000 0.3077 1.0000
vt 1.0000 0.3077 0.0000
vt 0.0000 0.3077 0.0000
# 1347 texture coords

o Mesh1
g Mesh1
usemtl wire_204204204
s off
f 1/1/1 2/2/2 3/3/3 4/4/4 
f 5/5/5 6/6/3 7/7/2 8/8/6 
f 9/9/7 10/10/8 11/11/9 12/12/10 
f 13/13/11 14/14/8 7/7/2 15/15/1 
f 16/16/5 3/3/3 2/2/2 17/17/6 
f 8/8/6 7/7/2 14/14/8 18/18/7 
f 16/16/5 19/19/12 20/20/13 21/21/14 
f 22/22/15 23/23/16 24/24/17 25/25/18 
f 26/26/19 20/20/13 19/19/12 4/4/4 
f 4/4/4 3/3/3 27/27/20 26/26/19 
f 26/26/19 27/27/20 28/28/21 25/25/18 
f 25/25/18 28/28/21 29/29/22 22/22/15 
f 30/30/23 29/29/22 28/28/21 31/31/24 
f 21/21/14 20/20/13 24/24/17 31/31/24 
f 25/25/18 24/24/17 20/20/13 26/26/19 
f 31/31/24 28/28/21 27/27/20 21/21/14 
f 21/21/14 27/27/20 3/3/3 16/16/5 
f 32/32/10 33/33/9 34/34/25 35/35/26 
f 34/34/25 33/33/9 14/14/8 13/13/11 
f 15/15/1 7/7/2 6/6/3 36/36/4 
f 17/17/6 2/2/2 10/10/8 9/9/7 
f 31/31/24 24/24/17 23/23/16 30/30/23 
f 37/37/6 38/38/27 39/39/12 40/40/5 
f 41/41/1 38/38/27 42/42/28 43/43/11 
f 44/44/10 45/45/9 46/46/25 47/47/26 
f 48/48/7 42/42/28 38/38/27 37/37/6 
f 48/48/7 49/49/8 45/45/9 44/44/10 
f 37/37/6 50/50/2 49/49/8 48/48/7 
f 51/51/19 52/52/20 53/53/21 54/54/18 
f 54/54/18 53/53/21 55/55/22 56/56/15 
f 44/44/10 47/47/26 42/42/28 48/48/7 
f 43/43/11 49/49/8 50/50/2 41/41/1 
f 41/41/1 50/50/2 57/57/3 58/58/4 
f 58/58/4 39/39/12 38/38/27 41/41/1 
f 43/43/11 42/42/28 47/47/26 46/46/25 
f 58/58/4 57/57/3 52/52/20 51/51/19 
f 40/40/5 57/57/3 50/50/2 37/37/6 
f 46/46/25 45/45/9 49/49/8 43/43/11 
f 59/59/29 60/60/30 61/61/31 62/62/32 
f 62/62/32 61/61/31 63/63/33 64/64/34 
f 65/65/35 61/61/31 60/60/30 66/66/36 
f 67/67/37 62/62/32 64/64/34 68/68/38 
f 69/69/39 70/70/40 71/71/41 72/72/42 
f 66/66/36 60/60/30 71/71/41 73/73/43 
f 73/73/43 74/74/44 75/75/45 66/66/36 
f 75/75/45 59/59/29 62/62/32 67/67/37 
f 76/76/46 63/63/33 61/61/31 65/65/35 
f 74/74/44 72/72/42 59/59/29 75/75/45 
f 72/72/42 71/71/41 60/60/30 59/59/29 
f 65/65/35 67/67/37 68/68/38 76/76/46 
f 66/66/36 75/75/45 67/67/37 65/65/35 
f 77/77/47 78/78/48 79/79/39 80/80/49 
f 81/81/50 82/82/49 74/74/44 73/73/43 
f 83/83/47 84/84/48 69/69/39 82/82/49 
f 82/82/49 69/69/39 72/72/42 74/74/44 
f 85/85/51 83/83/47 82/82/49 81/81/50 
f 86/86/52 87/87/53 88/88/54 84/84/48 
f 89/89/50 90/90/40 91/91/54 92/92/51 
f 92/92/51 91/91/54 93/93/53 
f 92/92/51 77/77/47 80/80/49 89/89/50 
f 94/94/41 95/95/42 79/79/39 90/90/40 
f 81/81/50 70/70/40 88/88/54 85/85/51 
f 84/84/48 88/88/54 70/70/40 69/69/39 
f 80/80/49 79/79/39 95/95/42 96/96/44 
f 97/97/52 78/78/48 77/77/47 
f 93/93/53 97/97/52 77/77/47 92/92/51 
f 98/98/43 94/94/41 90/90/40 89/89/50 
f 87/87/53 86/86/52 83/83/47 85/85/51 
f 73/73/43 71/71/41 70/70/40 81/81/50 
f 85/85/51 88/88/54 87/87/53 
f 86/86/52 84/84/48 83/83/47 
f 89/89/50 80/80/49 96/96/44 98/98/43 
f 99/99/9 100/100/10 101/101/7 102/102/8 
f 103/103/4 104/104/12 105/105/27 106/106/1 
f 107/107/19 108/108/13 104/104/12 103/103/4 
f 102/102/8 101/101/7 109/109/6 110/110/2 
f 110/110/2 111/111/1 112/112/11 102/102/8 
f 101/101/7 113/113/28 114/114/27 109/109/6 
f 115/115/7 116/116/28 105/105/27 117/117/6 
f 102/102/8 112/112/11 118/118/25 99/99/9 
f 119/119/12 120/120/4 121/121/19 122/122/13 
f 109/109/6 114/114/27 123/123/12 124/124/5 
f 125/125/26 118/118/25 112/112/11 113/113/28 
f 100/100/10 125/125/26 113/113/28 101/101/7 
f 126/126/8 127/127/11 128/128/25 129/129/9 
f 117/117/6 105/105/27 104/104/12 130/130/5 
f 113/113/28 112/112/11 111/111/1 114/114/27 
f 114/114/27 111/111/1 131/131/4 123/123/12 
f 106/106/1 105/105/27 116/116/28 127/127/11 
f 127/127/11 116/116/28 132/132/26 128/128/25 
f 122/122/13 121/121/19 133/133/18 134/134/17 
f 135/135/3 130/130/5 136/136/14 137/137/20 
f 137/137/20 136/136/14 138/138/24 139/139/21 
f 134/134/17 133/133/18 140/140/15 141/141/16 
f 142/142/10 132/132/26 116/116/28 115/115/7 
f 139/139/21 138/138/24 143/143/23 144/144/22 
f 144/144/22 145/145/15 146/146/18 139/139/21 
f 139/139/21 146/146/18 107/107/19 137/137/20 
f 137/137/20 107/107/19 103/103/4 135/135/3 
f 110/110/2 109/109/6 124/124/5 147/147/3 
f 130/130/5 104/104/12 108/108/13 136/136/14 
f 136/136/14 108/108/13 148/148/17 138/138/24 
f 147/147/3 131/131/4 111/111/1 110/110/2 
f 149/149/24 134/134/17 141/141/16 150/150/23 
f 138/138/24 148/148/17 151/151/16 143/143/23 
f 145/145/15 151/151/16 148/148/17 146/146/18 
f 146/146/18 148/148/17 108/108/13 107/107/19 
f 152/152/14 153/153/20 154/154/3 155/155/5 
f 156/156/24 157/157/21 153/153/20 152/152/14 
f 155/155/5 158/158/12 159/159/13 152/152/14 
f 159/159/13 160/160/19 161/161/18 162/162/17 
f 152/152/14 159/159/13 162/162/17 156/156/24 
f 100/100/10 99/99/9 118/118/25 125/125/26 
f 162/162/17 161/161/18 163/163/15 164/164/16 
f 156/156/24 162/162/17 164/164/16 165/165/23 
f 158/158/12 166/166/4 160/160/19 159/159/13 
f 167/167/11 168/168/28 169/169/26 170/170/25 
f 171/171/24 172/172/21 173/173/20 174/174/14 
f 171/171/24 175/175/17 176/176/16 177/177/23 
f 178/178/15 176/176/16 175/175/17 179/179/18 
f 126/126/8 115/115/7 117/117/6 180/180/2 
f 142/142/10 129/129/9 128/128/25 132/132/26 
f 180/180/2 117/117/6 130/130/5 135/135/3 
f 181/181/7 168/168/28 182/182/27 183/183/6 
f 183/183/6 184/184/2 185/185/8 181/181/7 
f 129/129/9 142/142/10 115/115/7 126/126/8 
f 135/135/3 103/103/4 106/106/1 180/180/2 
f 186/186/4 187/187/3 173/173/20 188/188/19 
f 180/180/2 106/106/1 127/127/11 126/126/8 
f 167/167/11 185/185/8 184/184/2 189/189/1 
f 189/189/1 184/184/2 187/187/3 186/186/4 
f 190/190/10 191/191/9 170/170/25 169/169/26 
f 190/190/10 169/169/26 168/168/28 181/181/7 
f 186/186/4 192/192/12 182/182/27 189/189/1 
f 188/188/19 173/173/20 172/172/21 179/179/18 
f 183/183/6 182/182/27 192/192/12 193/193/5 
f 179/179/18 172/172/21 194/194/22 178/178/15 
f 177/177/23 194/194/22 172/172/21 171/171/24 
f 193/193/5 187/187/3 184/184/2 183/183/6 
f 174/174/14 173/173/20 187/187/3 193/193/5 
f 170/170/25 191/191/9 185/185/8 167/167/11 
f 181/181/7 185/185/8 191/191/9 190/190/10 
f 189/189/1 182/182/27 168/168/28 167/167/11 
f 193/193/5 192/192/12 195/195/13 174/174/14 
f 174/174/14 195/195/13 175/175/17 171/171/24 
f 196/196/40 197/197/50 198/198/43 199/199/41 
f 200/200/44 198/198/43 197/197/50 201/201/49 
f 201/201/49 197/197/50 202/202/51 203/203/47 
f 204/204/52 205/205/48 203/203/47 
f 203/203/47 205/205/48 206/206/39 201/201/49 
f 201/201/49 206/206/39 207/207/42 200/200/44 
f 199/199/41 207/207/42 206/206/39 196/196/40 
f 196/196/40 206/206/39 205/205/48 208/208/54 
f 208/208/54 205/205/48 204/204/52 209/209/53 
f 203/203/47 202/202/51 209/209/53 204/204/52 
f 199/199/41 198/198/43 210/210/36 211/211/30 
f 208/208/54 209/209/53 202/202/51 
f 208/208/54 202/202/51 197/197/50 196/196/40 
f 212/212/54 213/213/51 214/214/50 215/215/40 
f 216/216/47 213/213/51 217/217/53 218/218/52 
f 218/218/52 219/219/48 216/216/47 
f 220/220/30 221/221/36 222/222/35 223/223/31 
f 224/224/44 225/225/43 214/214/50 226/226/49 
f 227/227/31 228/228/35 229/229/46 230/230/33 
f 231/231/37 228/228/35 210/210/36 232/232/45 
f 226/226/49 214/214/50 213/213/51 216/216/47 
f 226/226/49 233/233/39 234/234/42 224/224/44 
f 215/215/40 233/233/39 219/219/48 212/212/54 
f 235/235/41 234/234/42 233/233/39 215/215/40 
f 212/212/54 219/219/48 218/218/52 217/217/53 
f 211/211/30 210/210/36 228/228/35 227/227/31 
f 236/236/38 229/229/46 228/228/35 231/231/37 
f 232/232/45 210/210/36 198/198/43 200/200/44 
f 215/215/40 214/214/50 225/225/43 235/235/41 
f 216/216/47 219/219/48 233/233/39 226/226/49 
f 235/235/41 225/225/43 221/221/36 220/220/30 
f 212/212/54 217/217/53 213/213/51 
f 237/237/32 238/238/31 239/239/33 240/240/34 
f 241/241/45 242/242/29 243/243/32 244/244/37 
f 245/245/33 246/246/34 243/243/32 247/247/31 
f 247/247/31 243/243/32 242/242/29 248/248/30 
f 244/244/37 243/243/32 246/246/34 249/249/38 
f 248/248/30 242/242/29 250/250/42 251/251/41 
f 252/252/44 250/250/42 242/242/29 241/241/45 
f 253/253/29 254/254/30 238/238/31 237/237/32 
f 255/255/36 248/248/30 251/251/41 256/256/43 
f 257/257/50 258/258/40 259/259/54 260/260/51 
f 257/257/50 261/261/49 252/252/44 256/256/43 
f 256/256/43 251/251/41 258/258/40 257/257/50 
f 260/260/51 259/259/54 262/262/55 
f 263/263/47 264/264/48 265/265/39 261/261/49 
f 261/261/49 265/265/39 250/250/42 252/252/44 
f 266/266/56 264/264/48 263/263/47 
f 251/251/41 250/250/42 265/265/39 258/258/40 
f 258/258/40 265/265/39 264/264/48 259/259/54 
f 262/262/55 266/266/56 263/263/47 260/260/51 
f 259/259/54 264/264/48 266/266/56 262/262/55 
f 256/256/43 252/252/44 241/241/45 255/255/36 
f 260/260/51 263/263/47 261/261/49 257/257/50 
f 267/267/39 268/268/40 269/269/41 270/270/42 
f 271/271/46 245/245/33 247/247/31 272/272/35 
f 272/272/35 247/247/31 248/248/30 255/255/36 
f 273/273/44 270/270/42 253/253/29 274/274/45 
f 274/274/45 253/253/29 237/237/32 275/275/37 
f 276/276/50 268/268/40 277/277/54 278/278/51 
f 279/279/56 280/280/48 281/281/47 
f 281/281/47 280/280/48 267/267/39 282/282/49 
f 282/282/49 267/267/39 270/270/42 273/273/44 
f 276/276/50 282/282/49 273/273/44 283/283/43 
f 280/280/48 277/277/54 268/268/40 267/267/39 
f 283/283/43 273/273/44 274/274/45 284/284/36 
f 278/278/51 281/281/47 282/282/49 276/276/50 
f 279/279/56 285/285/55 277/277/54 280/280/48 
f 284/284/36 274/274/45 275/275/37 286/286/35 
f 286/286/35 275/275/37 287/287/38 288/288/46 
f 288/288/46 239/239/33 238/238/31 286/286/35 
f 286/286/35 238/238/31 254/254/30 284/284/36 
f 284/284/36 254/254/30 269/269/41 283/283/43 
f 275/275/37 237/237/32 240/240/34 287/287/38 
f 270/270/42 269/269/41 254/254/30 253/253/29 
f 285/285/55 279/279/56 281/281/47 278/278/51 
f 255/255/36 241/241/45 244/244/37 272/272/35 
f 272/272/35 244/244/37 249/249/38 271/271/46 
f 283/283/43 269/269/41 268/268/40 276/276/50 
f 278/278/51 277/277/54 285/285/55 
f 289/289/23 290/290/22 291/291/21 292/292/24 
f 292/292/24 291/291/21 293/293/20 294/294/14 
f 295/295/12 36/36/4 296/296/19 297/297/13 
f 5/5/5 295/295/12 297/297/13 294/294/14 
f 292/292/24 298/298/17 299/299/16 289/289/23 
f 294/294/14 293/293/20 6/6/3 5/5/5 
f 297/297/13 296/296/19 300/300/18 298/298/17 
f 294/294/14 297/297/13 298/298/17 292/292/24 
f 301/301/19 302/302/20 303/303/21 304/304/18 
f 305/305/4 306/306/12 307/307/27 308/308/1 
f 304/304/18 303/303/21 309/309/22 310/310/15 
f 305/305/4 311/311/3 302/302/20 301/301/19 
f 312/312/10 313/313/9 314/314/25 315/315/26 
f 313/313/9 312/312/10 316/316/7 317/317/8 
f 317/317/8 316/316/7 318/318/6 319/319/2 
f 320/320/28 321/321/11 322/322/1 323/323/27 
f 323/323/27 322/322/1 324/324/4 325/325/12 
f 326/326/10 327/327/26 328/328/28 329/329/7 
f 329/329/7 328/328/28 307/307/27 330/330/6 
f 319/319/2 318/318/6 331/331/5 332/332/3 
f 332/332/3 324/324/4 322/322/1 319/319/2 
f 319/319/2 322/322/1 321/321/11 317/317/8 
f 317/317/8 321/321/11 314/314/25 313/313/9 
f 330/330/6 307/307/27 306/306/12 333/333/5 
f 312/312/10 315/315/26 320/320/28 316/316/7 
f 316/316/7 320/320/28 323/323/27 318/318/6 
f 318/318/6 323/323/27 325/325/12 331/331/5 
f 315/315/26 314/314/25 321/321/11 320/320/28 
f 308/308/1 307/307/27 328/328/28 334/334/11 
f 334/334/11 328/328/28 327/327/26 335/335/25 
f 330/330/6 336/336/2 337/337/8 329/329/7 
f 329/329/7 337/337/8 338/338/9 326/326/10 
f 334/334/11 337/337/8 336/336/2 308/308/1 
f 332/332/3 331/331/5 339/339/14 340/340/20 
f 326/326/10 338/338/9 335/335/25 327/327/26 
f 340/340/20 339/339/14 341/341/24 342/342/21 
f 343/343/22 344/344/15 345/345/18 342/342/21 
f 342/342/21 345/345/18 346/346/19 340/340/20 
f 342/342/21 341/341/24 347/347/23 343/343/22 
f 331/331/5 325/325/12 348/348/13 339/339/14 
f 335/335/25 338/338/9 337/337/8 334/334/11 
f 308/308/1 336/336/2 311/311/3 305/305/4 
f 340/340/20 346/346/19 324/324/4 332/332/3 
f 333/333/5 311/311/3 336/336/2 330/330/6 
f 349/349/8 350/350/7 351/351/6 352/352/2 
f 353/353/10 354/354/26 355/355/28 350/350/7 
f 354/354/26 356/356/25 357/357/11 355/355/28 
f 358/358/27 359/359/1 360/360/4 361/361/12 
f 362/362/8 363/363/7 364/364/6 365/365/2 
f 365/365/2 364/364/6 366/366/5 367/367/3 
f 367/367/3 368/368/4 369/369/1 365/365/2 
f 370/370/9 371/371/10 363/363/7 362/362/8 
f 362/362/8 372/372/11 373/373/25 370/370/9 
f 353/353/10 374/374/9 356/356/25 354/354/26 
f 371/371/10 375/375/26 376/376/28 363/363/7 
f 363/363/7 376/376/28 377/377/27 364/364/6 
f 375/375/26 373/373/25 372/372/11 376/376/28 
f 352/352/2 359/359/1 357/357/11 349/349/8 
f 364/364/6 377/377/27 378/378/12 366/366/5 
f 376/376/28 372/372/11 369/369/1 377/377/27 
f 349/349/8 357/357/11 356/356/25 374/374/9 
f 371/371/10 370/370/9 373/373/25 375/375/26 
f 377/377/27 369/369/1 368/368/4 378/378/12 
f 350/350/7 355/355/28 358/358/27 351/351/6 
f 367/367/3 366/366/5 379/379/14 380/380/20 
f 380/380/20 379/379/14 381/381/24 382/382/21 
f 355/355/28 357/357/11 359/359/1 358/358/27 
f 382/382/21 381/381/24 383/383/23 384/384/22 
f 384/384/22 385/385/15 386/386/18 382/382/21 
f 382/382/21 386/386/18 387/387/19 380/380/20 
f 380/380/20 387/387/19 368/368/4 367/367/3 
f 365/365/2 369/369/1 372/372/11 362/362/8 
f 388/388/3 360/360/4 359/359/1 352/352/2 
f 352/352/2 351/351/6 389/389/5 388/388/3 
f 351/351/6 358/358/27 361/361/12 389/389/5 
f 374/374/9 353/353/10 350/350/7 349/349/8 
f 390/390/20 391/391/14 392/392/24 393/393/21 
f 390/390/20 394/394/19 395/395/4 396/396/3 
f 397/397/2 398/398/6 399/399/5 396/396/3 
f 400/400/8 401/401/11 402/402/25 403/403/9 
f 403/403/9 404/404/10 405/405/7 400/400/8 
f 406/406/12 395/395/4 394/394/19 407/407/13 
f 397/397/2 408/408/1 401/401/11 400/400/8 
f 399/399/5 406/406/12 407/407/13 391/391/14 
f 407/407/13 394/394/19 409/409/18 410/410/17 
f 404/404/10 403/403/9 402/402/25 411/411/26 
f 396/396/3 395/395/4 408/408/1 397/397/2 
f 404/404/10 411/411/26 412/412/28 405/405/7 
f 405/405/7 412/412/28 413/413/27 398/398/6 
f 413/413/27 408/408/1 395/395/4 406/406/12 
f 396/396/3 399/399/5 391/391/14 390/390/20 
f 412/412/28 401/401/11 408/408/1 413/413/27 
f 410/410/17 409/409/18 414/414/15 415/415/16 
f 416/416/22 414/414/15 409/409/18 393/393/21 
f 393/393/21 409/409/18 394/394/19 390/390/20 
f 392/392/24 410/410/17 415/415/16 417/417/23 
f 391/391/14 407/407/13 410/410/17 392/392/24 
f 411/411/26 402/402/25 401/401/11 412/412/28 
f 393/393/21 392/392/24 417/417/23 416/416/22 
f 398/398/6 413/413/27 406/406/12 399/399/5 
f 400/400/8 405/405/7 398/398/6 397/397/2 
f 418/418/18 419/419/17 420/420/13 421/421/19 
f 422/422/3 423/423/4 424/424/1 425/425/2 
f 426/426/8 427/427/11 428/428/25 429/429/9 
f 430/430/6 431/431/27 432/432/12 433/433/5 
f 425/425/2 430/430/6 433/433/5 422/422/3 
f 424/424/1 431/431/27 434/434/28 427/427/11 
f 435/435/7 434/434/28 431/431/27 430/430/6 
f 422/422/3 433/433/5 436/436/14 437/437/20 
f 436/436/14 420/420/13 419/419/17 438/438/24 
f 427/427/11 434/434/28 439/439/26 428/428/25 
f 429/429/9 440/440/10 435/435/7 426/426/8 
f 441/441/15 442/442/16 419/419/17 418/418/18 
f 421/421/19 420/420/13 432/432/12 423/423/4 
f 437/437/20 436/436/14 438/438/24 443/443/21 
f 438/438/24 419/419/17 442/442/16 444/444/23 
f 437/437/20 421/421/19 423/423/4 422/422/3 
f 443/443/21 438/438/24 444/444/23 445/445/22 
f 443/443/21 418/418/18 421/421/19 437/437/20 
f 440/440/10 439/439/26 434/434/28 435/435/7 
f 423/423/4 432/432/12 431/431/27 424/424/1 
f 445/445/22 441/441/15 418/418/18 443/443/21 
f 440/440/10 429/429/9 428/428/25 439/439/26 
f 425/425/2 424/424/1 427/427/11 426/426/8 
f 433/433/5 432/432/12 420/420/13 436/436/14 
f 426/426/8 435/435/7 430/430/6 425/425/2 
f 446/446/20 121/121/19 120/120/4 447/447/3 
f 448/448/5 119/119/12 122/122/13 449/449/14 
f 450/450/21 149/149/24 150/150/23 451/451/22 
f 452/452/18 453/453/21 454/454/22 455/455/15 
f 325/325/12 324/324/4 346/346/19 348/348/13 
f 447/447/3 448/448/5 449/449/14 446/446/20 
f 348/348/13 346/346/19 345/345/18 456/456/17 
f 449/449/14 122/122/13 134/134/17 149/149/24 
f 456/456/17 345/345/18 344/344/15 457/457/16 
f 455/455/15 458/458/16 459/459/17 452/452/18 
f 460/460/19 461/461/13 462/462/12 463/463/4 
f 464/464/28 465/465/11 466/466/1 467/467/27 
f 467/467/27 466/466/1 120/120/4 119/119/12 
f 451/451/22 140/140/15 133/133/18 450/450/21 
f 468/468/24 453/453/21 469/469/20 470/470/14 
f 471/471/5 462/462/12 461/461/13 470/470/14 
f 460/460/19 469/469/20 453/453/21 452/452/18 
f 470/470/14 461/461/13 459/459/17 468/468/24 
f 452/452/18 459/459/17 461/461/13 460/460/19 
f 341/341/24 456/456/17 457/457/16 347/347/23 
f 446/446/20 449/449/14 149/149/24 450/450/21 
f 472/472/23 454/454/22 453/453/21 468/468/24 
f 339/339/14 348/348/13 456/456/17 341/341/24 
f 470/470/14 469/469/20 473/473/3 471/471/5 
f 468/468/24 459/459/17 458/458/16 472/472/23 
f 450/450/21 133/133/18 121/121/19 446/446/20 
f 474/474/57 475/475/57 476/289/57 477/290/57 
f 416/476/57 417/477/57 415/478/57 414/479/57 
f 23/480/57 22/481/57 29/482/57 30/483/57 
f 478/484/57 479/485/57 480/486/57 481/487/57 
f 288/488/57 287/489/57 240/490/57 239/491/57 
f 482/492/57 483/493/57 484/347/57 485/343/57 
f 486/494/57 487/495/57 488/496/57 489/55/57 
f 445/497/57 444/498/57 442/499/57 441/500/57 
f 309/501/57 490/502/57 491/503/57 310/504/57 
f 454/505/57 472/506/57 458/507/57 455/508/57 
f 492/509/57 493/510/57 494/511/57 495/512/57 
f 496/513/57 497/514/57 498/383/57 499/384/57 
f 271/515/57 249/516/57 246/517/57 245/518/57 
f 500/519/57 501/520/57 502/521/57 503/522/57 
f 343/523/57 347/524/57 457/525/57 344/526/57 
f 144/527/57 143/528/57 151/529/57 145/530/57 
f 504/531/57 505/532/57 506/150/57 507/451/57 
f 451/533/57 150/534/57 141/535/57 140/536/57 
f 508/537/57 509/538/57 510/539/57 511/309/57 
f 55/540/57 512/541/57 513/542/57 56/543/57 
f 514/544/57 515/545/57 516/546/57 517/547/57 
f 194/548/57 177/549/57 176/550/57 178/551/57 
f 518/552/57 519/553/57 520/554/57 521/555/57 
f 522/556/57 523/557/57 524/558/57 525/559/57 
f 526/560/57 527/561/57 528/562/57 529/563/57 
f 290/564/57 289/565/57 299/566/57 530/567/57 
f 531/568/57 532/569/57 533/570/57 534/571/57 
f 535/572/57 536/573/57 537/574/57 538/575/57 
f 539/576/58 29/29/58 540/577/58 
f 29/29/58 539/576/58 541/578/58 
f 29/29/58 541/578/58 22/22/58 
f 22/22/58 541/578/58 288/288/58 
f 22/22/58 288/288/58 23/23/58 
f 288/288/58 541/578/58 239/239/58 
f 239/239/58 541/578/58 474/579/58 
f 239/239/58 474/579/58 240/240/58 
f 474/579/58 541/578/58 477/564/58 
f 477/564/58 541/578/58 445/445/58 
f 477/564/58 445/445/58 476/565/58 
f 445/445/58 541/578/58 441/441/58 
f 441/441/58 541/578/58 271/271/58 
f 441/441/58 271/271/58 442/442/58 
f 271/271/58 541/578/58 245/245/58 
f 245/245/58 541/578/58 496/580/58 
f 245/245/58 496/580/58 246/246/58 
f 496/580/58 541/578/58 499/581/58 
f 499/581/58 541/578/58 416/416/58 
f 499/581/58 416/416/58 498/582/58 
f 416/416/58 541/578/58 414/414/58 
f 414/414/58 541/578/58 500/583/58 
f 414/414/58 500/583/58 415/415/58 
f 500/583/58 541/578/58 503/584/58 
f 503/584/58 541/578/58 486/585/58 
f 503/584/58 486/585/58 502/586/58 
f 486/585/58 541/578/58 489/540/58 
f 489/540/58 541/578/58 309/309/58 
f 489/540/58 309/309/58 488/541/58 
f 309/309/58 541/578/58 310/310/58 
f 310/310/58 541/578/58 478/587/58 
f 310/310/58 478/587/58 491/588/58 
f 478/587/58 541/578/58 481/589/58 
f 481/589/58 541/578/58 482/590/58 
f 481/589/58 482/590/58 480/591/58 
f 482/590/58 541/578/58 485/523/58 
f 485/523/58 541/578/58 454/454/58 
f 485/523/58 454/454/58 484/524/58 
f 454/454/58 541/578/58 455/455/58 
f 455/455/58 541/578/58 492/592/58 
f 455/455/58 492/592/58 458/458/58 
f 492/592/58 541/578/58 495/593/58 
f 495/593/58 541/578/58 522/594/58 
f 495/593/58 522/594/58 494/595/58 
f 522/594/58 541/578/58 525/596/58 
f 525/596/58 541/578/58 542/597/58 
f 525/596/58 542/597/58 524/598/58 
f 542/597/58 541/578/58 163/163/58 
f 163/163/58 541/578/58 543/599/58 
f 163/163/58 543/599/58 164/164/58 
f 543/599/58 541/578/58 544/600/58 
f 544/600/58 541/578/58 504/601/58 
f 544/600/58 504/601/58 545/602/58 
f 504/601/58 541/578/58 507/533/58 
f 507/533/58 541/578/58 194/194/58 
f 507/533/58 194/194/58 506/534/58 
f 194/194/58 541/578/58 178/178/58 
f 178/178/58 541/578/58 546/603/58 
f 178/178/58 546/603/58 176/176/58 
f 546/603/58 541/578/58 547/604/58 
f 547/604/58 541/578/58 535/605/58 
f 547/604/58 535/605/58 548/606/58 
f 535/605/58 541/578/58 538/560/58 
f 538/560/58 541/578/58 144/144/58 
f 538/560/58 144/144/58 537/561/58 
f 144/144/58 541/578/58 145/145/58 
f 145/145/58 541/578/58 549/607/58 
f 145/145/58 549/607/58 151/151/58 
f 549/607/58 541/578/58 550/608/58 
f 550/608/58 541/578/58 551/609/58 
f 550/608/58 551/609/58 552/610/58 
f 551/609/58 541/578/58 553/527/58 
f 553/527/58 541/578/58 526/575/58 
f 553/527/58 526/575/58 554/528/58 
f 526/575/58 541/578/58 529/611/58 
f 529/611/58 541/578/58 229/229/58 
f 529/611/58 229/229/58 528/612/58 
f 229/229/58 541/578/58 230/230/58 
f 230/230/58 541/578/58 555/613/58 
f 230/230/58 555/613/58 556/614/58 
f 555/613/58 541/578/58 557/548/58 
f 557/548/58 541/578/58 451/451/58 
f 557/548/58 451/451/58 558/549/58 
f 451/451/58 541/578/58 140/140/58 
f 140/140/58 541/578/58 559/615/58 
f 140/140/58 559/615/58 141/141/58 
f 559/615/58 541/578/58 560/616/58 
f 560/616/58 541/578/58 561/617/58 
f 560/616/58 561/617/58 562/618/58 
f 561/617/58 541/578/58 563/619/58 
f 563/619/58 541/578/58 518/620/58 
f 563/619/58 518/620/58 564/621/58 
f 518/620/58 541/578/58 521/622/58 
f 521/622/58 541/578/58 565/623/58 
f 521/622/58 565/623/58 520/624/58 
f 565/623/58 541/578/58 566/625/58 
f 566/625/58 541/578/58 567/626/58 
f 566/625/58 567/626/58 568/627/58 
f 567/626/58 541/578/58 569/628/58 
f 569/628/58 541/578/58 343/343/58 
f 569/628/58 343/343/58 570/629/58 
f 343/343/58 541/578/58 344/344/58 
f 344/344/58 541/578/58 571/630/58 
f 344/344/58 571/630/58 457/457/58 
f 571/630/58 541/578/58 572/631/58 
f 572/631/58 541/578/58 508/632/58 
f 572/631/58 508/632/58 573/633/58 
f 508/632/58 541/578/58 511/501/58 
f 511/501/58 541/578/58 55/55/58 
f 511/501/58 55/55/58 510/502/58 
f 55/55/58 541/578/58 56/56/58 
f 56/56/58 541/578/58 76/76/58 
f 56/56/58 76/76/58 513/634/58 
f 76/76/58 541/578/58 63/63/58 
f 63/63/58 541/578/58 574/635/58 
f 63/63/58 574/635/58 64/64/58 
f 574/635/58 541/578/58 575/476/58 
f 575/476/58 541/578/58 384/384/58 
f 575/476/58 384/384/58 576/477/58 
f 384/384/58 541/578/58 385/385/58 
f 385/385/58 541/578/58 514/636/58 
f 385/385/58 514/636/58 577/637/58 
f 514/636/58 541/578/58 517/638/58 
f 517/638/58 541/578/58 578/639/58 
f 517/638/58 578/639/58 516/640/58 
f 578/639/58 541/578/58 579/497/58 
f 579/497/58 541/578/58 290/290/58 
f 579/497/58 290/290/58 580/498/58 
f 290/290/58 541/578/58 530/641/58 
f 530/641/58 541/578/58 531/642/58 
f 530/641/58 531/642/58 299/299/58 
f 531/642/58 541/578/58 534/643/58 
f 534/643/58 541/578/58 581/644/58 
f 534/643/58 581/644/58 533/645/58 
f 581/644/58 541/578/58 582/482/58 
f 582/482/58 541/578/58 583/483/58 
f 540/577/58 30/30/58 584/646/58 
f 30/30/58 540/577/58 29/29/58 
f 584/646/58 30/30/58 23/23/58 
f 584/646/58 23/23/58 287/287/58 
f 287/287/58 23/23/58 288/288/58 
f 584/646/58 287/287/58 240/240/58 
f 584/646/58 240/240/58 475/647/58 
f 475/647/58 240/240/58 474/579/58 
f 584/646/58 475/647/58 476/565/58 
f 584/646/58 476/565/58 444/444/58 
f 444/444/58 476/565/58 445/445/58 
f 584/646/58 444/444/58 442/442/58 
f 584/646/58 442/442/58 249/249/58 
f 249/249/58 442/442/58 271/271/58 
f 584/646/58 249/249/58 246/246/58 
f 584/646/58 246/246/58 497/648/58 
f 497/648/58 246/246/58 496/580/58 
f 584/646/58 497/648/58 498/582/58 
f 584/646/58 498/582/58 417/417/58 
f 417/417/58 498/582/58 416/416/58 
f 584/646/58 417/417/58 415/415/58 
f 584/646/58 415/415/58 501/649/58 
f 501/649/58 415/415/58 500/583/58 
f 584/646/58 501/649/58 502/586/58 
f 584/646/58 502/586/58 487/650/58 
f 487/650/58 502/586/58 486/585/58 
f 584/646/58 487/650/58 488/541/58 
f 584/646/58 488/541/58 490/539/58 
f 490/539/58 488/541/58 309/309/58 
f 584/646/58 490/539/58 491/588/58 
f 584/646/58 491/588/58 479/651/58 
f 479/651/58 491/588/58 478/587/58 
f 584/646/58 479/651/58 480/591/58 
f 584/646/58 480/591/58 483/652/58 
f 483/652/58 480/591/58 482/590/58 
f 584/646/58 483/652/58 484/524/58 
f 584/646/58 484/524/58 472/472/58 
f 472/472/58 484/524/58 454/454/58 
f 584/646/58 472/472/58 458/458/58 
f 584/646/58 458/458/58 493/653/58 
f 493/653/58 458/458/58 492/592/58 
f 584/646/58 493/653/58 494/595/58 
f 584/646/58 494/595/58 523/654/58 
f 523/654/58 494/595/58 522/594/58 
f 584/646/58 523/654/58 524/598/58 
f 584/646/58 524/598/58 165/165/58 
f 165/165/58 524/598/58 542/597/58 
f 584/646/58 165/165/58 164/164/58 
f 584/646/58 164/164/58 585/655/58 
f 585/655/58 164/164/58 543/599/58 
f 584/646/58 585/655/58 545/602/58 
f 584/646/58 545/602/58 505/656/58 
f 505/656/58 545/602/58 504/601/58 
f 584/646/58 505/656/58 506/534/58 
f 584/646/58 506/534/58 177/177/58 
f 177/177/58 506/534/58 194/194/58 
f 584/646/58 177/177/58 176/176/58 
f 584/646/58 176/176/58 586/657/58 
f 586/657/58 176/176/58 546/603/58 
f 584/646/58 586/657/58 548/606/58 
f 584/646/58 548/606/58 536/658/58 
f 536/658/58 548/606/58 535/605/58 
f 584/646/58 536/658/58 537/561/58 
f 584/646/58 537/561/58 143/143/58 
f 143/143/58 537/561/58 144/144/58 
f 584/646/58 143/143/58 151/151/58 
f 584/646/58 151/151/58 587/659/58 
f 587/659/58 151/151/58 549/607/58 
f 584/646/58 587/659/58 552/610/58 
f 584/646/58 552/610/58 588/660/58 
f 588/660/58 552/610/58 551/609/58 
f 584/646/58 588/660/58 554/528/58 
f 584/646/58 554/528/58 527/574/58 
f 527/574/58 554/528/58 526/575/58 
f 584/646/58 527/574/58 528/612/58 
f 584/646/58 528/612/58 236/236/58 
f 236/236/58 528/612/58 229/229/58 
f 584/646/58 236/236/58 556/614/58 
f 584/646/58 556/614/58 589/661/58 
f 589/661/58 556/614/58 555/613/58 
f 584/646/58 589/661/58 558/549/58 
f 584/646/58 558/549/58 150/150/58 
f 150/150/58 558/549/58 451/451/58 
f 584/646/58 150/150/58 141/141/58 
f 584/646/58 141/141/58 590/662/58 
f 590/662/58 141/141/58 559/615/58 
f 584/646/58 590/662/58 562/618/58 
f 584/646/58 562/618/58 591/663/58 
f 591/663/58 562/618/58 561/617/58 
f 584/646/58 591/663/58 564/621/58 
f 584/646/58 564/621/58 519/664/58 
f 519/664/58 564/621/58 518/620/58 
f 584/646/58 519/664/58 520/624/58 
f 584/646/58 520/624/58 592/665/58 
f 592/665/58 520/624/58 565/623/58 
f 584/646/58 592/665/58 568/627/58 
f 584/646/58 568/627/58 593/666/58 
f 593/666/58 568/627/58 567/626/58 
f 584/646/58 593/666/58 570/629/58 
f 584/646/58 570/629/58 347/347/58 
f 347/347/58 570/629/58 343/343/58 
f 584/646/58 347/347/58 457/457/58 
f 584/646/58 457/457/58 594/667/58 
f 594/667/58 457/457/58 571/630/58 
f 584/646/58 594/667/58 573/633/58 
f 584/646/58 573/633/58 509/668/58 
f 509/668/58 573/633/58 508/632/58 
f 584/646/58 509/668/58 510/502/58 
f 584/646/58 510/502/58 512/496/58 
f 512/496/58 510/502/58 55/55/58 
f 584/646/58 512/496/58 513/634/58 
f 584/646/58 513/634/58 68/68/58 
f 68/68/58 513/634/58 76/76/58 
f 584/646/58 68/68/58 64/64/58 
f 584/646/58 64/64/58 595/669/58 
f 595/669/58 64/64/58 574/635/58 
f 584/646/58 595/669/58 576/477/58 
f 584/646/58 576/477/58 383/383/58 
f 383/383/58 576/477/58 384/384/58 
f 584/646/58 383/383/58 577/637/58 
f 584/646/58 577/637/58 515/670/58 
f 515/670/58 577/637/58 514/636/58 
f 584/646/58 515/670/58 516/640/58 
f 584/646/58 516/640/58 596/671/58 
f 596/671/58 516/640/58 578/639/58 
f 584/646/58 596/671/58 580/498/58 
f 584/646/58 580/498/58 289/289/58 
f 289/289/58 580/498/58 290/290/58 
f 584/646/58 289/289/58 299/299/58 
f 584/646/58 299/299/58 532/672/58 
f 532/672/58 299/299/58 531/642/58 
f 584/646/58 532/672/58 533/645/58 
f 584/646/58 533/645/58 597/673/58 
f 597/673/58 533/645/58 581/644/58 
f 584/646/58 597/673/58 583/483/58 
f 584/646/58 583/483/58 541/578/58 
f 546/674/57 586/675/57 548/676/57 547/677/57 
f 559/678/57 590/679/57 562/680/57 560/681/57 
f 571/682/57 594/683/57 573/684/57 572/685/57 
f 561/686/57 591/687/57 564/165/57 563/597/57 
f 565/688/57 592/689/57 568/690/57 566/691/57 
f 574/692/57 595/693/57 576/417/57 575/416/57 
f 229/694/57 236/695/57 556/696/57 230/697/57 
f 542/619/57 165/621/57 164/698/57 163/699/57 
f 549/700/57 587/701/57 552/702/57 550/703/57 
f 551/704/57 588/705/57 554/143/57 553/144/57 
f 555/706/57 589/707/57 558/177/57 557/194/57 
f 543/708/57 585/709/57 545/710/57 544/711/57 
f 76/712/57 68/713/57 64/714/57 63/715/57 
f 384/581/57 383/582/57 577/716/57 385/717/57 
f 567/718/57 593/719/57 570/720/57 569/721/57 
f 578/722/57 596/723/57 580/444/57 579/445/57 
f 581/724/57 597/725/57 583/30/57 582/29/57 
f 598/726/37 599/727/35 600/728/36 601/729/45 
f 602/730/52 603/731/48 604/732/47 
f 605/733/41 606/734/43 600/728/36 607/735/30 
f 608/736/31 599/727/35 559/615/46 560/616/33 
f 609/737/54 610/738/51 611/739/50 612/740/40 
f 613/741/49 611/739/50 610/738/51 604/732/47 
f 609/737/54 614/742/53 610/738/51 
f 612/740/40 615/743/39 603/731/48 609/737/54 
f 601/729/45 600/728/36 606/734/43 616/744/44 
f 616/744/44 617/745/42 618/746/29 601/729/45 
f 601/729/45 618/746/29 619/747/32 598/726/37 
f 607/735/30 618/746/29 617/745/42 605/733/41 
f 612/740/40 611/739/50 606/734/43 605/733/41 
f 613/741/49 615/743/39 617/745/42 616/744/44 
f 560/616/33 562/618/34 619/747/32 608/736/31 
f 616/744/44 606/734/43 611/739/50 613/741/49 
f 605/733/41 617/745/42 615/743/39 612/740/40 
f 604/732/47 603/731/48 615/743/39 613/741/49 
f 607/735/30 600/728/36 599/727/35 608/736/31 
f 598/726/37 619/747/32 562/618/34 590/662/38 
f 604/732/47 610/738/51 614/742/53 602/730/52 
f 609/737/54 603/731/48 602/730/52 614/742/53 
f 608/736/31 619/747/32 618/746/29 607/735/30 
f 590/662/38 559/615/46 599/727/35 598/726/37 
f 620/748/45 221/221/36 225/225/43 224/224/44 
f 557/548/33 558/549/34 621/749/32 223/223/31 
f 620/748/45 622/750/29 621/749/32 623/751/37 
f 589/661/38 555/613/46 222/222/35 623/751/37 
f 623/751/37 222/222/35 221/221/36 620/748/45 
f 223/223/31 621/749/32 622/750/29 220/220/30 
f 623/751/37 621/749/32 558/549/34 589/661/38 
f 220/220/30 622/750/29 234/234/42 235/235/41 
f 223/223/31 222/222/35 555/613/46 557/548/33 
f 224/224/44 234/234/42 622/750/29 620/748/45 
f 624/752/43 625/753/41 626/754/40 627/755/50 
f 628/756/51 629/757/47 630/758/49 631/759/50 
f 632/760/53 633/761/52 634/762/47 635/763/51 
f 636/764/55 637/765/52 629/757/47 628/756/51 
f 631/759/50 630/758/49 638/766/44 639/767/43 
f 635/763/51 634/762/47 640/768/49 627/755/50 
f 627/755/50 640/768/49 641/769/44 624/752/43 
f 627/755/50 626/754/40 642/770/54 635/763/51 
f 389/389/5 361/361/12 643/771/13 644/772/14 
f 645/773/28 13/13/11 15/15/1 646/774/27 
f 36/36/4 6/6/3 293/293/20 296/296/19 
f 296/296/19 293/293/20 291/291/21 300/300/18 
f 647/775/21 648/776/24 519/664/23 518/620/22 
f 361/361/12 360/360/4 649/777/19 643/771/13 
f 650/778/20 644/772/14 648/776/24 647/775/21 
f 18/18/7 14/14/8 33/33/9 32/32/10 
f 643/771/13 649/777/19 651/779/18 652/780/17 
f 648/776/24 652/780/17 520/624/16 519/664/23 
f 388/388/3 389/389/5 644/772/14 650/778/20 
f 644/772/14 643/771/13 652/780/17 648/776/24 
f 18/18/7 645/773/28 646/774/27 8/8/6 
f 8/8/6 646/774/27 295/295/12 5/5/5 
f 647/775/21 651/779/18 649/777/19 650/778/20 
f 35/35/26 34/34/25 13/13/11 645/773/28 
f 646/774/27 15/15/1 36/36/4 295/295/12 
f 300/300/18 291/291/21 290/290/22 530/641/15 
f 652/780/17 651/779/18 521/622/15 520/624/16 
f 518/620/22 521/622/15 651/779/18 647/775/21 
f 650/778/20 649/777/19 360/360/4 388/388/3 
f 32/32/10 35/35/26 645/773/28 18/18/7 
f 298/298/17 300/300/18 530/641/15 299/299/16 
f 653/781/10 654/782/9 655/783/25 656/784/26 
f 655/783/25 654/782/9 657/785/8 658/786/11 
f 658/786/11 657/785/8 659/787/2 660/788/1 
f 660/788/1 659/787/2 473/473/3 463/463/4 
f 471/471/5 473/473/3 659/787/2 661/789/6 
f 653/781/10 656/784/26 662/790/28 663/791/7 
f 661/789/6 664/792/27 462/462/12 471/471/5 
f 663/791/7 657/785/8 654/782/9 653/781/10 
f 463/463/4 462/462/12 664/792/27 660/788/1 
f 660/788/1 664/792/27 662/790/28 658/786/11 
f 663/791/7 662/790/28 664/792/27 661/789/6 
f 658/786/11 662/790/28 656/784/26 655/783/25 
f 463/463/4 473/473/3 469/469/20 460/460/19 
f 661/789/6 659/787/2 657/785/8 663/791/7 
f 665/793/28 666/794/11 667/795/1 668/796/27 
f 161/161/18 157/157/21 542/597/22 163/163/15 
f 165/165/23 542/597/22 157/157/21 156/156/24 
f 310/310/15 491/588/16 669/797/17 304/304/18 
f 670/798/25 671/799/26 12/12/10 11/11/9 
f 4/4/4 19/19/12 672/800/27 1/1/1 
f 512/496/23 55/55/22 53/53/21 673/801/24 
f 188/188/19 195/195/13 192/192/12 186/186/4 
f 673/801/24 53/53/21 52/52/20 674/802/14 
f 674/802/14 675/803/13 676/804/17 673/801/24 
f 673/801/24 676/804/17 513/634/16 512/496/23 
f 54/54/18 676/804/17 675/803/13 51/51/19 
f 12/12/10 671/799/26 677/805/28 9/9/7 
f 301/301/19 678/806/13 306/306/12 305/305/4 
f 17/17/6 672/800/27 19/19/12 16/16/5 
f 679/807/11 677/805/28 671/799/26 670/798/25 
f 670/798/25 11/11/9 10/10/8 679/807/11 
f 40/40/5 39/39/12 675/803/13 674/802/14 
f 9/9/7 677/805/28 672/800/27 17/17/6 
f 1/1/1 672/800/27 677/805/28 679/807/11 
f 666/794/11 680/808/8 681/809/2 667/795/1 
f 155/155/5 154/154/3 681/809/2 682/810/6 
f 682/810/6 681/809/2 680/808/8 683/811/7 
f 674/802/14 52/52/20 57/57/3 40/40/5 
f 683/811/7 680/808/8 684/812/9 685/813/10 
f 685/813/10 684/812/9 686/814/25 687/815/26 
f 179/179/18 175/175/17 195/195/13 188/188/19 
f 304/304/18 669/797/17 678/806/13 301/301/19 
f 683/811/7 665/793/28 668/796/27 682/810/6 
f 56/56/15 513/634/16 676/804/17 54/54/18 
f 51/51/19 675/803/13 39/39/12 58/58/4 
f 682/810/6 668/796/27 158/158/12 155/155/5 
f 686/814/25 684/812/9 680/808/8 666/794/11 
f 667/795/1 681/809/2 154/154/3 166/166/4 
f 668/796/27 667/795/1 166/166/4 158/158/12 
f 166/166/4 154/154/3 153/153/20 160/160/19 
f 160/160/19 153/153/20 157/157/21 161/161/18 
f 687/815/26 686/814/25 666/794/11 665/793/28 
f 685/813/10 687/815/26 665/793/28 683/811/7 
f 688/816/14 302/302/20 311/311/3 333/333/5 
f 688/816/14 678/806/13 669/797/17 689/817/24 
f 679/807/11 10/10/8 2/2/2 1/1/1 
f 333/333/5 306/306/12 678/806/13 688/816/14 
f 689/817/24 669/797/17 491/588/16 490/539/23 
f 147/147/3 124/124/5 690/818/14 691/819/20 
f 691/819/20 690/818/14 692/820/24 693/821/21 
f 693/821/21 692/820/24 527/574/23 526/575/22 
f 124/124/5 123/123/12 694/822/13 690/818/14 
f 692/820/24 695/823/17 528/612/16 527/574/23 
f 691/819/20 696/824/19 131/131/4 147/147/3 
f 490/539/23 309/309/22 303/303/21 689/817/24 
f 689/817/24 303/303/21 302/302/20 688/816/14 
f 693/821/21 697/825/18 696/824/19 691/819/20 
f 694/822/13 696/824/19 697/825/18 695/823/17 
f 526/575/22 529/611/15 697/825/18 693/821/21 
f 123/123/12 131/131/4 696/824/19 694/822/13 
f 695/823/17 697/825/18 529/611/15 528/612/16 
f 690/818/14 694/822/13 695/823/17 692/820/24 
f 504/601/46 507/533/33 698/826/31 699/827/35 
f 700/828/39 701/829/40 702/830/41 703/831/42 
f 704/832/49 705/833/39 706/834/42 707/835/44 
f 708/836/36 709/837/45 710/838/37 699/827/35 
f 711/839/43 707/835/44 712/840/45 713/841/36 
f 714/842/44 703/831/42 715/843/29 709/837/45 
f 709/837/45 715/843/29 716/844/32 710/838/37 
f 716/844/32 698/826/31 507/533/33 506/534/34 
f 699/827/35 698/826/31 717/845/30 708/836/36 
f 718/846/52 719/847/48 720/848/47 
f 721/849/56 722/850/55 723/851/54 724/852/48 
f 724/852/48 723/851/54 725/853/40 705/833/39 
f 718/846/52 726/854/53 727/855/54 719/847/48 
f 699/827/35 710/838/37 505/656/38 504/601/46 
f 710/838/37 716/844/32 506/534/34 505/656/38 
f 703/831/42 702/830/41 717/845/30 715/843/29 
f 715/843/29 717/845/30 698/826/31 716/844/32 
f 728/856/43 714/842/44 709/837/45 708/836/36 
f 705/833/39 725/853/40 729/857/41 706/834/42 
f 730/858/47 724/852/48 705/833/39 704/832/49 
f 731/859/51 727/855/54 726/854/53 
f 719/847/48 727/855/54 701/829/40 700/828/39 
f 732/860/49 700/828/39 703/831/42 714/842/44 
f 713/841/36 712/840/45 733/861/37 734/862/35 
f 720/848/47 719/847/48 700/828/39 732/860/49 
f 734/862/35 733/861/37 586/657/38 546/603/46 
f 708/836/36 717/845/30 702/830/41 728/856/43 
f 728/856/43 702/830/41 701/829/40 735/863/50 
f 735/863/50 701/829/40 727/855/54 731/859/51 
f 736/864/45 737/865/29 738/866/32 739/867/37 
f 740/868/54 741/869/55 742/870/51 
f 743/871/41 744/872/42 745/873/39 746/874/40 
f 747/875/49 748/876/39 749/877/42 750/878/44 
f 751/879/54 752/880/48 753/881/56 754/882/55 
f 755/883/41 749/877/42 748/876/39 756/884/40 
f 550/608/33 552/610/34 738/866/32 757/885/31 
f 750/878/44 758/886/43 759/887/50 747/875/49 
f 740/868/54 760/888/48 761/889/56 741/869/55 
f 762/890/31 763/891/35 496/580/46 499/581/33 
f 497/648/38 496/580/46 763/891/35 764/892/37 
f 764/892/37 763/891/35 765/893/36 766/894/45 
f 761/889/56 760/888/48 767/895/47 
f 757/885/31 768/896/35 549/607/46 550/608/33 
f 753/881/56 752/880/48 769/897/47 
f 770/898/44 744/872/42 737/865/29 736/864/45 
f 771/899/49 745/873/39 744/872/42 770/898/44 
f 772/900/30 773/901/36 768/896/35 757/885/31 
f 739/867/37 768/896/35 773/901/36 736/864/45 
f 772/900/30 737/865/29 744/872/42 743/871/41 
f 747/875/49 759/887/50 742/870/51 767/895/47 
f 769/897/47 752/880/48 745/873/39 771/899/49 
f 767/895/47 760/888/48 748/876/39 747/875/49 
f 755/883/41 758/886/43 765/893/36 774/902/30 
f 770/898/44 775/903/43 776/904/50 771/899/49 
f 767/895/47 742/870/51 741/869/55 761/889/56 
f 769/897/47 777/905/51 754/882/55 753/881/56 
f 756/884/40 748/876/39 760/888/48 740/868/54 
f 774/902/30 765/893/36 763/891/35 762/890/31 
f 766/894/45 765/893/36 758/886/43 750/878/44 
f 746/874/40 745/873/39 752/880/48 751/879/54 
f 771/899/49 776/904/50 777/905/51 769/897/47 
f 751/879/54 777/905/51 776/904/50 746/874/40 
f 740/868/54 742/870/51 759/887/50 756/884/40 
f 746/874/40 776/904/50 775/903/43 743/871/41 
f 743/871/41 775/903/43 773/901/36 772/900/30 
f 756/884/40 759/887/50 758/886/43 755/883/41 
f 751/879/54 754/882/55 777/905/51 
f 587/659/38 549/607/46 768/896/35 739/867/37 
f 736/864/45 773/901/36 775/903/43 770/898/44 
f 739/867/37 738/866/32 552/610/34 587/659/38 
f 757/885/31 738/866/32 737/865/29 772/900/30 
f 778/906/40 779/907/50 780/908/43 781/909/41 
f 782/910/49 779/907/50 783/911/51 784/912/47 
f 721/849/56 724/852/48 730/858/47 
f 784/912/47 785/913/48 786/914/39 782/910/49 
f 495/593/33 494/595/34 787/915/32 788/916/31 
f 750/878/44 749/877/42 789/917/29 766/894/45 
f 790/918/45 791/919/36 780/908/43 792/920/44 
f 793/921/52 785/913/48 784/912/47 
f 781/909/41 780/908/43 791/919/36 794/922/30 
f 795/923/50 704/832/49 707/835/44 711/839/43 
f 794/922/30 791/919/36 796/924/35 788/916/31 
f 792/920/44 780/908/43 779/907/50 782/910/49 
f 797/925/54 798/926/53 783/911/51 
f 795/923/50 725/853/40 723/851/54 799/927/51 
f 790/918/45 800/928/29 787/915/32 801/929/37 
f 794/922/30 800/928/29 802/930/42 781/909/41 
f 766/894/45 789/917/29 803/931/32 764/892/37 
f 764/892/37 803/931/32 498/582/34 497/648/38 
f 781/909/41 802/930/42 786/914/39 778/906/40 
f 778/906/40 786/914/39 785/913/48 797/925/54 
f 722/850/55 721/849/56 730/858/47 799/927/51 
f 797/925/54 785/913/48 793/921/52 798/926/53 
f 799/927/51 723/851/54 722/850/55 
f 801/929/37 796/924/35 791/919/36 790/918/45 
f 788/916/31 787/915/32 800/928/29 794/922/30 
f 797/925/54 783/911/51 779/907/50 778/906/40 
f 762/890/31 803/931/32 789/917/29 774/902/30 
f 774/902/30 789/917/29 749/877/42 755/883/41 
f 782/910/49 786/914/39 802/930/42 792/920/44 
f 784/912/47 783/911/51 798/926/53 793/921/52 
f 788/916/31 796/924/35 492/592/46 495/593/33 
f 499/581/33 498/582/34 803/931/32 762/890/31 
f 726/854/53 718/846/52 720/848/47 731/859/51 
f 493/653/38 492/592/46 796/924/35 801/929/37 
f 731/859/51 720/848/47 732/860/49 735/863/50 
f 801/929/37 787/915/32 494/595/34 493/653/38 
f 735/863/50 732/860/49 714/842/44 728/856/43 
f 792/920/44 802/930/42 800/928/29 790/918/45 
f 799/927/51 730/858/47 704/832/49 795/923/50 
f 711/839/43 729/857/41 725/853/40 795/923/50 
f 804/932/43 805/933/44 806/934/45 807/935/36 
f 808/936/43 809/937/41 810/938/40 811/939/50 
f 812/940/32 813/941/31 544/600/33 545/602/34 
f 814/942/32 815/943/31 489/540/33 488/541/34 
f 816/944/51 817/945/54 818/946/53 
f 807/935/36 819/947/30 820/948/41 804/932/43 
f 821/949/35 813/941/31 819/947/30 807/935/36 
f 822/950/29 823/951/30 824/952/31 825/953/32 
f 811/939/50 810/938/40 817/945/54 816/944/51 
f 811/939/50 826/954/49 827/955/44 808/936/43 
f 828/956/44 829/957/42 822/950/29 830/958/45 
f 831/959/52 832/960/48 833/961/47 
f 833/961/47 832/960/48 834/962/39 826/954/49 
f 807/935/36 806/934/45 835/963/37 821/949/35 
f 809/937/41 836/964/42 834/962/39 810/938/40 
f 830/958/45 822/950/29 825/953/32 837/965/37 
f 829/957/42 838/966/41 823/951/30 822/950/29 
f 810/938/40 834/962/39 832/960/48 817/945/54 
f 817/945/54 832/960/48 831/959/52 818/946/53 
f 839/967/45 840/968/29 814/942/32 841/969/37 
f 808/936/43 827/955/44 842/970/45 843/971/36 
f 806/934/45 844/972/29 812/940/32 835/963/37 
f 818/946/53 831/959/52 833/961/47 816/944/51 
f 845/973/42 846/974/41 847/975/30 840/968/29 
f 551/609/46 553/527/33 848/976/31 849/977/35 
f 849/977/35 848/976/31 850/978/30 843/971/36 
f 826/954/49 834/962/39 836/964/42 827/955/44 
f 843/971/36 850/978/30 809/937/41 808/936/43 
f 821/949/35 835/963/37 585/655/38 543/599/46 
f 849/977/35 851/979/37 588/660/38 551/609/46 
f 827/955/44 836/964/42 852/980/29 842/970/45 
f 543/599/46 544/600/33 813/941/31 821/949/35 
f 853/981/35 824/952/31 823/951/30 854/982/36 
f 816/944/51 833/961/47 826/954/49 811/939/50 
f 805/933/44 855/983/42 844/972/29 806/934/45 
f 844/972/29 819/947/30 813/941/31 812/940/32 
f 843/971/36 842/970/45 851/979/37 849/977/35 
f 842/970/45 852/980/29 856/984/32 851/979/37 
f 851/979/37 856/984/32 554/528/34 588/660/38 
f 835/963/37 812/940/32 545/602/34 585/655/38 
f 854/982/36 823/951/30 838/966/41 857/985/43 
f 553/527/33 554/528/34 856/984/32 848/976/31 
f 478/587/46 481/589/33 824/952/31 853/981/35 
f 855/983/42 820/948/41 819/947/30 844/972/29 
f 837/965/37 825/953/32 480/591/34 479/651/38 
f 825/953/32 824/952/31 481/589/33 480/591/34 
f 841/969/37 814/942/32 488/541/34 487/650/38 
f 840/968/29 847/975/30 815/943/31 814/942/32 
f 858/986/45 859/987/29 860/988/32 861/989/37 
f 862/990/54 863/991/53 864/992/51 
f 474/579/46 477/564/33 865/993/31 866/994/35 
f 867/995/43 868/996/44 858/986/45 869/997/36 
f 869/997/36 858/986/45 861/989/37 866/994/35 
f 477/564/33 476/565/34 860/988/32 865/993/31 
f 870/998/44 871/999/43 872/1000/50 873/1001/49 
f 866/994/35 865/993/31 874/1002/30 869/997/36 
f 873/1001/49 872/1000/50 864/992/51 875/1003/47 
f 875/1003/47 864/992/51 863/991/53 876/1004/52 
f 876/1004/52 877/1005/48 875/1003/47 
f 848/976/31 856/984/32 852/980/29 850/978/30 
f 873/1001/49 878/1006/39 845/973/42 870/998/44 
f 866/994/35 861/989/37 475/647/38 474/579/46 
f 874/1002/30 859/987/29 879/1007/42 880/1008/41 
f 862/990/54 864/992/51 872/1000/50 881/1009/40 
f 876/1004/52 863/991/53 862/990/54 877/1005/48 
f 877/1005/48 862/990/54 881/1009/40 878/1006/39 
f 878/1006/39 881/1009/40 846/974/41 845/973/42 
f 846/974/41 871/999/43 882/1010/36 847/975/30 
f 883/1011/54 884/1012/48 885/1013/52 886/1014/53 
f 865/993/31 860/988/32 859/987/29 874/1002/30 
f 875/1003/47 877/1005/48 878/1006/39 873/1001/49 
f 847/975/30 882/1010/36 887/1015/35 815/943/31 
f 815/943/31 887/1015/35 486/585/46 489/540/33 
f 869/997/36 874/1002/30 880/1008/41 867/995/43 
f 881/1009/40 872/1000/50 871/999/43 846/974/41 
f 850/978/30 852/980/29 836/964/42 809/937/41 
f 868/996/44 879/1007/42 859/987/29 858/986/45 
f 861/989/37 860/988/32 476/565/34 475/647/38 
f 888/1016/48 889/1017/54 890/1018/40 891/1019/39 
f 892/1020/52 893/1021/53 889/1017/54 888/1016/48 
f 857/985/43 828/956/44 830/958/45 854/982/36 
f 894/1022/50 895/1023/40 896/1024/54 897/1025/51 
f 898/1026/51 883/1011/54 886/1014/53 
f 899/1027/47 884/1012/48 900/1028/39 901/1029/49 
f 902/1030/40 900/1028/39 884/1012/48 883/1011/54 
f 885/1013/52 884/1012/48 899/1027/47 
f 903/1031/49 904/1032/39 855/983/42 805/933/44 
f 905/1033/50 906/1034/49 828/956/44 857/985/43 
f 907/1035/52 908/1036/48 909/1037/47 
f 908/1036/48 896/1024/54 895/1023/40 904/1032/39 
f 904/1032/39 895/1023/40 820/948/41 855/983/42 
f 857/985/43 838/966/41 890/1018/40 905/1033/50 
f 910/1038/47 888/1016/48 891/1019/39 906/1034/49 
f 905/1033/50 890/1018/40 889/1017/54 911/1039/51 
f 906/1034/49 891/1019/39 829/957/42 828/956/44 
f 911/1039/51 910/1038/47 906/1034/49 905/1033/50 
f 886/1014/53 885/1013/52 899/1027/47 898/1026/51 
f 854/982/36 830/958/45 837/965/37 853/981/35 
f 912/1040/50 901/1029/49 868/996/44 867/995/43 
f 804/932/43 820/948/41 895/1023/40 894/1022/50 
f 912/1040/50 902/1030/40 883/1011/54 898/1026/51 
f 901/1029/49 900/1028/39 879/1007/42 868/996/44 
f 913/1041/53 907/1035/52 909/1037/47 897/1025/51 
f 841/969/37 887/1015/35 882/1010/36 839/967/45 
f 894/1022/50 903/1031/49 805/933/44 804/932/43 
f 867/995/43 880/1008/41 902/1030/40 912/1040/50 
f 893/1021/53 892/1020/52 910/1038/47 911/1039/51 
f 892/1020/52 888/1016/48 910/1038/47 
f 911/1039/51 889/1017/54 893/1021/53 
f 891/1019/39 890/1018/40 838/966/41 829/957/42 
f 870/998/44 845/973/42 840/968/29 839/967/45 
f 898/1026/51 899/1027/47 901/1029/49 912/1040/50 
f 853/981/35 837/965/37 479/651/38 478/587/46 
f 897/1025/51 909/1037/47 903/1031/49 894/1022/50 
f 880/1008/41 879/1007/42 900/1028/39 902/1030/40 
f 897/1025/51 896/1024/54 913/1041/53 
f 909/1037/47 908/1036/48 904/1032/39 903/1031/49 
f 907/1035/52 913/1041/53 896/1024/54 908/1036/48 
f 487/650/38 486/585/46 887/1015/35 841/969/37 
f 839/967/45 882/1010/36 871/999/43 870/998/44 
f 914/1042/9 915/1043/10 916/1044/7 917/1045/8 
f 918/1046/2 919/1047/6 448/448/5 447/447/3 
f 447/447/3 120/120/4 466/466/1 918/1046/2 
f 918/1046/2 466/466/1 465/465/11 917/1045/8 
f 916/1044/7 464/464/28 467/467/27 919/1047/6 
f 381/381/24 920/1048/17 577/637/16 383/383/23 
f 915/1043/10 914/1042/9 921/1049/25 922/1050/26 
f 378/378/12 368/368/4 387/387/19 923/1051/13 
f 917/1045/8 916/1044/7 919/1047/6 918/1046/2 
f 917/1045/8 465/465/11 921/1049/25 914/1042/9 
f 923/1051/13 387/387/19 386/386/18 920/1048/17 
f 915/1043/10 922/1050/26 464/464/28 916/1044/7 
f 919/1047/6 467/467/27 119/119/12 448/448/5 
f 379/379/14 923/1051/13 920/1048/17 381/381/24 
f 366/366/5 378/378/12 923/1051/13 379/379/14 
f 922/1050/26 921/1049/25 465/465/11 464/464/28 
f 920/1048/17 386/386/18 385/385/15 577/637/16 
f 924/1052/49 925/1053/50 926/1054/51 927/1055/47 
f 928/1056/41 929/1057/42 930/1058/39 931/1059/40 
f 932/1060/30 933/1061/36 934/1062/35 935/1063/31 
f 927/1055/47 926/1054/51 936/1064/53 937/1065/52 
f 938/1066/43 939/1067/44 940/1068/45 941/1069/36 
f 941/1069/36 942/1070/30 943/1071/41 938/1066/43 
f 924/1052/49 930/1058/39 929/1057/42 944/1072/44 
f 945/1073/49 946/1074/39 947/1075/42 939/1067/44 
f 931/1059/40 930/1058/39 948/1076/48 949/1077/54 
f 949/1077/54 948/1076/48 937/1065/52 936/1064/53 
f 935/1063/31 934/1062/35 482/590/46 485/523/33 
f 950/1078/37 934/1062/35 933/1061/36 951/1079/45 
f 951/1079/45 933/1061/36 952/1080/43 944/1072/44 
f 927/1055/47 948/1076/48 930/1058/39 924/1052/49 
f 953/1081/50 954/1082/40 955/1083/54 956/1084/51 
f 483/652/38 482/590/46 934/1062/35 950/1078/37 
f 938/1066/43 943/1071/41 954/1082/40 953/1081/50 
f 957/1085/52 958/1086/48 959/1087/47 
f 939/1067/44 947/1075/42 960/1088/29 940/1068/45 
f 961/1089/37 962/1090/32 573/633/34 594/667/38 
f 944/1072/44 929/1057/42 963/1091/29 951/1079/45 
f 951/1079/45 963/1091/29 964/1092/32 950/1078/37 
f 950/1078/37 964/1092/32 484/524/34 483/652/38 
f 965/1093/35 966/1094/31 942/1070/30 941/1069/36 
f 959/1087/47 958/1086/48 946/1074/39 945/1073/49 
f 954/1082/40 946/1074/39 958/1086/48 955/1083/54 
f 955/1083/54 958/1086/48 957/1085/52 967/1095/53 
f 949/1077/54 926/1054/51 925/1053/50 931/1059/40 
f 485/523/33 484/524/34 964/1092/32 935/1063/31 
f 953/1081/50 945/1073/49 939/1067/44 938/1066/43 
f 572/631/33 573/633/34 962/1090/32 966/1094/31 
f 942/1070/30 960/1088/29 947/1075/42 943/1071/41 
f 968/1096/55 969/1097/56 970/1098/47 971/1099/51 
f 956/1084/51 959/1087/47 945/1073/49 953/1081/50 
f 971/1099/51 970/1098/47 972/1100/49 973/1101/50 
f 966/1094/31 962/1090/32 960/1088/29 942/1070/30 
f 956/1084/51 955/1083/54 967/1095/53 
f 931/1059/40 925/1053/50 952/1080/43 928/1056/41 
f 943/1071/41 947/1075/42 946/1074/39 954/1082/40 
f 571/630/46 572/631/33 966/1094/31 965/1093/35 
f 944/1072/44 952/1080/43 925/1053/50 924/1052/49 
f 967/1095/53 957/1085/52 959/1087/47 956/1084/51 
f 949/1077/54 936/1064/53 926/1054/51 
f 941/1069/36 940/1068/45 961/1089/37 965/1093/35 
f 965/1093/35 961/1089/37 594/667/38 571/630/46 
f 937/1065/52 948/1076/48 927/1055/47 
f 940/1068/45 960/1088/29 962/1090/32 961/1089/37 
f 928/1056/41 952/1080/43 933/1061/36 932/1060/30 
f 974/1102/43 975/1103/41 976/1104/40 973/1101/50 
f 972/1100/49 977/1105/39 978/1106/42 979/1107/44 
f 980/1108/45 981/1109/29 982/1110/32 983/1111/37 
f 973/1101/50 976/1104/40 984/1112/54 971/1099/51 
f 973/1101/50 972/1100/49 979/1107/44 974/1102/43 
f 985/1113/51 986/1114/54 987/1115/53 
f 988/1116/32 989/1117/31 547/604/33 548/606/34 
f 974/1102/43 979/1107/44 980/1108/45 990/1118/36 
f 983/1111/37 982/1110/32 524/598/34 523/654/38 
f 991/1119/31 982/1110/32 981/1109/29 992/1120/30 
f 992/1120/30 981/1109/29 978/1106/42 975/1103/41 
f 993/1121/50 994/1122/40 986/1114/54 985/1113/51 
f 995/1123/52 996/1124/48 997/1125/47 
f 734/862/35 989/1117/31 998/1126/30 713/841/36 
f 712/840/45 999/1127/29 988/1116/32 733/861/37 
f 733/861/37 988/1116/32 548/606/34 586/657/38 
f 971/1099/51 984/1112/54 968/1096/55 
f 976/1104/40 977/1105/39 1000/1128/48 984/1112/54 
f 984/1112/54 1000/1128/48 969/1097/56 968/1096/55 
f 1001/1129/35 991/1119/31 992/1120/30 990/1118/36 
f 546/603/46 547/604/33 989/1117/31 734/862/35 
f 990/1118/36 992/1120/30 975/1103/41 974/1102/43 
f 969/1097/56 1000/1128/48 970/1098/47 
f 999/1127/29 998/1126/30 989/1117/31 988/1116/32 
f 935/1063/31 964/1092/32 963/1091/29 932/1060/30 
f 706/834/42 729/857/41 998/1126/30 999/1127/29 
f 975/1103/41 978/1106/42 977/1105/39 976/1104/40 
f 707/835/44 706/834/42 999/1127/29 712/840/45 
f 990/1118/36 980/1108/45 983/1111/37 1001/1129/35 
f 1001/1129/35 983/1111/37 523/654/38 522/594/46 
f 522/594/46 525/596/33 991/1119/31 1001/1129/35 
f 970/1098/47 1000/1128/48 977/1105/39 972/1100/49 
f 979/1107/44 978/1106/42 981/1109/29 980/1108/45 
f 987/1115/53 995/1123/52 997/1125/47 985/1113/51 
f 1002/1130/43 1003/1131/41 994/1122/40 993/1121/50 
f 525/596/33 524/598/34 982/1110/32 991/1119/31 
f 932/1060/30 963/1091/29 929/1057/42 928/1056/41 
f 713/841/36 998/1126/30 729/857/41 711/839/43 
f 985/1113/51 997/1125/47 1004/1132/49 993/1121/50 
f 993/1121/50 1004/1132/49 1005/1133/44 1002/1130/43 
f 1003/1131/41 1006/1134/42 1007/1135/39 994/1122/40 
f 535/605/46 538/560/33 1008/1136/31 1009/1137/35 
f 1010/1138/37 1011/1139/32 537/561/34 536/658/38 
f 1012/1140/30 1013/1141/29 1006/1134/42 1003/1131/41 
f 997/1125/47 996/1124/48 1007/1135/39 1004/1132/49 
f 1009/1137/35 1010/1138/37 536/658/38 535/605/46 
f 994/1122/40 1007/1135/39 996/1124/48 986/1114/54 
f 1014/1142/36 1012/1140/30 1003/1131/41 1002/1130/43 
f 1002/1130/43 1005/1133/44 1015/1143/45 1014/1142/36 
f 986/1114/54 996/1124/48 995/1123/52 987/1115/53 
f 538/560/33 537/561/34 1011/1139/32 1008/1136/31 
f 1014/1142/36 1015/1143/45 1010/1138/37 1009/1137/35 
f 1005/1133/44 1006/1134/42 1013/1141/29 1015/1143/45 
f 1004/1132/49 1007/1135/39 1006/1134/42 1005/1133/44 
f 1009/1137/35 1008/1136/31 1012/1140/30 1014/1142/36 
f 1008/1136/31 1011/1139/32 1013/1141/29 1012/1140/30 
f 1015/1143/45 1013/1141/29 1011/1139/32 1010/1138/37 
f 1016/1144/45 1017/1145/36 1018/1146/43 1019/1147/44 
f 1019/1147/44 1020/1148/42 1021/1149/29 1016/1144/45 
f 582/482/33 583/483/34 1022/1150/32 1023/1151/31 
f 1023/1151/31 1022/1150/32 1021/1149/29 1024/1152/30 
f 1024/1152/30 1021/1149/29 1020/1148/42 1025/1153/41 
f 1026/1154/37 1022/1150/32 583/483/34 597/673/38 
f 597/673/38 581/644/46 1027/1155/35 1026/1154/37 
f 1028/1156/40 1029/1157/39 1030/1158/48 1031/1159/54 
f 1023/1151/31 1027/1155/35 581/644/46 582/482/33 
f 1031/1159/54 1030/1158/48 1032/1160/52 1033/1161/53 
f 1024/1152/30 1017/1145/36 1027/1155/35 1023/1151/31 
f 1025/1153/41 1018/1146/43 1017/1145/36 1024/1152/30 
f 1026/1154/37 1027/1155/35 1017/1145/36 1016/1144/45 
f 1016/1144/45 1021/1149/29 1022/1150/32 1026/1154/37 
f 1034/1162/45 1035/1163/29 1036/1164/32 1037/1165/37 
f 514/636/46 517/638/33 1038/1166/31 1039/1167/35 
f 1040/1168/32 1038/1166/31 517/638/33 516/640/34 
f 1039/1167/35 1038/1166/31 1041/1169/30 1042/1170/36 
f 629/757/47 1043/1171/48 1044/1172/39 630/758/49 
f 630/758/49 1044/1172/39 1045/1173/42 638/766/44 
f 1046/1174/30 1035/1163/29 1047/1175/42 1048/1176/41 
f 638/766/44 1045/1173/42 1049/1177/29 1050/1178/45 
f 1042/1170/36 1041/1169/30 1051/1179/41 639/767/43 
f 1050/1178/45 1049/1177/29 1040/1168/32 1052/1180/37 
f 1052/1180/37 1040/1168/32 516/640/34 515/670/38 
f 637/765/52 636/764/55 1053/1181/54 1043/1171/48 
f 1039/1167/35 1052/1180/37 515/670/38 514/636/46 
f 639/767/43 1051/1179/41 1054/1182/40 631/759/50 
f 631/759/50 1054/1182/40 1053/1181/54 628/756/51 
f 637/765/52 1043/1171/48 629/757/47 
f 1043/1171/48 1053/1181/54 1054/1182/40 1044/1172/39 
f 628/756/51 1053/1181/54 636/764/55 
f 1037/1165/37 1036/1164/32 502/586/34 501/649/38 
f 1044/1172/39 1054/1182/40 1051/1179/41 1045/1173/42 
f 503/584/33 502/586/34 1036/1164/32 1055/1183/31 
f 639/767/43 638/766/44 1050/1178/45 1042/1170/36 
f 1042/1170/36 1050/1178/45 1052/1180/37 1039/1167/35 
f 1045/1173/42 1051/1179/41 1041/1169/30 1049/1177/29 
f 1056/1184/44 1047/1175/42 1035/1163/29 1034/1162/45 
f 1055/1183/31 1036/1164/32 1035/1163/29 1046/1174/30 
f 1049/1177/29 1041/1169/30 1038/1166/31 1040/1168/32 
f 98/98/43 96/96/44 1057/1185/45 1058/1186/36 
f 1059/1187/31 1060/1188/32 1061/1189/29 1062/1190/30 
f 1062/1190/30 1061/1189/29 95/95/42 94/94/41 
f 1063/1191/35 1059/1187/31 1062/1190/30 1058/1186/36 
f 1064/1192/36 1046/1174/30 1048/1176/41 1065/1193/43 
f 1066/1194/37 1060/1188/32 510/502/34 509/668/38 
f 96/96/44 95/95/42 1061/1189/29 1057/1185/45 
f 1057/1185/45 1061/1189/29 1060/1188/32 1066/1194/37 
f 511/501/33 510/502/34 1060/1188/32 1059/1187/31 
f 1063/1191/35 1066/1194/37 509/668/38 508/632/46 
f 1058/1186/36 1057/1185/45 1066/1194/37 1063/1191/35 
f 90/90/40 79/79/39 78/78/48 91/91/54 
f 91/91/54 78/78/48 97/97/52 93/93/53 
f 1067/1195/35 1055/1183/31 1046/1174/30 1064/1192/36 
f 1058/1186/36 1062/1190/30 94/94/41 98/98/43 
f 508/632/46 511/501/33 1059/1187/31 1063/1191/35 
f 1031/1159/54 1068/1196/51 1069/1197/50 1028/1156/40 
f 1028/1156/40 1069/1197/50 1018/1146/43 1025/1153/41 
f 1019/1147/44 1018/1146/43 1069/1197/50 1070/1198/49 
f 1070/1198/49 1069/1197/50 1068/1196/51 1071/1199/47 
f 1071/1199/47 1068/1196/51 1033/1161/53 1032/1160/52 
f 1031/1159/54 1033/1161/53 1068/1196/51 
f 1032/1160/52 1030/1158/48 1071/1199/47 
f 1071/1199/47 1030/1158/48 1029/1157/39 1070/1198/49 
f 1070/1198/49 1029/1157/39 1020/1148/42 1019/1147/44 
f 1025/1153/41 1020/1148/42 1029/1157/39 1028/1156/40 
f 1072/1200/53 1073/1201/52 1074/1202/47 1075/1203/51 
f 1076/1204/49 1077/1205/50 1078/1206/51 1079/1207/47 
f 1080/1208/30 1081/1209/29 1082/1210/42 1083/1211/41 
f 1079/1207/47 1084/1212/48 1085/1213/39 1076/1204/49 
f 1086/1214/37 1087/1215/32 568/627/34 592/665/38 
f 1088/1216/44 1089/1217/43 1077/1205/50 1076/1204/49 
f 566/625/33 568/627/34 1087/1215/32 1090/1218/31 
f 1091/1219/50 1092/1220/49 1056/1184/44 1065/1193/43 
f 1090/1218/31 1093/1221/35 565/623/46 566/625/33 
f 1065/1193/43 1048/1176/41 1094/1222/40 1091/1219/50 
f 1088/1216/44 1082/1210/42 1081/1209/29 1095/1223/45 
f 1096/1224/54 1084/1212/48 1097/1225/52 1098/1226/53 
f 1073/1201/52 1099/1227/48 1074/1202/47 
f 1097/1225/52 1084/1212/48 1079/1207/47 
f 1096/1224/54 1078/1206/51 1077/1205/50 1100/1228/40 
f 1100/1228/40 1085/1213/39 1084/1212/48 1096/1224/54 
f 592/665/38 565/623/46 1093/1221/35 1086/1214/37 
f 1075/1203/51 1074/1202/47 1092/1220/49 1091/1219/50 
f 1075/1203/51 1101/1229/54 1072/1200/53 
f 1079/1207/47 1078/1206/51 1098/1226/53 1097/1225/52 
f 1095/1223/45 1102/1230/36 1089/1217/43 1088/1216/44 
f 1074/1202/47 1099/1227/48 1103/1231/39 1092/1220/49 
f 1094/1222/40 1103/1231/39 1099/1227/48 1101/1229/54 
f 1101/1229/54 1099/1227/48 1073/1201/52 1072/1200/53 
f 1091/1219/50 1094/1222/40 1101/1229/54 1075/1203/51 
f 1083/1211/41 1082/1210/42 1085/1213/39 1100/1228/40 
f 1064/1192/36 1034/1162/45 1037/1165/37 1067/1195/35 
f 1076/1204/49 1085/1213/39 1082/1210/42 1088/1216/44 
f 1095/1223/45 1081/1209/29 1087/1215/32 1086/1214/37 
f 1100/1228/40 1077/1205/50 1089/1217/43 1083/1211/41 
f 1048/1176/41 1047/1175/42 1103/1231/39 1094/1222/40 
f 1086/1214/37 1093/1221/35 1102/1230/36 1095/1223/45 
f 1067/1195/35 1037/1165/37 501/649/38 500/583/46 
f 1092/1220/49 1103/1231/39 1047/1175/42 1056/1184/44 
f 500/583/46 503/584/33 1055/1183/31 1067/1195/35 
f 1090/1218/31 1087/1215/32 1081/1209/29 1080/1208/30 
f 1083/1211/41 1089/1217/43 1102/1230/36 1080/1208/30 
f 1080/1208/30 1102/1230/36 1093/1221/35 1090/1218/31 
f 1065/1193/43 1056/1184/44 1034/1162/45 1064/1192/36 
f 624/752/43 641/769/44 1104/1232/45 1105/1233/36 
f 1105/1233/36 1104/1232/45 1106/1234/37 1107/1235/35 
f 1108/1236/36 1109/1237/45 1110/1238/37 1111/1239/35 
f 1110/1238/37 1112/1240/32 564/621/34 591/663/38 
f 1112/1240/32 1113/1241/31 563/619/33 564/621/34 
f 633/761/52 1114/1242/48 634/762/47 
f 1115/1243/51 1116/1244/47 1117/1245/49 1118/1246/50 
f 1119/1247/43 1120/1248/44 1109/1237/45 1108/1236/36 
f 1121/1249/55 1122/1250/56 1116/1244/47 1115/1243/51 
f 1118/1246/50 1123/1251/40 1124/1252/54 1115/1243/51 
f 1117/1245/49 1125/1253/39 1126/1254/42 1120/1248/44 
f 635/763/51 642/770/54 632/760/53 
f 640/768/49 1127/1255/39 1128/1256/42 641/769/44 
f 1122/1250/56 1121/1249/55 1124/1252/54 1129/1257/48 
f 561/617/46 563/619/33 1113/1241/31 1111/1239/35 
f 633/761/52 632/760/53 642/770/54 1114/1242/48 
f 1127/1255/39 626/754/40 625/753/41 1128/1256/42 
f 1107/1235/35 1106/1234/37 595/669/38 574/635/46 
f 574/635/46 575/476/33 1130/1258/31 1107/1235/35 
f 1129/1257/48 1124/1252/54 1123/1251/40 1125/1253/39 
f 1111/1239/35 1113/1241/31 1131/1259/30 1108/1236/36 
f 1109/1237/45 1132/1260/29 1112/1240/32 1110/1238/37 
f 1122/1250/56 1129/1257/48 1116/1244/47 
f 1132/1260/29 1131/1259/30 1113/1241/31 1112/1240/32 
f 1107/1235/35 1130/1258/31 1133/1261/30 1105/1233/36 
f 1119/1247/43 1134/1262/41 1123/1251/40 1118/1246/50 
f 1108/1236/36 1131/1259/30 1134/1262/41 1119/1247/43 
f 1120/1248/44 1126/1254/42 1132/1260/29 1109/1237/45 
f 1116/1244/47 1129/1257/48 1125/1253/39 1117/1245/49 
f 1126/1254/42 1134/1262/41 1131/1259/30 1132/1260/29 
f 1118/1246/50 1117/1245/49 1120/1248/44 1119/1247/43 
f 1115/1243/51 1124/1252/54 1121/1249/55 
f 634/762/47 1114/1242/48 1127/1255/39 640/768/49 
f 1125/1253/39 1123/1251/40 1134/1262/41 1126/1254/42 
f 1111/1239/35 1110/1238/37 591/663/38 561/617/46 
f 1114/1242/48 642/770/54 626/754/40 1127/1255/39 
f 1135/1263/41 1136/1264/42 1137/1265/39 1138/1266/40 
f 232/232/45 1139/1267/29 1140/1268/32 231/231/37 
f 227/227/31 1140/1268/32 1139/1267/29 211/211/30 
f 211/211/30 1139/1267/29 207/207/42 199/199/41 
f 230/230/33 556/614/34 1140/1268/32 227/227/31 
f 1105/1233/36 1133/1261/30 625/753/41 624/752/43 
f 1141/1269/51 1142/1270/54 1143/1271/55 
f 1144/1272/36 1145/1273/45 1146/1274/37 1147/1275/35 
f 567/626/46 569/628/33 1148/1276/31 1147/1275/35 
f 1147/1275/35 1148/1276/31 1149/1277/30 1144/1272/36 
f 1145/1273/45 1150/1278/29 1151/1279/32 1146/1274/37 
f 1149/1277/30 1150/1278/29 1136/1264/42 1135/1263/41 
f 231/231/37 1140/1268/32 556/614/34 236/236/38 
f 1141/1269/51 1152/1280/47 1153/1281/49 1154/1282/50 
f 1155/1283/43 1135/1263/41 1138/1266/40 1154/1282/50 
f 1153/1281/49 1137/1265/39 1136/1264/42 1156/1284/44 
f 1152/1280/47 1157/1285/48 1137/1265/39 1153/1281/49 
f 200/200/44 207/207/42 1139/1267/29 232/232/45 
f 1154/1282/50 1153/1281/49 1156/1284/44 1155/1283/43 
f 1106/1234/37 1158/1286/32 576/477/34 595/669/38 
f 1096/1224/54 1098/1226/53 1078/1206/51 
f 1155/1283/43 1156/1284/44 1145/1273/45 1144/1272/36 
f 1158/1286/32 1130/1258/31 575/476/33 576/477/34 
f 1143/1271/55 1159/1287/56 1152/1280/47 1141/1269/51 
f 1104/1232/45 1160/1288/29 1158/1286/32 1106/1234/37 
f 1156/1284/44 1136/1264/42 1150/1278/29 1145/1273/45 
f 569/628/33 570/629/34 1151/1279/32 1148/1276/31 
f 1159/1287/56 1157/1285/48 1152/1280/47 
f 1142/1270/54 1157/1285/48 1159/1287/56 1143/1271/55 
f 1146/1274/37 1151/1279/32 570/629/34 593/666/38 
f 1147/1275/35 1146/1274/37 593/666/38 567/626/46 
f 1144/1272/36 1149/1277/30 1135/1263/41 1155/1283/43 
f 1138/1266/40 1137/1265/39 1157/1285/48 1142/1270/54 
f 1160/1288/29 1133/1261/30 1130/1258/31 1158/1286/32 
f 1154/1282/50 1138/1266/40 1142/1270/54 1141/1269/51 
f 1148/1276/31 1151/1279/32 1150/1278/29 1149/1277/30 
f 641/769/44 1128/1256/42 1160/1288/29 1104/1232/45 
f 1128/1256/42 625/753/41 1133/1261/30 1160/1288/29 
f 1161/1289/36 1162/1290/45 1163/1291/37 1164/1292/35 
f 1165/1293/50 1166/1294/40 1167/1295/54 1168/1296/51 
f 1164/1292/35 1169/1297/31 1170/1298/30 1161/1289/36 
f 1171/1299/47 1172/1300/48 1173/1301/39 1174/1302/49 
f 1173/1301/39 1166/1294/40 1175/1303/41 1176/1304/42 
f 1162/1290/45 1177/1305/29 1178/1306/32 1163/1291/37 
f 1163/1291/37 1178/1306/32 533/645/34 532/672/38 
f 531/642/46 534/643/33 1169/1297/31 1164/1292/35 
f 1165/1293/50 1174/1302/49 1179/1307/44 1180/1308/43 
f 1179/1307/44 1176/1304/42 1177/1305/29 1162/1290/45 
f 1172/1300/48 1167/1295/54 1166/1294/40 1173/1301/39 
f 1181/1309/55 1182/1310/56 1171/1299/47 1168/1296/51 
f 1180/1308/43 1175/1303/41 1166/1294/40 1165/1293/50 
f 1174/1302/49 1173/1301/39 1176/1304/42 1179/1307/44 
f 1161/1289/36 1170/1298/30 1175/1303/41 1180/1308/43 
f 1177/1305/29 1170/1298/30 1169/1297/31 1178/1306/32 
f 1164/1292/35 1163/1291/37 532/672/38 531/642/46 
f 1178/1306/32 1169/1297/31 534/643/33 533/645/34 
f 1176/1304/42 1175/1303/41 1170/1298/30 1177/1305/29 
f 1182/1310/56 1172/1300/48 1171/1299/47 
f 1180/1308/43 1179/1307/44 1162/1290/45 1161/1289/36 
f 1182/1310/56 1181/1309/55 1167/1295/54 1172/1300/48 
f 1168/1296/51 1171/1299/47 1174/1302/49 1165/1293/50 
f 1168/1296/51 1167/1295/54 1181/1309/55 
f 1183/1311/30 1184/1312/36 1185/1313/35 1186/1314/31 
f 1187/1315/54 1188/1316/48 1189/1317/52 1190/1318/53 
f 1186/1314/31 1185/1313/35 578/639/46 579/497/33 
f 1191/1319/45 1192/1320/29 1193/1321/32 1194/1322/37 
f 1191/1319/45 1184/1312/36 1195/1323/43 1196/1324/44 
f 1197/1325/47 1198/1326/51 1190/1318/53 1189/1317/52 
f 579/497/33 580/498/34 1193/1321/32 1186/1314/31 
f 1197/1325/47 1188/1316/48 1199/1327/39 1200/1328/49 
f 1196/1324/44 1195/1323/43 1201/1329/50 1200/1328/49 
f 1186/1314/31 1193/1321/32 1192/1320/29 1183/1311/30 
f 1187/1315/54 1198/1326/51 1201/1329/50 1202/1330/40 
f 1202/1330/40 1201/1329/50 1195/1323/43 1203/1331/41 
f 1189/1317/52 1188/1316/48 1197/1325/47 
f 1183/1311/30 1192/1320/29 1204/1332/42 1203/1331/41 
f 1194/1322/37 1185/1313/35 1184/1312/36 1191/1319/45 
f 1203/1331/41 1195/1323/43 1184/1312/36 1183/1311/30 
f 1194/1322/37 1193/1321/32 580/498/34 596/671/38 
f 1196/1324/44 1204/1332/42 1192/1320/29 1191/1319/45 
f 1200/1328/49 1201/1329/50 1198/1326/51 1197/1325/47 
f 1203/1331/41 1204/1332/42 1199/1327/39 1202/1330/40 
f 596/671/38 578/639/46 1185/1313/35 1194/1322/37 
f 1200/1328/49 1199/1327/39 1204/1332/42 1196/1324/44 
f 1202/1330/40 1199/1327/39 1188/1316/48 1187/1315/54 
f 1187/1315/54 1190/1318/53 1198/1326/51 
f 1205/1333/59 1206/1334/59 584/1335/59 541/1336/59 
f 1207/1337/60 1208/1338/60 539/1339/60 540/1340/60 
f 1206/1337/57 1205/1338/57 1208/1341/57 1207/1342/57 
f 541/578/61 584/646/61 540/577/61 539/576/61 
f 1208/1334/62 1205/1343/62 541/1344/62 539/1345/62 
f 1206/1342/63 1207/1337/63 540/1346/63 584/1347/63 
# 1086 polygons - 332 triangles

