# 3ds Max Wavefront OBJ Exporter v0.99 - (c)2007 guruware
# File Created: 17.03.2026 12:55:26

mtllib Ribbed 25mm.mtl

#
# object Mesh1
#

v  44502.7578 -868.2379 53809.8516
v  44502.7578 1928.0443 53809.8516
v  45701.1641 1928.0443 53809.8516
v  45701.1641 -868.2379 53809.8516
v  44502.7578 1928.0443 53813.8477
v  44502.7578 -868.2379 53813.8477
v  45701.1641 -868.2379 53813.8477
v  45701.1641 1928.0443 53813.8477
v  45415.7305 1909.8807 53821.6016
v  45415.7305 -850.0746 53821.6016
v  45418.0820 -847.7223 53821.8359
v  45418.0820 1907.5284 53821.8359
v  45413.4258 1912.1864 53820.8984
v  45413.4258 -852.3801 53820.8984
v  45442.4297 1916.4738 53818.1641
v  45442.4297 -856.6674 53818.1641
v  45444.5039 -854.5907 53819.7461
v  45444.5039 1914.3971 53819.7461
v  45420.6836 1909.8807 53821.6016
v  45420.6836 -850.0746 53821.6016
v  45422.9883 -852.3801 53820.8984
v  45422.9883 1912.1864 53820.8984
v  45456.2734 -852.3773 53820.8984
v  45456.2734 1912.1837 53820.8984
v  45453.9688 1909.8776 53821.6016
v  45453.9688 -850.0712 53821.6016
v  45464.1445 -860.2485 53813.8477
v  45464.1445 1920.0548 53813.8477
v  45462.4648 1918.3722 53816.1836
v  45462.4648 -858.5659 53816.1836
v  45418.3320 -847.7223 53821.8359
v  45418.3320 1907.5284 53821.8359
v  45425.2031 1914.3993 53819.7461
v  45411.2148 1914.3993 53819.7461
v  45411.2148 -854.5929 53819.7461
v  45446.7188 -852.3773 53820.8984
v  45446.7188 1912.1837 53820.8984
v  45460.5664 1916.4738 53818.1641
v  45440.5273 1918.3722 53816.1836
v  45440.5273 -858.5659 53816.1836
v  45449.0234 -850.0712 53821.6016
v  45458.4883 1914.3971 53819.7461
v  45460.5664 -856.6674 53818.1641
v  45458.4883 -854.5907 53819.7461
v  45425.2031 -854.5929 53819.7461
v  45451.6172 1907.5245 53821.8359
v  45451.6172 -847.7182 53821.8359
v  45449.0234 1909.8776 53821.6016
v  45438.8477 1920.0548 53813.8477
v  45438.8477 -860.2485 53813.8477
v  45451.3750 -847.7182 53821.8359
v  45451.3750 1907.5245 53821.8359
v  45479.9258 -852.4601 53820.8984
v  45489.6484 -852.4601 53820.8984
v  45487.3594 -850.1717 53821.6016
v  45482.2109 -850.1717 53821.6016
v  45484.5469 -847.8361 53821.8359
v  45484.5469 1907.6425 53821.8359
v  45482.2109 1909.9779 53821.6016
v  45479.9258 1912.2665 53820.8984
v  45520.5469 -850.0714 53821.6016
v  45520.5469 1909.8778 53821.6016
v  45518.1953 1907.5248 53821.8359
v  45518.1953 -847.7185 53821.8359
v  45493.8984 1916.5179 53818.1641
v  45493.8984 -856.7117 53818.1602
v  45495.7773 -858.5889 53816.1836
v  45495.7773 1918.3951 53816.1836
v  45472.1367 -860.2485 53813.8477
v  45497.4336 -860.2485 53813.8477
v  45473.7969 -858.5889 53816.1836
v  45475.6719 -856.7117 53818.1602
v  45513.2969 1912.1837 53820.8984
v  45522.8516 1912.1837 53820.8984
v  45525.0664 1914.3971 53819.7461
v  45511.0820 1914.3971 53819.7461
v  45513.2969 -852.3775 53820.8984
v  45511.0820 -854.5908 53819.7461
v  45475.6719 1916.5179 53818.1641
v  45477.7305 1914.4613 53819.7461
v  45491.8398 1914.4613 53819.7461
v  45491.8398 -854.6548 53819.7461
v  45477.7305 -854.6548 53819.7461
v  45507.1055 1918.3722 53816.1836
v  45529.0430 1918.3722 53816.1836
v  45530.7227 1920.0548 53813.8477
v  45505.4258 1920.0548 53813.8477
v  45517.9531 1907.5248 53821.8359
v  45517.9531 -847.7185 53821.8359
v  45515.6016 1909.8778 53821.6016
v  45505.4258 -860.2485 53813.8477
v  45530.7227 -860.2485 53813.8477
v  45529.0430 -858.5659 53816.1836
v  45507.1055 -858.5659 53816.1836
v  45515.6016 -850.0714 53821.6016
v  45544.3281 -854.6331 53819.7461
v  45544.3281 1914.4393 53819.7461
v  45542.2656 1916.5028 53818.1641
v  45542.2656 -856.6966 53818.1641
v  45540.3828 -858.5811 53816.1836
v  45540.3828 1918.3873 53816.1836
v  45538.7148 1920.0548 53813.8477
v  45538.7148 -860.2485 53813.8477
v  45522.8516 -852.3775 53820.8984
v  45562.3477 -858.5811 53816.1836
v  45560.4609 -856.6966 53818.1641
v  45527.1445 -856.6674 53818.1641
v  45527.1445 1916.4738 53818.1641
v  45525.0664 -854.5908 53819.7461
v  45509.0039 -856.6674 53818.1641
v  45487.3594 1909.9779 53821.6016
v  45489.6484 1912.2665 53820.8984
v  45509.0039 1916.4738 53818.1641
v  45497.4336 1920.0548 53813.8477
v  45472.1367 1920.0548 53813.8477
v  45473.7969 1918.3951 53816.1836
v  45485.0234 -847.8361 53821.8359
v  45485.0234 1907.6425 53821.8359
v  45558.3984 -854.6331 53819.7461
v  45597.3008 1920.0548 53813.8477
v  45597.3008 -860.2485 53813.8477
v  45572.0039 -860.2485 53813.8477
v  45572.0039 1920.0548 53813.8477
v  45564.0117 1920.0548 53813.8477
v  45564.0117 -860.2485 53813.8477
v  45630.5898 1920.0548 53813.8477
v  45630.5898 -860.2485 53813.8477
v  45605.2930 -860.2485 53813.8477
v  45605.2930 1920.0548 53813.8477
v  45663.8789 1920.0548 53813.8477
v  45663.8789 -860.2485 53813.8477
v  45638.5820 -860.2485 53813.8477
v  45638.5820 1920.0548 53813.8477
v  45671.8711 -860.2485 53813.8477
v  45671.8711 1920.0548 53813.8477
v  45697.1680 1920.0548 53813.8477
v  45697.1680 -860.2485 53813.8477
v  45644.1641 -854.6666 53819.7422
v  45658.2969 -854.6666 53819.7422
v  45656.1055 -852.4752 53820.8984
v  45646.3555 -852.4752 53820.8984
v  45648.6406 -850.1901 53821.6016
v  45648.6406 1909.9965 53821.6016
v  45646.3555 1912.2814 53820.8984
v  45662.2266 1918.3993 53816.1836
v  45640.2383 1918.3993 53816.1836
v  45642.1094 1916.5260 53818.1641
v  45660.3516 1916.5260 53818.1641
v  45679.6953 -852.4247 53820.8984
v  45679.6953 1912.2311 53820.8984
v  45677.4922 1914.4337 53819.7461
v  45677.4922 -854.6274 53819.7461
v  45689.3477 1912.2311 53820.8984
v  45681.9883 1909.9349 53821.6016
v  45687.0508 1909.9349 53821.6016
v  45650.9727 -847.8575 53821.8359
v  45650.9727 1907.6639 53821.8359
v  45675.4258 -856.6927 53818.1641
v  45675.4258 1916.4989 53818.1641
v  45673.5391 1918.3854 53816.1836
v  45673.5391 -858.5790 53816.1836
v  45689.3477 -852.4247 53820.8984
v  45687.0508 -850.1287 53821.6016
v  45681.9883 -850.1287 53821.6016
v  45662.2266 -858.5931 53816.1836
v  45640.2383 -858.5931 53816.1836
v  45660.3516 -856.7198 53818.1602
v  45642.1094 -856.7198 53818.1602
v  45618.4883 -848.1434 53821.8359
v  45618.4883 1907.9498 53821.8359
v  45617.3984 1907.9498 53821.8359
v  45617.3984 -848.1434 53821.8359
v  45620.7773 1910.2406 53821.6016
v  45615.1055 1910.2406 53821.6016
v  45612.8633 1912.4825 53820.8984
v  45623.0195 1912.4825 53820.8984
v  45625.1641 1914.6290 53819.7422
v  45610.7188 1914.6290 53819.7422
v  45691.5469 1914.4337 53819.7461
v  45691.5469 -854.6274 53819.7461
v  45693.6133 -856.6927 53818.1641
v  45693.6133 1916.4989 53818.1641
v  45653.8203 -850.1901 53821.6016
v  45653.8203 1909.9965 53821.6016
v  45651.4883 1907.6639 53821.8359
v  45620.7773 -850.4341 53821.5977
v  45644.1641 1914.4728 53819.7461
v  45658.2969 1914.4728 53819.7461
v  45695.5000 1918.3854 53816.1836
v  45625.1641 -854.8227 53819.7383
v  45623.0195 -852.6763 53820.8945
v  45651.4883 -847.8575 53821.8359
v  45610.7188 -854.8227 53819.7383
v  45612.8633 -852.6763 53820.8945
v  45684.7070 -847.7856 53821.8359
v  45684.3320 -847.7856 53821.8359
v  45695.5000 -858.5790 53816.1836
v  45684.7070 1907.5919 53821.8359
v  45684.3320 1907.5919 53821.8359
v  45615.1055 -850.4341 53821.5977
v  45656.1055 1912.2814 53820.8984
v  45573.6836 -858.5697 53816.1836
v  45573.6836 1918.3759 53816.1836
v  45595.6250 -858.5697 53816.1836
v  45593.7305 -856.6747 53818.1641
v  45575.5781 -856.6747 53818.1641
v  45546.5312 -852.4319 53820.8984
v  45546.5312 1912.2384 53820.8984
v  45562.3477 1918.3873 53816.1836
v  45556.1953 -852.4319 53820.8984
v  45556.1953 1912.2384 53820.8984
v  45553.9023 1909.9437 53821.6016
v  45553.9023 -850.1375 53821.6016
v  45548.8242 -850.1375 53821.6016
v  45551.5625 -847.7960 53821.8359
v  45551.1680 -847.7960 53821.8359
v  45577.6484 -854.6014 53819.7461
v  45591.6562 -854.6014 53819.7461
v  45589.4453 -852.3911 53820.8984
v  45579.8594 -852.3911 53820.8984
v  45591.6562 1914.4076 53819.7461
v  45593.7305 1916.4811 53818.1641
v  45628.9922 -858.6492 53816.1758
v  45628.9922 1918.4557 53816.1797
v  45627.1719 1916.6342 53818.1562
v  45627.1719 -856.8278 53818.1562
v  45595.6250 1918.3759 53816.1836
v  45575.5781 1916.4811 53818.1641
v  45577.6484 1914.4076 53819.7461
v  45551.5625 1907.6024 53821.8359
v  45551.1680 1907.6024 53821.8359
v  45608.7109 1916.6342 53818.1562
v  45606.8906 -858.6492 53816.1758
v  45587.1406 1909.8942 53821.6016
v  45582.1641 1909.8942 53821.6016
v  45584.5117 1907.5441 53821.8359
v  45584.7930 1907.5441 53821.8359
v  45579.8594 1912.1974 53820.8984
v  45589.4453 1912.1974 53820.8984
v  45582.1641 -850.0879 53821.6016
v  45548.8242 1909.9437 53821.6016
v  45558.3984 1914.4393 53819.7461
v  45560.4609 1916.5028 53818.1641
v  45587.1406 -850.0879 53821.6016
v  45584.7930 -847.7379 53821.8359
v  45584.5117 -847.7379 53821.8359
v  45606.8906 1918.4557 53816.1797
v  45608.7109 -856.8278 53818.1562
v  45427.2773 -856.6689 53818.1641
v  45427.2773 1916.4752 53818.1641
v  44506.7539 -860.2485 53813.8477
v  44532.0508 -860.2485 53813.8477
v  44540.0430 -860.2485 53813.8477
v  44532.0508 1920.0548 53813.8477
v  44565.3398 -860.2485 53813.8477
v  44573.3320 -860.2485 53813.8477
v  44565.3398 1920.0548 53813.8477
v  44598.6289 -860.2485 53813.8477
v  44606.6211 -860.2485 53813.8477
v  44598.6289 1920.0548 53813.8477
v  44631.9180 -860.2485 53813.8477
v  44639.9102 -860.2485 53813.8477
v  44631.9180 1920.0548 53813.8477
v  44665.2070 -860.2485 53813.8477
v  44673.1992 -860.2485 53813.8477
v  44665.2070 1920.0548 53813.8477
v  44698.4961 -860.2485 53813.8477
v  44706.4883 -860.2485 53813.8477
v  44698.4961 1920.0548 53813.8477
v  44731.7852 -860.2485 53813.8477
v  44739.7773 -860.2485 53813.8477
v  44731.7852 1920.0548 53813.8477
v  44765.0742 -860.2485 53813.8477
v  44773.0664 -860.2485 53813.8477
v  44765.0742 1920.0548 53813.8477
v  44798.3633 -860.2485 53813.8477
v  44806.3555 -860.2485 53813.8477
v  44798.3633 1920.0548 53813.8477
v  44831.6523 -860.2485 53813.8477
v  44839.6445 -860.2485 53813.8477
v  44831.6523 1920.0548 53813.8477
v  44864.9414 -860.2485 53813.8477
v  44872.9336 -860.2485 53813.8477
v  44864.9414 1920.0548 53813.8477
v  44898.2305 -860.2485 53813.8477
v  44906.2227 -860.2485 53813.8477
v  44898.2305 1920.0548 53813.8477
v  44931.5195 -860.2485 53813.8477
v  44939.5117 -860.2485 53813.8477
v  44931.5195 1920.0548 53813.8477
v  44964.8086 -860.2485 53813.8477
v  44972.8008 -860.2485 53813.8477
v  44964.8086 1920.0548 53813.8477
v  44998.0977 -860.2485 53813.8477
v  45006.0898 -860.2485 53813.8477
v  44998.0977 1920.0548 53813.8477
v  45031.3867 -860.2485 53813.8477
v  45039.3789 -860.2485 53813.8477
v  45031.3867 1920.0548 53813.8477
v  45064.6758 -860.2485 53813.8477
v  45072.6680 -860.2485 53813.8477
v  45064.6758 1920.0548 53813.8477
v  45097.9648 -860.2485 53813.8477
v  45105.9570 -860.2485 53813.8477
v  45097.9648 1920.0548 53813.8477
v  45131.2539 -860.2485 53813.8477
v  45139.2461 -860.2485 53813.8477
v  45131.2539 1920.0548 53813.8477
v  45164.5430 -860.2485 53813.8477
v  45172.5352 -860.2485 53813.8477
v  45164.5430 1920.0548 53813.8477
v  45197.8320 -860.2485 53813.8477
v  45205.8242 -860.2485 53813.8477
v  45197.8320 1920.0548 53813.8477
v  45231.1211 -860.2485 53813.8477
v  45239.1133 -860.2485 53813.8477
v  45231.1211 1920.0548 53813.8477
v  45264.4102 -860.2485 53813.8477
v  45272.4023 -860.2485 53813.8477
v  45264.4102 1920.0548 53813.8477
v  45297.6992 -860.2485 53813.8477
v  45305.6914 -860.2485 53813.8477
v  45297.6992 1920.0548 53813.8477
v  45330.9883 -860.2485 53813.8477
v  45338.9805 -860.2485 53813.8477
v  45330.9883 1920.0548 53813.8477
v  45364.2773 -860.2485 53813.8477
v  45372.2695 -860.2485 53813.8477
v  45364.2773 1920.0548 53813.8477
v  45397.5664 -860.2485 53813.8477
v  45405.5586 -860.2485 53813.8477
v  45397.5664 1920.0548 53813.8477
v  45430.8555 -860.2485 53813.8477
v  45430.8555 1920.0548 53813.8477
v  44506.7539 1920.0548 53813.8477
v  44540.0430 1920.0548 53813.8477
v  44573.3320 1920.0548 53813.8477
v  44606.6211 1920.0548 53813.8477
v  44639.9102 1920.0548 53813.8477
v  44673.1992 1920.0548 53813.8477
v  44706.4883 1920.0548 53813.8477
v  44739.7773 1920.0548 53813.8477
v  44773.0664 1920.0548 53813.8477
v  44806.3555 1920.0548 53813.8477
v  44839.6445 1920.0548 53813.8477
v  44872.9336 1920.0548 53813.8477
v  44906.2227 1920.0548 53813.8477
v  44939.5117 1920.0548 53813.8477
v  44972.8008 1920.0548 53813.8477
v  45006.0898 1920.0548 53813.8477
v  45039.3789 1920.0548 53813.8477
v  45072.6680 1920.0548 53813.8477
v  45105.9570 1920.0548 53813.8477
v  45139.2461 1920.0548 53813.8477
v  45172.5352 1920.0548 53813.8477
v  45205.8242 1920.0548 53813.8477
v  45239.1133 1920.0548 53813.8477
v  45272.4023 1920.0548 53813.8477
v  45305.6914 1920.0548 53813.8477
v  45338.9805 1920.0548 53813.8477
v  45372.2695 1920.0548 53813.8477
v  45405.5586 1920.0548 53813.8477
v  45121.5430 -850.5375 53821.5977
v  45121.5430 1910.3439 53821.6016
v  45119.2695 1908.0707 53821.8359
v  45119.2695 -848.2645 53821.8359
v  45113.4414 -852.7616 53820.8945
v  45123.7695 -852.7616 53820.8945
v  45115.6680 -850.5375 53821.5977
v  45162.9688 1918.4794 53816.1758
v  45162.9688 -858.6731 53816.1758
v  45194.4570 -856.8737 53818.1523
v  45194.4570 1916.6798 53818.1562
v  45192.4727 1914.6952 53819.7383
v  45192.4727 -854.8889 53819.7383
v  45142.6211 1916.6798 53818.1562
v  45142.6211 -856.8737 53818.1523
v  45144.6055 -854.8889 53819.7383
v  45144.6055 1914.6952 53819.7383
v  45148.9570 1910.3439 53821.6016
v  45148.9570 -850.5375 53821.5977
v  45151.2305 -848.2645 53821.8359
v  45151.2305 1908.0707 53821.8359
v  45117.9414 -848.2645 53821.8359
v  45117.9414 1908.0707 53821.8359
v  45115.6680 1910.3439 53821.6016
v  45113.4414 1912.5680 53820.8945
v  45140.8203 -858.6731 53816.1758
v  45161.1680 -856.8737 53818.1523
v  45107.5312 1918.4794 53816.1758
v  45129.6797 1918.4794 53816.1758
v  45129.6797 -858.6731 53816.1758
v  45127.8789 1916.6798 53818.1562
v  45127.8789 -856.8737 53818.1523
v  45085.9805 -848.2645 53821.8359
v  45085.9805 1908.0707 53821.8359
v  45084.6523 1908.0707 53821.8359
v  45084.6523 -848.2645 53821.8359
v  45088.2539 1910.3439 53821.6016
v  45088.2539 -850.5375 53821.5977
v  45090.4805 -852.7616 53820.8945
v  45090.4805 1912.5680 53820.8945
v  45146.7305 -852.7616 53820.8945
v  45157.0586 -852.7616 53820.8945
v  45154.8320 -850.5375 53821.5977
v  45177.8945 -854.8889 53819.7383
v  45177.8945 1914.6952 53819.7383
v  45175.9102 1916.6798 53818.1562
v  45175.9102 -856.8737 53818.1523
v  45152.5625 1908.0707 53821.8359
v  45154.8320 1910.3439 53821.6016
v  45123.7695 1912.5680 53820.8945
v  45111.3164 -854.8889 53819.7383
v  45125.8945 -854.8889 53819.7383
v  45109.3320 1916.6798 53818.1562
v  45111.3164 1914.6952 53819.7383
v  45157.0586 1912.5680 53820.8945
v  45159.1836 -854.8889 53819.7383
v  45161.1680 1916.6798 53818.1562
v  45107.5312 -858.6731 53816.1758
v  45140.8203 1918.4794 53816.1758
v  45146.7305 1912.5680 53820.8945
v  45159.1836 1914.6952 53819.7383
v  45125.8945 1914.6952 53819.7383
v  45152.5625 -848.2645 53821.8359
v  45109.3320 -856.8737 53818.1523
v  45092.6055 -854.8889 53819.7383
v  45092.6055 1914.6952 53819.7383
v  45078.0273 1914.6952 53819.7383
v  45080.1523 1912.5680 53820.8945
v  45082.3789 1910.3439 53821.6016
v  45174.1094 -858.6731 53816.1758
v  45174.1094 1918.4794 53816.1758
v  45196.2578 -858.6731 53816.1758
v  45082.3789 -850.5375 53821.5977
v  45096.3906 1918.4794 53816.1758
v  45096.3906 -858.6731 53816.1758
v  45052.6914 1908.0707 53821.8359
v  45052.6914 -848.2645 53821.8359
v  45054.9648 -850.5375 53821.5977
v  45054.9648 1910.3439 53821.6016
v  45074.2422 -858.6731 53816.1758
v  45094.5898 -856.8737 53818.1523
v  45076.0430 -856.8737 53818.1523
v  45049.0898 1910.3439 53821.6016
v  45051.3633 1908.0707 53821.8359
v  45063.1016 -858.6731 53816.1758
v  45040.9531 -858.6731 53816.1758
v  45044.7383 -854.8889 53819.7383
v  45044.7383 1914.6952 53819.7383
v  45042.7539 1916.6798 53818.1562
v  45042.7539 -856.8737 53818.1523
v  45015.8008 1910.3439 53821.6016
v  45021.6758 1910.3439 53821.6016
v  45023.9023 1912.5680 53820.8945
v  45013.5742 1912.5680 53820.8945
v  45094.5898 1916.6798 53818.1562
v  45059.3164 1914.6952 53819.7383
v  45046.8633 1912.5680 53820.8945
v  45057.1914 1912.5680 53820.8945
v  45074.2422 1918.4794 53816.1758
v  45076.0430 1916.6798 53818.1562
v  45078.0273 -854.8889 53819.7383
v  45080.1523 -852.7616 53820.8945
v  45061.3008 1916.6798 53818.1562
v  45061.3008 -856.8737 53818.1523
v  45063.1016 1918.4794 53816.1758
v  45018.0742 1908.0707 53821.8359
v  45019.4023 1908.0707 53821.8359
v  45059.3164 -854.8889 53819.7383
v  45026.0273 1914.6952 53819.7383
v  45011.4492 1914.6952 53819.7383
v  45011.4492 -854.8889 53819.7383
v  45026.0273 -854.8889 53819.7383
v  45023.9023 -852.7616 53820.8945
v  45013.5742 -852.7616 53820.8945
v  45015.8008 -850.5375 53821.5977
v  45021.6758 -850.5375 53821.5977
v  45019.4023 -848.2645 53821.8359
v  45018.0742 -848.2645 53821.8359
v  45028.0117 1916.6798 53818.1562
v  45009.4648 1916.6798 53818.1562
v  45049.0898 -850.5375 53821.5977
v  45046.8633 -852.7616 53820.8945
v  45029.8125 1918.4794 53816.1758
v  45007.6641 1918.4794 53816.1758
v  45029.8125 -858.6731 53816.1758
v  45028.0117 -856.8737 53818.1523
v  45007.6641 -858.6731 53816.1758
v  45057.1914 -852.7616 53820.8945
v  45040.9531 1918.4794 53816.1758
v  45051.3633 -848.2645 53821.8359
v  45009.4648 -856.8737 53818.1523
v  44988.3867 1910.3439 53821.6016
v  44982.5117 1910.3439 53821.6016
v  44984.7852 1908.0707 53821.8359
v  44986.1133 1908.0707 53821.8359
v  44946.9961 -852.7616 53820.8945
v  44957.3242 -852.7616 53820.8945
v  44955.0977 -850.5375 53821.5977
v  44949.2227 -850.5375 53821.5977
v  44963.2344 1918.4794 53816.1758
v  44963.2344 -858.6731 53816.1758
v  44951.4961 -848.2645 53821.8359
v  44951.4961 1908.0707 53821.8359
v  44949.2227 1910.3439 53821.6016
v  44941.0859 -858.6731 53816.1758
v  44941.0859 1918.4794 53816.1758
v  44926.1602 1914.6952 53819.7383
v  44911.5820 1914.6952 53819.7383
v  44913.7070 1912.5680 53820.8945
v  44924.0352 1912.5680 53820.8945
v  44978.1602 -854.8889 53819.7383
v  44978.1602 1914.6952 53819.7383
v  44976.1758 1916.6798 53818.1562
v  44976.1758 -856.8737 53818.1523
v  44990.6133 1912.5680 53820.8945
v  44990.6133 -852.7616 53820.8945
v  44992.7383 -854.8889 53819.7383
v  44992.7383 1914.6952 53819.7383
v  44915.9336 1910.3439 53821.6016
v  44921.8086 1910.3439 53821.6016
v  44994.7227 1916.6798 53818.1562
v  44994.7227 -856.8737 53818.1523
v  44996.5234 -858.6731 53816.1758
v  44996.5234 1918.4794 53816.1758
v  44918.2070 1908.0707 53821.8359
v  44919.5352 1908.0707 53821.8359
v  44957.3242 1912.5680 53820.8945
v  44946.9961 1912.5680 53820.8945
v  44955.0977 1910.3439 53821.6016
v  44942.8867 1916.6798 53818.1562
v  44961.4336 1916.6798 53818.1562
v  44980.2852 1912.5680 53820.8945
v  44984.7852 -848.2645 53821.8359
v  44982.5117 -850.5375 53821.5977
v  44959.4492 -854.8889 53819.7383
v  44959.4492 1914.6952 53819.7383
v  44974.3750 -858.6731 53816.1758
v  44952.8242 1908.0707 53821.8359
v  44952.8242 -848.2645 53821.8359
v  44944.8711 -854.8889 53819.7383
v  44986.1133 -848.2645 53821.8359
v  44988.3867 -850.5375 53821.5977
v  44980.2852 -852.7616 53820.8945
v  44974.3750 1918.4794 53816.1758
v  44919.5352 -848.2645 53821.8359
v  44921.8086 -850.5375 53821.5977
v  44944.8711 1914.6952 53819.7383
v  44942.8867 -856.8737 53818.1523
v  44924.0352 -852.7616 53820.8945
v  44926.1602 -854.8889 53819.7383
v  44961.4336 -856.8737 53818.1523
v  44911.5820 -854.8889 53819.7383
v  44913.7070 -852.7616 53820.8945
v  44915.9336 -850.5375 53821.5977
v  44918.2070 -848.2645 53821.8359
v  45429.1758 1918.3729 53816.1836
v  45429.1758 -858.5667 53816.1836
v  45380.1406 1912.1827 53820.8984
v  45389.6953 1912.1827 53820.8984
v  45391.9102 1914.3964 53819.7461
v  45377.9258 1914.3964 53819.7461
v  45373.9531 1918.3719 53816.1836
v  45395.8867 1918.3719 53816.1836
v  45407.2383 -858.5667 53816.1836
v  45409.1367 -856.6689 53818.1641
v  45344.6250 -854.6032 53819.7461
v  45358.6328 -854.6032 53819.7461
v  45356.4258 -852.3934 53820.8984
v  45346.8359 -852.3934 53820.8984
v  45409.1367 1916.4752 53818.1641
v  45382.4453 -850.0701 53821.6016
v  45387.3906 -850.0701 53821.6016
v  45385.0352 -847.7170 53821.8359
v  45384.8008 -847.7170 53821.8359
v  45407.2383 1918.3729 53816.1836
v  45391.9102 -854.5900 53819.7461
v  45389.6953 -852.3765 53820.8984
v  45395.8867 -858.5657 53816.1836
v  45393.9883 1916.4733 53818.1641
v  45393.9883 -856.6669 53818.1641
v  45387.3906 1909.8766 53821.6016
v  45385.0352 1907.5233 53821.8359
v  45349.1367 -850.0908 53821.6016
v  45354.1211 -850.0908 53821.6016
v  45351.7734 -847.7411 53821.8359
v  45351.4883 -847.7411 53821.8359
v  45346.8359 1912.1998 53820.8984
v  45349.1367 1909.8969 53821.6016
v  45354.1211 1909.8969 53821.6016
v  45356.4258 1912.1998 53820.8984
v  45373.9531 -858.5657 53816.1836
v  45375.8516 -856.6669 53818.1641
v  45384.8008 1907.5233 53821.8359
v  45375.8516 1916.4733 53818.1641
v  45344.6250 1914.4095 53819.7461
v  45340.6562 1918.3766 53816.1836
v  45362.6016 1918.3766 53816.1836
v  45380.1406 -852.3765 53820.8984
v  45358.6328 1914.4095 53819.7461
v  45351.4883 1907.5475 53821.8359
v  45351.7734 1907.5475 53821.8359
v  45377.9258 -854.5900 53819.7461
v  45382.4453 1909.8766 53821.6016
v  45360.7070 1916.4823 53818.1641
v  45360.7070 -856.6760 53818.1641
v  45362.6016 -858.5704 53816.1836
v  45342.5508 1916.4823 53818.1641
v  45340.6562 -858.5704 53816.1836
v  45342.5508 -856.6760 53818.1641
v  45318.4297 -847.6886 53821.8359
v  45318.4297 1907.4948 53821.8359
v  45318.2500 1907.4948 53821.8359
v  45318.2500 -847.6886 53821.8359
v  45320.7891 1909.8524 53821.6016
v  45315.8945 1909.8524 53821.6016
v  45323.0977 1912.1627 53820.9023
v  45313.5820 1912.1627 53820.9023
v  45307.3789 1918.3663 53816.1875
v  45329.3008 1918.3663 53816.1875
v  45282.5781 -850.0728 53821.6016
v  45287.5234 -850.0728 53821.6016
v  45285.1719 -847.7202 53821.8359
v  45284.9297 -847.7202 53821.8359
v  45282.5781 1909.8793 53821.6016
v  45284.9297 1907.5265 53821.8359
v  45289.8320 1912.1849 53820.8984
v  45280.2695 1912.1849 53820.8984
v  45287.5234 1909.8793 53821.6016
v  45274.0820 -858.5663 53816.1836
v  45296.0195 -858.5663 53816.1836
v  45294.1211 -856.6681 53818.1641
v  45275.9805 -856.6681 53818.1641
v  45252.1016 1907.7428 53821.8359
v  45252.1016 -847.9366 53821.8359
v  45254.4219 -850.2575 53821.6016
v  45254.4219 1910.0638 53821.6016
v  45313.5820 -852.3565 53820.8984
v  45315.8945 -850.0459 53821.6016
v  45325.3164 -854.5746 53819.7461
v  45325.3164 1914.3810 53819.7461
v  45323.0977 -852.3565 53820.8984
v  45311.3633 1914.3810 53819.7461
v  45311.3633 -854.5746 53819.7461
v  45244.6523 -854.7097 53819.7422
v  45258.8711 -854.7097 53819.7422
v  45256.6953 -852.5308 53820.8984
v  45246.8281 -852.5308 53820.8984
v  45244.6523 1914.5160 53819.7422
v  45246.8281 1912.3370 53820.8984
v  45249.1016 1910.0638 53821.6016
v  45249.1016 -850.2575 53821.6016
v  45251.4258 -847.9366 53821.8359
v  45251.4258 1907.7428 53821.8359
v  45258.8711 1914.5160 53819.7422
v  45260.9141 -856.7496 53818.1602
v  45260.9141 1916.5558 53818.1602
v  45329.3008 -858.5601 53816.1836
v  45307.3789 -858.5601 53816.1836
v  45262.7734 -858.6086 53816.1797
v  45262.7734 1918.4149 53816.1836
v  45280.2695 -852.3787 53820.8984
v  45289.8320 -852.3787 53820.8984
v  45274.0820 1918.3724 53816.1836
v  45275.9805 1916.4745 53818.1641
v  45327.3984 1916.4625 53818.1641
v  45309.2812 1916.4625 53818.1641
v  45240.7539 1918.4149 53816.1836
v  45309.2812 -856.6562 53818.1641
v  45327.3984 -856.6562 53818.1641
v  45320.7891 -850.0459 53821.6016
v  45292.0430 1914.3981 53819.7461
v  45292.0430 -854.5917 53819.7461
v  45294.1211 1916.4745 53818.1641
v  45278.0586 -854.5917 53819.7461
v  45278.0586 1914.3981 53819.7461
v  45256.6953 1912.3370 53820.8984
v  45285.1719 1907.5265 53821.8359
v  45296.0195 1918.3724 53816.1836
v  45240.7539 -858.6086 53816.1797
v  45242.6094 -856.7496 53818.1602
v  45225.7617 1914.6952 53819.7383
v  45211.1836 1914.6952 53819.7383
v  45213.3086 1912.5680 53820.8945
v  45223.6367 1912.5680 53820.8945
v  45242.6094 1916.5558 53818.1602
v  45219.1367 -848.2645 53821.8359
v  45219.1367 1908.0707 53821.8359
v  45217.8086 1908.0707 53821.8359
v  45217.8086 -848.2645 53821.8359
v  45229.5469 1918.4794 53816.1758
v  45229.5469 -858.6731 53816.1758
v  45227.7461 1916.6798 53818.1562
v  45209.1992 1916.6798 53818.1562
v  45207.3984 -858.6731 53816.1758
v  45227.7461 -856.8737 53818.1523
v  45209.1992 -856.8737 53818.1523
v  45211.1836 -854.8889 53819.7383
v  45207.3984 1918.4794 53816.1758
v  45213.3086 -852.7616 53820.8945
v  45185.8516 -848.2645 53821.8359
v  45185.8516 1908.0707 53821.8359
v  45184.5195 1908.0707 53821.8359
v  45184.5195 -848.2645 53821.8359
v  45182.2461 1910.3439 53821.6016
v  45188.1211 1910.3439 53821.6016
v  45190.3477 1912.5680 53820.8945
v  45180.0195 1912.5680 53820.8945
v  45190.3477 -852.7616 53820.8945
v  45188.1211 -850.5375 53821.5977
v  45225.7617 -854.8889 53819.7383
v  45221.4102 -850.5375 53821.5977
v  45221.4102 1910.3439 53821.6016
v  45223.6367 -852.7616 53820.8945
v  45180.0195 -852.7616 53820.8945
v  45182.2461 -850.5375 53821.5977
v  45215.5352 -850.5375 53821.5977
v  45215.5352 1910.3439 53821.6016
v  45196.2578 1918.4794 53816.1758
v  44597.0547 -858.6731 53816.1758
v  44597.0547 1918.4794 53816.1758
v  44595.2539 1916.6798 53818.1562
v  44595.2539 -856.8737 53818.1523
v  44545.4023 1914.6952 53819.7383
v  44545.4023 -854.8889 53819.7383
v  44547.5273 -852.7616 53820.8945
v  44547.5273 1912.5680 53820.8945
v  44552.0273 1908.0707 53821.8359
v  44553.3555 1908.0707 53821.8359
v  44555.6289 1910.3439 53821.6016
v  44549.7539 1910.3439 53821.6016
v  44549.7539 -850.5375 53821.5977
v  44561.9648 -856.8737 53818.1523
v  44561.9648 1916.6798 53818.1562
v  44559.9805 1914.6952 53819.7383
v  44559.9805 -854.8889 53819.7383
v  44541.6172 -858.6731 53816.1758
v  44541.6172 1918.4794 53816.1758
v  44516.4648 1910.3439 53821.6016
v  44516.4648 -850.5375 53821.5977
v  44518.7383 -848.2645 53821.8359
v  44518.7383 1908.0707 53821.8359
v  44524.5664 1912.5680 53820.8945
v  44514.2383 1912.5680 53820.8945
v  44522.3398 1910.3439 53821.6016
v  44520.0664 1908.0707 53821.8359
v  44526.6914 1914.6952 53819.7383
v  44526.6914 -854.8889 53819.7383
v  44528.6758 -856.8737 53818.1523
v  44528.6758 1916.6798 53818.1562
v  44574.9062 1918.4794 53816.1758
v  44574.9062 -858.6731 53816.1758
v  44576.7070 -856.8737 53818.1523
v  44576.7070 1916.6798 53818.1562
v  44557.8555 -852.7616 53820.8945
v  44552.0273 -848.2645 53821.8359
v  44553.3555 -848.2645 53821.8359
v  44530.4766 -858.6731 53816.1758
v  44530.4766 1918.4794 53816.1758
v  44588.9180 -850.5375 53821.5977
v  44588.9180 1910.3439 53821.6016
v  44586.6445 1908.0707 53821.8359
v  44586.6445 -848.2645 53821.8359
v  44522.3398 -850.5375 53821.5977
v  44524.5664 -852.7616 53820.8945
v  44520.0664 -848.2645 53821.8359
v  44508.3281 -858.6731 53816.1758
v  44555.6289 -850.5375 53821.5977
v  44578.6914 -854.8889 53819.7383
v  44578.6914 1914.6952 53819.7383
v  44593.2695 -854.8889 53819.7383
v  44593.2695 1914.6952 53819.7383
v  44591.1445 1912.5680 53820.8945
v  44591.1445 -852.7616 53820.8945
v  44563.7656 -858.6731 53816.1758
v  44563.7656 1918.4794 53816.1758
v  44543.4180 1916.6798 53818.1562
v  44580.8164 1912.5680 53820.8945
v  44580.8164 -852.7616 53820.8945
v  44583.0430 -850.5375 53821.5977
v  44583.0430 1910.3439 53821.6016
v  44557.8555 1912.5680 53820.8945
v  44543.4180 -856.8737 53818.1523
v  44585.3164 1908.0707 53821.8359
v  44585.3164 -848.2645 53821.8359
v  44512.1133 -854.8889 53819.7383
v  44514.2383 -852.7616 53820.8945
v  44512.1133 1914.6952 53819.7383
v  44510.1289 -856.8737 53818.1523
v  44508.3281 1918.4794 53816.1758
v  44510.1289 1916.6798 53818.1562
v  44878.2930 1914.6952 53819.7383
v  44892.8711 1914.6952 53819.7383
v  44894.8555 1916.6798 53818.1562
v  44876.3086 1916.6798 53818.1562
v  44896.6562 -858.6731 53816.1758
v  44874.5078 -858.6731 53816.1758
v  44882.6445 1910.3439 53821.6016
v  44888.5195 1910.3439 53821.6016
v  44890.7461 1912.5680 53820.8945
v  44880.4180 1912.5680 53820.8945
v  44894.8555 -856.8737 53818.1523
v  44892.8711 -854.8889 53819.7383
v  44852.9570 -848.2645 53821.8359
v  44852.9570 1908.0707 53821.8359
v  44851.6289 1908.0707 53821.8359
v  44851.6289 -848.2645 53821.8359
v  44882.6445 -850.5375 53821.5977
v  44888.5195 -850.5375 53821.5977
v  44886.2461 -848.2645 53821.8359
v  44884.9180 -848.2645 53821.8359
v  44929.9453 1918.4794 53816.1758
v  44929.9453 -858.6731 53816.1758
v  44907.7969 -858.6731 53816.1758
v  44907.7969 1918.4794 53816.1758
v  44928.1445 1916.6798 53818.1562
v  44928.1445 -856.8737 53818.1523
v  44896.6562 1918.4794 53816.1758
v  44874.5078 1918.4794 53816.1758
v  44909.5977 1916.6798 53818.1562
v  44909.5977 -856.8737 53818.1523
v  44890.7461 -852.7616 53820.8945
v  44849.3555 1910.3439 53821.6016
v  44855.2305 1910.3439 53821.6016
v  44857.4570 1912.5680 53820.8945
v  44847.1289 1912.5680 53820.8945
v  44878.2930 -854.8889 53819.7383
v  44880.4180 -852.7616 53820.8945
v  44859.5820 1914.6952 53819.7383
v  44845.0039 1914.6952 53819.7383
v  44857.4570 -852.7616 53820.8945
v  44855.2305 -850.5375 53821.5977
v  44849.3555 -850.5375 53821.5977
v  44886.2461 1908.0707 53821.8359
v  44859.5820 -854.8889 53819.7383
v  44876.3086 -856.8737 53818.1523
v  44847.1289 -852.7616 53820.8945
v  44845.0039 -854.8889 53819.7383
v  44861.5664 1916.6798 53818.1562
v  44843.0195 1916.6798 53818.1562
v  44841.2188 1918.4794 53816.1758
v  44863.3672 1918.4794 53816.1758
v  44863.3672 -858.6731 53816.1758
v  44861.5664 -856.8737 53818.1523
v  44843.0195 -856.8737 53818.1523
v  44841.2188 -858.6731 53816.1758
v  44884.9180 1908.0707 53821.8359
v  44813.8398 1912.5680 53820.8945
v  44824.1680 1912.5680 53820.8945
v  44826.2930 1914.6952 53819.7383
v  44811.7148 1914.6952 53819.7383
v  44813.8398 -852.7616 53820.8945
v  44816.0664 -850.5375 53821.5977
v  44816.0664 1910.3439 53821.6016
v  44807.9297 1918.4794 53816.1758
v  44807.9297 -858.6731 53816.1758
v  44809.7305 -856.8737 53818.1523
v  44809.7305 1916.6798 53818.1562
v  44830.0781 1918.4794 53816.1758
v  44830.0781 -858.6731 53816.1758
v  44786.3789 -848.2645 53821.8359
v  44786.3789 1908.0707 53821.8359
v  44785.0508 1908.0707 53821.8359
v  44785.0508 -848.2645 53821.8359
v  44826.2930 -854.8889 53819.7383
v  44811.7148 -854.8889 53819.7383
v  44828.2773 -856.8737 53818.1523
v  44793.0039 -854.8889 53819.7383
v  44793.0039 1914.6952 53819.7383
v  44790.8789 1912.5680 53820.8945
v  44790.8789 -852.7616 53820.8945
v  44778.4258 1914.6952 53819.7383
v  44778.4258 -854.8889 53819.7383
v  44780.5508 -852.7616 53820.8945
v  44780.5508 1912.5680 53820.8945
v  44776.4414 1916.6798 53818.1562
v  44794.9883 1916.6798 53818.1562
v  44796.7891 1918.4794 53816.1758
v  44774.6406 1918.4794 53816.1758
v  44774.6406 -858.6731 53816.1758
v  44796.7891 -858.6731 53816.1758
v  44794.9883 -856.8737 53818.1523
v  44776.4414 -856.8737 53818.1523
v  44824.1680 -852.7616 53820.8945
v  44821.9414 -850.5375 53821.5977
v  44821.9414 1910.3439 53821.6016
v  44819.6680 1908.0707 53821.8359
v  44819.6680 -848.2645 53821.8359
v  44828.2773 1916.6798 53818.1562
v  44753.0898 -848.2645 53821.8359
v  44753.0898 1908.0707 53821.8359
v  44751.7617 1908.0707 53821.8359
v  44751.7617 -848.2645 53821.8359
v  44782.7773 -850.5375 53821.5977
v  44788.6523 -850.5375 53821.5977
v  44747.2617 1912.5680 53820.8945
v  44757.5898 1912.5680 53820.8945
v  44759.7148 1914.6952 53819.7383
v  44745.1367 1914.6952 53819.7383
v  44755.3633 -850.5375 53821.5977
v  44755.3633 1910.3439 53821.6016
v  44747.2617 -852.7616 53820.8945
v  44749.4883 -850.5375 53821.5977
v  44749.4883 1910.3439 53821.6016
v  44818.3398 1908.0707 53821.8359
v  44818.3398 -848.2645 53821.8359
v  44788.6523 1910.3439 53821.6016
v  44782.7773 1910.3439 53821.6016
v  44757.5898 -852.7616 53820.8945
v  44745.1367 -854.8889 53819.7383
v  44759.7148 -854.8889 53819.7383
v  44709.8633 -856.8737 53818.1523
v  44709.8633 1916.6798 53818.1562
v  44708.0625 1918.4794 53816.1758
v  44708.0625 -858.6731 53816.1758
v  44741.3516 -858.6731 53816.1758
v  44763.5000 -858.6731 53816.1758
v  44761.6992 -856.8737 53818.1523
v  44743.1523 -856.8737 53818.1523
v  44680.6836 -852.7616 53820.8945
v  44680.6836 1912.5680 53820.8945
v  44678.5586 1914.6952 53819.7383
v  44678.5586 -854.8889 53819.7383
v  44719.8008 -848.2645 53821.8359
v  44719.8008 1908.0707 53821.8359
v  44718.4727 1908.0707 53821.8359
v  44718.4727 -848.2645 53821.8359
v  44730.2109 1918.4794 53816.1758
v  44674.7734 1918.4794 53816.1758
v  44696.9219 1918.4794 53816.1758
v  44716.1992 -850.5375 53821.5977
v  44716.1992 1910.3439 53821.6016
v  44713.9727 1912.5680 53820.8945
v  44713.9727 -852.7616 53820.8945
v  44653.2227 -848.2645 53821.8359
v  44653.2227 1908.0707 53821.8359
v  44651.8945 1908.0707 53821.8359
v  44651.8945 -848.2645 53821.8359
v  44674.7734 -858.6731 53816.1758
v  44696.9219 -858.6731 53816.1758
v  44695.1211 -856.8737 53818.1523
v  44676.5742 -856.8737 53818.1523
v  44711.8477 1914.6952 53819.7383
v  44726.4258 1914.6952 53819.7383
v  44728.4102 1916.6798 53818.1562
v  44761.6992 1916.6798 53818.1562
v  44743.1523 1916.6798 53818.1562
v  44741.3516 1918.4794 53816.1758
v  44763.5000 1918.4794 53816.1758
v  44722.0742 -850.5375 53821.5977
v  44722.0742 1910.3439 53821.6016
v  44730.2109 -858.6731 53816.1758
v  44685.1836 -848.2645 53821.8359
v  44685.1836 1908.0707 53821.8359
v  44682.9102 1910.3439 53821.6016
v  44682.9102 -850.5375 53821.5977
v  44711.8477 -854.8889 53819.7383
v  44693.1367 -854.8889 53819.7383
v  44676.5742 1916.6798 53818.1562
v  44695.1211 1916.6798 53818.1562
v  44724.3008 -852.7616 53820.8945
v  44724.3008 1912.5680 53820.8945
v  44686.5117 1908.0707 53821.8359
v  44688.7852 1910.3439 53821.6016
v  44691.0117 1912.5680 53820.8945
v  44728.4102 -856.8737 53818.1523
v  44726.4258 -854.8889 53819.7383
v  44688.7852 -850.5375 53821.5977
v  44686.5117 -848.2645 53821.8359
v  44691.0117 -852.7616 53820.8945
v  44693.1367 1914.6952 53819.7383
v  44655.4961 -850.5375 53821.5977
v  44655.4961 1910.3439 53821.6016
v  44663.6328 -858.6731 53816.1758
v  44641.4844 -858.6731 53816.1758
v  44624.4336 -852.7616 53820.8945
v  44614.1055 -852.7616 53820.8945
v  44611.9805 -854.8889 53819.7383
v  44626.5586 -854.8889 53819.7383
v  44614.1055 1912.5680 53820.8945
v  44616.3320 -850.5375 53821.5977
v  44616.3320 1910.3439 53821.6016
v  44618.6055 -848.2645 53821.8359
v  44618.6055 1908.0707 53821.8359
v  44626.5586 1914.6952 53819.7383
v  44611.9805 1914.6952 53819.7383
v  44624.4336 1912.5680 53820.8945
v  44628.5430 -856.8737 53818.1523
v  44609.9961 -856.8737 53818.1523
v  44608.1953 -858.6731 53816.1758
v  44630.3438 -858.6731 53816.1758
v  44622.2070 -850.5375 53821.5977
v  44622.2070 1910.3439 53821.6016
v  44619.9336 1908.0707 53821.8359
v  44619.9336 -848.2645 53821.8359
v  44645.2695 1914.6952 53819.7383
v  44645.2695 -854.8889 53819.7383
v  44647.3945 -852.7616 53820.8945
v  44647.3945 1912.5680 53820.8945
v  44630.3438 1918.4794 53816.1758
v  44628.5430 1916.6798 53818.1562
v  44641.4844 1918.4794 53816.1758
v  44663.6328 1918.4794 53816.1758
v  44608.1953 1918.4794 53816.1758
v  44609.9961 1916.6798 53818.1562
v  44661.8320 1916.6798 53818.1562
v  44643.2852 1916.6798 53818.1562
v  44659.8477 1914.6952 53819.7383
v  44657.7227 1912.5680 53820.8945
v  44649.6211 -850.5375 53821.5977
v  44659.8477 -854.8889 53819.7383
v  44661.8320 -856.8737 53818.1523
v  44657.7227 -852.7616 53820.8945
v  44643.2852 -856.8737 53818.1523
v  44649.6211 1910.3439 53821.6016
# 1016 vertices

vn 0.0000 0.0000 1.0000
vn 0.0000 0.0000 -1.0000
vn -1.0000 0.0000 -0.0000
vn 0.0000 1.0000 -0.0000
vn 1.0000 0.0000 -0.0000
vn 0.0000 -1.0000 -0.0000
vn -0.0991 -0.0991 -0.9901
vn -0.0991 0.0991 -0.9901
vn -0.0333 0.0333 -0.9989
vn -0.0333 -0.0333 -0.9989
vn -0.1962 -0.1962 -0.9607
vn -0.1962 0.1962 -0.9607
vn -0.3774 -0.3774 -0.8457
vn -0.3774 0.3774 -0.8457
vn -0.2896 0.2896 -0.9123
vn -0.2896 -0.2896 -0.9123
vn 0.0991 -0.0991 -0.9901
vn 0.0991 0.0991 -0.9901
vn 0.1962 0.1962 -0.9607
vn 0.1962 -0.1962 -0.9607
vn 0.0990 -0.0990 -0.9901
vn 0.0990 0.0990 -0.9901
vn 0.4955 0.4955 -0.7133
vn 0.4955 -0.4955 -0.7133
vn 0.4578 -0.4578 -0.7621
vn 0.4578 0.4578 -0.7621
vn 0.0333 0.0333 -0.9989
vn 0.0333 -0.0333 -0.9989
vn 0.2897 -0.2897 -0.9122
vn -0.2897 -0.2897 -0.9122
vn -0.2897 0.2897 -0.9122
vn 0.3774 -0.3774 -0.8457
vn -0.4578 -0.4578 -0.7621
vn -0.4578 0.4578 -0.7621
vn -0.0990 0.0990 -0.9901
vn 0.2896 -0.2896 -0.9123
vn 0.3774 0.3774 -0.8457
vn 0.2896 0.2896 -0.9123
vn 0.2897 0.2897 -0.9122
vn 0.0332 -0.0332 -0.9989
vn 0.0332 0.0332 -0.9989
vn -0.0990 -0.0990 -0.9901
vn -0.4955 -0.4955 -0.7133
vn -0.4955 0.4955 -0.7133
vn -0.0332 0.0332 -0.9989
vn -0.0332 -0.0332 -0.9989
vn -0.1978 0.1978 -0.9601
vn 0.1978 0.1978 -0.9601
vn 0.0998 0.0998 -0.9900
vn -0.0998 0.0998 -0.9900
vn -0.0335 0.0335 -0.9989
vn -0.0335 -0.0335 -0.9989
vn -0.0998 -0.0998 -0.9900
vn -0.1978 -0.1978 -0.9601
vn 0.3802 -0.3802 -0.8431
vn 0.3802 0.3802 -0.8431
vn 0.4610 0.4610 -0.7583
vn 0.4610 -0.4610 -0.7583
vn -0.4988 0.4988 -0.7088
vn 0.4988 0.4988 -0.7088
vn -0.4610 0.4610 -0.7583
vn -0.3802 0.3802 -0.8431
vn -0.3802 -0.3802 -0.8431
vn -0.2919 -0.2919 -0.9108
vn 0.2919 -0.2919 -0.9108
vn 0.2919 0.2919 -0.9108
vn -0.2919 0.2919 -0.9108
vn 0.4956 -0.4956 -0.7133
vn -0.4956 -0.4956 -0.7133
vn -0.4956 0.4956 -0.7133
vn 0.4956 0.4956 -0.7133
vn -0.2911 0.2911 -0.9113
vn -0.2911 -0.2911 -0.9113
vn -0.3793 -0.3793 -0.8440
vn -0.3793 0.3793 -0.8440
vn -0.4599 0.4599 -0.7596
vn -0.4599 -0.4599 -0.7596
vn -0.4977 -0.4977 -0.7103
vn -0.4977 0.4977 -0.7103
vn 0.4599 0.4599 -0.7596
vn 0.3793 0.3793 -0.8440
vn 0.3774 0.3774 -0.8456
vn 0.3774 -0.3774 -0.8456
vn -0.3774 0.3774 -0.8456
vn 0.0998 -0.0998 -0.9900
vn 0.1978 -0.1978 -0.9601
vn -0.3774 -0.3774 -0.8456
vn 0.4988 -0.4988 -0.7088
vn -0.4988 -0.4988 -0.7088
vn -0.4610 -0.4610 -0.7583
vn 0.0335 0.0335 -0.9989
vn 0.0335 -0.0335 -0.9989
vn 0.2911 0.2911 -0.9113
vn -0.2923 0.2923 -0.9106
vn 0.2923 0.2923 -0.9106
vn 0.1981 0.1981 -0.9600
vn -0.1981 0.1981 -0.9600
vn -0.1000 0.1000 -0.9900
vn -0.1000 -0.1000 -0.9900
vn -0.1981 -0.1981 -0.9600
vn 0.4616 -0.4616 -0.7576
vn -0.4616 -0.4616 -0.7576
vn -0.3807 -0.3807 -0.8427
vn 0.3807 -0.3807 -0.8427
vn -0.1971 0.1971 -0.9604
vn -0.1971 -0.1971 -0.9604
vn -0.2909 -0.2909 -0.9115
vn -0.2909 0.2909 -0.9115
vn 0.1971 -0.1971 -0.9604
vn -0.0995 -0.0995 -0.9901
vn 0.0995 -0.0995 -0.9901
vn -0.0336 0.0336 -0.9989
vn -0.0336 -0.0336 -0.9989
vn -0.3790 0.3790 -0.8442
vn -0.3790 -0.3790 -0.8442
vn -0.4596 -0.4596 -0.7599
vn -0.4596 0.4596 -0.7599
vn 0.1971 0.1971 -0.9604
vn 0.0995 0.0995 -0.9901
vn -0.0995 0.0995 -0.9901
vn -0.4994 0.4994 -0.7079
vn 0.4994 0.4994 -0.7079
vn 0.4616 0.4616 -0.7576
vn -0.4616 0.4616 -0.7576
vn 0.3807 0.3807 -0.8427
vn -0.3807 0.3807 -0.8427
vn 0.0343 0.0343 -0.9988
vn 0.0343 -0.0343 -0.9988
vn -0.0343 -0.0343 -0.9988
vn -0.0343 0.0343 -0.9988
vn 0.1020 -0.1020 -0.9895
vn -0.1020 -0.1020 -0.9895
vn -0.2020 -0.2020 -0.9583
vn 0.2020 -0.2020 -0.9583
vn 0.2979 -0.2979 -0.9069
vn -0.2979 -0.2979 -0.9069
vn 0.2909 -0.2909 -0.9115
vn 0.2909 0.2909 -0.9115
vn 0.3790 0.3790 -0.8442
vn 0.3790 -0.3790 -0.8442
vn 0.1000 0.1000 -0.9900
vn 0.1000 -0.1000 -0.9900
vn 0.0336 -0.0336 -0.9989
vn 0.1020 0.1020 -0.9895
vn -0.2923 -0.2923 -0.9106
vn 0.2923 -0.2923 -0.9106
vn 0.4994 -0.4994 -0.7079
vn -0.4994 -0.4994 -0.7079
vn 0.4596 -0.4596 -0.7599
vn 0.2979 0.2979 -0.9069
vn 0.2020 0.2020 -0.9583
vn 0.0336 0.0336 -0.9989
vn -0.2979 0.2979 -0.9069
vn -0.2020 0.2020 -0.9583
vn 0.0334 0.0334 -0.9989
vn -0.0334 0.0334 -0.9989
vn 0.4596 0.4596 -0.7599
vn 0.4974 0.4974 -0.7107
vn 0.4974 -0.4974 -0.7107
vn -0.4974 0.4974 -0.7107
vn 0.0334 -0.0334 -0.9989
vn -0.0334 -0.0334 -0.9989
vn -0.1020 0.1020 -0.9895
vn -0.4974 -0.4974 -0.7107
vn 0.1981 -0.1981 -0.9600
vn -0.4961 -0.4961 -0.7126
vn -0.4961 0.4961 -0.7126
vn -0.4583 0.4583 -0.7615
vn -0.4583 -0.4583 -0.7615
vn 0.4583 0.4583 -0.7615
vn 0.3779 0.3779 -0.8452
vn -0.3779 0.3779 -0.8452
vn -0.1972 0.1972 -0.9603
vn -0.1972 -0.1972 -0.9603
vn 0.4599 -0.4599 -0.7596
vn 0.4977 -0.4977 -0.7103
vn 0.1972 0.1972 -0.9603
vn 0.1972 -0.1972 -0.9603
vn 0.0996 -0.0996 -0.9900
vn 0.0996 0.0996 -0.9900
vn -0.0996 0.0996 -0.9900
vn -0.2900 0.2900 -0.9120
vn 0.2900 0.2900 -0.9120
vn 0.1965 0.1965 -0.9606
vn -0.1965 0.1965 -0.9606
vn 0.2900 -0.2900 -0.9120
vn 0.3779 -0.3779 -0.8452
vn 0.4694 0.4694 -0.7479
vn 0.4694 -0.4694 -0.7479
vn 0.3877 -0.3877 -0.8363
vn 0.3877 0.3877 -0.8363
vn 0.4583 -0.4583 -0.7615
vn 0.4961 0.4961 -0.7126
vn 0.4961 -0.4961 -0.7126
vn -0.3779 -0.3779 -0.8452
vn -0.2900 -0.2900 -0.9120
vn -0.3877 -0.3877 -0.8363
vn -0.5075 0.5075 -0.6963
vn 0.5075 0.5075 -0.6963
vn -0.4694 0.4694 -0.7479
vn 0.0992 -0.0992 -0.9901
vn -0.0992 -0.0992 -0.9901
vn -0.1965 -0.1965 -0.9606
vn 0.1965 -0.1965 -0.9606
vn -0.0992 0.0992 -0.9901
vn -0.0996 -0.0996 -0.9900
vn 0.2911 -0.2911 -0.9113
vn 0.3793 -0.3793 -0.8440
vn 0.0992 0.0992 -0.9901
vn 0.5075 -0.5075 -0.6963
vn -0.4694 -0.4694 -0.7479
vn -0.5075 -0.5075 -0.6963
vn -0.3877 0.3877 -0.8363
vn 0.4977 0.4977 -0.7103
vn 0.3775 0.3775 -0.8456
vn 0.3775 -0.3775 -0.8456
vn 0.1029 0.1029 -0.9893
vn 0.1029 -0.1029 -0.9893
vn 0.0346 -0.0346 -0.9988
vn 0.0346 0.0346 -0.9988
vn -0.2038 0.2038 -0.9576
vn 0.2038 0.2038 -0.9576
vn -0.1029 0.1029 -0.9893
vn 0.5110 0.5110 -0.6912
vn 0.5110 -0.5110 -0.6912
vn 0.4728 -0.4728 -0.7436
vn 0.4728 0.4728 -0.7436
vn 0.3907 0.3907 -0.8335
vn 0.3907 -0.3907 -0.8335
vn 0.3004 -0.3004 -0.9053
vn 0.3004 0.3004 -0.9053
vn -0.3907 -0.3907 -0.8335
vn -0.3907 0.3907 -0.8335
vn -0.3004 0.3004 -0.9053
vn -0.3004 -0.3004 -0.9053
vn -0.1029 -0.1029 -0.9893
vn -0.0346 0.0346 -0.9988
vn -0.0346 -0.0346 -0.9988
vn -0.2038 -0.2038 -0.9576
vn -0.4728 0.4728 -0.7436
vn -0.4728 -0.4728 -0.7436
vn -0.5110 -0.5110 -0.6912
vn 0.2038 -0.2038 -0.9576
vn -0.5110 0.5110 -0.6912
vn 0.4579 -0.4579 -0.7620
vn 0.4579 0.4579 -0.7620
vn 0.4957 0.4957 -0.7132
vn 0.4957 -0.4957 -0.7132
vn -0.4578 -0.4578 -0.7622
vn 0.4578 -0.4578 -0.7622
vn 0.4955 -0.4955 -0.7134
vn -0.4955 -0.4955 -0.7134
vn -0.4579 0.4579 -0.7620
vn -0.3775 0.3775 -0.8456
vn -0.3775 -0.3775 -0.8456
vn -0.4957 -0.4957 -0.7132
vn -0.4579 -0.4579 -0.7620
vn 0.4578 0.4578 -0.7622
vn -0.4578 0.4578 -0.7622
vn 0.4955 0.4955 -0.7134
vn -0.4955 0.4955 -0.7134
vn 0.4962 -0.4962 -0.7125
vn -0.4962 -0.4962 -0.7125
vn -0.4584 -0.4584 -0.7614
vn 0.4584 -0.4584 -0.7614
vn -0.4957 0.4957 -0.7132
vn 0.4584 0.4584 -0.7614
vn -0.4962 0.4962 -0.7125
vn 0.4962 0.4962 -0.7125
vn -0.4584 0.4584 -0.7614
vn 0.0988 -0.0988 -0.9902
vn -0.0988 -0.0988 -0.9902
vn 0.1958 -0.1958 -0.9609
vn -0.1958 -0.1958 -0.9609
vn -0.4570 -0.4570 -0.7631
vn 0.4570 -0.4570 -0.7631
vn 0.4947 -0.4947 -0.7145
vn -0.4947 -0.4947 -0.7145
vn -0.4579 0.4579 -0.7621
vn 0.4579 0.4579 -0.7621
vn 0.0338 -0.0338 -0.9989
vn 0.0338 0.0338 -0.9989
vn 0.1006 0.1006 -0.9898
vn 0.1006 -0.1006 -0.9898
vn -0.1958 0.1958 -0.9609
vn -0.0988 0.0988 -0.9902
vn 0.2890 0.2890 -0.9126
vn 0.2890 -0.2890 -0.9126
vn 0.1958 0.1958 -0.9609
vn -0.2890 -0.2890 -0.9126
vn -0.2890 0.2890 -0.9126
vn -0.2938 0.2938 -0.9096
vn 0.2938 0.2938 -0.9096
vn 0.1992 0.1992 -0.9595
vn -0.1992 0.1992 -0.9595
vn -0.2938 -0.2938 -0.9096
vn -0.1992 -0.1992 -0.9595
vn -0.1006 -0.1006 -0.9898
vn -0.1006 0.1006 -0.9898
vn -0.0338 0.0338 -0.9989
vn -0.0338 -0.0338 -0.9989
vn 0.2938 -0.2938 -0.9096
vn 0.3826 0.3826 -0.8409
vn 0.3826 -0.3826 -0.8409
vn -0.4947 0.4947 -0.7145
vn 0.4947 0.4947 -0.7145
vn 0.4570 0.4570 -0.7631
vn -0.4570 0.4570 -0.7631
vn 0.4637 0.4637 -0.7550
vn 0.4637 -0.4637 -0.7550
vn -0.4579 -0.4579 -0.7621
vn 0.3767 -0.3767 -0.8463
vn -0.3767 -0.3767 -0.8463
vn 0.5016 0.5016 -0.7048
vn 0.5016 -0.5016 -0.7048
vn -0.5016 -0.5016 -0.7048
vn -0.4637 -0.4637 -0.7550
vn -0.3767 0.3767 -0.8463
vn 0.3767 0.3767 -0.8463
vn 0.0988 0.0988 -0.9902
vn 0.1992 -0.1992 -0.9595
vn 0.4579 -0.4579 -0.7621
vn -0.4637 0.4637 -0.7550
vn -0.3826 0.3826 -0.8409
vn -0.3826 -0.3826 -0.8409
vn -0.5016 0.5016 -0.7048
# 326 vertex normals

vt 0.0000 1.0000 0.0000
vt 0.0000 0.0000 0.0000
vt 1.0000 0.0000 0.0000
vt 1.0000 1.0000 0.0000
vt 1.0000 0.0000 0.3333
vt 1.0000 1.0000 0.3333
vt 0.0000 1.0000 0.3333
vt 0.0000 0.0000 0.3333
vt 0.6667 1.0000 0.0000
vt 0.6667 0.0000 0.0000
vt 0.0000 0.0000 1.0000
vt 1.0000 0.0000 1.0000
vt 1.0000 0.3333 1.0000
vt 0.0000 0.3333 1.0000
vt 0.0000 1.0000 1.0000
vt 0.3333 0.0000 1.0000
vt 0.3333 1.0000 1.0000
vt 1.0000 0.3333 0.0000
vt 0.0000 0.3333 0.0000
vt 0.2382 0.0065 0.9803
vt 0.2382 0.9935 0.9803
vt 0.2362 0.9927 1.0000
vt 0.2362 0.0073 1.0000
vt 0.2401 0.0057 0.9218
vt 0.2401 0.9943 0.9218
vt 0.2159 0.0041 0.6936
vt 0.2159 0.9959 0.6936
vt 0.2142 0.9951 0.8256
vt 0.2142 0.0049 0.8256
vt 0.2340 0.0065 0.9803
vt 0.2340 0.9935 0.9803
vt 0.2321 0.9943 0.9218
vt 0.2321 0.0057 0.9218
vt 0.2043 0.9943 0.9218
vt 0.2043 0.0057 0.9218
vt 0.2063 0.0065 0.9803
vt 0.2063 0.9935 0.9803
vt 0.1978 0.9971 0.3333
vt 0.1978 0.0029 0.3333
vt 0.1992 0.0035 0.5284
vt 0.1992 0.9965 0.5284
vt 0.2360 0.9927 1.0000
vt 0.2360 0.0073 1.0000
vt 0.2303 0.0049 0.8256
vt 0.2419 0.0049 0.8256
vt 0.2419 0.9951 0.8256
vt 0.2123 0.9943 0.9218
vt 0.2123 0.0057 0.9218
vt 0.2008 0.0041 0.6936
vt 0.2175 0.0035 0.5284
vt 0.2175 0.9965 0.5284
vt 0.2104 0.9935 0.9803
vt 0.2025 0.0049 0.8256
vt 0.2008 0.9959 0.6936
vt 0.2025 0.9951 0.8256
vt 0.2303 0.9951 0.8256
vt 0.2082 0.0073 1.0000
vt 0.2082 0.9927 1.0000
vt 0.2104 0.0065 0.9803
vt 0.2189 0.0029 0.3333
vt 0.2189 0.9971 0.3333
vt 0.2084 0.9927 1.0000
vt 0.2084 0.0073 1.0000
vt 0.1846 0.9944 0.9218
vt 0.1765 0.9944 0.9218
vt 0.1784 0.9935 0.9803
vt 0.1827 0.9935 0.9803
vt 0.1808 0.9927 1.0000
vt 0.1808 0.0073 1.0000
vt 0.1827 0.0065 0.9803
vt 0.1846 0.0056 0.9218
vt 0.1507 0.9935 0.9803
vt 0.1507 0.0065 0.9803
vt 0.1527 0.0073 1.0000
vt 0.1527 0.9927 1.0000
vt 0.1730 0.0041 0.6934
vt 0.1730 0.9959 0.6934
vt 0.1714 0.9965 0.5283
vt 0.1714 0.0035 0.5283
vt 0.1911 0.9971 0.3333
vt 0.1700 0.9971 0.3333
vt 0.1897 0.9965 0.5283
vt 0.1882 0.9959 0.6934
vt 0.1568 0.0057 0.9218
vt 0.1488 0.0057 0.9218
vt 0.1469 0.0049 0.8256
vt 0.1586 0.0049 0.8256
vt 0.1568 0.9943 0.9218
vt 0.1586 0.9951 0.8256
vt 0.1882 0.0041 0.6934
vt 0.1864 0.0049 0.8255
vt 0.1747 0.0049 0.8255
vt 0.1747 0.9951 0.8255
vt 0.1864 0.9951 0.8255
vt 0.1619 0.0035 0.5284
vt 0.1436 0.0035 0.5284
vt 0.1422 0.0029 0.3333
vt 0.1633 0.0029 0.3333
vt 0.1529 0.0073 1.0000
vt 0.1529 0.9927 1.0000
vt 0.1548 0.0065 0.9803
vt 0.1633 0.9971 0.3333
vt 0.1422 0.9971 0.3333
vt 0.1436 0.9965 0.5284
vt 0.1619 0.9965 0.5284
vt 0.1548 0.9935 0.9803
vt 0.1309 0.9951 0.8255
vt 0.1309 0.0049 0.8255
vt 0.1326 0.0041 0.6935
vt 0.1326 0.9959 0.6935
vt 0.1342 0.9965 0.5283
vt 0.1342 0.0035 0.5283
vt 0.1356 0.0029 0.3333
vt 0.1356 0.9971 0.3333
vt 0.1488 0.9943 0.9218
vt 0.1158 0.9965 0.5283
vt 0.1174 0.9959 0.6935
vt 0.1452 0.9959 0.6936
vt 0.1452 0.0041 0.6936
vt 0.1469 0.9951 0.8256
vt 0.1603 0.9959 0.6936
vt 0.1784 0.0065 0.9803
vt 0.1765 0.0056 0.9218
vt 0.1603 0.0041 0.6936
vt 0.1700 0.0029 0.3333
vt 0.1911 0.0029 0.3333
vt 0.1897 0.0035 0.5283
vt 0.1804 0.9927 1.0000
vt 0.1804 0.0073 1.0000
vt 0.1191 0.9951 0.8255
vt 0.9133 0.0029 0.3333
vt 0.9133 0.9971 0.3333
vt 0.8922 0.9971 0.3333
vt 0.8922 0.0029 0.3333
vt 0.8578 0.0029 0.3333
vt 0.8578 0.9971 0.3333
vt 0.8367 0.9971 0.3333
vt 0.8367 0.0029 0.3333
vt 0.8300 0.0029 0.3333
vt 0.8300 0.9971 0.3333
vt 0.8089 0.9971 0.3333
vt 0.8089 0.0029 0.3333
vt 0.8856 0.0029 0.3333
vt 0.8856 0.9971 0.3333
vt 0.8644 0.9971 0.3333
vt 0.8644 0.0029 0.3333
vt 0.9411 0.0029 0.3333
vt 0.9411 0.9971 0.3333
vt 0.9200 0.9971 0.3333
vt 0.9200 0.0029 0.3333
vt 0.9689 0.0029 0.3333
vt 0.9689 0.9971 0.3333
vt 0.9478 0.9971 0.3333
vt 0.9478 0.0029 0.3333
vt 0.9756 0.9971 0.3333
vt 0.9756 0.0029 0.3333
vt 0.9967 0.0029 0.3333
vt 0.9967 0.9971 0.3333
vt 0.0476 0.9951 0.8255
vt 0.0358 0.9951 0.8255
vt 0.0376 0.9944 0.9217
vt 0.0457 0.9944 0.9217
vt 0.0438 0.9935 0.9803
vt 0.0438 0.0065 0.9803
vt 0.0457 0.0056 0.9217
vt 0.0325 0.0034 0.5282
vt 0.0508 0.0034 0.5282
vt 0.0493 0.0041 0.6934
vt 0.0341 0.0041 0.6934
vt 0.0179 0.9943 0.9218
vt 0.0179 0.0057 0.9218
vt 0.0198 0.0049 0.8255
vt 0.0198 0.9951 0.8255
vt 0.0099 0.0057 0.9218
vt 0.0160 0.0065 0.9803
vt 0.0118 0.0065 0.9803
vt 0.0419 0.9927 1.0000
vt 0.0419 0.0073 1.0000
vt 0.0215 0.9959 0.6935
vt 0.0215 0.0041 0.6935
vt 0.0231 0.0035 0.5283
vt 0.0231 0.9965 0.5283
vt 0.0099 0.9943 0.9218
vt 0.0118 0.9935 0.9803
vt 0.0160 0.9935 0.9803
vt 0.0522 0.9971 0.3333
vt 0.0311 0.9971 0.3333
vt 0.0325 0.9966 0.5282
vt 0.0508 0.9966 0.5282
vt 0.0341 0.9959 0.6934
vt 0.0493 0.9959 0.6934
vt 0.0690 0.9928 1.0000
vt 0.0690 0.0072 1.0000
vt 0.0699 0.0072 1.0000
vt 0.0699 0.9928 1.0000
vt 0.0671 0.0064 0.9803
vt 0.0718 0.0064 0.9803
vt 0.0737 0.0056 0.9216
vt 0.0652 0.0056 0.9216
vt 0.0634 0.0048 0.8251
vt 0.0755 0.0048 0.8251
vt 0.0080 0.0049 0.8255
vt 0.0080 0.9951 0.8255
vt 0.0063 0.9959 0.6935
vt 0.0063 0.0041 0.6935
vt 0.0395 0.9935 0.9803
vt 0.0395 0.0065 0.9803
vt 0.0415 0.0073 1.0000
vt 0.0671 0.9936 0.9803
vt 0.0476 0.0049 0.8255
vt 0.0358 0.0049 0.8255
vt 0.0311 0.0029 0.3333
vt 0.0522 0.0029 0.3333
vt 0.0047 0.0035 0.5283
vt 0.0634 0.9952 0.8251
vt 0.0652 0.9944 0.9216
vt 0.0415 0.9927 1.0000
vt 0.0755 0.9952 0.8251
vt 0.0737 0.9944 0.9216
vt 0.0137 0.9927 1.0000
vt 0.0140 0.9927 1.0000
vt 0.0047 0.9965 0.5283
vt 0.0033 0.9971 0.3333
vt 0.0033 0.0029 0.3333
vt 0.0244 0.9971 0.3333
vt 0.0137 0.0073 1.0000
vt 0.0140 0.0073 1.0000
vt 0.0718 0.9936 0.9803
vt 0.0244 0.0029 0.3333
vt 0.0376 0.0056 0.9217
vt 0.1078 0.0029 0.3333
vt 0.1078 0.9971 0.3333
vt 0.1064 0.9965 0.5284
vt 0.1064 0.0035 0.5284
vt 0.0881 0.9965 0.5284
vt 0.0896 0.9959 0.6936
vt 0.1048 0.9959 0.6936
vt 0.1290 0.9943 0.9218
vt 0.1290 0.0057 0.9218
vt 0.1158 0.0035 0.5283
vt 0.1144 0.0029 0.3333
vt 0.1210 0.9943 0.9218
vt 0.1210 0.0057 0.9218
vt 0.1229 0.0065 0.9803
vt 0.1229 0.9935 0.9803
vt 0.1271 0.9935 0.9803
vt 0.1248 0.9927 1.0000
vt 0.1252 0.9927 1.0000
vt 0.1031 0.9951 0.8256
vt 0.0914 0.9951 0.8256
vt 0.0932 0.9943 0.9218
vt 0.1012 0.9943 0.9218
vt 0.0914 0.0049 0.8256
vt 0.0896 0.0041 0.6936
vt 0.0602 0.9966 0.5278
vt 0.0602 0.0034 0.5278
vt 0.0617 0.0041 0.6929
vt 0.0617 0.9959 0.6929
vt 0.0881 0.0035 0.5284
vt 0.0867 0.9971 0.3333
vt 0.0867 0.0029 0.3333
vt 0.1048 0.0041 0.6936
vt 0.1031 0.0049 0.8256
vt 0.1248 0.0073 1.0000
vt 0.1252 0.0073 1.0000
vt 0.0771 0.0041 0.6929
vt 0.0800 0.9971 0.3333
vt 0.0589 0.9971 0.3333
vt 0.0787 0.9966 0.5278
vt 0.0951 0.0065 0.9803
vt 0.0993 0.0065 0.9803
vt 0.0973 0.0073 1.0000
vt 0.0971 0.0073 1.0000
vt 0.1012 0.0057 0.9218
vt 0.0932 0.0057 0.9218
vt 0.0993 0.9935 0.9803
vt 0.1271 0.0065 0.9803
vt 0.1191 0.0049 0.8255
vt 0.1174 0.0041 0.6935
vt 0.0951 0.9935 0.9803
vt 0.0971 0.9927 1.0000
vt 0.0973 0.9927 1.0000
vt 0.0589 0.0029 0.3333
vt 0.0787 0.0034 0.5278
vt 0.0800 0.0029 0.3333
vt 0.0771 0.9959 0.6929
vt 0.1144 0.9971 0.3333
vt 0.2285 0.9959 0.6936
vt 0.2285 0.0041 0.6936
vt 0.8022 0.0029 0.3333
vt 0.8022 0.9971 0.3333
vt 0.7811 0.9971 0.3333
vt 0.7811 0.0029 0.3333
vt 0.7744 0.9971 0.3333
vt 0.7533 0.9971 0.3333
vt 0.7467 0.9971 0.3333
vt 0.7533 0.0029 0.3333
vt 0.7256 0.9971 0.3333
vt 0.7189 0.9971 0.3333
vt 0.7256 0.0029 0.3333
vt 0.6978 0.9971 0.3333
vt 0.6911 0.9971 0.3333
vt 0.6978 0.0029 0.3333
vt 0.6700 0.9971 0.3333
vt 0.6633 0.9971 0.3333
vt 0.6700 0.0029 0.3333
vt 0.6422 0.9971 0.3333
vt 0.6356 0.9971 0.3333
vt 0.6422 0.0029 0.3333
vt 0.6144 0.9971 0.3333
vt 0.6078 0.9971 0.3333
vt 0.6144 0.0029 0.3333
vt 0.5867 0.9971 0.3333
vt 0.5800 0.9971 0.3333
vt 0.5867 0.0029 0.3333
vt 0.5589 0.9971 0.3333
vt 0.5522 0.9971 0.3333
vt 0.5589 0.0029 0.3333
vt 0.5311 0.9971 0.3333
vt 0.5244 0.9971 0.3333
vt 0.5311 0.0029 0.3333
vt 0.5033 0.9971 0.3333
vt 0.4967 0.9971 0.3333
vt 0.5033 0.0029 0.3333
vt 0.4756 0.9971 0.3333
vt 0.4689 0.9971 0.3333
vt 0.4756 0.0029 0.3333
vt 0.4478 0.9971 0.3333
vt 0.4411 0.9971 0.3333
vt 0.4478 0.0029 0.3333
vt 0.4200 0.9971 0.3333
vt 0.4133 0.9971 0.3333
vt 0.4200 0.0029 0.3333
vt 0.3922 0.9971 0.3333
vt 0.3856 0.9971 0.3333
vt 0.3922 0.0029 0.3333
vt 0.3644 0.9971 0.3333
vt 0.3578 0.9971 0.3333
vt 0.3644 0.0029 0.3333
vt 0.3367 0.9971 0.3333
vt 0.3300 0.9971 0.3333
vt 0.3367 0.0029 0.3333
vt 0.3089 0.9971 0.3333
vt 0.3022 0.9971 0.3333
vt 0.3089 0.0029 0.3333
vt 0.2811 0.9971 0.3333
vt 0.2744 0.9971 0.3333
vt 0.2811 0.0029 0.3333
vt 0.2533 0.9971 0.3333
vt 0.2467 0.9971 0.3333
vt 0.2533 0.0029 0.3333
vt 0.2256 0.9971 0.3333
vt 0.2256 0.0029 0.3333
vt 0.7744 0.0029 0.3333
vt 0.7467 0.0029 0.3333
vt 0.7189 0.0029 0.3333
vt 0.6911 0.0029 0.3333
vt 0.6633 0.0029 0.3333
vt 0.6356 0.0029 0.3333
vt 0.6078 0.0029 0.3333
vt 0.5800 0.0029 0.3333
vt 0.5522 0.0029 0.3333
vt 0.5244 0.0029 0.3333
vt 0.4967 0.0029 0.3333
vt 0.4689 0.0029 0.3333
vt 0.4411 0.0029 0.3333
vt 0.4133 0.0029 0.3333
vt 0.3856 0.0029 0.3333
vt 0.3578 0.0029 0.3333
vt 0.3300 0.0029 0.3333
vt 0.3022 0.0029 0.3333
vt 0.2744 0.0029 0.3333
vt 0.2467 0.0029 0.3333
vt 0.4837 0.9937 0.9803
vt 0.4837 0.0063 0.9803
vt 0.4856 0.0071 1.0000
vt 0.4856 0.9929 1.0000
vt 0.4904 0.9945 0.9215
vt 0.4818 0.9945 0.9215
vt 0.4886 0.9937 0.9803
vt 0.4491 0.0034 0.5277
vt 0.4491 0.9966 0.5277
vt 0.4228 0.9959 0.6928
vt 0.4228 0.0041 0.6928
vt 0.4245 0.0048 0.8250
vt 0.4245 0.9952 0.8250
vt 0.4661 0.0041 0.6928
vt 0.4661 0.9959 0.6928
vt 0.4644 0.9952 0.8250
vt 0.4644 0.0048 0.8250
vt 0.4608 0.0063 0.9803
vt 0.4608 0.9937 0.9803
vt 0.4589 0.9929 1.0000
vt 0.4589 0.0071 1.0000
vt 0.4867 0.9929 1.0000
vt 0.4867 0.0071 1.0000
vt 0.4886 0.0063 0.9803
vt 0.4904 0.0055 0.9215
vt 0.4676 0.9966 0.5277
vt 0.4506 0.9959 0.6928
vt 0.4954 0.0034 0.5277
vt 0.4769 0.0034 0.5277
vt 0.4769 0.9966 0.5277
vt 0.4784 0.0041 0.6928
vt 0.4784 0.9959 0.6928
vt 0.5133 0.9929 1.0000
vt 0.5133 0.0071 1.0000
vt 0.5144 0.0071 1.0000
vt 0.5144 0.9929 1.0000
vt 0.5114 0.0063 0.9803
vt 0.5114 0.9937 0.9803
vt 0.5096 0.9945 0.9215
vt 0.5096 0.0055 0.9215
vt 0.4626 0.9945 0.9215
vt 0.4540 0.9945 0.9215
vt 0.4559 0.9937 0.9803
vt 0.4366 0.9952 0.8250
vt 0.4366 0.0048 0.8250
vt 0.4383 0.0041 0.6928
vt 0.4383 0.9959 0.6928
vt 0.4578 0.0071 1.0000
vt 0.4559 0.0063 0.9803
vt 0.4818 0.0055 0.9215
vt 0.4922 0.9952 0.8250
vt 0.4800 0.9952 0.8250
vt 0.4939 0.0041 0.6928
vt 0.4922 0.0048 0.8250
vt 0.4540 0.0055 0.9215
vt 0.4523 0.9952 0.8250
vt 0.4506 0.0041 0.6928
vt 0.4954 0.9966 0.5277
vt 0.4676 0.0034 0.5277
vt 0.4626 0.0055 0.9215
vt 0.4523 0.0048 0.8250
vt 0.4800 0.0048 0.8250
vt 0.4578 0.9929 1.0000
vt 0.4939 0.9959 0.6928
vt 0.5078 0.9952 0.8250
vt 0.5078 0.0048 0.8250
vt 0.5200 0.0048 0.8250
vt 0.5182 0.0055 0.9215
vt 0.5163 0.0063 0.9803
vt 0.4398 0.9966 0.5277
vt 0.4398 0.0034 0.5277
vt 0.4213 0.9966 0.5277
vt 0.5163 0.9937 0.9803
vt 0.5046 0.0034 0.5277
vt 0.5046 0.9966 0.5277
vt 0.5411 0.0071 1.0000
vt 0.5411 0.9929 1.0000
vt 0.5392 0.9937 0.9803
vt 0.5392 0.0063 0.9803
vt 0.5231 0.9966 0.5277
vt 0.5061 0.9959 0.6928
vt 0.5216 0.9959 0.6928
vt 0.5441 0.0063 0.9803
vt 0.5422 0.0071 1.0000
vt 0.5324 0.9966 0.5277
vt 0.5509 0.9966 0.5277
vt 0.5477 0.9952 0.8250
vt 0.5477 0.0048 0.8250
vt 0.5494 0.0041 0.6928
vt 0.5494 0.9959 0.6928
vt 0.5719 0.0063 0.9803
vt 0.5670 0.0063 0.9803
vt 0.5651 0.0055 0.9215
vt 0.5738 0.0055 0.9215
vt 0.5061 0.0041 0.6928
vt 0.5356 0.0048 0.8250
vt 0.5460 0.0055 0.9215
vt 0.5374 0.0055 0.9215
vt 0.5231 0.0034 0.5277
vt 0.5216 0.0041 0.6928
vt 0.5200 0.9952 0.8250
vt 0.5182 0.9945 0.9215
vt 0.5339 0.0041 0.6928
vt 0.5339 0.9959 0.6928
vt 0.5324 0.0034 0.5277
vt 0.5700 0.0071 1.0000
vt 0.5689 0.0071 1.0000
vt 0.5356 0.9952 0.8250
vt 0.5634 0.0048 0.8250
vt 0.5755 0.0048 0.8250
vt 0.5755 0.9952 0.8250
vt 0.5634 0.9952 0.8250
vt 0.5651 0.9945 0.9215
vt 0.5738 0.9945 0.9215
vt 0.5719 0.9937 0.9803
vt 0.5670 0.9937 0.9803
vt 0.5689 0.9929 1.0000
vt 0.5700 0.9929 1.0000
vt 0.5617 0.0041 0.6928
vt 0.5772 0.0041 0.6928
vt 0.5441 0.9937 0.9803
vt 0.5460 0.9945 0.9215
vt 0.5602 0.0034 0.5277
vt 0.5787 0.0034 0.5277
vt 0.5602 0.9966 0.5277
vt 0.5617 0.9959 0.6928
vt 0.5787 0.9966 0.5277
vt 0.5374 0.9945 0.9215
vt 0.5509 0.0034 0.5277
vt 0.5422 0.9929 1.0000
vt 0.5772 0.9959 0.6928
vt 0.5948 0.0063 0.9803
vt 0.5997 0.0063 0.9803
vt 0.5978 0.0071 1.0000
vt 0.5967 0.0071 1.0000
vt 0.6293 0.9945 0.9215
vt 0.6207 0.9945 0.9215
vt 0.6225 0.9937 0.9803
vt 0.6275 0.9937 0.9803
vt 0.6158 0.0034 0.5277
vt 0.6158 0.9966 0.5277
vt 0.6256 0.9929 1.0000
vt 0.6256 0.0071 1.0000
vt 0.6275 0.0063 0.9803
vt 0.6342 0.9966 0.5277
vt 0.6342 0.0034 0.5277
vt 0.6467 0.0048 0.8250
vt 0.6589 0.0048 0.8250
vt 0.6571 0.0055 0.9215
vt 0.6485 0.0055 0.9215
vt 0.6033 0.9952 0.8250
vt 0.6033 0.0048 0.8250
vt 0.6050 0.0041 0.6928
vt 0.6050 0.9959 0.6928
vt 0.5929 0.0055 0.9215
vt 0.5929 0.9945 0.9215
vt 0.5911 0.9952 0.8250
vt 0.5911 0.0048 0.8250
vt 0.6552 0.0063 0.9803
vt 0.6503 0.0063 0.9803
vt 0.5895 0.0041 0.6928
vt 0.5895 0.9959 0.6928
vt 0.5880 0.9966 0.5277
vt 0.5880 0.0034 0.5277
vt 0.6533 0.0071 1.0000
vt 0.6522 0.0071 1.0000
vt 0.6207 0.0055 0.9215
vt 0.6293 0.0055 0.9215
vt 0.6225 0.0063 0.9803
vt 0.6327 0.0041 0.6928
vt 0.6173 0.0041 0.6928
vt 0.6015 0.0055 0.9215
vt 0.5978 0.9929 1.0000
vt 0.5997 0.9937 0.9803
vt 0.6189 0.9952 0.8250
vt 0.6189 0.0048 0.8250
vt 0.6065 0.9966 0.5277
vt 0.6244 0.0071 1.0000
vt 0.6244 0.9929 1.0000
vt 0.6311 0.9952 0.8250
vt 0.5967 0.9929 1.0000
vt 0.5948 0.9937 0.9803
vt 0.6015 0.9945 0.9215
vt 0.6065 0.0034 0.5277
vt 0.6522 0.9929 1.0000
vt 0.6503 0.9937 0.9803
vt 0.6311 0.0048 0.8250
vt 0.6327 0.9959 0.6928
vt 0.6485 0.9945 0.9215
vt 0.6467 0.9952 0.8250
vt 0.6173 0.9959 0.6928
vt 0.6589 0.9952 0.8250
vt 0.6571 0.9945 0.9215
vt 0.6552 0.9937 0.9803
vt 0.6533 0.9929 1.0000
vt 0.2270 0.0035 0.5284
vt 0.2270 0.9965 0.5284
vt 0.2679 0.0057 0.9218
vt 0.2599 0.0057 0.9218
vt 0.2581 0.0049 0.8256
vt 0.2697 0.0049 0.8256
vt 0.2730 0.0035 0.5284
vt 0.2547 0.0035 0.5284
vt 0.2453 0.9965 0.5284
vt 0.2437 0.9959 0.6936
vt 0.2975 0.9951 0.8256
vt 0.2858 0.9951 0.8256
vt 0.2877 0.9943 0.9218
vt 0.2957 0.9943 0.9218
vt 0.2437 0.0041 0.6936
vt 0.2660 0.9935 0.9803
vt 0.2618 0.9935 0.9803
vt 0.2638 0.9927 1.0000
vt 0.2640 0.9927 1.0000
vt 0.2453 0.0035 0.5284
vt 0.2581 0.9951 0.8256
vt 0.2599 0.9943 0.9218
vt 0.2547 0.9965 0.5284
vt 0.2563 0.0041 0.6936
vt 0.2563 0.9959 0.6936
vt 0.2618 0.0065 0.9803
vt 0.2638 0.0073 1.0000
vt 0.2937 0.9935 0.9803
vt 0.2896 0.9935 0.9803
vt 0.2915 0.9927 1.0000
vt 0.2918 0.9927 1.0000
vt 0.2957 0.0057 0.9218
vt 0.2937 0.0065 0.9803
vt 0.2896 0.0065 0.9803
vt 0.2877 0.0057 0.9218
vt 0.2730 0.9965 0.5284
vt 0.2715 0.9959 0.6936
vt 0.2640 0.0073 1.0000
vt 0.2715 0.0041 0.6936
vt 0.2975 0.0049 0.8256
vt 0.3008 0.0035 0.5284
vt 0.2825 0.0035 0.5284
vt 0.2679 0.9943 0.9218
vt 0.2858 0.0049 0.8256
vt 0.2918 0.0073 1.0000
vt 0.2915 0.0073 1.0000
vt 0.2697 0.9951 0.8256
vt 0.2660 0.0065 0.9803
vt 0.2841 0.0041 0.6936
vt 0.2841 0.9959 0.6936
vt 0.2825 0.9965 0.5284
vt 0.2992 0.0041 0.6936
vt 0.3008 0.9965 0.5284
vt 0.2992 0.9959 0.6936
vt 0.3194 0.9927 1.0000
vt 0.3194 0.0073 1.0000
vt 0.3195 0.0073 1.0000
vt 0.3195 0.9927 1.0000
vt 0.3174 0.0065 0.9804
vt 0.3215 0.0065 0.9804
vt 0.3155 0.0057 0.9219
vt 0.3234 0.0057 0.9219
vt 0.3286 0.0035 0.5284
vt 0.3103 0.0035 0.5284
vt 0.3493 0.9935 0.9804
vt 0.3452 0.9935 0.9804
vt 0.3471 0.9927 1.0000
vt 0.3473 0.9927 1.0000
vt 0.3493 0.0065 0.9804
vt 0.3473 0.0073 1.0000
vt 0.3432 0.0057 0.9218
vt 0.3512 0.0057 0.9218
vt 0.3452 0.0065 0.9804
vt 0.3564 0.9965 0.5284
vt 0.3381 0.9965 0.5284
vt 0.3397 0.9959 0.6936
vt 0.3548 0.9959 0.6936
vt 0.3747 0.0073 1.0000
vt 0.3747 0.9927 1.0000
vt 0.3728 0.9936 0.9803
vt 0.3728 0.0064 0.9803
vt 0.3234 0.9943 0.9219
vt 0.3215 0.9935 0.9804
vt 0.3136 0.9951 0.8256
vt 0.3136 0.0049 0.8256
vt 0.3155 0.9943 0.9219
vt 0.3253 0.0049 0.8257
vt 0.3253 0.9951 0.8257
vt 0.3809 0.9952 0.8254
vt 0.3691 0.9952 0.8254
vt 0.3709 0.9944 0.9217
vt 0.3791 0.9944 0.9217
vt 0.3809 0.0048 0.8254
vt 0.3791 0.0056 0.9217
vt 0.3772 0.0064 0.9803
vt 0.3772 0.9936 0.9803
vt 0.3753 0.9927 1.0000
vt 0.3753 0.0073 1.0000
vt 0.3691 0.0048 0.8254
vt 0.3674 0.9959 0.6933
vt 0.3674 0.0041 0.6933
vt 0.3103 0.9965 0.5284
vt 0.3286 0.9965 0.5284
vt 0.3658 0.9966 0.5281
vt 0.3658 0.0034 0.5281
vt 0.3512 0.9943 0.9218
vt 0.3432 0.9943 0.9218
vt 0.3564 0.0035 0.5284
vt 0.3548 0.0041 0.6936
vt 0.3119 0.0041 0.6936
vt 0.3270 0.0041 0.6936
vt 0.3842 0.0034 0.5281
vt 0.3270 0.9959 0.6936
vt 0.3119 0.9959 0.6936
vt 0.3174 0.9935 0.9804
vt 0.3414 0.0049 0.8256
vt 0.3414 0.9951 0.8256
vt 0.3397 0.0041 0.6936
vt 0.3531 0.9951 0.8256
vt 0.3531 0.0049 0.8256
vt 0.3709 0.0056 0.9217
vt 0.3471 0.0073 1.0000
vt 0.3381 0.0035 0.5284
vt 0.3842 0.9966 0.5281
vt 0.3826 0.9959 0.6933
vt 0.3967 0.0048 0.8250
vt 0.4089 0.0048 0.8250
vt 0.4071 0.0055 0.9215
vt 0.3985 0.0055 0.9215
vt 0.3826 0.0041 0.6933
vt 0.4022 0.9929 1.0000
vt 0.4022 0.0071 1.0000
vt 0.4033 0.0071 1.0000
vt 0.4033 0.9929 1.0000
vt 0.3935 0.0034 0.5277
vt 0.3935 0.9966 0.5277
vt 0.3950 0.0041 0.6928
vt 0.4105 0.0041 0.6928
vt 0.4120 0.9966 0.5277
vt 0.3950 0.9959 0.6928
vt 0.4105 0.9959 0.6928
vt 0.4089 0.9952 0.8250
vt 0.4120 0.0034 0.5277
vt 0.4071 0.9945 0.9215
vt 0.4300 0.9929 1.0000
vt 0.4300 0.0071 1.0000
vt 0.4311 0.0071 1.0000
vt 0.4311 0.9929 1.0000
vt 0.4330 0.0063 0.9803
vt 0.4281 0.0063 0.9803
vt 0.4262 0.0055 0.9215
vt 0.4349 0.0055 0.9215
vt 0.4262 0.9945 0.9215
vt 0.4281 0.9937 0.9803
vt 0.3967 0.9952 0.8250
vt 0.4003 0.9937 0.9803
vt 0.4003 0.0063 0.9803
vt 0.3985 0.9945 0.9215
vt 0.4349 0.9945 0.9215
vt 0.4330 0.9937 0.9803
vt 0.4052 0.9937 0.9803
vt 0.4052 0.0063 0.9803
vt 0.4213 0.0034 0.5277
vt 0.9213 0.9966 0.5277
vt 0.9213 0.0034 0.5277
vt 0.9228 0.0041 0.6928
vt 0.9228 0.9959 0.6928
vt 0.9644 0.0048 0.8250
vt 0.9644 0.9952 0.8250
vt 0.9626 0.9945 0.9215
vt 0.9626 0.0055 0.9215
vt 0.9589 0.0071 1.0000
vt 0.9578 0.0071 1.0000
vt 0.9559 0.0063 0.9803
vt 0.9608 0.0063 0.9803
vt 0.9608 0.9937 0.9803
vt 0.9506 0.9959 0.6928
vt 0.9506 0.0041 0.6928
vt 0.9523 0.0048 0.8250
vt 0.9523 0.9952 0.8250
vt 0.9676 0.9966 0.5277
vt 0.9676 0.0034 0.5277
vt 0.9886 0.0063 0.9803
vt 0.9886 0.9937 0.9803
vt 0.9867 0.9929 1.0000
vt 0.9867 0.0071 1.0000
vt 0.9818 0.0055 0.9215
vt 0.9904 0.0055 0.9215
vt 0.9837 0.0063 0.9803
vt 0.9856 0.0071 1.0000
vt 0.9800 0.0048 0.8250
vt 0.9800 0.9952 0.8250
vt 0.9784 0.9959 0.6928
vt 0.9784 0.0041 0.6928
vt 0.9398 0.0034 0.5277
vt 0.9398 0.9966 0.5277
vt 0.9383 0.9959 0.6928
vt 0.9383 0.0041 0.6928
vt 0.9540 0.9945 0.9215
vt 0.9589 0.9929 1.0000
vt 0.9578 0.9929 1.0000
vt 0.9769 0.9966 0.5277
vt 0.9769 0.0034 0.5277
vt 0.9281 0.9937 0.9803
vt 0.9281 0.0063 0.9803
vt 0.9300 0.0071 1.0000
vt 0.9300 0.9929 1.0000
vt 0.9837 0.9937 0.9803
vt 0.9818 0.9945 0.9215
vt 0.9856 0.9929 1.0000
vt 0.9954 0.9966 0.5277
vt 0.9559 0.9937 0.9803
vt 0.9366 0.9952 0.8250
vt 0.9366 0.0048 0.8250
vt 0.9245 0.9952 0.8250
vt 0.9245 0.0048 0.8250
vt 0.9262 0.0055 0.9215
vt 0.9262 0.9945 0.9215
vt 0.9491 0.9966 0.5277
vt 0.9491 0.0034 0.5277
vt 0.9661 0.0041 0.6928
vt 0.9349 0.0055 0.9215
vt 0.9349 0.9945 0.9215
vt 0.9330 0.9937 0.9803
vt 0.9330 0.0063 0.9803
vt 0.9540 0.0055 0.9215
vt 0.9661 0.9959 0.6928
vt 0.9311 0.0071 1.0000
vt 0.9311 0.9929 1.0000
vt 0.9922 0.9952 0.8250
vt 0.9904 0.9945 0.9215
vt 0.9922 0.0048 0.8250
vt 0.9939 0.9959 0.6928
vt 0.9954 0.0034 0.5277
vt 0.9939 0.0041 0.6928
vt 0.6866 0.0048 0.8250
vt 0.6745 0.0048 0.8250
vt 0.6728 0.0041 0.6928
vt 0.6883 0.0041 0.6928
vt 0.6713 0.9966 0.5277
vt 0.6898 0.9966 0.5277
vt 0.6830 0.0063 0.9803
vt 0.6781 0.0063 0.9803
vt 0.6762 0.0055 0.9215
vt 0.6849 0.0055 0.9215
vt 0.6728 0.9959 0.6928
vt 0.6745 0.9952 0.8250
vt 0.7078 0.9929 1.0000
vt 0.7078 0.0071 1.0000
vt 0.7089 0.0071 1.0000
vt 0.7089 0.9929 1.0000
vt 0.6830 0.9937 0.9803
vt 0.6781 0.9937 0.9803
vt 0.6800 0.9929 1.0000
vt 0.6811 0.9929 1.0000
vt 0.6435 0.0034 0.5277
vt 0.6435 0.9966 0.5277
vt 0.6620 0.9966 0.5277
vt 0.6620 0.0034 0.5277
vt 0.6450 0.0041 0.6928
vt 0.6450 0.9959 0.6928
vt 0.6713 0.0034 0.5277
vt 0.6898 0.0034 0.5277
vt 0.6605 0.0041 0.6928
vt 0.6605 0.9959 0.6928
vt 0.6762 0.9945 0.9215
vt 0.7108 0.0063 0.9803
vt 0.7059 0.0063 0.9803
vt 0.7040 0.0055 0.9215
vt 0.7126 0.0055 0.9215
vt 0.6866 0.9952 0.8250
vt 0.6849 0.9945 0.9215
vt 0.7023 0.0048 0.8250
vt 0.7144 0.0048 0.8250
vt 0.7040 0.9945 0.9215
vt 0.7059 0.9937 0.9803
vt 0.7108 0.9937 0.9803
vt 0.6800 0.0071 1.0000
vt 0.7023 0.9952 0.8250
vt 0.6883 0.9959 0.6928
vt 0.7126 0.9945 0.9215
vt 0.7144 0.9952 0.8250
vt 0.7006 0.0041 0.6928
vt 0.7161 0.0041 0.6928
vt 0.7176 0.0034 0.5277
vt 0.6991 0.0034 0.5277
vt 0.6991 0.9966 0.5277
vt 0.7006 0.9959 0.6928
vt 0.7161 0.9959 0.6928
vt 0.7176 0.9966 0.5277
vt 0.6811 0.0071 1.0000
vt 0.7404 0.0055 0.9215
vt 0.7318 0.0055 0.9215
vt 0.7300 0.0048 0.8250
vt 0.7422 0.0048 0.8250
vt 0.7404 0.9945 0.9215
vt 0.7386 0.9937 0.9803
vt 0.7386 0.0063 0.9803
vt 0.7454 0.0034 0.5277
vt 0.7454 0.9966 0.5277
vt 0.7439 0.9959 0.6928
vt 0.7439 0.0041 0.6928
vt 0.7269 0.0034 0.5277
vt 0.7269 0.9966 0.5277
vt 0.7633 0.9929 1.0000
vt 0.7633 0.0071 1.0000
vt 0.7644 0.0071 1.0000
vt 0.7644 0.9929 1.0000
vt 0.7300 0.9952 0.8250
vt 0.7422 0.9952 0.8250
vt 0.7284 0.9959 0.6928
vt 0.7578 0.9952 0.8250
vt 0.7578 0.0048 0.8250
vt 0.7596 0.0055 0.9215
vt 0.7596 0.9945 0.9215
vt 0.7700 0.0048 0.8250
vt 0.7700 0.9952 0.8250
vt 0.7682 0.9945 0.9215
vt 0.7682 0.0055 0.9215
vt 0.7716 0.0041 0.6928
vt 0.7561 0.0041 0.6928
vt 0.7546 0.0034 0.5277
vt 0.7731 0.0034 0.5277
vt 0.7731 0.9966 0.5277
vt 0.7546 0.9966 0.5277
vt 0.7561 0.9959 0.6928
vt 0.7716 0.9959 0.6928
vt 0.7318 0.9945 0.9215
vt 0.7337 0.9937 0.9803
vt 0.7337 0.0063 0.9803
vt 0.7356 0.0071 1.0000
vt 0.7356 0.9929 1.0000
vt 0.7284 0.0041 0.6928
vt 0.7911 0.9929 1.0000
vt 0.7911 0.0071 1.0000
vt 0.7922 0.0071 1.0000
vt 0.7922 0.9929 1.0000
vt 0.7663 0.9937 0.9803
vt 0.7614 0.9937 0.9803
vt 0.7960 0.0055 0.9215
vt 0.7874 0.0055 0.9215
vt 0.7856 0.0048 0.8250
vt 0.7977 0.0048 0.8250
vt 0.7892 0.9937 0.9803
vt 0.7892 0.0063 0.9803
vt 0.7960 0.9945 0.9215
vt 0.7941 0.9937 0.9803
vt 0.7941 0.0063 0.9803
vt 0.7367 0.0071 1.0000
vt 0.7367 0.9929 1.0000
vt 0.7614 0.0063 0.9803
vt 0.7663 0.0063 0.9803
vt 0.7874 0.9945 0.9215
vt 0.7977 0.9952 0.8250
vt 0.7856 0.9952 0.8250
vt 0.8272 0.9959 0.6928
vt 0.8272 0.0041 0.6928
vt 0.8287 0.0034 0.5277
vt 0.8287 0.9966 0.5277
vt 0.8009 0.9966 0.5277
vt 0.7824 0.9966 0.5277
vt 0.7839 0.9959 0.6928
vt 0.7994 0.9959 0.6928
vt 0.8515 0.9945 0.9215
vt 0.8515 0.0055 0.9215
vt 0.8533 0.0048 0.8250
vt 0.8533 0.9952 0.8250
vt 0.8189 0.9929 1.0000
vt 0.8189 0.0071 1.0000
vt 0.8200 0.0071 1.0000
vt 0.8200 0.9929 1.0000
vt 0.8102 0.0034 0.5277
vt 0.8565 0.0034 0.5277
vt 0.8380 0.0034 0.5277
vt 0.8219 0.9937 0.9803
vt 0.8219 0.0063 0.9803
vt 0.8238 0.0055 0.9215
vt 0.8238 0.9945 0.9215
vt 0.8744 0.9929 1.0000
vt 0.8744 0.0071 1.0000
vt 0.8756 0.0071 1.0000
vt 0.8756 0.9929 1.0000
vt 0.8565 0.9966 0.5277
vt 0.8380 0.9966 0.5277
vt 0.8395 0.9959 0.6928
vt 0.8550 0.9959 0.6928
vt 0.8255 0.0048 0.8250
vt 0.8134 0.0048 0.8250
vt 0.8117 0.0041 0.6928
vt 0.7839 0.0041 0.6928
vt 0.7994 0.0041 0.6928
vt 0.8009 0.0034 0.5277
vt 0.7824 0.0034 0.5277
vt 0.8170 0.9937 0.9803
vt 0.8170 0.0063 0.9803
vt 0.8102 0.9966 0.5277
vt 0.8478 0.9929 1.0000
vt 0.8478 0.0071 1.0000
vt 0.8497 0.0063 0.9803
vt 0.8497 0.9937 0.9803
vt 0.8255 0.9952 0.8250
vt 0.8411 0.9952 0.8250
vt 0.8550 0.0041 0.6928
vt 0.8395 0.0041 0.6928
vt 0.8151 0.9945 0.9215
vt 0.8151 0.0055 0.9215
vt 0.8467 0.0071 1.0000
vt 0.8448 0.0063 0.9803
vt 0.8429 0.0055 0.9215
vt 0.8117 0.9959 0.6928
vt 0.8134 0.9952 0.8250
vt 0.8448 0.9937 0.9803
vt 0.8467 0.9929 1.0000
vt 0.8429 0.9945 0.9215
vt 0.8411 0.0048 0.8250
vt 0.8725 0.9937 0.9803
vt 0.8725 0.0063 0.9803
vt 0.8658 0.9966 0.5277
vt 0.8842 0.9966 0.5277
vt 0.8985 0.9945 0.9215
vt 0.9071 0.9945 0.9215
vt 0.9089 0.9952 0.8250
vt 0.8967 0.9952 0.8250
vt 0.9071 0.0055 0.9215
vt 0.9052 0.9937 0.9803
vt 0.9052 0.0063 0.9803
vt 0.9033 0.9929 1.0000
vt 0.9033 0.0071 1.0000
vt 0.8967 0.0048 0.8250
vt 0.9089 0.0048 0.8250
vt 0.8985 0.0055 0.9215
vt 0.8950 0.9959 0.6928
vt 0.9105 0.9959 0.6928
vt 0.9120 0.9966 0.5277
vt 0.8935 0.9966 0.5277
vt 0.9003 0.9937 0.9803
vt 0.9003 0.0063 0.9803
vt 0.9022 0.0071 1.0000
vt 0.9022 0.9929 1.0000
vt 0.8811 0.0048 0.8250
vt 0.8811 0.9952 0.8250
vt 0.8793 0.9945 0.9215
vt 0.8793 0.0055 0.9215
vt 0.8935 0.0034 0.5277
vt 0.8950 0.0041 0.6928
vt 0.8842 0.0034 0.5277
vt 0.8658 0.0034 0.5277
vt 0.9120 0.0034 0.5277
vt 0.9105 0.0041 0.6928
vt 0.8673 0.0041 0.6928
vt 0.8827 0.0041 0.6928
vt 0.8689 0.0048 0.8250
vt 0.8707 0.0055 0.9215
vt 0.8775 0.9937 0.9803
vt 0.8689 0.9952 0.8250
vt 0.8673 0.9959 0.6928
vt 0.8707 0.9945 0.9215
vt 0.8827 0.9959 0.6928
vt 0.8775 0.0063 0.9803
# 1027 texture coords

o Mesh1
g Mesh1
usemtl wire_115115115
s off
f 1/1/1 2/2/1 3/3/1 4/4/1 
f 5/5/2 6/6/2 7/7/2 8/8/2 
f 2/3/3 1/4/3 6/9/3 5/10/3 
f 1/11/4 4/12/4 7/13/4 6/14/4 
f 4/15/5 3/11/5 8/16/5 7/17/5 
f 3/2/6 2/3/6 5/18/6 8/19/6 
f 9/20/7 10/21/8 11/22/9 12/23/10 
f 13/24/11 14/25/12 10/21/8 9/20/7 
f 15/26/13 16/27/14 17/28/15 18/29/16 
f 19/30/17 20/31/18 21/32/19 22/33/20 
f 23/34/19 24/35/20 25/36/21 26/37/22 
f 27/38/23 28/39/24 29/40/25 30/41/26 
f 31/42/27 32/43/28 12/23/10 11/22/9 
f 33/44/29 34/45/30 13/24/11 22/33/20 
f 34/45/30 35/46/31 14/25/12 13/24/11 
f 18/29/16 17/28/15 36/47/12 37/48/11 
f 15/26/13 38/49/32 29/40/25 39/50/33 
f 39/50/33 40/51/34 16/27/14 15/26/13 
f 36/47/12 23/34/19 26/37/22 41/52/35 
f 18/29/16 42/53/36 38/49/32 15/26/13 
f 43/54/37 38/49/32 42/53/36 44/55/38 
f 22/33/20 21/32/19 45/56/39 33/44/29 
f 19/30/17 9/20/7 12/23/10 32/43/28 
f 35/46/31 45/56/39 21/32/19 14/25/12 
f 14/25/12 21/32/19 20/31/18 10/21/8 
f 26/37/22 25/36/21 46/57/40 47/58/41 
f 37/48/11 36/47/12 41/52/35 48/59/42 
f 39/50/33 29/40/25 28/39/24 49/60/43 
f 16/27/14 43/54/37 44/55/38 17/28/15 
f 10/21/8 20/31/18 31/42/27 11/22/9 
f 22/33/20 13/24/11 9/20/7 19/30/17 
f 50/61/44 27/38/23 30/41/26 40/51/34 
f 49/60/43 50/61/44 40/51/34 39/50/33 
f 32/43/28 31/42/27 20/31/18 19/30/17 
f 44/55/38 42/53/36 24/35/20 23/34/19 
f 48/59/42 41/52/35 51/62/45 52/63/46 
f 41/52/35 26/37/22 47/58/41 51/62/45 
f 40/51/34 30/41/26 43/54/37 16/27/14 
f 17/28/15 44/55/38 23/34/19 36/47/12 
f 30/41/26 29/40/25 38/49/32 43/54/37 
f 53/64/47 54/65/48 55/66/49 56/67/50 
f 57/68/51 58/69/52 59/70/53 56/67/50 
f 56/67/50 59/70/53 60/71/54 53/64/47 
f 61/72/22 62/73/21 63/74/40 64/75/41 
f 65/76/55 66/77/56 67/78/57 68/79/58 
f 69/80/59 70/81/60 67/78/57 71/82/61 
f 71/82/61 67/78/57 66/77/56 72/83/62 
f 73/84/11 74/85/20 75/86/36 76/87/16 
f 77/88/12 73/84/11 76/87/16 78/89/15 
f 65/76/55 79/90/63 80/91/64 81/92/65 
f 72/83/62 66/77/56 82/93/66 83/94/67 
f 84/95/33 85/96/25 86/97/68 87/98/69 
f 83/94/67 80/91/64 79/90/63 72/83/62 
f 64/75/41 63/74/40 88/99/46 89/100/45 
f 88/99/46 63/74/40 62/73/21 90/101/42 
f 91/102/70 92/103/71 93/104/26 94/105/34 
f 47/58/41 46/57/40 52/63/46 51/62/45 
f 89/100/45 88/99/46 90/101/42 95/106/35 
f 96/107/72 97/108/73 98/109/74 99/110/75 
f 100/111/76 101/112/77 102/113/78 103/114/79 
f 104/115/19 74/85/20 62/73/21 61/72/22 
f 100/111/76 105/116/80 106/117/81 99/110/75 
f 92/103/71 86/97/68 85/96/25 93/104/26 
f 107/118/82 108/119/83 75/86/36 109/120/38 
f 93/104/26 85/96/25 108/119/83 107/118/82 
f 94/105/34 93/104/26 107/118/82 110/121/84 
f 111/122/85 55/66/49 54/65/48 112/123/86 
f 99/110/75 98/109/74 101/112/77 100/111/76 
f 113/124/87 108/119/83 85/96/25 84/95/33 
f 112/123/86 54/65/48 82/93/66 81/92/65 
f 90/101/42 62/73/21 74/85/20 73/84/11 
f 77/88/12 104/115/19 61/72/22 95/106/35 
f 81/92/65 80/91/64 60/71/54 112/123/86 
f 81/92/65 82/93/66 66/77/56 65/76/55 
f 78/89/15 109/120/38 104/115/19 77/88/12 
f 68/79/58 67/78/57 70/81/60 114/125/88 
f 114/125/88 115/126/89 116/127/90 68/79/58 
f 95/106/35 61/72/22 64/75/41 89/100/45 
f 76/87/16 75/86/36 108/119/83 113/124/87 
f 94/105/34 84/95/33 87/98/69 91/102/70 
f 117/128/91 118/129/92 58/69/52 57/68/51 
f 83/94/67 82/93/66 54/65/48 53/64/47 
f 72/83/62 79/90/63 116/127/90 71/82/61 
f 68/79/58 116/127/90 79/90/63 65/76/55 
f 71/82/61 116/127/90 115/126/89 69/80/59 
f 52/63/46 46/57/40 25/36/21 48/59/42 
f 56/67/50 55/66/49 117/128/91 57/68/51 
f 53/64/47 60/71/54 80/91/64 83/94/67 
f 110/121/84 107/118/82 109/120/38 78/89/15 
f 99/110/75 106/117/81 119/130/93 96/107/72 
f 78/89/15 76/87/16 113/124/87 110/121/84 
f 110/121/84 113/124/87 84/95/33 94/105/34 
f 109/120/38 75/86/36 74/85/20 104/115/19 
f 118/129/92 117/128/91 55/66/49 111/122/85 
f 95/106/35 90/101/42 73/84/11 77/88/12 
f 111/122/85 59/70/53 58/69/52 118/129/92 
f 112/123/86 60/71/54 59/70/53 111/122/85 
f 48/59/42 25/36/21 24/35/20 37/48/11 
f 37/48/11 24/35/20 42/53/36 18/29/16 
f 120/131/1 121/132/1 122/133/1 123/134/1 
f 86/135/1 92/136/1 91/137/1 87/138/1 
f 114/139/1 70/140/1 69/141/1 115/142/1 
f 124/143/1 125/144/1 103/145/1 102/146/1 
f 126/147/1 127/148/1 128/149/1 129/150/1 
f 130/151/1 131/152/1 132/153/1 133/154/1 
f 134/155/1 135/156/1 136/157/1 137/158/1 
f 138/159/94 139/160/95 140/161/96 141/162/97 
f 142/163/98 143/164/99 144/165/100 141/162/97 
f 145/166/101 146/167/102 147/168/103 148/169/104 
f 149/170/105 150/171/106 151/172/107 152/173/108 
f 153/174/109 150/171/106 154/175/110 155/176/111 
f 156/177/112 157/178/113 143/164/99 142/163/98 
f 158/179/114 159/180/115 160/181/116 161/182/117 
f 149/170/105 162/183/118 163/184/119 164/185/120 
f 132/186/121 131/187/122 165/188/123 166/189/124 
f 166/189/124 165/188/123 167/190/125 168/191/126 
f 169/192/127 170/193/128 171/194/129 172/195/130 
f 171/194/129 170/193/128 173/196/131 174/197/132 
f 175/198/133 176/199/134 177/200/135 178/201/136 
f 179/202/137 180/203/138 181/204/139 182/205/140 
f 141/162/97 140/161/96 183/206/141 142/163/98 
f 184/207/142 143/164/99 157/178/113 185/208/143 
f 186/209/144 173/196/131 170/193/128 169/192/127 
f 148/169/104 147/168/103 187/210/145 188/211/146 
f 130/212/147 133/213/148 146/167/102 145/166/101 
f 152/173/108 180/203/138 162/183/118 149/170/105 
f 179/202/137 151/172/107 150/171/106 153/174/109 
f 189/214/149 160/181/116 159/180/115 182/205/140 
f 168/191/126 147/168/103 146/167/102 166/189/124 
f 190/215/150 177/200/135 176/199/134 191/216/151 
f 164/185/120 154/175/110 150/171/106 149/170/105 
f 153/174/109 162/183/118 180/203/138 179/202/137 
f 182/205/140 159/180/115 151/172/107 179/202/137 
f 185/208/143 192/217/152 183/206/141 184/207/142 
f 168/191/126 167/190/125 139/160/95 138/159/94 
f 138/159/94 187/210/145 147/168/103 168/191/126 
f 166/189/124 146/167/102 133/213/148 132/186/121 
f 141/162/97 144/165/100 187/210/145 138/159/94 
f 193/218/153 190/215/150 191/216/151 194/219/154 
f 164/185/120 163/184/119 195/220/155 196/221/156 
f 155/176/111 163/184/119 162/183/118 153/174/109 
f 189/214/149 197/222/157 137/223/158 136/224/159 
f 152/173/108 151/172/107 159/180/115 158/179/114 
f 158/179/114 181/204/139 180/203/138 152/173/108 
f 142/163/98 183/206/141 192/217/152 156/177/112 
f 188/211/146 139/160/95 167/190/125 148/169/104 
f 148/169/104 167/190/125 165/188/123 145/166/101 
f 174/197/132 173/196/131 176/199/134 175/198/133 
f 134/225/160 137/223/158 197/222/157 161/182/117 
f 198/226/161 195/220/155 163/184/119 155/176/111 
f 196/221/156 199/227/162 154/175/110 164/185/120 
f 191/216/151 176/199/134 173/196/131 186/209/144 
f 194/219/154 191/216/151 186/209/144 200/228/163 
f 145/166/101 165/188/123 131/187/122 130/212/147 
f 200/228/163 186/209/144 169/192/127 172/195/130 
f 178/201/136 193/218/153 194/219/154 175/198/133 
f 175/198/133 194/219/154 200/228/163 174/197/132 
f 174/197/132 200/228/163 172/195/130 171/194/129 
f 161/182/117 160/181/116 135/229/164 134/225/160 
f 201/230/165 140/161/96 139/160/95 188/211/146 
f 199/227/162 196/221/156 195/220/155 198/226/161 
f 161/182/117 197/222/157 181/204/139 158/179/114 
f 136/224/159 135/229/164 160/181/116 189/214/149 
f 182/205/140 181/204/139 197/222/157 189/214/149 
f 192/217/152 185/208/143 157/178/113 156/177/112 
f 188/211/146 187/210/145 144/165/100 201/230/165 
f 201/230/165 144/165/100 143/164/99 184/207/142 
f 155/176/111 154/175/110 199/227/162 198/226/161 
f 184/207/142 183/206/141 140/161/96 201/230/165 
f 123/231/166 122/232/167 202/233/168 203/234/169 
f 202/233/168 204/235/170 205/236/171 206/237/172 
f 207/238/173 208/239/174 97/108/73 96/107/72 
f 101/112/77 209/240/175 124/241/176 102/113/78 
f 210/242/177 211/243/178 212/244/179 213/245/180 
f 214/246/181 213/245/180 215/247/155 216/248/156 
f 217/249/182 218/250/183 219/251/184 220/252/185 
f 221/253/186 218/250/183 205/236/171 222/254/187 
f 223/255/188 224/256/189 225/257/190 226/258/191 
f 227/259/192 204/235/170 121/260/193 120/261/194 
f 228/262/195 206/237/172 217/249/182 229/263/196 
f 215/247/155 230/264/161 231/265/162 216/248/156 
f 178/201/136 177/200/135 225/257/190 232/266/197 
f 128/267/198 127/268/199 223/255/188 233/269/200 
f 226/258/191 225/257/190 177/200/135 190/215/150 
f 234/270/201 235/271/202 236/272/10 237/273/28 
f 221/253/186 229/263/196 238/274/203 239/275/204 
f 238/274/203 220/252/185 240/276/205 235/271/202 
f 120/261/194 123/231/166 203/234/169 227/259/192 
f 231/265/162 230/264/161 212/244/179 241/277/206 
f 241/277/206 212/244/179 211/243/178 208/239/174 
f 214/246/181 241/277/206 208/239/174 207/238/173 
f 97/108/73 242/278/207 243/279/208 98/109/74 
f 240/276/205 244/280/209 245/281/27 246/282/9 
f 229/263/196 217/249/182 220/252/185 238/274/203 
f 98/109/74 243/279/208 209/240/175 101/112/77 
f 127/268/199 126/283/210 224/256/189 223/255/188 
f 245/281/27 237/273/28 236/272/10 246/282/9 
f 235/271/202 240/276/205 246/282/9 236/272/10 
f 222/254/187 228/262/195 229/263/196 221/253/186 
f 247/284/211 224/256/189 126/283/210 129/285/212 
f 237/273/28 245/281/27 244/280/209 234/270/201 
f 247/284/211 233/269/200 248/286/213 232/266/197 
f 122/232/167 121/260/193 204/235/170 202/233/168 
f 232/266/197 248/286/213 193/218/153 178/201/136 
f 203/234/169 202/233/168 206/237/172 228/262/195 
f 233/269/200 223/255/188 226/258/191 248/286/213 
f 234/270/201 244/280/209 219/251/184 239/275/204 
f 119/130/93 242/278/207 211/243/178 210/242/177 
f 96/107/72 119/130/93 210/242/177 207/238/173 
f 222/254/187 205/236/171 204/235/170 227/259/192 
f 216/248/156 231/265/162 241/277/206 214/246/181 
f 239/275/204 219/251/184 218/250/183 221/253/186 
f 125/287/214 124/241/176 209/240/175 105/116/80 
f 105/116/80 209/240/175 243/279/208 106/117/81 
f 106/117/81 243/279/208 242/278/207 119/130/93 
f 206/237/172 205/236/171 218/250/183 217/249/182 
f 207/238/173 210/242/177 213/245/180 214/246/181 
f 220/252/185 219/251/184 244/280/209 240/276/205 
f 103/114/79 125/287/214 105/116/80 100/111/76 
f 227/259/192 203/234/169 228/262/195 222/254/187 
f 129/285/212 128/267/198 233/269/200 247/284/211 
f 208/239/174 211/243/178 242/278/207 97/108/73 
f 213/245/180 212/244/179 230/264/161 215/247/155 
f 232/266/197 225/257/190 224/256/189 247/284/211 
f 248/286/213 226/258/191 190/215/150 193/218/153 
f 239/275/204 238/274/203 235/271/202 234/270/201 
f 33/44/29 45/56/39 249/288/215 250/289/216 
f 28/290/1 27/291/1 50/292/1 49/293/1 
f 6/6/2 251/158/2 5/5/2 
f 251/158/2 6/6/2 7/7/2 
f 251/158/2 7/7/2 252/155/2 
f 252/155/2 7/7/2 253/152/2 
f 252/155/2 253/152/2 254/156/2 
f 253/152/2 7/7/2 255/153/2 
f 255/153/2 7/7/2 256/148/2 
f 255/153/2 256/148/2 257/154/2 
f 256/148/2 7/7/2 258/149/2 
f 258/149/2 7/7/2 259/132/2 
f 258/149/2 259/132/2 260/150/2 
f 259/132/2 7/7/2 261/133/2 
f 261/133/2 7/7/2 262/144/2 
f 261/133/2 262/144/2 263/134/2 
f 262/144/2 7/7/2 264/145/2 
f 264/145/2 7/7/2 265/136/2 
f 264/145/2 265/136/2 266/146/2 
f 265/136/2 7/7/2 267/137/2 
f 267/137/2 7/7/2 268/140/2 
f 267/137/2 268/140/2 269/138/2 
f 268/140/2 7/7/2 270/141/2 
f 270/141/2 7/7/2 271/291/2 
f 270/141/2 271/291/2 272/142/2 
f 271/291/2 7/7/2 273/292/2 
f 273/292/2 7/7/2 274/294/2 
f 273/292/2 274/294/2 275/293/2 
f 274/294/2 7/7/2 276/295/2 
f 276/295/2 7/7/2 277/296/2 
f 276/295/2 277/296/2 278/297/2 
f 277/296/2 7/7/2 279/298/2 
f 279/298/2 7/7/2 280/299/2 
f 279/298/2 280/299/2 281/300/2 
f 280/299/2 7/7/2 282/301/2 
f 282/301/2 7/7/2 283/302/2 
f 282/301/2 283/302/2 284/303/2 
f 283/302/2 7/7/2 285/304/2 
f 285/304/2 7/7/2 286/305/2 
f 285/304/2 286/305/2 287/306/2 
f 286/305/2 7/7/2 288/307/2 
f 288/307/2 7/7/2 289/308/2 
f 288/307/2 289/308/2 290/309/2 
f 289/308/2 7/7/2 291/310/2 
f 291/310/2 7/7/2 292/311/2 
f 291/310/2 292/311/2 293/312/2 
f 292/311/2 7/7/2 294/313/2 
f 294/313/2 7/7/2 295/314/2 
f 294/313/2 295/314/2 296/315/2 
f 295/314/2 7/7/2 297/316/2 
f 297/316/2 7/7/2 298/317/2 
f 297/316/2 298/317/2 299/318/2 
f 298/317/2 7/7/2 300/319/2 
f 300/319/2 7/7/2 301/320/2 
f 300/319/2 301/320/2 302/321/2 
f 301/320/2 7/7/2 303/322/2 
f 303/322/2 7/7/2 304/323/2 
f 303/322/2 304/323/2 305/324/2 
f 304/323/2 7/7/2 306/325/2 
f 306/325/2 7/7/2 307/326/2 
f 306/325/2 307/326/2 308/327/2 
f 307/326/2 7/7/2 309/328/2 
f 309/328/2 7/7/2 310/329/2 
f 309/328/2 310/329/2 311/330/2 
f 310/329/2 7/7/2 312/331/2 
f 312/331/2 7/7/2 313/332/2 
f 312/331/2 313/332/2 314/333/2 
f 313/332/2 7/7/2 315/334/2 
f 315/334/2 7/7/2 316/335/2 
f 315/334/2 316/335/2 317/336/2 
f 316/335/2 7/7/2 318/337/2 
f 318/337/2 7/7/2 319/338/2 
f 318/337/2 319/338/2 320/339/2 
f 319/338/2 7/7/2 321/340/2 
f 321/340/2 7/7/2 322/341/2 
f 321/340/2 322/341/2 323/342/2 
f 322/341/2 7/7/2 324/343/2 
f 324/343/2 7/7/2 325/344/2 
f 324/343/2 325/344/2 326/345/2 
f 325/344/2 7/7/2 327/346/2 
f 327/346/2 7/7/2 328/347/2 
f 327/346/2 328/347/2 329/348/2 
f 328/347/2 7/7/2 330/349/2 
f 330/349/2 7/7/2 331/350/2 
f 330/349/2 331/350/2 332/351/2 
f 331/350/2 7/7/2 333/352/2 
f 333/352/2 7/7/2 50/61/2 
f 333/352/2 50/61/2 334/353/2 
f 50/61/2 7/7/2 27/38/2 
f 27/38/2 7/7/2 69/80/2 
f 27/38/2 69/80/2 28/39/2 
f 69/80/2 7/7/2 70/81/2 
f 70/81/2 7/7/2 91/102/2 
f 70/81/2 91/102/2 114/125/2 
f 91/102/2 7/7/2 92/103/2 
f 92/103/2 7/7/2 103/114/2 
f 92/103/2 103/114/2 86/97/2 
f 103/114/2 7/7/2 125/287/2 
f 125/287/2 7/7/2 122/232/2 
f 125/287/2 122/232/2 124/241/2 
f 122/232/2 7/7/2 121/260/2 
f 121/260/2 7/7/2 128/267/2 
f 121/260/2 128/267/2 120/261/2 
f 128/267/2 7/7/2 127/268/2 
f 127/268/2 7/7/2 132/186/2 
f 127/268/2 132/186/2 126/283/2 
f 132/186/2 7/7/2 131/187/2 
f 131/187/2 7/7/2 134/225/2 
f 131/187/2 134/225/2 130/212/2 
f 134/225/2 7/7/2 137/223/2 
f 137/223/2 7/7/2 136/224/2 
f 5/5/2 335/157/2 8/8/2 
f 335/157/2 5/5/2 251/158/2 
f 8/8/2 335/157/2 254/156/2 
f 8/8/2 254/156/2 336/151/2 
f 336/151/2 254/156/2 253/152/2 
f 8/8/2 336/151/2 257/154/2 
f 8/8/2 257/154/2 337/147/2 
f 337/147/2 257/154/2 256/148/2 
f 8/8/2 337/147/2 260/150/2 
f 8/8/2 260/150/2 338/131/2 
f 338/131/2 260/150/2 259/132/2 
f 8/8/2 338/131/2 263/134/2 
f 8/8/2 263/134/2 339/143/2 
f 339/143/2 263/134/2 262/144/2 
f 8/8/2 339/143/2 266/146/2 
f 8/8/2 266/146/2 340/135/2 
f 340/135/2 266/146/2 265/136/2 
f 8/8/2 340/135/2 269/138/2 
f 8/8/2 269/138/2 341/139/2 
f 341/139/2 269/138/2 268/140/2 
f 8/8/2 341/139/2 272/142/2 
f 8/8/2 272/142/2 342/290/2 
f 342/290/2 272/142/2 271/291/2 
f 8/8/2 342/290/2 275/293/2 
f 8/8/2 275/293/2 343/354/2 
f 343/354/2 275/293/2 274/294/2 
f 8/8/2 343/354/2 278/297/2 
f 8/8/2 278/297/2 344/355/2 
f 344/355/2 278/297/2 277/296/2 
f 8/8/2 344/355/2 281/300/2 
f 8/8/2 281/300/2 345/356/2 
f 345/356/2 281/300/2 280/299/2 
f 8/8/2 345/356/2 284/303/2 
f 8/8/2 284/303/2 346/357/2 
f 346/357/2 284/303/2 283/302/2 
f 8/8/2 346/357/2 287/306/2 
f 8/8/2 287/306/2 347/358/2 
f 347/358/2 287/306/2 286/305/2 
f 8/8/2 347/358/2 290/309/2 
f 8/8/2 290/309/2 348/359/2 
f 348/359/2 290/309/2 289/308/2 
f 8/8/2 348/359/2 293/312/2 
f 8/8/2 293/312/2 349/360/2 
f 349/360/2 293/312/2 292/311/2 
f 8/8/2 349/360/2 296/315/2 
f 8/8/2 296/315/2 350/361/2 
f 350/361/2 296/315/2 295/314/2 
f 8/8/2 350/361/2 299/318/2 
f 8/8/2 299/318/2 351/362/2 
f 351/362/2 299/318/2 298/317/2 
f 8/8/2 351/362/2 302/321/2 
f 8/8/2 302/321/2 352/363/2 
f 352/363/2 302/321/2 301/320/2 
f 8/8/2 352/363/2 305/324/2 
f 8/8/2 305/324/2 353/364/2 
f 353/364/2 305/324/2 304/323/2 
f 8/8/2 353/364/2 308/327/2 
f 8/8/2 308/327/2 354/365/2 
f 354/365/2 308/327/2 307/326/2 
f 8/8/2 354/365/2 311/330/2 
f 8/8/2 311/330/2 355/366/2 
f 355/366/2 311/330/2 310/329/2 
f 8/8/2 355/366/2 314/333/2 
f 8/8/2 314/333/2 356/367/2 
f 356/367/2 314/333/2 313/332/2 
f 8/8/2 356/367/2 317/336/2 
f 8/8/2 317/336/2 357/368/2 
f 357/368/2 317/336/2 316/335/2 
f 8/8/2 357/368/2 320/339/2 
f 8/8/2 320/339/2 358/369/2 
f 358/369/2 320/339/2 319/338/2 
f 8/8/2 358/369/2 323/342/2 
f 8/8/2 323/342/2 359/370/2 
f 359/370/2 323/342/2 322/341/2 
f 8/8/2 359/370/2 326/345/2 
f 8/8/2 326/345/2 360/371/2 
f 360/371/2 326/345/2 325/344/2 
f 8/8/2 360/371/2 329/348/2 
f 8/8/2 329/348/2 361/372/2 
f 361/372/2 329/348/2 328/347/2 
f 8/8/2 361/372/2 332/351/2 
f 8/8/2 332/351/2 362/373/2 
f 362/373/2 332/351/2 331/350/2 
f 8/8/2 362/373/2 334/353/2 
f 8/8/2 334/353/2 49/60/2 
f 49/60/2 334/353/2 50/61/2 
f 8/8/2 49/60/2 28/39/2 
f 8/8/2 28/39/2 115/126/2 
f 115/126/2 28/39/2 69/80/2 
f 8/8/2 115/126/2 114/125/2 
f 8/8/2 114/125/2 87/98/2 
f 87/98/2 114/125/2 91/102/2 
f 8/8/2 87/98/2 86/97/2 
f 8/8/2 86/97/2 102/113/2 
f 102/113/2 86/97/2 103/114/2 
f 8/8/2 102/113/2 124/241/2 
f 8/8/2 124/241/2 123/231/2 
f 123/231/2 124/241/2 122/232/2 
f 8/8/2 123/231/2 120/261/2 
f 8/8/2 120/261/2 129/285/2 
f 129/285/2 120/261/2 128/267/2 
f 8/8/2 129/285/2 126/283/2 
f 8/8/2 126/283/2 133/213/2 
f 133/213/2 126/283/2 132/186/2 
f 8/8/2 133/213/2 130/212/2 
f 8/8/2 130/212/2 135/229/2 
f 135/229/2 130/212/2 134/225/2 
f 8/8/2 135/229/2 136/224/2 
f 8/8/2 136/224/2 7/7/2 
f 252/225/1 251/223/1 335/224/1 254/229/1 
f 258/267/1 256/268/1 337/283/1 260/285/1 
f 266/113/1 264/114/1 262/287/1 339/241/1 
f 275/60/1 273/61/1 271/38/1 342/39/1 
f 278/373/1 276/350/1 274/352/1 343/353/1 
f 255/186/1 253/187/1 336/212/1 257/213/1 
f 281/372/1 279/347/1 277/349/1 344/351/1 
f 284/371/1 282/344/1 280/346/1 345/348/1 
f 293/368/1 291/335/1 289/337/1 348/339/1 
f 299/366/1 297/329/1 295/331/1 350/333/1 
f 302/365/1 300/326/1 298/328/1 351/330/1 
f 305/364/1 303/323/1 301/325/1 352/327/1 
f 311/362/1 309/317/1 307/319/1 354/321/1 
f 296/367/1 294/332/1 292/334/1 349/336/1 
f 261/232/1 259/260/1 338/261/1 263/231/1 
f 314/361/1 312/314/1 310/316/1 355/318/1 
f 317/360/1 315/311/1 313/313/1 356/315/1 
f 320/359/1 318/308/1 316/310/1 357/312/1 
f 323/358/1 321/305/1 319/307/1 358/309/1 
f 326/357/1 324/302/1 322/304/1 359/306/1 
f 329/356/1 327/299/1 325/301/1 360/303/1 
f 269/98/1 267/102/1 265/103/1 340/97/1 
f 332/355/1 330/296/1 328/298/1 361/300/1 
f 334/354/1 333/294/1 331/295/1 362/297/1 
f 272/126/1 270/80/1 268/81/1 341/125/1 
f 287/370/1 285/341/1 283/343/1 346/345/1 
f 290/369/1 288/338/1 286/340/1 347/342/1 
f 308/363/1 306/320/1 304/322/1 353/324/1 
f 363/374/217 364/375/218 365/376/219 366/377/220 
f 367/378/221 368/379/222 363/374/217 369/380/223 
f 309/328/224 311/330/225 370/381/226 371/382/227 
f 372/383/228 373/384/229 374/385/230 375/386/231 
f 376/387/232 377/388/233 378/389/234 379/390/235 
f 380/391/236 381/392/223 382/393/237 383/394/238 
f 384/395/237 385/396/238 386/397/236 369/380/223 
f 369/380/223 386/397/236 387/398/239 367/378/221 
f 388/399/240 371/382/227 389/400/228 377/388/233 
f 390/401/241 391/402/226 308/327/225 353/364/242 
f 392/403/227 391/402/226 393/404/229 394/405/228 
f 395/406/220 396/407/219 397/408/238 398/409/237 
f 399/410/218 400/411/217 401/412/222 402/413/243 
f 403/414/221 404/415/222 405/416/217 381/392/223 
f 369/380/223 363/374/217 366/377/220 384/395/237 
f 406/417/234 407/418/235 408/419/232 409/420/233 
f 383/394/238 410/421/219 411/422/218 380/391/236 
f 386/397/236 364/375/218 412/423/243 387/398/239 
f 413/424/234 414/425/231 368/379/222 367/378/221 
f 415/426/232 393/404/229 391/402/226 390/401/241 
f 367/378/221 387/398/239 416/427/235 413/424/234 
f 404/415/222 417/428/243 411/422/218 405/416/217 
f 378/389/234 418/429/231 404/415/222 403/414/221 
f 371/382/227 370/381/226 419/430/229 389/400/228 
f 304/323/244 306/325/224 392/403/227 420/431/240 
f 421/432/241 370/381/226 311/330/225 354/365/242 
f 422/433/239 417/428/243 423/434/230 379/390/235 
f 387/398/239 412/423/243 424/435/230 416/427/235 
f 394/405/228 393/404/229 424/435/230 414/425/231 
f 381/392/223 405/416/217 425/436/220 382/393/237 
f 420/431/240 392/403/227 394/405/228 426/437/233 
f 366/377/220 365/376/219 385/396/238 384/395/237 
f 405/416/217 411/422/218 410/421/219 425/436/220 
f 389/400/228 419/430/229 423/434/230 418/429/231 
f 414/425/231 424/435/230 412/423/243 368/379/222 
f 306/325/224 308/327/225 391/402/226 392/403/227 
f 413/424/234 416/427/235 415/426/232 426/437/233 
f 426/437/233 394/405/228 414/425/231 413/424/234 
f 426/437/233 415/426/232 390/401/241 420/431/240 
f 402/413/243 401/412/222 427/438/231 428/439/230 
f 385/396/238 365/376/219 364/375/218 386/397/236 
f 420/431/240 390/401/241 353/364/242 304/323/244 
f 379/390/235 423/434/230 419/430/229 376/387/232 
f 428/439/230 429/440/235 430/441/239 402/413/243 
f 402/413/243 430/441/239 431/442/236 399/410/218 
f 409/420/233 372/383/228 375/386/231 406/417/234 
f 396/407/219 395/406/220 400/411/217 399/410/218 
f 399/410/218 431/442/236 397/408/238 396/407/219 
f 307/326/244 309/328/224 371/382/227 388/399/240 
f 354/365/242 307/326/244 388/399/240 421/432/241 
f 416/427/235 424/435/230 393/404/229 415/426/232 
f 376/387/232 419/430/229 370/381/226 421/432/241 
f 432/443/240 433/444/241 355/366/242 310/329/244 
f 421/432/241 388/399/240 377/388/233 376/387/232 
f 379/390/235 378/389/234 403/414/221 422/433/239 
f 432/443/240 434/445/227 372/383/228 409/420/233 
f 418/429/231 423/434/230 417/428/243 404/415/222 
f 422/433/239 403/414/221 381/392/223 380/391/236 
f 380/391/236 411/422/218 417/428/243 422/433/239 
f 368/379/222 412/423/243 364/375/218 363/374/217 
f 409/420/233 408/419/232 433/444/241 432/443/240 
f 425/436/220 410/421/219 383/394/238 382/393/237 
f 310/329/244 312/331/224 434/445/227 432/443/240 
f 377/388/233 389/400/228 418/429/231 378/389/234 
f 435/446/223 400/411/217 395/406/220 398/409/237 
f 436/447/226 437/448/227 303/322/224 305/324/225 
f 438/449/219 439/450/220 440/451/217 441/452/218 
f 442/453/240 437/448/227 443/454/228 444/455/233 
f 441/452/218 445/456/236 446/457/238 438/449/219 
f 298/317/244 300/319/224 447/458/227 448/459/240 
f 449/460/234 450/461/235 451/462/232 452/463/233 
f 453/464/236 454/465/218 455/466/243 456/467/239 
f 428/439/230 427/438/231 443/454/228 457/468/229 
f 458/469/230 450/461/235 459/470/239 460/471/243 
f 461/472/241 442/453/240 444/455/233 462/473/232 
f 463/474/234 427/438/231 401/412/222 464/475/221 
f 465/476/229 466/477/228 447/458/227 467/478/226 
f 468/479/238 469/480/219 454/465/218 453/464/236 
f 452/463/233 466/477/228 470/481/231 449/460/234 
f 456/467/239 455/466/243 471/482/230 472/483/235 
f 473/484/234 474/485/231 475/486/222 476/487/221 
f 477/488/223 478/489/217 479/490/220 480/491/237 
f 456/467/239 476/487/221 477/488/223 453/464/236 
f 462/473/232 444/455/233 463/474/234 429/440/235 
f 467/478/226 447/458/227 300/319/224 302/321/225 
f 453/464/236 477/488/223 480/491/237 468/479/238 
f 472/483/235 471/482/230 481/492/229 482/493/232 
f 483/494/223 445/456/236 459/470/239 484/495/221 
f 479/490/220 469/480/219 468/479/238 480/491/237 
f 482/493/232 481/492/229 485/496/226 486/497/241 
f 486/497/241 485/496/226 299/318/225 350/361/242 
f 297/316/224 299/318/225 485/496/226 487/498/227 
f 487/498/227 485/496/226 481/492/229 488/499/228 
f 295/314/244 297/316/224 487/498/227 489/500/240 
f 430/441/239 464/475/221 435/446/223 431/442/236 
f 305/324/225 352/363/242 461/472/241 436/447/226 
f 444/455/233 443/454/228 427/438/231 463/474/234 
f 449/460/234 470/481/231 490/501/222 484/495/221 
f 448/459/240 447/458/227 466/477/228 452/463/233 
f 452/463/233 451/462/232 491/502/241 448/459/240 
f 474/485/231 471/482/230 455/466/243 475/486/222 
f 439/450/220 438/449/219 446/457/238 492/503/237 
f 302/321/225 351/362/242 491/502/241 467/478/226 
f 475/486/222 455/466/243 454/465/218 478/489/217 
f 431/442/236 435/446/223 398/409/237 397/408/238 
f 352/363/242 301/320/244 442/453/240 461/472/241 
f 460/471/243 490/501/222 470/481/231 458/469/230 
f 478/489/217 454/465/218 469/480/219 479/490/220 
f 488/499/228 481/492/229 471/482/230 474/485/231 
f 489/500/240 487/498/227 488/499/228 493/504/233 
f 436/447/226 461/472/241 462/473/232 457/468/229 
f 484/495/221 490/501/222 440/451/217 483/494/223 
f 457/468/229 462/473/232 429/440/235 428/439/230 
f 441/452/218 440/451/217 490/501/222 460/471/243 
f 483/494/223 440/451/217 439/450/220 492/503/237 
f 429/440/235 463/474/234 464/475/221 430/441/239 
f 301/320/244 303/322/224 437/448/227 442/453/240 
f 492/503/237 446/457/238 445/456/236 483/494/223 
f 484/495/221 459/470/239 450/461/235 449/460/234 
f 465/476/229 451/462/232 450/461/235 458/469/230 
f 464/475/221 401/412/222 400/411/217 435/446/223 
f 448/459/240 491/502/241 351/362/242 298/317/244 
f 476/487/221 475/486/222 478/489/217 477/488/223 
f 472/483/235 473/484/234 476/487/221 456/467/239 
f 457/468/229 443/454/228 437/448/227 436/447/226 
f 460/471/243 459/470/239 445/456/236 441/452/218 
f 458/469/230 470/481/231 466/477/228 465/476/229 
f 467/478/226 491/502/241 451/462/232 465/476/229 
f 494/505/218 495/506/236 496/507/238 497/508/219 
f 498/509/221 499/510/222 500/511/217 501/512/223 
f 502/513/226 503/514/227 291/310/224 293/312/225 
f 504/515/237 505/516/238 506/517/236 501/512/223 
f 507/518/240 508/519/241 348/359/242 289/308/244 
f 509/520/230 510/521/235 511/522/239 512/523/243 
f 513/524/234 514/525/235 515/526/232 516/527/233 
f 517/528/243 518/529/222 519/530/231 520/531/230 
f 512/523/243 511/522/239 521/532/236 522/533/218 
f 523/534/229 524/535/228 525/536/227 526/537/226 
f 522/533/218 521/532/236 527/538/238 528/539/219 
f 529/540/243 530/541/239 506/517/236 531/542/218 
f 502/513/226 508/519/241 532/543/232 533/544/229 
f 520/531/230 514/525/235 534/545/239 517/528/243 
f 535/546/237 496/507/238 495/506/236 536/547/223 
f 529/540/243 499/510/222 537/548/231 538/549/230 
f 526/537/226 525/536/227 294/313/224 296/315/225 
f 525/536/227 539/550/240 292/311/244 294/313/224 
f 519/530/231 513/524/234 516/527/233 524/535/228 
f 540/551/219 541/552/220 500/511/217 531/542/218 
f 542/553/234 537/548/231 499/510/222 498/509/221 
f 501/512/223 506/517/236 530/541/239 498/509/221 
f 289/308/244 291/310/224 503/514/227 507/518/240 
f 543/554/220 497/508/219 496/507/238 535/546/237 
f 544/555/217 536/547/223 545/556/221 518/529/222 
f 501/512/223 500/511/217 541/552/220 504/515/237 
f 539/550/240 546/557/241 349/360/242 292/311/244 
f 541/552/220 540/551/219 505/516/238 504/515/237 
f 528/539/219 547/558/220 548/559/217 522/533/218 
f 520/531/230 519/530/231 524/535/228 523/534/229 
f 486/497/241 489/500/240 493/504/233 482/493/232 
f 517/528/243 534/545/239 495/506/236 494/505/218 
f 531/542/218 500/511/217 499/510/222 529/540/243 
f 293/312/225 348/359/242 508/519/241 502/513/226 
f 545/556/221 534/545/239 514/525/235 513/524/234 
f 498/509/221 530/541/239 549/560/235 542/553/234 
f 542/553/234 549/560/235 532/543/232 550/561/233 
f 550/561/233 532/543/232 508/519/241 507/518/240 
f 522/533/218 548/559/217 551/562/222 512/523/243 
f 494/505/218 544/555/217 518/529/222 517/528/243 
f 512/523/243 551/562/222 552/563/231 509/520/230 
f 526/537/226 546/557/241 515/526/232 523/534/229 
f 538/549/230 537/548/231 553/564/228 533/544/229 
f 554/565/234 552/563/231 551/562/222 555/566/221 
f 555/566/221 551/562/222 548/559/217 556/567/223 
f 350/361/242 295/314/244 489/500/240 486/497/241 
f 296/315/225 349/360/242 546/557/241 526/537/226 
f 531/542/218 506/517/236 505/516/238 540/551/219 
f 543/554/220 535/546/237 536/547/223 544/555/217 
f 523/534/229 515/526/232 514/525/235 520/531/230 
f 507/518/240 503/514/227 553/564/228 550/561/233 
f 538/549/230 549/560/235 530/541/239 529/540/243 
f 497/508/219 543/554/220 544/555/217 494/505/218 
f 533/544/229 532/543/232 549/560/235 538/549/230 
f 493/504/233 488/499/228 474/485/231 473/484/234 
f 516/527/233 515/526/232 546/557/241 539/550/240 
f 482/493/232 493/504/233 473/484/234 472/483/235 
f 550/561/233 553/564/228 537/548/231 542/553/234 
f 547/558/220 528/539/219 527/538/238 557/568/237 
f 556/567/223 548/559/217 547/558/220 557/568/237 
f 536/547/223 495/506/236 534/545/239 545/556/221 
f 533/544/229 553/564/228 503/514/227 502/513/226 
f 518/529/222 545/556/221 513/524/234 519/530/231 
f 524/535/228 516/527/233 539/550/240 525/536/227 
f 558/569/245 559/570/246 333/352/247 334/353/248 
f 560/571/11 561/572/20 562/573/36 563/574/16 
f 564/575/249 565/576/250 332/351/251 361/372/252 
f 566/577/253 559/570/246 249/288/215 567/578/254 
f 568/579/182 569/580/183 570/581/184 571/582/185 
f 572/583/255 567/578/254 35/46/31 34/45/30 
f 573/584/35 574/585/22 575/586/41 576/587/45 
f 334/353/248 362/373/256 577/588/257 558/569/245 
f 578/589/38 562/573/36 561/572/20 579/590/19 
f 580/591/258 565/576/250 581/592/32 582/593/37 
f 250/289/216 572/583/255 34/45/30 33/44/29 
f 574/585/22 583/594/21 584/595/40 575/586/41 
f 585/596/205 586/597/209 587/598/27 588/599/9 
f 589/600/203 571/582/185 585/596/205 590/601/202 
f 591/602/201 586/597/209 570/581/184 592/603/204 
f 593/604/259 580/591/258 582/593/37 594/605/14 
f 575/586/41 584/595/40 595/606/46 576/587/45 
f 330/349/260 332/351/251 565/576/250 580/591/258 
f 596/607/13 581/592/32 565/576/250 564/575/249 
f 577/588/257 566/577/253 567/578/254 572/583/255 
f 571/582/185 570/581/184 586/597/209 585/596/205 
f 361/372/252 328/347/261 593/604/259 564/575/249 
f 597/608/196 568/579/182 571/582/185 589/600/203 
f 329/348/262 360/371/263 598/609/264 599/610/265 
f 600/611/12 579/590/19 574/585/22 573/584/35 
f 564/575/249 593/604/259 594/605/14 596/607/13 
f 328/347/261 330/349/260 580/591/258 593/604/259 
f 601/612/186 597/608/196 589/600/203 592/603/204 
f 590/601/202 585/596/205 588/599/9 602/613/10 
f 362/373/256 331/350/266 566/577/253 577/588/257 
f 603/614/28 587/598/27 586/597/209 591/602/201 
f 563/574/16 604/615/15 600/611/12 560/571/11 
f 592/603/204 589/600/203 590/601/202 591/602/201 
f 560/571/11 600/611/12 573/584/35 605/616/42 
f 606/617/187 607/618/171 608/619/267 599/610/265 
f 606/617/187 609/620/195 597/608/196 601/612/186 
f 331/350/266 333/352/247 559/570/246 566/577/253 
f 604/615/15 578/589/38 579/590/19 600/611/12 
f 596/607/13 594/605/14 604/615/15 563/574/16 
f 587/598/27 603/614/28 602/613/10 588/599/9 
f 601/612/186 569/580/183 607/618/171 606/617/187 
f 605/616/42 573/584/35 576/587/45 595/606/46 
f 594/605/14 582/593/37 578/589/38 604/615/15 
f 595/606/46 584/595/40 583/594/21 605/616/42 
f 325/344/268 327/346/269 608/619/267 610/621/270 
f 610/621/270 608/619/267 607/618/171 611/622/172 
f 611/622/172 607/618/171 569/580/183 568/579/182 
f 360/371/263 325/344/268 610/621/270 598/609/264 
f 563/574/16 562/573/36 581/592/32 596/607/13 
f 599/610/265 608/619/267 327/346/269 329/348/262 
f 598/609/264 610/621/270 611/622/172 609/620/195 
f 609/620/195 611/622/172 568/579/182 597/608/196 
f 599/610/265 598/609/264 609/620/195 606/617/187 
f 612/623/41 613/624/40 614/625/46 615/626/45 
f 567/578/254 249/288/215 45/56/39 35/46/31 
f 582/593/37 581/592/32 562/573/36 578/589/38 
f 614/625/46 613/624/40 616/627/271 617/628/272 
f 617/628/272 616/627/271 618/629/273 619/630/274 
f 592/603/204 570/581/184 569/580/183 601/612/186 
f 591/602/201 590/601/202 602/613/10 603/614/28 
f 250/289/216 249/288/215 559/570/246 558/569/245 
f 558/569/245 577/588/257 572/583/255 250/289/216 
f 605/616/42 583/594/21 561/572/20 560/571/11 
f 579/590/19 561/572/20 583/594/21 574/585/22 
f 620/631/275 621/632/276 326/345/277 359/370/278 
f 622/633/35 623/634/22 624/635/41 625/636/45 
f 626/637/42 622/633/35 625/636/45 627/638/46 
f 628/639/20 629/640/11 626/637/42 630/641/21 
f 631/642/279 632/643/280 633/644/215 634/645/254 
f 635/646/281 636/647/282 637/648/283 638/649/284 
f 619/630/274 639/650/285 640/651/286 617/628/272 
f 641/652/287 642/653/288 618/629/273 643/654/289 
f 644/655/290 645/656/291 639/650/285 619/630/274 
f 646/657/292 647/658/293 648/659/294 649/660/295 
f 650/661/296 646/657/292 649/660/295 651/662/297 
f 652/663/298 653/664/299 654/665/300 655/666/301 
f 656/667/302 647/658/293 657/668/303 658/669/304 
f 649/660/295 648/659/294 637/648/283 653/664/299 
f 322/341/305 324/343/306 659/670/307 660/671/308 
f 658/669/304 657/668/303 661/672/309 662/673/310 
f 663/674/12 664/675/19 623/634/22 622/633/35 
f 665/676/311 631/642/279 634/645/254 666/677/255 
f 651/662/297 649/660/295 653/664/299 652/663/298 
f 644/655/290 642/653/288 667/678/312 668/679/313 
f 662/673/310 661/672/309 318/337/314 320/339/315 
f 320/339/315 357/368/316 669/680/317 662/673/310 
f 620/631/275 660/671/308 670/681/318 668/679/313 
f 659/670/307 621/632/276 667/678/312 671/682/319 
f 640/651/286 672/683/320 612/623/41 615/626/45 
f 629/640/11 663/674/12 622/633/35 626/637/42 
f 673/684/36 674/685/38 633/644/215 675/686/216 
f 666/677/255 634/645/254 676/687/15 677/688/16 
f 672/683/320 616/627/271 613/624/40 612/623/41 
f 359/370/278 322/341/305 660/671/308 620/631/275 
f 678/689/321 648/659/294 647/658/293 656/667/302 
f 668/679/313 667/678/312 621/632/276 620/631/275 
f 679/690/40 624/635/41 623/634/22 630/641/21 
f 668/679/313 670/681/318 645/656/291 644/655/290 
f 670/681/318 671/682/319 641/652/287 645/656/291 
f 619/630/274 618/629/273 642/653/288 644/655/290 
f 630/641/21 626/637/42 627/638/46 679/690/40 
f 675/686/216 633/644/215 632/643/280 680/691/322 
f 323/342/68 358/369/69 665/676/311 680/691/322 
f 634/645/254 633/644/215 674/685/38 676/687/15 
f 676/687/15 674/685/38 664/675/19 663/674/12 
f 645/656/291 641/652/287 643/654/289 639/650/285 
f 358/369/69 319/338/70 631/642/279 665/676/311 
f 636/647/282 635/646/281 655/666/301 654/665/300 
f 638/649/284 652/663/298 655/666/301 635/646/281 
f 653/664/299 637/648/283 636/647/282 654/665/300 
f 643/654/289 618/629/273 616/627/271 672/683/320 
f 617/628/272 640/651/286 615/626/45 614/625/46 
f 324/343/306 326/345/277 621/632/276 659/670/307 
f 624/635/41 679/690/40 627/638/46 625/636/45 
f 630/641/21 623/634/22 664/675/19 628/639/20 
f 628/639/20 664/675/19 674/685/38 673/684/36 
f 673/684/36 677/688/16 629/640/11 628/639/20 
f 677/688/16 676/687/15 663/674/12 629/640/11 
f 680/691/322 632/643/280 321/340/71 323/342/68 
f 639/650/285 643/654/289 672/683/320 640/651/286 
f 680/691/322 665/676/311 666/677/255 675/686/216 
f 675/686/216 666/677/255 677/688/16 673/684/36 
f 319/338/70 321/340/71 632/643/280 631/642/279 
f 638/649/284 637/648/283 648/659/294 678/689/321 
f 660/671/308 659/670/307 671/682/319 670/681/318 
f 678/689/321 651/662/297 652/663/298 638/649/284 
f 671/682/319 667/678/312 642/653/288 641/652/287 
f 656/667/302 650/661/296 651/662/297 678/689/321 
f 681/692/323 661/672/309 657/668/303 682/693/324 
f 683/694/230 684/695/235 685/696/239 686/697/243 
f 662/673/310 669/680/317 687/698/325 658/669/304 
f 688/699/220 689/700/219 690/701/238 691/702/237 
f 692/703/226 693/704/227 315/334/224 317/336/225 
f 694/705/229 695/706/232 684/695/235 683/694/230 
f 696/707/240 693/704/227 697/708/228 698/709/233 
f 699/710/234 684/695/235 695/706/232 698/709/233 
f 698/709/233 695/706/232 700/711/241 696/707/240 
f 701/712/221 685/696/239 684/695/235 699/710/234 
f 702/713/220 703/714/219 704/715/238 705/716/237 
f 706/717/236 707/718/218 708/719/243 709/720/239 
f 375/386/231 374/385/230 708/719/243 710/721/222 
f 710/721/222 708/719/243 707/718/218 711/722/217 
f 683/694/230 712/723/231 697/708/228 694/705/229 
f 711/722/217 707/718/218 703/714/219 702/713/220 
f 689/700/219 688/699/220 713/724/217 714/725/218 
f 658/669/304 687/698/325 650/661/296 656/667/302 
f 714/725/218 713/724/217 715/726/222 686/697/243 
f 313/332/244 315/334/224 693/704/227 696/707/240 
f 686/697/243 715/726/222 712/723/231 683/694/230 
f 709/720/239 708/719/243 374/385/230 407/418/235 
f 696/707/240 700/711/241 356/367/242 313/332/244 
f 692/703/226 700/711/241 695/706/232 694/705/229 
f 704/715/238 703/714/219 707/718/218 706/717/236 
f 682/693/324 657/668/303 647/658/293 646/657/292 
f 406/417/234 375/386/231 710/721/222 716/727/221 
f 716/727/221 710/721/222 711/722/217 717/728/223 
f 699/710/234 712/723/231 715/726/222 701/712/221 
f 694/705/229 697/708/228 693/704/227 692/703/226 
f 717/728/223 711/722/217 702/713/220 705/716/237 
f 705/716/237 704/715/238 706/717/236 717/728/223 
f 716/727/221 709/720/239 407/418/235 406/417/234 
f 407/418/235 374/385/230 373/384/229 408/419/232 
f 698/709/233 697/708/228 712/723/231 699/710/234 
f 718/729/223 719/730/236 685/696/239 701/712/221 
f 408/419/232 373/384/229 720/731/226 433/444/241 
f 357/368/316 316/335/326 681/692/323 669/680/317 
f 433/444/241 720/731/226 314/333/225 355/366/242 
f 669/680/317 681/692/323 682/693/324 687/698/325 
f 714/725/218 719/730/236 690/701/238 689/700/219 
f 312/331/224 314/333/225 720/731/226 434/445/227 
f 687/698/325 682/693/324 646/657/292 650/661/296 
f 317/336/225 356/367/242 700/711/241 692/703/226 
f 717/728/223 706/717/236 709/720/239 716/727/221 
f 434/445/227 720/731/226 373/384/229 372/383/228 
f 691/702/237 690/701/238 719/730/236 718/729/223 
f 686/697/243 685/696/239 719/730/236 714/725/218 
f 316/335/326 318/337/314 661/672/309 681/692/323 
f 701/712/221 715/726/222 713/724/217 718/729/223 
f 718/729/223 713/724/217 688/699/220 691/702/237 
f 721/732/227 722/733/226 723/734/229 724/735/228 
f 725/736/235 726/737/234 727/738/221 728/739/239 
f 729/740/238 730/741/219 731/742/218 732/743/236 
f 728/739/239 727/738/221 733/744/223 732/743/236 
f 734/745/228 735/746/229 736/747/230 737/748/231 
f 336/151/242 253/152/244 738/749/240 739/750/241 
f 740/751/236 741/752/223 742/753/237 743/754/238 
f 744/755/243 745/756/239 740/751/236 746/757/218 
f 746/757/218 740/751/236 743/754/238 747/758/219 
f 748/759/230 749/760/231 750/761/228 751/762/229 
f 752/763/241 753/764/240 754/765/233 755/766/232 
f 756/767/222 727/738/221 726/737/234 737/748/231 
f 757/768/237 758/769/220 730/741/219 729/740/238 
f 751/762/229 750/761/228 759/770/227 760/771/226 
f 760/771/226 759/770/227 252/155/224 254/156/225 
f 761/772/217 762/773/218 763/774/219 764/775/220 
f 746/757/218 765/776/217 766/777/222 744/755/243 
f 741/752/223 765/776/217 767/778/220 742/753/237 
f 251/158/244 252/155/224 759/770/227 768/779/240 
f 769/780/217 731/742/218 730/741/219 758/769/220 
f 755/766/232 754/765/233 770/781/234 771/782/235 
f 772/783/231 773/784/230 774/785/243 775/786/222 
f 732/743/236 733/744/223 757/768/237 729/740/238 
f 776/787/227 777/788/226 735/746/229 734/745/228 
f 778/789/232 735/746/229 777/788/226 739/750/241 
f 724/735/228 754/765/233 753/764/240 721/732/227 
f 779/790/239 780/791/221 781/792/223 782/793/236 
f 779/790/239 774/785/243 773/784/230 771/782/235 
f 728/739/239 783/794/243 736/747/230 725/736/235 
f 772/783/231 770/781/234 754/765/233 724/735/228 
f 752/763/241 722/733/226 260/150/225 337/147/242 
f 758/769/220 757/768/237 733/744/223 769/780/217 
f 721/732/227 753/764/240 256/148/244 258/149/224 
f 755/766/232 723/734/229 722/733/226 752/763/241 
f 775/786/222 774/785/243 762/773/218 761/772/217 
f 782/793/236 762/773/218 774/785/243 779/790/239 
f 769/780/217 733/744/223 727/738/221 756/767/222 
f 737/748/231 736/747/230 783/794/243 756/767/222 
f 756/767/222 783/794/243 731/742/218 769/780/217 
f 732/743/236 731/742/218 783/794/243 728/739/239 
f 739/750/241 738/749/240 784/795/233 778/789/232 
f 778/789/232 784/795/233 726/737/234 725/736/235 
f 737/748/231 726/737/234 784/795/233 734/745/228 
f 725/736/235 736/747/230 735/746/229 778/789/232 
f 785/796/238 763/774/219 762/773/218 782/793/236 
f 337/147/242 256/148/244 753/764/240 752/763/241 
f 258/149/224 260/150/225 722/733/226 721/732/227 
f 739/750/241 777/788/226 257/154/225 336/151/242 
f 742/753/237 767/778/220 747/758/219 743/754/238 
f 775/786/222 780/791/221 770/781/234 772/783/231 
f 747/758/219 767/778/220 765/776/217 746/757/218 
f 782/793/236 781/792/223 786/797/237 785/796/238 
f 724/735/228 723/734/229 773/784/230 772/783/231 
f 787/798/234 749/760/231 766/777/222 788/799/221 
f 788/799/221 766/777/222 765/776/217 741/752/223 
f 789/800/235 787/798/234 788/799/221 745/756/239 
f 745/756/239 788/799/221 741/752/223 740/751/236 
f 771/782/235 773/784/230 723/734/229 755/766/232 
f 771/782/235 770/781/234 780/791/221 779/790/239 
f 744/755/243 766/777/222 749/760/231 748/759/230 
f 734/745/228 784/795/233 738/749/240 776/787/227 
f 776/787/227 738/749/240 253/152/244 255/153/224 
f 255/153/224 257/154/225 777/788/226 776/787/227 
f 748/759/230 789/800/235 745/756/239 744/755/243 
f 790/801/233 750/761/228 749/760/231 787/798/234 
f 760/771/226 791/802/241 792/803/232 751/762/229 
f 768/779/240 759/770/227 750/761/228 790/801/233 
f 792/803/232 790/801/233 787/798/234 789/800/235 
f 791/802/241 768/779/240 790/801/233 792/803/232 
f 751/762/229 792/803/232 789/800/235 748/759/230 
f 335/157/242 251/158/244 768/779/240 791/802/241 
f 254/156/225 335/157/242 791/802/241 760/771/226 
f 793/804/235 794/805/230 795/806/229 796/807/232 
f 283/302/244 285/304/224 797/808/227 798/809/240 
f 799/810/236 800/811/218 801/812/243 802/813/239 
f 803/814/228 795/806/229 794/805/230 804/815/231 
f 805/816/220 806/817/219 807/818/238 808/819/237 
f 809/820/223 810/821/217 811/822/220 812/823/237 
f 813/824/226 814/825/227 288/307/224 290/309/225 
f 815/826/240 816/827/241 347/358/242 286/305/244 
f 817/828/229 818/829/228 814/825/227 813/824/226 
f 796/807/232 795/806/229 819/830/226 820/831/241 
f 554/565/234 510/521/235 821/832/232 822/833/233 
f 804/815/231 794/805/230 801/812/243 823/834/222 
f 285/304/224 287/306/225 819/830/226 797/808/227 
f 346/357/242 283/302/244 798/809/240 820/831/241 
f 815/826/240 814/825/227 818/829/228 822/833/233 
f 824/835/236 825/836/218 826/837/243 827/838/239 
f 793/804/235 828/839/234 829/840/221 802/813/239 
f 827/838/239 826/837/243 830/841/230 831/842/235 
f 802/813/239 801/812/243 794/805/230 793/804/235 
f 832/843/222 826/837/243 825/836/218 833/844/217 
f 805/816/220 808/819/237 834/845/223 833/844/217 
f 817/828/229 821/832/232 510/521/235 509/520/230 
f 828/839/234 804/815/231 823/834/222 829/840/221 
f 810/821/217 800/811/218 835/846/219 811/822/220 
f 509/520/230 552/563/231 818/829/228 817/828/229 
f 807/818/238 806/817/219 825/836/218 824/835/236 
f 823/834/222 801/812/243 800/811/218 810/821/217 
f 290/309/225 347/358/242 816/827/241 813/824/226 
f 836/847/231 830/841/230 826/837/243 832/843/222 
f 798/809/240 797/808/227 803/814/228 837/848/233 
f 820/831/241 798/809/240 837/848/233 796/807/232 
f 796/807/232 837/848/233 828/839/234 793/804/235 
f 833/844/217 825/836/218 806/817/219 805/816/220 
f 832/843/222 838/849/221 839/850/234 836/847/231 
f 837/848/233 803/814/228 804/815/231 828/839/234 
f 827/838/239 838/849/221 834/845/223 824/835/236 
f 797/808/227 819/830/226 795/806/229 803/814/228 
f 829/840/221 823/834/222 810/821/217 809/820/223 
f 824/835/236 834/845/223 808/819/237 807/818/238 
f 831/842/235 830/841/230 840/851/229 841/852/232 
f 842/853/241 843/854/226 284/303/225 345/356/242 
f 556/567/223 521/532/236 511/522/239 555/566/221 
f 282/301/224 284/303/225 843/854/226 844/855/227 
f 844/855/227 843/854/226 840/851/229 845/856/228 
f 845/856/228 840/851/229 830/841/230 836/847/231 
f 836/847/231 839/850/234 846/857/233 845/856/228 
f 841/852/232 840/851/229 843/854/226 842/853/241 
f 822/833/233 818/829/228 552/563/231 554/565/234 
f 845/856/228 846/857/233 847/858/240 844/855/227 
f 844/855/227 847/858/240 280/299/244 282/301/224 
f 345/356/242 280/299/244 847/858/240 842/853/241 
f 833/844/217 834/845/223 838/849/221 832/843/222 
f 831/842/235 839/850/234 838/849/221 827/838/239 
f 842/853/241 847/858/240 846/857/233 841/852/232 
f 822/833/233 821/832/232 816/827/241 815/826/240 
f 555/566/221 511/522/239 510/521/235 554/565/234 
f 813/824/226 816/827/241 821/832/232 817/828/229 
f 811/822/220 835/846/219 848/859/238 812/823/237 
f 286/305/244 288/307/224 814/825/227 815/826/240 
f 557/568/237 527/538/238 521/532/236 556/567/223 
f 848/859/238 835/846/219 800/811/218 799/810/236 
f 802/813/239 829/840/221 809/820/223 799/810/236 
f 799/810/236 809/820/223 812/823/237 848/859/238 
f 820/831/241 819/830/226 287/306/225 346/357/242 
f 849/860/239 850/861/243 851/862/230 852/863/235 
f 849/860/239 853/864/221 854/865/223 855/866/236 
f 856/867/241 857/868/240 858/869/233 859/870/232 
f 279/298/224 281/300/225 860/871/226 861/872/227 
f 862/873/220 863/874/219 864/875/238 865/876/237 
f 866/877/231 867/878/234 858/869/233 868/879/228 
f 869/880/231 870/881/230 871/882/243 872/883/222 
f 859/870/232 858/869/233 867/878/234 852/863/235 
f 873/884/235 874/885/234 875/886/221 876/887/239 
f 877/888/232 878/889/229 879/890/226 880/891/241 
f 881/892/240 882/893/227 883/894/228 884/895/233 
f 866/877/231 851/862/230 850/861/243 885/896/222 
f 886/897/217 887/898/218 888/899/219 889/900/220 
f 852/863/235 851/862/230 890/901/229 859/870/232 
f 859/870/232 890/901/229 860/871/226 856/867/241 
f 891/902/220 892/903/219 893/904/238 894/905/237 
f 868/879/228 858/869/233 857/868/240 861/872/227 
f 886/897/217 854/865/223 853/864/221 885/896/222 
f 895/906/223 896/907/217 862/873/220 865/876/237 
f 856/867/241 860/871/226 281/300/225 344/355/242 
f 883/894/228 878/889/229 870/881/230 869/880/231 
f 897/908/239 898/909/243 899/910/230 900/911/235 
f 901/912/217 902/913/218 892/903/219 891/902/220 
f 897/908/239 903/914/221 904/915/223 905/916/236 
f 852/863/235 867/878/234 853/864/221 849/860/239 
f 274/294/244 276/295/224 882/893/227 881/892/240 
f 889/900/220 888/899/219 906/917/238 907/918/237 
f 864/875/238 863/874/219 908/919/218 909/920/236 
f 909/920/236 895/906/223 865/876/237 864/875/238 
f 893/904/238 892/903/219 902/913/218 905/916/236 
f 905/916/236 902/913/218 898/909/243 897/908/239 
f 872/883/222 871/882/243 908/919/218 896/907/217 
f 906/917/238 888/899/219 887/898/218 855/866/236 
f 873/884/235 870/881/230 878/889/229 877/888/232 
f 877/888/232 884/895/233 874/885/234 873/884/235 
f 276/295/224 278/297/225 879/890/226 882/893/227 
f 880/891/241 881/892/240 884/895/233 877/888/232 
f 868/879/228 890/901/229 851/862/230 866/877/231 
f 884/895/233 883/894/228 869/880/231 874/885/234 
f 880/891/241 879/890/226 278/297/225 343/354/242 
f 910/921/222 898/909/243 902/913/218 901/912/217 
f 874/885/234 869/880/231 872/883/222 875/886/221 
f 882/893/227 879/890/226 878/889/229 883/894/228 
f 911/922/234 912/923/231 910/921/222 903/914/221 
f 903/914/221 910/921/222 901/912/217 904/915/223 
f 889/900/220 907/918/237 854/865/223 886/897/217 
f 855/866/236 887/898/218 850/861/243 849/860/239 
f 896/907/217 908/919/218 863/874/219 862/873/220 
f 875/886/221 872/883/222 896/907/217 895/906/223 
f 909/920/236 908/919/218 871/882/243 876/887/239 
f 876/887/239 875/886/221 895/906/223 909/920/236 
f 885/896/222 850/861/243 887/898/218 886/897/217 
f 855/866/236 854/865/223 907/918/237 906/917/238 
f 343/354/242 274/294/244 881/892/240 880/891/241 
f 912/923/231 899/910/230 898/909/243 910/921/222 
f 841/852/232 846/857/233 839/850/234 831/842/235 
f 876/887/239 871/882/243 870/881/230 873/884/235 
f 904/915/223 901/912/217 891/902/220 894/905/237 
f 900/911/235 911/922/234 903/914/221 897/908/239 
f 905/916/236 904/915/223 894/905/237 893/904/238 
f 861/872/227 857/868/240 277/296/244 279/298/224 
f 344/355/242 277/296/244 857/868/240 856/867/241 
f 861/872/227 860/871/226 890/901/229 868/879/228 
f 885/896/222 853/864/221 867/878/234 866/877/231 
f 913/924/233 914/925/232 915/926/241 916/927/240 
f 917/928/240 918/929/227 919/930/228 920/931/233 
f 921/932/221 922/933/239 923/934/235 924/935/234 
f 925/936/220 926/937/219 927/938/238 928/939/237 
f 915/926/241 929/940/226 272/142/225 341/139/242 
f 930/941/241 931/942/226 269/138/225 340/135/242 
f 916/927/240 915/926/241 341/139/242 268/140/244 
f 932/943/223 933/944/236 934/945/239 935/946/221 
f 936/947/220 937/948/219 938/949/238 939/950/237 
f 940/951/240 941/952/227 942/953/228 943/954/233 
f 944/955/235 945/956/230 946/957/229 914/925/232 
f 900/911/235 899/910/230 947/958/229 948/959/232 
f 949/960/241 950/961/226 275/293/225 342/290/242 
f 342/290/242 271/291/244 917/928/240 949/960/241 
f 949/960/241 917/928/240 920/931/233 948/959/232 
f 951/962/217 952/963/218 926/937/219 925/936/220 
f 268/140/244 270/141/224 953/964/227 916/927/240 
f 918/929/227 950/961/226 947/958/229 919/930/228 
f 954/965/237 955/966/238 956/967/236 957/968/223 
f 948/959/232 920/931/233 911/922/234 900/911/235 
f 927/938/238 926/937/219 952/963/218 933/944/236 
f 958/969/234 944/955/235 914/925/232 913/924/233 
f 943/954/233 942/953/228 959/970/231 924/935/234 
f 960/971/232 961/972/229 931/942/226 930/941/241 
f 271/291/244 273/292/224 918/929/227 917/928/240 
f 943/954/233 960/971/232 930/941/241 940/951/240 
f 962/973/222 963/974/243 952/963/218 951/962/217 
f 955/966/238 964/975/219 965/976/218 956/967/236 
f 956/967/236 965/976/218 966/977/243 922/933/239 
f 953/964/227 929/940/226 946/957/229 967/978/228 
f 916/927/240 953/964/227 967/978/228 913/924/233 
f 913/924/233 967/978/228 968/979/231 958/969/234 
f 957/968/223 969/980/217 970/981/220 954/965/237 
f 957/968/223 956/967/236 922/933/239 921/932/221 
f 934/945/239 963/974/243 945/956/230 944/955/235 
f 967/978/228 946/957/229 945/956/230 968/979/231 
f 914/925/232 946/957/229 929/940/226 915/926/241 
f 267/137/224 269/138/225 931/942/226 941/952/227 
f 958/969/234 968/979/231 962/973/222 935/946/221 
f 921/932/221 971/982/222 969/980/217 957/968/223 
f 942/953/228 961/972/229 972/983/230 959/970/231 
f 265/136/244 267/137/224 941/952/227 940/951/240 
f 940/951/240 930/941/241 340/135/242 265/136/244 
f 937/948/219 936/947/220 973/984/217 974/985/218 
f 933/944/236 952/963/218 963/974/243 934/945/239 
f 273/292/224 275/293/225 950/961/226 918/929/227 
f 968/979/231 945/956/230 963/974/243 962/973/222 
f 935/946/221 962/973/222 951/962/217 932/943/223 
f 928/939/237 927/938/238 933/944/236 932/943/223 
f 922/933/239 966/977/243 972/983/230 923/934/235 
f 923/934/235 972/983/230 961/972/229 960/971/232 
f 948/959/232 947/958/229 950/961/226 949/960/241 
f 920/931/233 919/930/228 912/923/231 911/922/234 
f 932/943/223 951/962/217 925/936/220 928/939/237 
f 270/141/224 272/142/225 929/940/226 953/964/227 
f 970/981/220 964/975/219 955/966/238 954/965/237 
f 971/982/222 966/977/243 965/976/218 969/980/217 
f 969/980/217 965/976/218 964/975/219 970/981/220 
f 924/935/234 959/970/231 971/982/222 921/932/221 
f 924/935/234 923/934/235 960/971/232 943/954/233 
f 935/946/221 934/945/239 944/955/235 958/969/234 
f 959/970/231 972/983/230 966/977/243 971/982/222 
f 941/952/227 931/942/226 961/972/229 942/953/228 
f 919/930/228 947/958/229 899/910/230 912/923/231 
f 262/144/244 264/145/224 975/986/227 976/987/240 
f 977/988/222 978/989/221 979/990/234 980/991/231 
f 981/992/239 978/989/221 982/993/223 983/994/236 
f 983/994/236 982/993/223 984/995/237 985/996/238 
f 986/997/230 987/998/235 981/992/239 988/999/243 
f 989/1000/228 990/1001/233 991/1002/240 992/1003/227 
f 993/1004/217 994/1005/218 995/1006/219 996/1007/220 
f 992/1003/227 991/1002/240 259/132/244 261/133/224 
f 997/1008/235 998/1009/234 999/1010/221 1000/1011/239 
f 996/1007/220 984/995/237 982/993/223 993/1004/217 
f 992/1003/227 1001/1012/226 1002/1013/229 989/1000/228 
f 989/1000/228 1002/1013/229 986/997/230 980/991/231 
f 266/146/225 339/143/242 1003/1014/241 1004/1015/226 
f 338/131/242 259/132/244 991/1002/240 1005/1016/241 
f 1005/1016/241 991/1002/240 990/1001/233 1006/1017/232 
f 987/998/235 979/990/234 978/989/221 981/992/239 
f 263/134/225 338/131/242 1005/1016/241 1001/1012/226 
f 1007/1018/229 1008/1019/232 997/1008/235 1009/1020/230 
f 1009/1020/230 997/1008/235 1000/1011/239 1010/1021/243 
f 1001/1012/226 1005/1016/241 1006/1017/232 1002/1013/229 
f 1002/1013/229 1006/1017/232 987/998/235 986/997/230 
f 786/797/237 764/775/220 763/774/219 785/796/238 
f 764/775/220 786/797/237 781/792/223 761/772/217 
f 761/772/217 781/792/223 780/791/221 775/786/222 
f 1011/1022/223 973/984/217 936/947/220 939/950/237 
f 1009/1020/230 1012/1023/231 1013/1024/228 1007/1018/229 
f 974/985/218 973/984/217 1014/1025/222 1010/1021/243 
f 1015/1026/233 1013/1024/228 1012/1023/231 998/1009/234 
f 998/1009/234 1012/1023/231 1014/1025/222 999/1010/221 
f 1000/1011/239 999/1010/221 1011/1022/223 1016/1027/236 
f 984/995/237 996/1007/220 995/1006/219 985/996/238 
f 1010/1021/243 1014/1025/222 1012/1023/231 1009/1020/230 
f 999/1010/221 1014/1025/222 973/984/217 1011/1022/223 
f 976/987/240 975/986/227 1013/1024/228 1015/1026/233 
f 1003/1014/241 976/987/240 1015/1026/233 1008/1019/232 
f 993/1004/217 982/993/223 978/989/221 977/988/222 
f 988/999/243 981/992/239 983/994/236 994/1005/218 
f 339/143/242 262/144/244 976/987/240 1003/1014/241 
f 994/1005/218 983/994/236 985/996/238 995/1006/219 
f 980/991/231 979/990/234 990/1001/233 989/1000/228 
f 261/133/224 263/134/225 1001/1012/226 992/1003/227 
f 977/988/222 988/999/243 994/1005/218 993/1004/217 
f 1006/1017/232 990/1001/233 979/990/234 987/998/235 
f 1004/1015/226 1003/1014/241 1008/1019/232 1007/1018/229 
f 1008/1019/232 1015/1026/233 998/1009/234 997/1008/235 
f 980/991/231 986/997/230 988/999/243 977/988/222 
f 1007/1018/229 1013/1024/228 975/986/227 1004/1015/226 
f 1004/1015/226 975/986/227 264/145/224 266/146/225 
f 974/985/218 1016/1027/236 938/949/238 937/948/219 
f 1010/1021/243 1000/1011/239 1016/1027/236 974/985/218 
f 1016/1027/236 1011/1022/223 939/950/237 938/949/238 
# 942 polygons - 218 triangles

