# 3ds Max Wavefront OBJ Exporter v0.99 - (c)2007 guruware
# File Created: 12.03.2026 09:50:33

mtllib Tappered Panel Configurator_OBJ.mtl

#
# object Box001
#

v  -893.6652 36.5468 236.4350
v  -898.2667 36.5468 236.4350
v  -898.2667 36.5468 -962.4088
v  -893.6652 36.5468 -962.4088
v  -893.6652 2825.2710 236.4350
v  -893.6652 2825.2710 -962.4088
v  -898.2667 2825.2710 -962.4088
v  -898.2667 2825.2710 236.4350
# 8 vertices

vn 0.5774 -0.5774 0.5774
vn -0.5774 -0.5774 0.5774
vn -0.5774 -0.5774 -0.5774
vn 0.5774 -0.5774 -0.5774
vn 0.5774 0.5774 0.5774
vn 0.5774 0.5774 -0.5774
vn -0.5774 0.5774 -0.5774
vn -0.5774 0.5774 0.5774
# 8 vertex normals

vt 0.5259 0.0005 0.0020
vt 0.7560 0.0005 0.0020
vt 0.7560 0.9995 0.0020
vt 0.5259 0.9995 0.0020
vt 0.4741 0.0005 0.9980
vt 0.4741 0.9995 0.9980
vt 0.2440 0.9995 0.9980
vt 0.2440 0.0005 0.9980
vt 0.0005 0.0020 0.4741
vt 0.9995 0.0020 0.4741
vt 0.9995 0.9980 0.4741
vt 0.0005 0.9980 0.4741
vt 0.5259 0.0020 0.9995
vt 0.7560 0.0020 0.9995
vt 0.7560 0.9980 0.9995
vt 0.5259 0.9980 0.9995
vt 0.0005 0.0020 0.2440
vt 0.9995 0.0020 0.2440
vt 0.9995 0.9980 0.2440
vt 0.0005 0.9980 0.2440
vt 0.2440 0.0020 0.0005
vt 0.4741 0.0020 0.0005
vt 0.4741 0.9980 0.0005
vt 0.2440 0.9980 0.0005
# 24 texture coords

o Box001
g Box001
usemtl wire_176158220
s 2
f 1/1/1 2/2/2 3/3/3 4/4/4 
s 4
f 5/5/5 6/6/6 7/7/7 8/8/8 
s 8
f 1/9/1 4/10/4 6/11/6 5/12/5 
s 16
f 4/13/4 3/14/3 7/15/7 6/16/6 
s 32
f 3/17/3 2/18/2 8/19/8 7/20/7 
s 64
f 2/21/2 1/22/1 5/23/5 8/24/8 
# 6 polygons

#
# object Rectangle008
#

v  -892.8874 2823.4834 -267.9208
v  -892.8874 2824.0679 -268.2985
v  -892.3407 2823.9634 -269.9987
v  -892.3407 2823.6760 -269.8253
v  -892.8874 2824.5210 -269.3123
v  -892.3407 2824.1802 -270.4271
v  -892.8874 2824.7124 -270.4163
v  -892.3407 2824.3257 -271.2585
v  -892.8874 2824.8135 -271.6340
v  -892.3407 2824.3633 -271.7435
v  -892.8816 2824.8135 -288.6019
v  -892.2462 2824.3633 -288.6029
v  -891.8619 2823.5901 -272.0243
v  -891.8755 2823.4099 -271.9252
v  -891.8544 2823.6934 -272.2104
v  -891.8593 2823.7913 -272.6999
v  -891.8640 2823.8123 -272.9844
v  -891.6477 2823.8364 -288.6136
v  -891.5294 2822.9702 -274.1251
v  -891.5324 2819.6377 -274.0914
v  -891.8813 2819.8579 -271.9028
v  -891.5306 2823.0691 -274.2010
v  -891.5409 2823.1455 -274.2800
v  -891.5461 2823.1917 -274.4283
v  -891.5538 2823.2314 -274.6111
v  -892.8877 745.3562 -268.0576
v  -892.8876 1434.5444 -268.0149
v  -892.3409 1434.5449 -269.1701
v  -892.3411 745.3564 -268.8108
v  -891.8887 1434.5415 -270.4044
v  -891.8894 745.3547 -269.6140
v  -891.5516 745.3524 -270.4613
v  -891.5497 1434.5369 -271.7066
v  -891.3029 1434.5349 -272.5583
v  -891.3030 745.3516 -271.0210
v  -889.2749 2823.2407 -303.5064
v  -889.5138 2823.2363 -288.6276
v  -891.6519 2823.8384 -303.5064
v  -891.3027 2822.8174 -275.3759
v  -889.3550 2822.7981 -288.6342
v  -888.9324 2819.5505 -288.6342
v  -891.3027 2819.5601 -275.3860
v  -892.8873 2823.4834 -339.0921
v  -892.3407 2823.6760 -337.1876
v  -892.3407 2823.9634 -337.0141
v  -892.8873 2824.0679 -338.7144
v  -892.3407 2824.1802 -336.5858
v  -892.8873 2824.5210 -337.7005
v  -892.3407 2824.3257 -335.7543
v  -892.8873 2824.7124 -336.5966
v  -892.3407 2824.3633 -335.2694
v  -892.8873 2824.8135 -335.3789
v  -892.2462 2824.3633 -318.4098
v  -892.8816 2824.8135 -318.4107
v  -891.8755 2823.4099 -335.0877
v  -891.8619 2823.5901 -334.9886
v  -891.8544 2823.6934 -334.8024
v  -891.8593 2823.7913 -334.3130
v  -891.8640 2823.8123 -334.0284
v  -891.6477 2823.8364 -318.3992
v  -891.8813 2819.8579 -335.1100
v  -891.5324 2819.6377 -332.9215
v  -891.5293 2822.9702 -332.8877
v  -891.5306 2823.0691 -332.8118
v  -891.5409 2823.1455 -332.7328
v  -891.5461 2823.1917 -332.5846
v  -891.5538 2823.2314 -332.4017
v  -892.3411 745.3564 -295.4521
v  -892.3409 1434.5449 -310.0303
v  -892.8876 1434.5444 -311.1855
v  -892.8877 745.3562 -296.2053
v  -891.8894 745.3547 -294.6489
v  -891.8887 1434.5415 -308.7960
v  -891.3030 745.3514 -293.2419
v  -891.3029 1434.5349 -306.6420
v  -891.5497 1434.5369 -307.4937
v  -891.5516 745.3525 -293.8015
v  -889.5138 2823.2363 -318.3854
v  -891.3027 2822.8174 -331.6370
v  -889.3550 2822.7981 -318.3789
v  -891.3027 2819.5601 -331.6269
v  -888.9324 2819.5505 -318.3788
v  -892.8826 2824.8135 -303.5064
v  -892.2498 2824.3633 -303.5064
v  -889.1108 2822.7788 -303.5064
v  -888.4534 2819.5410 -303.5064
v  -888.0271 745.3516 -282.1314
v  -888.0270 1434.5349 -289.6002
v  -888.9326 1434.5349 -298.6212
v  -888.9327 745.3514 -288.0132
v  -891.5385 2816.3052 -274.0576
v  -891.5460 2812.9058 -274.0239
v  -891.8873 2812.9150 -271.8683
v  -891.8849 2816.3101 -271.8848
v  -892.8874 2816.3110 -267.9208
v  -892.8874 2819.8972 -267.9208
v  -892.3407 2819.9946 -269.8253
v  -892.3407 2816.3130 -269.8253
v  -891.3027 2816.3032 -275.3960
v  -888.9324 2816.3032 -288.6343
v  -888.9324 2812.9019 -288.6344
v  -891.3027 2812.9019 -275.4061
v  -891.8849 2816.3101 -335.1281
v  -891.8873 2812.9150 -335.1445
v  -891.5460 2812.9058 -332.9890
v  -891.5385 2816.3052 -332.9553
v  -892.3407 2816.3130 -337.1876
v  -892.3407 2819.9946 -337.1876
v  -892.8873 2819.8972 -339.0921
v  -892.8873 2816.3110 -339.0921
v  -891.3027 2816.3032 -331.6168
v  -891.3027 2812.9019 -331.6068
v  -888.9324 2812.9019 -318.3787
v  -888.9324 2816.3032 -318.3788
v  -888.0267 2816.3027 -303.5064
v  -888.0267 2812.9019 -303.5064
v  -892.8874 2812.9209 -267.9208
v  -892.3407 2812.9219 -269.8253
v  -892.3407 2812.9219 -337.1876
v  -892.8873 2812.9209 -339.0921
v  -891.5479 2123.7212 -273.2494
v  -891.8880 2123.7283 -271.5792
v  -888.9325 2123.7185 -284.6000
v  -888.9326 1434.5349 -280.5793
v  -891.3028 2123.7185 -274.3311
v  -891.8880 2123.7283 -320.7149
v  -891.5479 2123.7214 -319.0447
v  -891.3028 2123.7183 -317.9630
v  -888.9325 2123.7183 -307.6942
v  -888.0269 2123.7185 -296.1471
v  -892.8878 42.0632 -267.8468
v  -892.3412 41.8706 -268.2310
v  -892.3412 41.5834 -268.2661
v  -892.8878 41.4786 -267.9230
v  -892.3412 41.3666 -268.3525
v  -892.8878 41.0256 -268.1276
v  -892.3412 41.2211 -268.5202
v  -892.8878 40.8342 -268.3503
v  -892.3412 41.1835 -268.6180
v  -892.8878 40.7332 -268.5959
v  -892.2466 41.1835 -272.0193
v  -892.8820 40.7332 -272.0191
v  -891.8760 42.1367 -268.6547
v  -891.8624 41.9567 -268.6747
v  -891.8549 41.8534 -268.7122
v  -891.8598 41.7555 -268.8110
v  -891.8645 41.7346 -268.8684
v  -891.4556 41.4988 -272.0215
v  -891.8818 45.6890 -268.6502
v  -891.5328 45.9091 -269.0917
v  -891.4541 42.5766 -269.0985
v  -891.4514 42.4775 -269.1138
v  -891.4570 42.4010 -269.1298
v  -891.4634 42.3550 -269.1597
v  -891.4727 42.3151 -269.1966
v  -892.8878 56.1680 -267.8468
v  -892.3412 56.1680 -268.2310
v  -892.3412 52.6249 -268.2310
v  -892.8878 52.6258 -267.8468
v  -891.8901 56.1680 -268.6399
v  -891.8878 52.6316 -268.6432
v  -891.3032 56.1680 -269.3590
v  -891.3032 52.6447 -269.3569
v  -891.5464 52.6407 -269.0781
v  -891.5535 56.1680 -269.0713
v  -889.4927 42.3058 -275.0260
v  -891.4598 41.4966 -275.0260
v  -889.7316 42.3104 -272.0243
v  -891.2692 43.1107 -269.3508
v  -889.3215 43.1299 -272.0256
v  -891.3032 45.9865 -269.3529
v  -888.9329 45.9961 -272.0256
v  -892.8878 42.0632 -282.2051
v  -892.8878 41.4786 -282.1289
v  -892.3412 41.5834 -281.7859
v  -892.3412 41.8706 -281.8209
v  -892.8878 41.0256 -281.9244
v  -892.3412 41.3666 -281.6995
v  -892.8878 40.8342 -281.7017
v  -892.3412 41.2211 -281.5317
v  -892.8878 40.7332 -281.4560
v  -892.3412 41.1835 -281.4339
v  -892.8820 40.7332 -278.0328
v  -892.2466 41.1835 -278.0326
v  -891.8624 41.9567 -281.3773
v  -891.8760 42.1367 -281.3972
v  -891.8549 41.8534 -281.3397
v  -891.8598 41.7555 -281.2410
v  -891.8645 41.7346 -281.1835
v  -891.4556 41.4988 -278.0305
v  -891.4541 42.5766 -280.9534
v  -891.5328 45.9091 -280.9602
v  -891.8818 45.6890 -281.4018
v  -891.4514 42.4775 -280.9381
v  -891.4570 42.4010 -280.9222
v  -891.4634 42.3550 -280.8923
v  -891.4726 42.3151 -280.8554
v  -892.8878 56.1680 -282.2051
v  -892.8878 52.6258 -282.2051
v  -892.3412 52.6249 -281.8209
v  -892.3412 56.1680 -281.8209
v  -891.8878 52.6316 -281.4087
v  -891.8901 56.1680 -281.4120
v  -891.3032 56.1680 -280.6930
v  -891.5535 56.1680 -280.9807
v  -891.5464 52.6407 -280.9738
v  -891.3032 52.6447 -280.6950
v  -889.7316 42.3104 -278.0277
v  -891.2692 43.1107 -280.7011
v  -889.3215 43.1299 -278.0264
v  -888.9329 45.9961 -278.0264
v  -891.3032 45.9865 -280.6991
v  -892.2503 41.1835 -275.0260
v  -892.8831 40.7332 -275.0260
v  -889.0773 43.1490 -275.0260
v  -888.4539 46.0057 -275.0260
v  -888.9329 56.1680 -278.0263
v  -888.9329 52.6447 -278.0263
v  -888.0272 52.6448 -275.0260
v  -888.0272 56.1680 -275.0260
v  -891.5389 49.2416 -269.0849
v  -891.8854 49.2367 -268.6465
v  -892.8878 49.2357 -267.8468
v  -892.3412 49.2335 -268.2310
v  -892.3412 45.5521 -268.2310
v  -892.8878 45.6494 -267.8468
v  -891.3032 49.2434 -269.3549
v  -888.9329 49.2437 -272.0256
v  -888.9329 52.6447 -272.0257
v  -891.8854 49.2367 -281.4054
v  -891.5389 49.2416 -280.9670
v  -892.3412 49.2335 -281.8209
v  -892.8878 49.2357 -282.2051
v  -892.8878 45.6494 -282.2051
v  -892.3412 45.5521 -281.8209
v  -891.3032 49.2434 -280.6970
v  -888.9329 49.2437 -278.0263
v  -888.0272 49.2438 -275.0260
v  -888.9329 56.1680 -272.0257
v  -892.8875 2123.7327 -268.5174
v  -892.3408 2123.7334 -269.9961
v  -892.3408 2123.7334 -322.2981
v  -892.8875 2123.7327 -323.7767
v  -888.9327 745.3516 -276.2497
# 244 vertices

vn 0.9720 0.0541 0.2285
vn 0.9490 0.2147 0.2308
vn 0.9482 0.2522 0.1931
vn 0.9763 0.0679 0.2053
vn 0.8523 0.4895 0.1845
vn 0.8797 0.4566 0.1332
vn 0.7589 0.6438 0.0982
vn 0.8162 0.5736 0.0693
vn 0.7209 0.6923 0.0313
vn 0.7917 0.6102 0.0299
vn 0.6632 0.7484 0.0001
vn 0.7028 0.7114 0.0015
vn 0.9850 0.1029 0.1387
vn 0.9883 0.0120 0.1520
vn 0.9580 0.2719 0.0913
vn 0.9133 0.4053 0.0399
vn 0.8883 0.4590 0.0135
vn 0.5524 0.8336 0.0037
vn 0.9911 0.0480 0.1241
vn 0.9911 0.0003 0.1334
vn 0.9886 -0.0002 0.1503
vn 0.9918 -0.0415 -0.1208
vn 0.9827 0.1818 0.0361
vn 0.9923 0.1237 -0.0034
vn 0.9687 0.2341 0.0824
vn 0.8649 0.0001 0.5019
vn 0.9353 0.0001 0.3539
vn 0.9482 0.0003 0.3177
vn 0.8897 0.0003 0.4566
vn 0.9701 0.0003 0.2426
vn 0.9339 0.0005 0.3574
vn 0.9477 0.0006 0.3192
vn 0.9767 0.0004 0.2147
vn 0.9737 0.0005 0.2278
vn 0.9412 0.0008 0.3377
vn 0.7187 0.6953 0.0000
vn 0.7329 0.6787 0.0476
vn 0.5383 0.8427 0.0000
vn 0.9845 0.1255 0.1225
vn 0.9797 0.1903 0.0631
vn 0.9952 0.0515 0.0835
vn 0.9900 -0.0004 0.1410
vn 0.9720 0.0541 -0.2285
vn 0.9763 0.0679 -0.2053
vn 0.9482 0.2522 -0.1931
vn 0.9490 0.2147 -0.2308
vn 0.8797 0.4566 -0.1332
vn 0.8523 0.4895 -0.1845
vn 0.8162 0.5736 -0.0693
vn 0.7589 0.6438 -0.0982
vn 0.7917 0.6102 -0.0299
vn 0.7209 0.6923 -0.0313
vn 0.7028 0.7114 -0.0015
vn 0.6632 0.7484 -0.0001
vn 0.9883 0.0120 -0.1520
vn 0.9850 0.1029 -0.1387
vn 0.9580 0.2719 -0.0913
vn 0.9133 0.4053 -0.0399
vn 0.8883 0.4590 -0.0135
vn 0.5524 0.8336 -0.0037
vn 0.9886 -0.0002 -0.1503
vn 0.9911 0.0003 -0.1334
vn 0.9911 0.0480 -0.1240
vn 0.9918 -0.0415 0.1208
vn 0.9827 0.1818 -0.0361
vn 0.9923 0.1237 0.0034
vn 0.9687 0.2341 -0.0824
vn 0.8896 -0.0093 -0.4566
vn 0.9482 -0.0062 -0.3178
vn 0.9353 -0.0071 -0.3538
vn 0.8649 -0.0106 -0.5019
vn 0.9339 -0.0071 -0.3574
vn 0.9701 -0.0046 -0.2427
vn 0.9412 -0.0064 -0.3377
vn 0.9737 -0.0041 -0.2278
vn 0.9767 -0.0039 -0.2147
vn 0.9477 -0.0061 -0.3192
vn 0.7329 0.6787 -0.0476
vn 0.9845 0.1255 -0.1225
vn 0.9797 0.1903 -0.0631
vn 0.9900 -0.0004 -0.1410
vn 0.9952 0.0515 -0.0835
vn 0.6648 0.7471 0.0000
vn 0.7030 0.7112 0.0000
vn 0.9762 0.2170 0.0000
vn 0.9912 0.1325 0.0000
vn 1.0000 0.0000 0.0000
vn 1.0000 -0.0000 -0.0000
vn 0.9878 -0.0022 -0.1555
vn 0.9725 -0.0035 -0.2329
vn 0.9911 -0.0003 0.1330
vn 0.9912 -0.0001 0.1325
vn 0.9886 0.0001 0.1502
vn 0.9886 0.0001 0.1504
vn 0.9747 -0.0000 0.2237
vn 0.9800 -0.0000 0.1989
vn 0.9800 -0.0000 0.1990
vn 0.9901 -0.0004 0.1406
vn 0.9955 -0.0000 0.0953
vn 0.9955 0.0003 0.0952
vn 0.9901 -0.0001 0.1406
vn 0.9886 0.0001 -0.1504
vn 0.9886 -0.0015 -0.1504
vn 0.9912 -0.0016 -0.1324
vn 0.9911 -0.0003 -0.1330
vn 0.9800 -0.0000 -0.1990
vn 0.9800 -0.0000 -0.1989
vn 0.9747 -0.0000 -0.2237
vn 0.9901 -0.0004 -0.1406
vn 0.9901 -0.0016 -0.1406
vn 0.9954 -0.0007 -0.0956
vn 0.9955 -0.0000 -0.0953
vn 0.9986 0.0524 0.0000
vn 1.0000 -0.0000 -0.0002
vn 0.9747 -0.0001 0.2237
vn 0.9799 -0.0000 0.1993
vn 0.9799 -0.0022 -0.1994
vn 0.9747 -0.0025 -0.2237
vn 0.9855 0.0003 0.1695
vn 0.9814 0.0002 0.1919
vn 0.9925 0.0007 0.1223
vn 0.9878 0.0009 0.1554
vn 0.9837 0.0004 0.1799
vn 0.9814 -0.0037 -0.1919
vn 0.9855 -0.0031 -0.1695
vn 0.9837 -0.0033 -0.1799
vn 0.9925 -0.0018 -0.1222
vn 0.6502 -0.0383 0.7588
vn 0.7061 -0.0531 0.7061
vn 0.7128 -0.1810 0.6776
vn 0.6343 -0.2121 0.7434
vn 0.7378 -0.3826 0.5561
vn 0.6640 -0.4648 0.5857
vn 0.7675 -0.5478 0.3329
vn 0.6922 -0.6185 0.3718
vn 0.7754 -0.6174 0.1326
vn 0.7148 -0.6875 0.1282
vn 0.5589 -0.8292 0.0059
vn 0.6633 -0.7483 0.0004
vn 0.7778 -0.0110 0.6284
vn 0.8052 -0.0882 0.5865
vn 0.8555 -0.2612 0.4470
vn 0.8755 -0.4266 0.2271
vn 0.8692 -0.4794 0.1209
vn 0.4769 -0.8771 0.0573
vn 0.8011 0.0002 0.5985
vn 0.8308 0.0069 0.5566
vn 0.8494 -0.0240 0.5272
vn 0.9802 0.0309 -0.1955
vn 0.9739 -0.1326 0.1842
vn 0.9891 -0.1463 0.0167
vn 0.9184 -0.2423 0.3127
vn 0.6602 0.0001 0.7510
vn 0.7065 0.0003 0.7077
vn 0.7070 -0.0000 0.7072
vn 0.6602 -0.0000 0.7510
vn 0.8019 0.0004 0.5975
vn 0.8015 -0.0001 0.5979
vn 0.8180 0.0009 0.5752
vn 0.8178 0.0003 0.5755
vn 0.8339 0.0003 0.5520
vn 0.8349 0.0007 0.5504
vn 0.7477 -0.6641 0.0000
vn 0.4507 -0.8927 0.0000
vn 0.7559 -0.6224 0.2031
vn 0.8655 -0.0233 0.5004
vn 0.9328 -0.2287 0.2786
vn 0.8166 0.0039 0.5772
vn 0.9316 -0.0501 0.3600
vn 0.6502 -0.0383 -0.7588
vn 0.6343 -0.2121 -0.7434
vn 0.7128 -0.1810 -0.6776
vn 0.7061 -0.0531 -0.7061
vn 0.6640 -0.4648 -0.5857
vn 0.7378 -0.3826 -0.5561
vn 0.6922 -0.6185 -0.3718
vn 0.7675 -0.5478 -0.3329
vn 0.7148 -0.6875 -0.1282
vn 0.7754 -0.6174 -0.1326
vn 0.6633 -0.7483 -0.0004
vn 0.5589 -0.8292 -0.0059
vn 0.8052 -0.0882 -0.5865
vn 0.7778 -0.0110 -0.6284
vn 0.8555 -0.2612 -0.4470
vn 0.8755 -0.4266 -0.2271
vn 0.8692 -0.4794 -0.1209
vn 0.4769 -0.8771 -0.0573
vn 0.8494 -0.0240 -0.5272
vn 0.8308 0.0069 -0.5566
vn 0.8011 0.0002 -0.5985
vn 0.9802 0.0309 0.1955
vn 0.9739 -0.1326 -0.1842
vn 0.9891 -0.1463 -0.0167
vn 0.9184 -0.2423 -0.3127
vn 0.6602 -0.0077 -0.7510
vn 0.6602 -0.0000 -0.7511
vn 0.7070 -0.0000 -0.7072
vn 0.7067 -0.0070 -0.7075
vn 0.8015 -0.0001 -0.5979
vn 0.8021 -0.0058 -0.5971
vn 0.8180 -0.0051 -0.5752
vn 0.8348 -0.0050 -0.5505
vn 0.8339 0.0003 -0.5520
vn 0.8178 0.0003 -0.5755
vn 0.7559 -0.6224 -0.2031
vn 0.8655 -0.0233 -0.5004
vn 0.9328 -0.2287 -0.2786
vn 0.9316 -0.0501 -0.3600
vn 0.8166 0.0039 -0.5772
vn 0.5594 -0.8289 0.0000
vn 0.6649 -0.7470 0.0000
vn 0.9631 -0.2691 0.0000
vn 0.9904 -0.1380 0.0000
vn 0.9104 -0.0030 -0.4137
vn 0.9102 0.0000 -0.4143
vn 1.0000 -0.0000 0.0000
vn 1.0000 0.0000 0.0008
vn 0.8329 0.0002 0.5535
vn 0.8010 -0.0000 0.5986
vn 0.7075 -0.0000 0.7067
vn 0.7077 -0.0000 0.7066
vn 0.8177 0.0004 0.5756
vn 0.9102 0.0000 0.4141
vn 0.9102 0.0000 0.4143
vn 0.8010 -0.0000 -0.5986
vn 0.8329 0.0002 -0.5535
vn 0.7075 -0.0000 -0.7067
vn 0.7077 -0.0000 -0.7066
vn 0.8177 0.0004 -0.5756
vn 0.9102 0.0000 -0.4141
vn 0.9986 -0.0520 0.0000
vn 0.9099 0.0013 0.4147
vn 0.9590 -0.0000 0.2834
vn 0.9674 0.0001 0.2533
vn 0.9674 -0.0050 -0.2533
vn 0.9590 -0.0057 -0.2834
vn 0.9725 0.0014 0.2329
# 237 vertex normals

vt 0.4208 0.9973 0.5130
vt 0.4211 0.9976 0.5130
vt 0.4225 0.9975 0.5403
vt 0.4224 0.9974 0.5403
vt 0.4219 0.9977 0.5130
vt 0.4229 0.9976 0.5403
vt 0.4229 0.9978 0.5130
vt 0.4236 0.9976 0.5403
vt 0.4239 0.9978 0.5130
vt 0.4240 0.9977 0.5403
vt 0.4380 0.9978 0.5133
vt 0.4380 0.9977 0.5450
vt 0.4242 0.9974 0.5642
vt 0.4241 0.9973 0.5636
vt 0.4244 0.9974 0.5646
vt 0.4248 0.9975 0.5644
vt 0.4250 0.9975 0.5641
vt 0.4380 0.9975 0.5749
vt 0.4259 0.9972 0.5809
vt 0.4259 0.9960 0.5807
vt 0.4241 0.9961 0.5633
vt 0.4260 0.9972 0.5808
vt 0.4261 0.9972 0.5803
vt 0.4262 0.9972 0.5800
vt 0.4264 0.9973 0.5796
vt 0.4209 0.2552 0.5130
vt 0.4209 0.5013 0.5130
vt 0.4218 0.5013 0.5403
vt 0.4215 0.2552 0.5403
vt 0.4228 0.5013 0.5629
vt 0.4222 0.2552 0.5629
vt 0.4229 0.2552 0.5798
vt 0.4239 0.5013 0.5798
vt 0.4246 0.5013 0.5922
vt 0.4234 0.2552 0.5922
vt 0.4504 0.9973 0.6936
vt 0.4380 0.9973 0.6816
vt 0.4504 0.9975 0.5747
vt 0.4270 0.9971 0.5922
vt 0.4380 0.9971 0.6896
vt 0.4380 0.9959 0.7107
vt 0.4270 0.9959 0.5922
vt 0.4801 0.9973 0.5130
vt 0.4785 0.9974 0.5403
vt 0.4784 0.9975 0.5403
vt 0.4798 0.9976 0.5130
vt 0.4780 0.9976 0.5403
vt 0.4789 0.9977 0.5130
vt 0.4773 0.9976 0.5403
vt 0.4780 0.9978 0.5130
vt 0.4769 0.9977 0.5403
vt 0.4770 0.9978 0.5130
vt 0.4629 0.9977 0.5450
vt 0.4629 0.9978 0.5133
vt 0.4768 0.9973 0.5636
vt 0.4767 0.9974 0.5642
vt 0.4765 0.9974 0.5646
vt 0.4761 0.9975 0.5644
vt 0.4759 0.9975 0.5641
vt 0.4628 0.9975 0.5750
vt 0.4768 0.9961 0.5633
vt 0.4749 0.9960 0.5807
vt 0.4749 0.9972 0.5809
vt 0.4749 0.9972 0.5808
vt 0.4748 0.9972 0.5803
vt 0.4747 0.9972 0.5800
vt 0.4745 0.9973 0.5796
vt 0.4437 0.2552 0.5403
vt 0.4559 0.5013 0.5403
vt 0.4568 0.5013 0.5130
vt 0.4443 0.2552 0.5130
vt 0.4431 0.2552 0.5629
vt 0.4548 0.5013 0.5629
vt 0.4419 0.2552 0.5922
vt 0.4530 0.5013 0.5922
vt 0.4538 0.5013 0.5798
vt 0.4423 0.2552 0.5798
vt 0.4628 0.9973 0.6816
vt 0.4739 0.9971 0.5922
vt 0.4628 0.9971 0.6896
vt 0.4739 0.9959 0.5922
vt 0.4628 0.9959 0.7107
vt 0.4504 0.9978 0.5132
vt 0.4504 0.9977 0.5448
vt 0.4504 0.9971 0.7018
vt 0.4504 0.9959 0.7347
vt 0.4326 0.2552 0.7560
vt 0.4388 0.5013 0.7560
vt 0.4464 0.5013 0.7107
vt 0.4375 0.2552 0.7107
vt 0.4259 0.9948 0.5804
vt 0.4259 0.9936 0.5800
vt 0.4241 0.9936 0.5630
vt 0.4241 0.9948 0.5631
vt 0.4208 0.9948 0.5130
vt 0.4208 0.9961 0.5130
vt 0.4224 0.9961 0.5403
vt 0.4224 0.9948 0.5403
vt 0.4270 0.9948 0.5922
vt 0.4380 0.9948 0.7107
vt 0.4380 0.9936 0.7107
vt 0.4270 0.9936 0.5922
vt 0.4768 0.9948 0.5631
vt 0.4768 0.9936 0.5630
vt 0.4750 0.9936 0.5800
vt 0.4750 0.9948 0.5804
vt 0.4785 0.9948 0.5403
vt 0.4785 0.9961 0.5403
vt 0.4801 0.9961 0.5130
vt 0.4801 0.9948 0.5130
vt 0.4739 0.9948 0.5922
vt 0.4738 0.9936 0.5922
vt 0.4628 0.9936 0.7107
vt 0.4628 0.9948 0.7107
vt 0.4504 0.9948 0.7560
vt 0.4504 0.9936 0.7560
vt 0.4208 0.9936 0.5130
vt 0.4224 0.9936 0.5403
vt 0.4785 0.9936 0.5403
vt 0.4801 0.9936 0.5130
vt 0.4252 0.7474 0.5799
vt 0.4238 0.7474 0.5629
vt 0.4347 0.7474 0.7107
vt 0.4313 0.5013 0.7107
vt 0.4261 0.7474 0.5922
vt 0.4648 0.7474 0.5629
vt 0.4634 0.7474 0.5799
vt 0.4625 0.7474 0.5922
vt 0.4539 0.7474 0.7107
vt 0.4443 0.7474 0.7560
vt 0.4207 0.0040 0.5129
vt 0.4210 0.0039 0.5403
vt 0.4211 0.0038 0.5403
vt 0.4208 0.0038 0.5129
vt 0.4211 0.0037 0.5403
vt 0.4210 0.0036 0.5129
vt 0.4213 0.0037 0.5403
vt 0.4211 0.0035 0.5129
vt 0.4214 0.0037 0.5403
vt 0.4213 0.0035 0.5129
vt 0.4242 0.0037 0.5450
vt 0.4242 0.0035 0.5132
vt 0.4214 0.0040 0.5635
vt 0.4214 0.0039 0.5642
vt 0.4214 0.0039 0.5646
vt 0.4215 0.0039 0.5643
vt 0.4216 0.0039 0.5641
vt 0.4242 0.0038 0.5846
vt 0.4214 0.0053 0.5632
vt 0.4218 0.0054 0.5807
vt 0.4218 0.0042 0.5846
vt 0.4218 0.0041 0.5848
vt 0.4218 0.0041 0.5845
vt 0.4218 0.0041 0.5842
vt 0.4218 0.0041 0.5837
vt 0.4207 0.0090 0.5129
vt 0.4210 0.0090 0.5403
vt 0.4210 0.0078 0.5403
vt 0.4207 0.0078 0.5129
vt 0.4214 0.0090 0.5628
vt 0.4214 0.0078 0.5629
vt 0.4220 0.0090 0.5922
vt 0.4220 0.0078 0.5922
vt 0.4217 0.0078 0.5800
vt 0.4217 0.0090 0.5797
vt 0.4267 0.0041 0.6827
vt 0.4267 0.0038 0.5843
vt 0.4242 0.0041 0.6708
vt 0.4220 0.0044 0.5939
vt 0.4242 0.0044 0.6913
vt 0.4220 0.0054 0.5922
vt 0.4242 0.0054 0.7107
vt 0.4327 0.0040 0.5129
vt 0.4326 0.0038 0.5129
vt 0.4323 0.0038 0.5403
vt 0.4324 0.0039 0.5403
vt 0.4324 0.0036 0.5129
vt 0.4323 0.0037 0.5403
vt 0.4323 0.0035 0.5129
vt 0.4321 0.0037 0.5403
vt 0.4321 0.0035 0.5129
vt 0.4320 0.0037 0.5403
vt 0.4292 0.0035 0.5132
vt 0.4292 0.0037 0.5450
vt 0.4320 0.0039 0.5642
vt 0.4320 0.0040 0.5635
vt 0.4320 0.0039 0.5646
vt 0.4319 0.0039 0.5643
vt 0.4318 0.0039 0.5641
vt 0.4292 0.0038 0.5846
vt 0.4316 0.0042 0.5846
vt 0.4316 0.0054 0.5807
vt 0.4320 0.0053 0.5632
vt 0.4316 0.0041 0.5848
vt 0.4316 0.0041 0.5845
vt 0.4316 0.0041 0.5842
vt 0.4316 0.0041 0.5837
vt 0.4327 0.0090 0.5129
vt 0.4327 0.0078 0.5129
vt 0.4324 0.0078 0.5403
vt 0.4324 0.0090 0.5403
vt 0.4320 0.0078 0.5629
vt 0.4320 0.0090 0.5628
vt 0.4314 0.0090 0.5922
vt 0.4317 0.0090 0.5797
vt 0.4317 0.0078 0.5800
vt 0.4314 0.0078 0.5922
vt 0.4292 0.0041 0.6708
vt 0.4314 0.0044 0.5939
vt 0.4292 0.0044 0.6913
vt 0.4292 0.0054 0.7107
vt 0.4314 0.0054 0.5922
vt 0.4267 0.0037 0.5448
vt 0.4267 0.0035 0.5132
vt 0.4267 0.0044 0.7035
vt 0.4267 0.0054 0.7346
vt 0.4292 0.0090 0.7107
vt 0.4292 0.0078 0.7107
vt 0.4267 0.0078 0.7560
vt 0.4267 0.0090 0.7560
vt 0.4217 0.0065 0.5804
vt 0.4214 0.0065 0.5631
vt 0.4207 0.0065 0.5129
vt 0.4210 0.0065 0.5403
vt 0.4210 0.0052 0.5403
vt 0.4207 0.0053 0.5129
vt 0.4220 0.0065 0.5922
vt 0.4242 0.0065 0.7107
vt 0.4242 0.0078 0.7107
vt 0.4320 0.0065 0.5631
vt 0.4317 0.0065 0.5804
vt 0.4324 0.0065 0.5403
vt 0.4327 0.0065 0.5129
vt 0.4327 0.0053 0.5129
vt 0.4324 0.0052 0.5403
vt 0.4314 0.0065 0.5922
vt 0.4292 0.0065 0.7107
vt 0.4267 0.0065 0.7560
vt 0.4242 0.0090 0.7107
vt 0.4213 0.7474 0.5130
vt 0.4225 0.7474 0.5403
vt 0.4661 0.7474 0.5403
vt 0.4673 0.7474 0.5130
vt 0.4277 0.2552 0.7107
# 244 texture coords

o Rectangle008
g Rectangle008
usemtl wire_115115115
s off
f 12/28/12 11/27/11 10/26/10 9/25/9 
f 11/27/11 14/30/14 13/29/13 10/26/10 
f 14/30/14 16/32/16 15/31/15 13/29/13 
f 16/32/16 18/34/18 17/33/17 15/31/15 
f 18/34/18 20/36/20 19/35/19 17/33/17 
f 22/38/22 21/37/21 11/27/11 12/28/12 
f 21/37/21 23/39/23 14/30/14 11/27/11 
f 23/39/23 24/40/24 16/32/16 14/30/14 
f 24/40/24 25/41/25 18/34/18 16/32/16 
f 25/41/25 26/42/26 20/36/20 18/34/18 
f 29/45/29 28/44/28 27/43/27 22/38/22 
f 22/38/22 27/43/27 30/46/30 21/37/21 
f 21/37/21 30/46/30 31/47/31 23/39/23 
f 23/39/23 31/47/31 32/48/32 24/40/24 
f 24/40/24 32/48/32 33/49/33 25/41/25 
f 37/53/37 36/52/36 35/51/35 34/50/34 
f 39/55/39 38/54/38 36/52/36 37/53/37 
s 1
f 43/59/43 42/58/42 41/57/41 40/56/40 
s off
f 46/62/46 26/42/26 45/61/45 44/60/44 
s 1
f 47/63/47 33/49/33 32/48/32 31/47/31 30/46/30 27/43/27 
f 47/63/47 48/64/48 45/61/45 33/49/33 
f 50/66/50 49/65/49 48/64/48 47/63/47 
s off
f 54/70/54 53/69/53 52/68/52 51/67/51 
f 56/72/56 55/71/55 53/69/53 54/70/54 
f 58/74/58 57/73/57 55/71/55 56/72/56 
f 60/76/60 59/75/59 57/73/57 58/74/58 
f 62/78/62 61/77/61 59/75/59 60/76/60 
f 53/69/53 64/80/64 63/79/63 52/68/52 
f 55/71/55 65/81/65 64/80/64 53/69/53 
f 57/73/57 66/82/66 65/81/65 55/71/55 
f 59/75/59 67/83/67 66/82/66 57/73/57 
f 61/77/61 68/84/68 67/83/67 59/75/59 
f 71/87/71 70/86/70 69/85/69 63/79/63 
f 72/88/72 71/87/71 63/79/63 64/80/64 
f 73/89/73 72/88/72 64/80/64 65/81/65 
f 74/90/74 73/89/73 65/81/65 66/82/66 
f 75/91/75 74/90/74 66/82/66 67/83/67 
f 79/95/79 78/94/78 77/93/77 76/92/76 
f 76/92/76 77/93/77 81/97/81 80/96/80 
s 1
f 85/101/85 84/100/84 83/99/83 82/98/82 
s off
f 86/102/86 68/84/68 46/62/46 44/60/44 
s 1
f 72/88/72 73/89/73 74/90/74 75/91/75 87/103/87 71/87/71 
f 86/102/86 88/104/88 87/103/87 75/91/75 
f 88/104/88 90/106/90 89/105/89 87/103/87 
s off
f 20/36/20 92/108/92 91/107/91 19/35/19 
f 26/42/26 46/62/46 92/108/92 20/36/20 
f 26/42/26 25/41/25 33/49/33 45/61/45 
s 1
f 48/64/48 93/109/93 44/60/44 45/61/45 
f 49/65/49 94/110/94 93/109/93 48/64/48 
s off
f 62/78/62 91/107/91 92/108/92 61/77/61 
f 61/77/61 92/108/92 46/62/46 68/84/68 
f 86/102/86 75/91/75 67/83/67 68/84/68 
s 1
f 86/102/86 44/60/44 93/109/93 88/104/88 
f 98/114/98 97/113/97 96/112/96 95/111/95 
s off
f 102/118/102 101/117/101 100/116/100 99/115/99 
f 106/122/105 105/121/104 104/120/103 103/119/103 
f 102/118/102 29/45/29 105/121/104 106/122/105 
s 1
f 107/123/106 50/66/50 28/44/28 99/115/99 
f 107/123/106 110/126/109 109/125/108 108/124/107 
s off
f 114/130/113 113/129/112 112/128/111 111/127/110 
f 118/134/116 117/133/116 116/132/115 115/131/114 
f 115/131/114 116/132/115 69/85/69 111/127/110 
s 1
f 114/130/113 70/86/70 89/105/89 119/135/117 
f 122/138/120 121/137/119 120/136/118 119/135/117 
f 108/124/107 109/125/108 124/140/122 123/139/121 
f 122/138/120 90/106/90 94/110/94 123/139/121 
s off
f 126/142/124 106/122/105 103/119/103 125/141/123 
f 101/117/101 102/118/102 106/122/105 126/142/124 
s 1
f 110/126/109 107/123/106 99/115/99 100/116/100 
s off
f 128/144/126 118/134/116 115/131/114 127/143/125 
f 127/143/125 115/131/114 111/127/110 112/128/111 
s 1
f 113/129/112 114/130/113 119/135/117 120/136/118 
f 121/137/119 122/138/120 123/139/121 124/140/122 
s off
f 130/146/128 38/54/38 41/57/41 129/145/127 
s 1
f 133/149/131 42/58/42 132/148/130 131/147/129 
s off
f 135/151/133 84/100/84 81/97/81 134/150/132 
s 1
f 137/153/135 97/113/97 83/99/83 136/152/134 
f 131/147/129 132/148/130 96/112/96 138/154/95 
s off
f 29/45/29 102/118/102 99/115/99 28/44/28 
s 1
f 50/66/50 107/123/106 108/124/107 49/65/49 
s off
f 70/86/70 114/130/113 111/127/110 69/85/69 
s 1
f 90/106/90 122/138/120 119/135/117 89/105/89 
f 49/65/49 108/124/107 123/139/121 94/110/94 
s off
f 105/121/104 12/28/12 9/25/9 104/120/103 
f 29/45/29 22/38/22 12/28/12 105/121/104 
s 1
f 50/66/50 47/63/47 27/43/27 28/44/28 
s off
f 117/133/116 51/67/51 52/68/52 116/132/115 
f 116/132/115 52/68/52 63/79/63 69/85/69 
s 1
f 70/86/70 71/87/71 87/103/87 89/105/89 
f 90/106/90 88/104/88 93/109/93 94/110/94 
s off
f 142/158/139 141/157/138 140/156/137 139/155/136 
f 144/160/141 143/159/140 141/157/138 142/158/139 
f 146/162/143 145/161/142 143/159/140 144/160/141 
f 148/164/145 147/163/144 145/161/142 146/162/143 
f 150/166/147 149/165/146 147/163/144 148/164/145 
f 141/157/138 152/168/149 151/167/148 140/156/137 
f 143/159/140 153/169/150 152/168/149 141/157/138 
f 145/161/142 154/170/151 153/169/150 143/159/140 
f 147/163/144 155/171/152 154/170/151 145/161/142 
f 149/165/146 156/172/153 155/171/152 147/163/144 
f 159/175/156 158/174/155 157/173/154 151/167/148 
f 160/176/157 159/175/156 151/167/148 152/168/149 
f 161/177/158 160/176/157 152/168/149 153/169/150 
f 162/178/159 161/177/158 153/169/150 154/170/151 
f 163/179/160 162/178/159 154/170/151 155/171/152 
f 167/183/164 166/182/163 165/181/162 164/180/161 
f 166/182/163 169/185/166 168/184/165 165/181/162 
s 1
f 173/189/170 172/188/169 171/187/168 170/186/167 
s off
f 176/192/173 156/172/153 175/191/172 174/190/171 
s 1
f 160/176/157 161/177/158 162/178/159 163/179/160 177/193/174 159/175/156 
f 176/192/173 178/194/175 177/193/174 163/179/160 
f 178/194/175 180/196/177 179/195/176 177/193/174 
s off
f 184/200/181 183/199/180 182/198/179 181/197/178 
f 183/199/180 186/202/183 185/201/182 182/198/179 
f 186/202/183 188/204/185 187/203/184 185/201/182 
f 188/204/185 190/206/187 189/205/186 187/203/184 
f 190/206/187 192/208/189 191/207/188 189/205/186 
f 194/210/191 193/209/190 183/199/180 184/200/181 
f 193/209/190 195/211/192 186/202/183 183/199/180 
f 195/211/192 196/212/193 188/204/185 186/202/183 
f 196/212/193 197/213/194 190/206/187 188/204/185 
f 197/213/194 198/214/195 192/208/189 190/206/187 
f 201/217/198 200/216/197 199/215/196 194/210/191 
f 194/210/191 199/215/196 202/218/199 193/209/190 
f 193/209/190 202/218/199 203/219/200 195/211/192 
f 195/211/192 203/219/200 204/220/201 196/212/193 
f 196/212/193 204/220/201 205/221/202 197/213/194 
f 209/225/206 208/224/205 207/223/204 206/222/203 
f 211/227/208 210/226/207 208/224/205 209/225/206 
s 1
f 215/231/212 214/230/211 213/229/210 212/228/209 
s off
f 175/191/172 198/214/195 216/232/213 174/190/171 
s 1
f 217/233/214 205/221/202 204/220/201 203/219/200 202/218/199 199/215/196 
f 217/233/214 218/234/215 216/232/213 205/221/202 
f 220/236/217 219/235/216 218/234/215 217/233/214 
s off
f 222/238/219 221/237/218 149/165/146 150/166/147 
f 221/237/218 175/191/172 156/172/153 149/165/146 
f 163/179/160 155/171/152 156/172/153 176/192/173 
s 1
f 174/190/171 223/239/220 178/194/175 176/192/173 
f 223/239/220 224/240/221 180/196/177 178/194/175 
s off
f 221/237/218 222/238/219 191/207/188 192/208/189 
f 175/191/172 221/237/218 192/208/189 198/214/195 
f 197/213/194 205/221/202 216/232/213 198/214/195 
s 1
f 223/239/220 174/190/171 216/232/213 218/234/215 
f 228/244/225 227/243/224 226/242/223 225/241/222 
s off
f 172/188/169 169/185/166 230/246/227 229/245/226 
f 234/250/164 233/249/229 232/248/228 231/247/164 
f 233/249/229 157/173/154 230/246/227 232/248/228 
s 1
f 158/174/155 179/195/176 235/251/230 229/245/226 
f 237/253/232 171/187/168 235/251/230 236/252/231 
s off
f 210/226/207 214/230/211 239/255/234 238/254/233 
f 243/259/236 242/258/204 241/257/204 240/256/235 
f 201/217/198 243/259/236 240/256/235 238/254/233 
s 1
f 220/236/217 200/216/197 239/255/234 244/260/237 
f 215/231/212 226/242/223 245/261/238 244/260/237 
f 227/243/224 237/253/232 236/252/231 246/262/239 
f 224/240/221 219/235/216 245/261/238 246/262/239 
s off
f 231/247/164 232/248/228 166/182/163 167/183/164 
f 232/248/228 230/246/227 169/185/166 166/182/163 
s 1
f 229/245/226 235/251/230 171/187/168 172/188/169 
s off
f 240/256/235 241/257/204 207/223/204 208/224/205 
f 238/254/233 240/256/235 208/224/205 210/226/207 
s 1
f 244/260/237 239/255/234 214/230/211 215/231/212 
f 246/262/239 245/261/238 226/242/223 227/243/224 
s off
f 173/189/170 168/184/165 169/185/166 172/188/169 
s 1
f 247/263/240 170/186/167 171/187/168 237/253/232 
s off
f 211/227/208 213/229/210 214/230/211 210/226/207 
s 1
f 212/228/209 225/241/222 226/242/223 215/231/212 
f 228/244/225 247/263/240 237/253/232 227/243/224 
s off
f 229/245/226 230/246/227 157/173/154 158/174/155 
s 1
f 236/252/231 235/251/230 179/195/176 180/196/177 
s off
f 238/254/233 239/255/234 200/216/197 201/217/198 
s 1
f 244/260/237 245/261/238 219/235/216 220/236/217 
f 246/262/239 236/252/231 180/196/177 224/240/221 
s off
f 139/155/136 140/156/137 233/249/229 234/250/164 
f 140/156/137 151/167/148 157/173/154 233/249/229 
s 1
f 159/175/156 177/193/174 179/195/176 158/174/155 
s off
f 184/200/181 181/197/178 242/258/204 243/259/236 
f 194/210/191 184/200/181 243/259/236 201/217/198 
s 1
f 217/233/214 199/215/196 200/216/197 220/236/217 
f 223/239/220 218/234/215 219/235/216 224/240/221 
s off
f 249/265/242 126/142/124 125/141/123 248/264/241 
f 36/52/36 249/265/242 248/264/241 35/51/35 
f 34/50/34 164/180/161 165/181/162 37/53/37 
f 130/146/128 101/117/101 126/142/124 249/265/242 
f 38/54/38 130/146/128 249/265/242 36/52/36 
f 37/53/37 165/181/162 168/184/165 39/55/39 
s 1
f 133/149/131 110/126/109 100/116/100 129/145/127 
f 42/58/42 133/149/131 129/145/127 41/57/41 
f 40/56/40 173/189/170 170/186/167 43/59/43 
s off
f 251/267/244 128/144/126 127/143/125 250/266/243 
f 78/94/78 251/267/244 250/266/243 77/93/77 
f 76/92/76 209/225/206 206/222/203 79/95/79 
f 250/266/243 127/143/125 112/128/111 134/150/132 
f 77/93/77 250/266/243 134/150/132 81/97/81 
f 80/96/80 211/227/208 209/225/206 76/92/76 
s 1
f 135/151/133 113/129/112 120/136/118 136/152/134 
f 84/100/84 135/151/133 136/152/134 83/99/83 
f 82/98/82 212/228/209 213/229/210 85/101/85 
f 137/153/135 121/137/119 124/140/122 138/154/95 
f 97/113/97 137/153/135 138/154/95 96/112/96 
f 95/111/95 228/244/225 225/241/222 98/114/98 
s off
f 39/55/39 168/184/165 173/189/170 40/56/40 
f 38/54/38 39/55/39 40/56/40 41/57/41 
f 129/145/127 100/116/100 101/117/101 130/146/128 
s 1
f 43/59/43 170/186/167 247/263/240 252/268/245 
f 42/58/42 43/59/43 252/268/245 132/148/130 
f 131/147/129 109/125/108 110/126/109 133/149/131 
s off
f 85/101/85 213/229/210 211/227/208 80/96/80 
f 84/100/84 85/101/85 80/96/80 81/97/81 
f 134/150/132 112/128/111 113/129/112 135/151/133 
s 1
f 98/114/98 225/241/222 212/228/209 82/98/82 
f 97/113/97 98/114/98 82/98/82 83/99/83 
f 136/152/134 120/136/118 121/137/119 137/153/135 
f 252/268/245 247/263/240 228/244/225 95/111/95 
f 132/148/130 252/268/245 95/111/95 96/112/96 
f 138/154/95 124/140/122 109/125/108 131/147/129 
# 216 polygons

#
# object Rectangle013
#

v  -892.8874 2823.4834 -768.0927
v  -892.8874 2824.0679 -768.4704
v  -892.3407 2823.9634 -770.1707
v  -892.3407 2823.6760 -769.9971
v  -892.8874 2824.5210 -769.4843
v  -892.3407 2824.1802 -770.5990
v  -892.8874 2824.7124 -770.5881
v  -892.3407 2824.3257 -771.4305
v  -892.8874 2824.8135 -771.8059
v  -892.3407 2824.3633 -771.9154
v  -892.8816 2824.8135 -788.7738
v  -892.2462 2824.3633 -788.7748
v  -891.8619 2823.5901 -772.1962
v  -891.8755 2823.4099 -772.0971
v  -891.8544 2823.6934 -772.3824
v  -891.8593 2823.7913 -772.8718
v  -891.8640 2823.8123 -773.1563
v  -891.6477 2823.8364 -788.7855
v  -891.5294 2822.9702 -774.2971
v  -891.5324 2819.6377 -774.2633
v  -891.8813 2819.8579 -772.0747
v  -891.5306 2823.0691 -774.3729
v  -891.5409 2823.1455 -774.4519
v  -891.5461 2823.1917 -774.6002
v  -891.5538 2823.2314 -774.7831
v  -892.8877 745.3562 -768.2296
v  -892.8876 1434.5444 -768.1868
v  -892.3409 1434.5449 -769.3420
v  -892.3411 745.3564 -768.9827
v  -891.8887 1434.5415 -770.5763
v  -891.8894 745.3547 -769.7859
v  -891.5516 745.3524 -770.6332
v  -891.5497 1434.5369 -771.8785
v  -891.3029 1434.5349 -772.7302
v  -891.3030 745.3516 -771.1929
v  -889.2749 2823.2407 -803.6783
v  -889.5138 2823.2363 -788.7995
v  -891.6519 2823.8384 -803.6783
v  -891.3027 2822.8174 -775.5478
v  -889.3550 2822.7981 -788.8061
v  -888.9324 2819.5505 -788.8062
v  -891.3027 2819.5601 -775.5579
v  -892.8873 2823.4834 -839.2640
v  -892.3407 2823.6760 -837.3596
v  -892.3407 2823.9634 -837.1860
v  -892.8873 2824.0679 -838.8862
v  -892.3407 2824.1802 -836.7577
v  -892.8873 2824.5210 -837.8724
v  -892.3407 2824.3257 -835.9262
v  -892.8873 2824.7124 -836.7686
v  -892.3407 2824.3633 -835.4413
v  -892.8873 2824.8135 -835.5508
v  -892.2462 2824.3633 -818.5817
v  -892.8816 2824.8135 -818.5826
v  -891.8755 2823.4099 -835.2596
v  -891.8619 2823.5901 -835.1605
v  -891.8544 2823.6934 -834.9743
v  -891.8593 2823.7913 -834.4849
v  -891.8640 2823.8123 -834.2004
v  -891.6477 2823.8364 -818.5711
v  -891.8813 2819.8579 -835.2820
v  -891.5324 2819.6377 -833.0934
v  -891.5293 2822.9702 -833.0596
v  -891.5306 2823.0691 -832.9838
v  -891.5409 2823.1455 -832.9048
v  -891.5461 2823.1917 -832.7565
v  -891.5538 2823.2314 -832.5736
v  -892.3411 745.3564 -795.6240
v  -892.3409 1434.5449 -810.2022
v  -892.8876 1434.5444 -811.3574
v  -892.8877 745.3562 -796.3771
v  -891.8894 745.3547 -794.8208
v  -891.8887 1434.5415 -808.9679
v  -891.3030 745.3514 -793.4138
v  -891.3029 1434.5349 -806.8140
v  -891.5497 1434.5369 -807.6656
v  -891.5516 745.3525 -793.9734
v  -889.5138 2823.2363 -818.5573
v  -891.3027 2822.8174 -831.8089
v  -889.3550 2822.7981 -818.5508
v  -891.3027 2819.5601 -831.7988
v  -888.9324 2819.5505 -818.5507
v  -892.8826 2824.8135 -803.6783
v  -892.2498 2824.3633 -803.6783
v  -889.1108 2822.7788 -803.6783
v  -888.4534 2819.5410 -803.6783
v  -888.0271 745.3516 -782.3033
v  -888.0270 1434.5349 -789.7721
v  -888.9326 1434.5349 -798.7932
v  -888.9327 745.3514 -788.1852
v  -891.5385 2816.3052 -774.2296
v  -891.5460 2812.9058 -774.1957
v  -891.8873 2812.9150 -772.0402
v  -891.8849 2816.3101 -772.0567
v  -892.8874 2816.3110 -768.0927
v  -892.8874 2819.8972 -768.0927
v  -892.3407 2819.9946 -769.9971
v  -892.3407 2816.3130 -769.9971
v  -891.3027 2816.3032 -775.5679
v  -888.9324 2816.3032 -788.8062
v  -888.9324 2812.9019 -788.8063
v  -891.3027 2812.9019 -775.5780
v  -891.8849 2816.3101 -835.3000
v  -891.8873 2812.9150 -835.3164
v  -891.5460 2812.9058 -833.1609
v  -891.5385 2816.3052 -833.1271
v  -892.3407 2816.3130 -837.3596
v  -892.3407 2819.9946 -837.3596
v  -892.8873 2819.8972 -839.2640
v  -892.8873 2816.3110 -839.2640
v  -891.3027 2816.3032 -831.7888
v  -891.3027 2812.9019 -831.7787
v  -888.9324 2812.9019 -818.5505
v  -888.9324 2816.3032 -818.5507
v  -888.0267 2816.3027 -803.6783
v  -888.0267 2812.9019 -803.6783
v  -892.8874 2812.9209 -768.0927
v  -892.3407 2812.9219 -769.9971
v  -892.3407 2812.9219 -837.3596
v  -892.8873 2812.9209 -839.2640
v  -891.5479 2123.7212 -773.4213
v  -891.8880 2123.7283 -771.7511
v  -888.9325 2123.7185 -784.7719
v  -888.9326 1434.5349 -780.7512
v  -891.3028 2123.7185 -774.5031
v  -891.8880 2123.7283 -820.8868
v  -891.5479 2123.7214 -819.2166
v  -891.3028 2123.7183 -818.1349
v  -888.9325 2123.7183 -807.8661
v  -888.0269 2123.7185 -796.3190
v  -892.8878 42.0632 -768.0187
v  -892.3412 41.8706 -768.4030
v  -892.3412 41.5834 -768.4379
v  -892.8878 41.4786 -768.0950
v  -892.3412 41.3666 -768.5244
v  -892.8878 41.0256 -768.2995
v  -892.3412 41.2211 -768.6921
v  -892.8878 40.8342 -768.5222
v  -892.3412 41.1835 -768.7899
v  -892.8878 40.7332 -768.7678
v  -892.2466 41.1835 -772.1912
v  -892.8820 40.7332 -772.1910
v  -891.8760 42.1367 -768.8266
v  -891.8624 41.9567 -768.8466
v  -891.8549 41.8534 -768.8842
v  -891.8598 41.7555 -768.9829
v  -891.8645 41.7346 -769.0403
v  -891.4556 41.4988 -772.1934
v  -891.8818 45.6890 -768.8221
v  -891.5328 45.9091 -769.2636
v  -891.4541 42.5766 -769.2704
v  -891.4514 42.4775 -769.2857
v  -891.4570 42.4010 -769.3016
v  -891.4634 42.3550 -769.3315
v  -891.4727 42.3151 -769.3685
v  -892.8878 56.1680 -768.0187
v  -892.3412 56.1680 -768.4030
v  -892.3412 52.6249 -768.4030
v  -892.8878 52.6258 -768.0187
v  -891.8901 56.1680 -768.8118
v  -891.8878 52.6316 -768.8151
v  -891.3032 56.1680 -769.5309
v  -891.3032 52.6447 -769.5289
v  -891.5464 52.6407 -769.2500
v  -891.5535 56.1680 -769.2432
v  -889.4927 42.3058 -775.1979
v  -891.4598 41.4966 -775.1979
v  -889.7316 42.3104 -772.1962
v  -891.2692 43.1107 -769.5228
v  -889.3215 43.1299 -772.1975
v  -891.3032 45.9865 -769.5248
v  -888.9329 45.9961 -772.1975
v  -892.8878 42.0632 -782.3770
v  -892.8878 41.4786 -782.3008
v  -892.3412 41.5834 -781.9578
v  -892.3412 41.8706 -781.9928
v  -892.8878 41.0256 -782.0963
v  -892.3412 41.3666 -781.8714
v  -892.8878 40.8342 -781.8736
v  -892.3412 41.2211 -781.7037
v  -892.8878 40.7332 -781.6279
v  -892.3412 41.1835 -781.6058
v  -892.8820 40.7332 -778.2047
v  -892.2466 41.1835 -778.2045
v  -891.8624 41.9567 -781.5492
v  -891.8760 42.1367 -781.5692
v  -891.8549 41.8534 -781.5116
v  -891.8598 41.7555 -781.4128
v  -891.8645 41.7346 -781.3555
v  -891.4556 41.4988 -778.2024
v  -891.4541 42.5766 -781.1253
v  -891.5328 45.9091 -781.1321
v  -891.8818 45.6890 -781.5737
v  -891.4514 42.4775 -781.1100
v  -891.4570 42.4010 -781.0941
v  -891.4634 42.3550 -781.0642
v  -891.4726 42.3151 -781.0273
v  -892.8878 56.1680 -782.3770
v  -892.8878 52.6258 -782.3770
v  -892.3412 52.6249 -781.9928
v  -892.3412 56.1680 -781.9928
v  -891.8878 52.6316 -781.5806
v  -891.8901 56.1680 -781.5839
v  -891.3032 56.1680 -780.8649
v  -891.5535 56.1680 -781.1526
v  -891.5464 52.6407 -781.1458
v  -891.3032 52.6447 -780.8669
v  -889.7316 42.3104 -778.1996
v  -891.2692 43.1107 -780.8730
v  -889.3215 43.1299 -778.1983
v  -888.9329 45.9961 -778.1982
v  -891.3032 45.9865 -780.8710
v  -892.2503 41.1835 -775.1979
v  -892.8831 40.7332 -775.1979
v  -889.0773 43.1490 -775.1979
v  -888.4539 46.0057 -775.1979
v  -888.9329 56.1680 -778.1982
v  -888.9329 52.6447 -778.1982
v  -888.0272 52.6448 -775.1979
v  -888.0272 56.1680 -775.1979
v  -891.5389 49.2416 -769.2568
v  -891.8854 49.2367 -768.8184
v  -892.8878 49.2357 -768.0187
v  -892.3412 49.2335 -768.4030
v  -892.3412 45.5521 -768.4030
v  -892.8878 45.6494 -768.0187
v  -891.3032 49.2434 -769.5268
v  -888.9329 49.2437 -772.1975
v  -888.9329 52.6447 -772.1976
v  -891.8854 49.2367 -781.5773
v  -891.5389 49.2416 -781.1390
v  -892.3412 49.2335 -781.9928
v  -892.8878 49.2357 -782.3770
v  -892.8878 45.6494 -782.3770
v  -892.3412 45.5521 -781.9928
v  -891.3032 49.2434 -780.8690
v  -888.9329 49.2437 -778.1982
v  -888.0272 49.2438 -775.1979
v  -888.9329 56.1680 -772.1976
v  -892.8875 2123.7327 -768.6893
v  -892.3408 2123.7334 -770.1680
v  -892.3408 2123.7334 -822.4700
v  -892.8875 2123.7327 -823.9487
v  -888.9327 745.3516 -776.4216
# 244 vertices

vn 0.9720 0.0541 0.2285
vn 0.9490 0.2147 0.2308
vn 0.9482 0.2522 0.1931
vn 0.9763 0.0679 0.2053
vn 0.8523 0.4895 0.1845
vn 0.8797 0.4566 0.1332
vn 0.7589 0.6438 0.0982
vn 0.8162 0.5736 0.0693
vn 0.7209 0.6923 0.0313
vn 0.7917 0.6102 0.0299
vn 0.6632 0.7484 0.0001
vn 0.7028 0.7114 0.0015
vn 0.9850 0.1029 0.1387
vn 0.9883 0.0120 0.1520
vn 0.9580 0.2719 0.0913
vn 0.9133 0.4053 0.0399
vn 0.8883 0.4590 0.0135
vn 0.5524 0.8336 0.0037
vn 0.9911 0.0480 0.1241
vn 0.9911 0.0003 0.1334
vn 0.9886 -0.0002 0.1503
vn 0.9918 -0.0415 -0.1208
vn 0.9827 0.1818 0.0361
vn 0.9923 0.1237 -0.0034
vn 0.9687 0.2341 0.0824
vn 0.8649 0.0001 0.5019
vn 0.9353 0.0001 0.3539
vn 0.9482 0.0003 0.3177
vn 0.8897 0.0003 0.4566
vn 0.9701 0.0003 0.2426
vn 0.9339 0.0005 0.3574
vn 0.9477 0.0006 0.3192
vn 0.9767 0.0004 0.2147
vn 0.9737 0.0005 0.2278
vn 0.9412 0.0008 0.3377
vn 0.7187 0.6953 0.0000
vn 0.7329 0.6787 0.0476
vn 0.5383 0.8427 0.0000
vn 0.9845 0.1255 0.1225
vn 0.9797 0.1903 0.0631
vn 0.9952 0.0515 0.0835
vn 0.9900 -0.0004 0.1410
vn 0.9720 0.0541 -0.2285
vn 0.9763 0.0679 -0.2053
vn 0.9482 0.2522 -0.1931
vn 0.9490 0.2147 -0.2308
vn 0.8797 0.4566 -0.1332
vn 0.8523 0.4895 -0.1845
vn 0.8162 0.5736 -0.0693
vn 0.7589 0.6438 -0.0982
vn 0.7917 0.6102 -0.0299
vn 0.7209 0.6923 -0.0313
vn 0.7028 0.7114 -0.0015
vn 0.6632 0.7484 -0.0001
vn 0.9883 0.0120 -0.1520
vn 0.9850 0.1029 -0.1387
vn 0.9580 0.2719 -0.0913
vn 0.9133 0.4053 -0.0399
vn 0.8883 0.4590 -0.0135
vn 0.5524 0.8336 -0.0037
vn 0.9886 -0.0002 -0.1503
vn 0.9911 0.0003 -0.1334
vn 0.9911 0.0480 -0.1240
vn 0.9918 -0.0415 0.1208
vn 0.9827 0.1818 -0.0361
vn 0.9923 0.1237 0.0034
vn 0.9687 0.2341 -0.0824
vn 0.8896 -0.0093 -0.4566
vn 0.9482 -0.0062 -0.3178
vn 0.9353 -0.0071 -0.3538
vn 0.8649 -0.0106 -0.5019
vn 0.9339 -0.0071 -0.3574
vn 0.9701 -0.0046 -0.2427
vn 0.9412 -0.0064 -0.3377
vn 0.9737 -0.0041 -0.2278
vn 0.9767 -0.0039 -0.2147
vn 0.9477 -0.0061 -0.3192
vn 0.7329 0.6787 -0.0476
vn 0.9845 0.1255 -0.1225
vn 0.9797 0.1903 -0.0631
vn 0.9900 -0.0004 -0.1410
vn 0.9952 0.0515 -0.0835
vn 0.6648 0.7471 0.0000
vn 0.7030 0.7112 0.0000
vn 0.9762 0.2170 0.0000
vn 0.9912 0.1325 0.0000
vn 1.0000 0.0000 0.0000
vn 1.0000 -0.0000 -0.0000
vn 0.9878 -0.0022 -0.1555
vn 0.9725 -0.0035 -0.2329
vn 0.9911 -0.0003 0.1330
vn 0.9912 -0.0001 0.1325
vn 0.9886 0.0001 0.1502
vn 0.9886 0.0001 0.1504
vn 0.9747 -0.0000 0.2237
vn 0.9800 -0.0000 0.1989
vn 0.9800 -0.0000 0.1990
vn 0.9901 -0.0004 0.1406
vn 0.9955 -0.0000 0.0953
vn 0.9955 0.0003 0.0952
vn 0.9901 -0.0001 0.1406
vn 0.9886 0.0001 -0.1504
vn 0.9886 -0.0015 -0.1504
vn 0.9912 -0.0016 -0.1324
vn 0.9911 -0.0003 -0.1330
vn 0.9800 -0.0000 -0.1990
vn 0.9800 -0.0000 -0.1989
vn 0.9747 -0.0000 -0.2237
vn 0.9901 -0.0004 -0.1406
vn 0.9901 -0.0016 -0.1406
vn 0.9954 -0.0007 -0.0956
vn 0.9955 -0.0000 -0.0953
vn 0.9986 0.0524 0.0000
vn 1.0000 -0.0000 -0.0002
vn 0.9747 -0.0001 0.2237
vn 0.9799 -0.0000 0.1993
vn 0.9799 -0.0022 -0.1994
vn 0.9747 -0.0025 -0.2237
vn 0.9855 0.0003 0.1695
vn 0.9814 0.0002 0.1919
vn 0.9925 0.0007 0.1223
vn 0.9878 0.0009 0.1554
vn 0.9837 0.0004 0.1799
vn 0.9814 -0.0037 -0.1919
vn 0.9855 -0.0031 -0.1695
vn 0.9837 -0.0033 -0.1799
vn 0.9925 -0.0018 -0.1222
vn 0.6502 -0.0383 0.7588
vn 0.7061 -0.0531 0.7061
vn 0.7128 -0.1810 0.6776
vn 0.6343 -0.2121 0.7434
vn 0.7378 -0.3826 0.5561
vn 0.6640 -0.4648 0.5857
vn 0.7675 -0.5478 0.3329
vn 0.6922 -0.6185 0.3718
vn 0.7754 -0.6174 0.1326
vn 0.7148 -0.6875 0.1282
vn 0.5589 -0.8292 0.0059
vn 0.6633 -0.7483 0.0004
vn 0.7778 -0.0110 0.6284
vn 0.8052 -0.0882 0.5865
vn 0.8555 -0.2612 0.4470
vn 0.8755 -0.4266 0.2271
vn 0.8692 -0.4794 0.1209
vn 0.4769 -0.8771 0.0573
vn 0.8011 0.0002 0.5985
vn 0.8308 0.0069 0.5566
vn 0.8494 -0.0240 0.5272
vn 0.9802 0.0309 -0.1955
vn 0.9739 -0.1326 0.1842
vn 0.9891 -0.1463 0.0167
vn 0.9184 -0.2423 0.3127
vn 0.6602 0.0001 0.7510
vn 0.7065 0.0003 0.7077
vn 0.7070 -0.0000 0.7072
vn 0.6602 -0.0000 0.7510
vn 0.8019 0.0004 0.5975
vn 0.8015 -0.0001 0.5979
vn 0.8180 0.0009 0.5752
vn 0.8178 0.0003 0.5755
vn 0.8339 0.0003 0.5520
vn 0.8349 0.0007 0.5504
vn 0.7477 -0.6641 0.0000
vn 0.4507 -0.8927 0.0000
vn 0.7559 -0.6224 0.2031
vn 0.8655 -0.0233 0.5004
vn 0.9328 -0.2287 0.2786
vn 0.8166 0.0039 0.5772
vn 0.9316 -0.0501 0.3600
vn 0.6502 -0.0383 -0.7588
vn 0.6343 -0.2121 -0.7434
vn 0.7128 -0.1810 -0.6776
vn 0.7061 -0.0531 -0.7061
vn 0.6640 -0.4648 -0.5857
vn 0.7378 -0.3826 -0.5561
vn 0.6922 -0.6185 -0.3718
vn 0.7675 -0.5478 -0.3329
vn 0.7148 -0.6875 -0.1282
vn 0.7754 -0.6174 -0.1326
vn 0.6633 -0.7483 -0.0004
vn 0.5589 -0.8292 -0.0059
vn 0.8052 -0.0882 -0.5865
vn 0.7778 -0.0110 -0.6284
vn 0.8555 -0.2612 -0.4470
vn 0.8755 -0.4266 -0.2271
vn 0.8692 -0.4794 -0.1209
vn 0.4769 -0.8771 -0.0573
vn 0.8494 -0.0240 -0.5272
vn 0.8308 0.0069 -0.5566
vn 0.8011 0.0002 -0.5985
vn 0.9802 0.0309 0.1955
vn 0.9739 -0.1326 -0.1842
vn 0.9891 -0.1463 -0.0167
vn 0.9184 -0.2423 -0.3127
vn 0.6602 -0.0077 -0.7510
vn 0.6602 -0.0000 -0.7511
vn 0.7070 -0.0000 -0.7072
vn 0.7067 -0.0070 -0.7075
vn 0.8015 -0.0001 -0.5979
vn 0.8021 -0.0058 -0.5971
vn 0.8180 -0.0051 -0.5752
vn 0.8348 -0.0050 -0.5505
vn 0.8339 0.0003 -0.5520
vn 0.8178 0.0003 -0.5755
vn 0.7559 -0.6224 -0.2031
vn 0.8655 -0.0233 -0.5004
vn 0.9328 -0.2287 -0.2786
vn 0.9316 -0.0501 -0.3600
vn 0.8166 0.0039 -0.5772
vn 0.5594 -0.8289 0.0000
vn 0.6649 -0.7470 0.0000
vn 0.9631 -0.2691 0.0000
vn 0.9904 -0.1380 0.0000
vn 0.9104 -0.0030 -0.4137
vn 0.9102 0.0000 -0.4143
vn 1.0000 -0.0000 0.0000
vn 1.0000 0.0000 0.0008
vn 0.8329 0.0002 0.5535
vn 0.8010 -0.0000 0.5986
vn 0.7075 -0.0000 0.7067
vn 0.7077 -0.0000 0.7066
vn 0.8177 0.0004 0.5756
vn 0.9102 0.0000 0.4141
vn 0.9102 0.0000 0.4143
vn 0.8010 -0.0000 -0.5986
vn 0.8329 0.0002 -0.5535
vn 0.7075 -0.0000 -0.7067
vn 0.7077 -0.0000 -0.7066
vn 0.8177 0.0004 -0.5756
vn 0.9102 0.0000 -0.4141
vn 0.9986 -0.0520 0.0000
vn 0.9099 0.0013 0.4147
vn 0.9590 -0.0000 0.2834
vn 0.9674 0.0001 0.2533
vn 0.9674 -0.0050 -0.2533
vn 0.9590 -0.0057 -0.2834
vn 0.9725 0.0014 0.2329
# 237 vertex normals

vt 0.8376 0.9973 0.5130
vt 0.8379 0.9976 0.5130
vt 0.8393 0.9975 0.5403
vt 0.8392 0.9974 0.5403
vt 0.8387 0.9977 0.5130
vt 0.8397 0.9976 0.5403
vt 0.8397 0.9978 0.5130
vt 0.8404 0.9976 0.5403
vt 0.8407 0.9978 0.5130
vt 0.8408 0.9977 0.5403
vt 0.8548 0.9978 0.5133
vt 0.8548 0.9977 0.5450
vt 0.8410 0.9974 0.5642
vt 0.8409 0.9973 0.5636
vt 0.8412 0.9974 0.5646
vt 0.8416 0.9975 0.5644
vt 0.8418 0.9975 0.5641
vt 0.8548 0.9975 0.5750
vt 0.8428 0.9972 0.5809
vt 0.8427 0.9960 0.5807
vt 0.8409 0.9961 0.5633
vt 0.8428 0.9972 0.5808
vt 0.8429 0.9972 0.5803
vt 0.8430 0.9972 0.5800
vt 0.8432 0.9973 0.5797
vt 0.8377 0.2552 0.5130
vt 0.8377 0.5013 0.5130
vt 0.8386 0.5013 0.5403
vt 0.8383 0.2552 0.5403
vt 0.8397 0.5013 0.5629
vt 0.8390 0.2552 0.5629
vt 0.8397 0.2552 0.5798
vt 0.8407 0.5013 0.5799
vt 0.8415 0.5013 0.5922
vt 0.8402 0.2552 0.5922
vt 0.8672 0.9973 0.6936
vt 0.8548 0.9973 0.6817
vt 0.8672 0.9975 0.5747
vt 0.8438 0.9971 0.5922
vt 0.8548 0.9971 0.6896
vt 0.8548 0.9959 0.7107
vt 0.8438 0.9959 0.5922
vt 0.8969 0.9973 0.5130
vt 0.8953 0.9974 0.5403
vt 0.8952 0.9975 0.5403
vt 0.8966 0.9976 0.5130
vt 0.8948 0.9976 0.5403
vt 0.8957 0.9977 0.5130
vt 0.8941 0.9976 0.5403
vt 0.8948 0.9978 0.5130
vt 0.8937 0.9977 0.5403
vt 0.8938 0.9978 0.5130
vt 0.8797 0.9977 0.5450
vt 0.8797 0.9978 0.5133
vt 0.8936 0.9973 0.5636
vt 0.8935 0.9974 0.5642
vt 0.8933 0.9974 0.5646
vt 0.8929 0.9975 0.5644
vt 0.8927 0.9975 0.5641
vt 0.8797 0.9975 0.5750
vt 0.8936 0.9961 0.5633
vt 0.8918 0.9960 0.5807
vt 0.8917 0.9972 0.5809
vt 0.8917 0.9972 0.5808
vt 0.8916 0.9972 0.5803
vt 0.8915 0.9972 0.5800
vt 0.8913 0.9973 0.5797
vt 0.8605 0.2552 0.5403
vt 0.8727 0.5013 0.5403
vt 0.8736 0.5013 0.5130
vt 0.8612 0.2552 0.5130
vt 0.8599 0.2552 0.5629
vt 0.8717 0.5013 0.5629
vt 0.8587 0.2552 0.5922
vt 0.8699 0.5013 0.5922
vt 0.8706 0.5013 0.5799
vt 0.8592 0.2552 0.5798
vt 0.8796 0.9973 0.6817
vt 0.8907 0.9971 0.5922
vt 0.8796 0.9971 0.6896
vt 0.8907 0.9959 0.5922
vt 0.8796 0.9959 0.7107
vt 0.8672 0.9978 0.5132
vt 0.8672 0.9977 0.5449
vt 0.8672 0.9971 0.7018
vt 0.8672 0.9959 0.7347
vt 0.8494 0.2552 0.7560
vt 0.8557 0.5013 0.7560
vt 0.8632 0.5013 0.7107
vt 0.8543 0.2552 0.7107
vt 0.8427 0.9948 0.5804
vt 0.8427 0.9936 0.5800
vt 0.8409 0.9936 0.5630
vt 0.8409 0.9948 0.5631
vt 0.8376 0.9948 0.5130
vt 0.8376 0.9961 0.5130
vt 0.8392 0.9961 0.5403
vt 0.8392 0.9948 0.5403
vt 0.8438 0.9948 0.5922
vt 0.8548 0.9948 0.7107
vt 0.8548 0.9936 0.7107
vt 0.8438 0.9936 0.5922
vt 0.8936 0.9948 0.5631
vt 0.8936 0.9936 0.5630
vt 0.8918 0.9936 0.5800
vt 0.8918 0.9948 0.5804
vt 0.8953 0.9948 0.5403
vt 0.8953 0.9961 0.5403
vt 0.8969 0.9961 0.5130
vt 0.8969 0.9948 0.5130
vt 0.8907 0.9948 0.5922
vt 0.8907 0.9936 0.5922
vt 0.8796 0.9936 0.7107
vt 0.8796 0.9948 0.7107
vt 0.8672 0.9948 0.7560
vt 0.8672 0.9936 0.7560
vt 0.8376 0.9936 0.5130
vt 0.8392 0.9936 0.5403
vt 0.8953 0.9936 0.5403
vt 0.8969 0.9936 0.5130
vt 0.8420 0.7474 0.5799
vt 0.8406 0.7474 0.5629
vt 0.8515 0.7474 0.7107
vt 0.8481 0.5013 0.7107
vt 0.8429 0.7474 0.5922
vt 0.8816 0.7474 0.5629
vt 0.8802 0.7474 0.5799
vt 0.8793 0.7474 0.5922
vt 0.8707 0.7474 0.7107
vt 0.8611 0.7474 0.7560
vt 0.8375 0.0040 0.5130
vt 0.8378 0.0039 0.5403
vt 0.8379 0.0038 0.5403
vt 0.8376 0.0038 0.5130
vt 0.8379 0.0037 0.5403
vt 0.8378 0.0036 0.5130
vt 0.8381 0.0037 0.5403
vt 0.8379 0.0035 0.5130
vt 0.8382 0.0037 0.5403
vt 0.8382 0.0035 0.5130
vt 0.8410 0.0037 0.5450
vt 0.8410 0.0035 0.5132
vt 0.8382 0.0040 0.5635
vt 0.8382 0.0039 0.5642
vt 0.8382 0.0039 0.5646
vt 0.8383 0.0039 0.5644
vt 0.8384 0.0039 0.5641
vt 0.8410 0.0038 0.5846
vt 0.8382 0.0053 0.5633
vt 0.8386 0.0054 0.5807
vt 0.8386 0.0042 0.5846
vt 0.8386 0.0041 0.5848
vt 0.8386 0.0041 0.5845
vt 0.8386 0.0041 0.5842
vt 0.8387 0.0041 0.5837
vt 0.8375 0.0090 0.5130
vt 0.8378 0.0090 0.5403
vt 0.8378 0.0078 0.5403
vt 0.8375 0.0078 0.5130
vt 0.8382 0.0090 0.5628
vt 0.8382 0.0078 0.5630
vt 0.8388 0.0090 0.5922
vt 0.8388 0.0078 0.5922
vt 0.8386 0.0078 0.5800
vt 0.8385 0.0090 0.5797
vt 0.8435 0.0041 0.6827
vt 0.8435 0.0038 0.5844
vt 0.8410 0.0041 0.6708
vt 0.8388 0.0044 0.5939
vt 0.8410 0.0044 0.6913
vt 0.8388 0.0054 0.5922
vt 0.8410 0.0054 0.7107
vt 0.8495 0.0040 0.5130
vt 0.8494 0.0038 0.5130
vt 0.8491 0.0038 0.5403
vt 0.8492 0.0039 0.5403
vt 0.8493 0.0036 0.5130
vt 0.8491 0.0037 0.5403
vt 0.8491 0.0035 0.5130
vt 0.8489 0.0037 0.5403
vt 0.8489 0.0035 0.5130
vt 0.8488 0.0037 0.5403
vt 0.8460 0.0035 0.5132
vt 0.8460 0.0037 0.5450
vt 0.8488 0.0039 0.5642
vt 0.8488 0.0040 0.5635
vt 0.8488 0.0039 0.5646
vt 0.8487 0.0039 0.5644
vt 0.8486 0.0039 0.5641
vt 0.8460 0.0038 0.5846
vt 0.8484 0.0042 0.5846
vt 0.8485 0.0054 0.5807
vt 0.8488 0.0053 0.5633
vt 0.8484 0.0041 0.5848
vt 0.8484 0.0041 0.5845
vt 0.8484 0.0041 0.5842
vt 0.8484 0.0041 0.5837
vt 0.8495 0.0090 0.5130
vt 0.8495 0.0078 0.5130
vt 0.8492 0.0078 0.5403
vt 0.8492 0.0090 0.5403
vt 0.8488 0.0078 0.5630
vt 0.8488 0.0090 0.5628
vt 0.8482 0.0090 0.5922
vt 0.8485 0.0090 0.5797
vt 0.8485 0.0078 0.5800
vt 0.8482 0.0078 0.5922
vt 0.8460 0.0041 0.6708
vt 0.8482 0.0044 0.5939
vt 0.8460 0.0044 0.6913
vt 0.8460 0.0054 0.7107
vt 0.8482 0.0054 0.5922
vt 0.8435 0.0037 0.5448
vt 0.8435 0.0035 0.5132
vt 0.8435 0.0044 0.7035
vt 0.8435 0.0054 0.7346
vt 0.8460 0.0090 0.7107
vt 0.8460 0.0078 0.7107
vt 0.8435 0.0078 0.7560
vt 0.8435 0.0090 0.7560
vt 0.8386 0.0065 0.5804
vt 0.8382 0.0065 0.5631
vt 0.8375 0.0065 0.5130
vt 0.8378 0.0065 0.5403
vt 0.8378 0.0052 0.5403
vt 0.8375 0.0053 0.5130
vt 0.8388 0.0065 0.5922
vt 0.8410 0.0065 0.7107
vt 0.8410 0.0078 0.7107
vt 0.8488 0.0065 0.5631
vt 0.8485 0.0065 0.5804
vt 0.8492 0.0065 0.5403
vt 0.8495 0.0065 0.5130
vt 0.8495 0.0053 0.5130
vt 0.8492 0.0052 0.5403
vt 0.8482 0.0065 0.5922
vt 0.8460 0.0065 0.7107
vt 0.8435 0.0065 0.7560
vt 0.8410 0.0090 0.7107
vt 0.8381 0.7474 0.5130
vt 0.8393 0.7474 0.5403
vt 0.8829 0.7474 0.5403
vt 0.8841 0.7474 0.5130
vt 0.8445 0.2552 0.7107
# 244 texture coords

o Rectangle013
g Rectangle013
usemtl wire_115115115
s off
f 256/272/249 255/271/248 254/270/247 253/269/246 
f 255/271/248 258/274/251 257/273/250 254/270/247 
f 258/274/251 260/276/253 259/275/252 257/273/250 
f 260/276/253 262/278/255 261/277/254 259/275/252 
f 262/278/255 264/280/257 263/279/256 261/277/254 
f 266/282/259 265/281/258 255/271/248 256/272/249 
f 265/281/258 267/283/260 258/274/251 255/271/248 
f 267/283/260 268/284/261 260/276/253 258/274/251 
f 268/284/261 269/285/262 262/278/255 260/276/253 
f 269/285/262 270/286/263 264/280/257 262/278/255 
f 273/289/266 272/288/265 271/287/264 266/282/259 
f 266/282/259 271/287/264 274/290/267 265/281/258 
f 265/281/258 274/290/267 275/291/268 267/283/260 
f 267/283/260 275/291/268 276/292/269 268/284/261 
f 268/284/261 276/292/269 277/293/270 269/285/262 
f 281/297/274 280/296/273 279/295/272 278/294/271 
f 283/299/276 282/298/275 280/296/273 281/297/274 
s 1
f 287/303/280 286/302/279 285/301/278 284/300/277 
s off
f 290/306/283 270/286/263 289/305/282 288/304/281 
s 1
f 291/307/284 277/293/270 276/292/269 275/291/268 274/290/267 271/287/264 
f 291/307/284 292/308/285 289/305/282 277/293/270 
f 294/310/287 293/309/286 292/308/285 291/307/284 
s off
f 298/314/291 297/313/290 296/312/289 295/311/288 
f 300/316/293 299/315/292 297/313/290 298/314/291 
f 302/318/295 301/317/294 299/315/292 300/316/293 
f 304/320/297 303/319/296 301/317/294 302/318/295 
f 306/322/299 305/321/298 303/319/296 304/320/297 
f 297/313/290 308/324/301 307/323/300 296/312/289 
f 299/315/292 309/325/302 308/324/301 297/313/290 
f 301/317/294 310/326/303 309/325/302 299/315/292 
f 303/319/296 311/327/304 310/326/303 301/317/294 
f 305/321/298 312/328/305 311/327/304 303/319/296 
f 315/331/308 314/330/307 313/329/306 307/323/300 
f 316/332/309 315/331/308 307/323/300 308/324/301 
f 317/333/310 316/332/309 308/324/301 309/325/302 
f 318/334/311 317/333/310 309/325/302 310/326/303 
f 319/335/312 318/334/311 310/326/303 311/327/304 
f 323/339/316 322/338/315 321/337/314 320/336/313 
f 320/336/313 321/337/314 325/341/318 324/340/317 
s 1
f 329/345/322 328/344/321 327/343/320 326/342/319 
s off
f 330/346/323 312/328/305 290/306/283 288/304/281 
s 1
f 316/332/309 317/333/310 318/334/311 319/335/312 331/347/324 315/331/308 
f 330/346/323 332/348/325 331/347/324 319/335/312 
f 332/348/325 334/350/327 333/349/326 331/347/324 
s off
f 264/280/257 336/352/329 335/351/328 263/279/256 
f 270/286/263 290/306/283 336/352/329 264/280/257 
f 270/286/263 269/285/262 277/293/270 289/305/282 
s 1
f 292/308/285 337/353/330 288/304/281 289/305/282 
f 293/309/286 338/354/331 337/353/330 292/308/285 
s off
f 306/322/299 335/351/328 336/352/329 305/321/298 
f 305/321/298 336/352/329 290/306/283 312/328/305 
f 330/346/323 319/335/312 311/327/304 312/328/305 
s 1
f 330/346/323 288/304/281 337/353/330 332/348/325 
f 342/358/335 341/357/334 340/356/333 339/355/332 
s off
f 346/362/339 345/361/338 344/360/337 343/359/336 
f 350/366/342 349/365/341 348/364/340 347/363/340 
f 346/362/339 273/289/266 349/365/341 350/366/342 
s 1
f 351/367/343 294/310/287 272/288/265 343/359/336 
f 351/367/343 354/370/346 353/369/345 352/368/344 
s off
f 358/374/350 357/373/349 356/372/348 355/371/347 
f 362/378/353 361/377/353 360/376/352 359/375/351 
f 359/375/351 360/376/352 313/329/306 355/371/347 
s 1
f 358/374/350 314/330/307 333/349/326 363/379/354 
f 366/382/357 365/381/356 364/380/355 363/379/354 
f 352/368/344 353/369/345 368/384/359 367/383/358 
f 366/382/357 334/350/327 338/354/331 367/383/358 
s off
f 370/386/361 350/366/342 347/363/340 369/385/360 
f 345/361/338 346/362/339 350/366/342 370/386/361 
s 1
f 354/370/346 351/367/343 343/359/336 344/360/337 
s off
f 372/388/363 362/378/353 359/375/351 371/387/362 
f 371/387/362 359/375/351 355/371/347 356/372/348 
s 1
f 357/373/349 358/374/350 363/379/354 364/380/355 
f 365/381/356 366/382/357 367/383/358 368/384/359 
s off
f 374/390/365 282/298/275 285/301/278 373/389/364 
s 1
f 377/393/368 286/302/279 376/392/367 375/391/366 
s off
f 379/395/370 328/344/321 325/341/318 378/394/369 
s 1
f 381/397/372 341/357/334 327/343/320 380/396/371 
f 375/391/366 376/392/367 340/356/333 382/398/332 
s off
f 273/289/266 346/362/339 343/359/336 272/288/265 
s 1
f 294/310/287 351/367/343 352/368/344 293/309/286 
s off
f 314/330/307 358/374/350 355/371/347 313/329/306 
s 1
f 334/350/327 366/382/357 363/379/354 333/349/326 
f 293/309/286 352/368/344 367/383/358 338/354/331 
s off
f 349/365/341 256/272/249 253/269/246 348/364/340 
f 273/289/266 266/282/259 256/272/249 349/365/341 
s 1
f 294/310/287 291/307/284 271/287/264 272/288/265 
s off
f 361/377/353 295/311/288 296/312/289 360/376/352 
f 360/376/352 296/312/289 307/323/300 313/329/306 
s 1
f 314/330/307 315/331/308 331/347/324 333/349/326 
f 334/350/327 332/348/325 337/353/330 338/354/331 
s off
f 386/402/376 385/401/375 384/400/374 383/399/373 
f 388/404/378 387/403/377 385/401/375 386/402/376 
f 390/406/380 389/405/379 387/403/377 388/404/378 
f 392/408/382 391/407/381 389/405/379 390/406/380 
f 394/410/384 393/409/383 391/407/381 392/408/382 
f 385/401/375 396/412/386 395/411/385 384/400/374 
f 387/403/377 397/413/387 396/412/386 385/401/375 
f 389/405/379 398/414/388 397/413/387 387/403/377 
f 391/407/381 399/415/389 398/414/388 389/405/379 
f 393/409/383 400/416/390 399/415/389 391/407/381 
f 403/419/393 402/418/392 401/417/391 395/411/385 
f 404/420/394 403/419/393 395/411/385 396/412/386 
f 405/421/395 404/420/394 396/412/386 397/413/387 
f 406/422/396 405/421/395 397/413/387 398/414/388 
f 407/423/397 406/422/396 398/414/388 399/415/389 
f 411/427/401 410/426/400 409/425/399 408/424/398 
f 410/426/400 413/429/403 412/428/402 409/425/399 
s 1
f 417/433/407 416/432/406 415/431/405 414/430/404 
s off
f 420/436/410 400/416/390 419/435/409 418/434/408 
s 1
f 404/420/394 405/421/395 406/422/396 407/423/397 421/437/411 403/419/393 
f 420/436/410 422/438/412 421/437/411 407/423/397 
f 422/438/412 424/440/414 423/439/413 421/437/411 
s off
f 428/444/418 427/443/417 426/442/416 425/441/415 
f 427/443/417 430/446/420 429/445/419 426/442/416 
f 430/446/420 432/448/422 431/447/421 429/445/419 
f 432/448/422 434/450/424 433/449/423 431/447/421 
f 434/450/424 436/452/426 435/451/425 433/449/423 
f 438/454/428 437/453/427 427/443/417 428/444/418 
f 437/453/427 439/455/429 430/446/420 427/443/417 
f 439/455/429 440/456/430 432/448/422 430/446/420 
f 440/456/430 441/457/431 434/450/424 432/448/422 
f 441/457/431 442/458/432 436/452/426 434/450/424 
f 445/461/435 444/460/434 443/459/433 438/454/428 
f 438/454/428 443/459/433 446/462/436 437/453/427 
f 437/453/427 446/462/436 447/463/437 439/455/429 
f 439/455/429 447/463/437 448/464/438 440/456/430 
f 440/456/430 448/464/438 449/465/439 441/457/431 
f 453/469/443 452/468/442 451/467/441 450/466/440 
f 455/471/445 454/470/444 452/468/442 453/469/443 
s 1
f 459/475/449 458/474/448 457/473/447 456/472/446 
s off
f 419/435/409 442/458/432 460/476/450 418/434/408 
s 1
f 461/477/451 449/465/439 448/464/438 447/463/437 446/462/436 443/459/433 
f 461/477/451 462/478/452 460/476/450 449/465/439 
f 464/480/454 463/479/453 462/478/452 461/477/451 
s off
f 466/482/456 465/481/455 393/409/383 394/410/384 
f 465/481/455 419/435/409 400/416/390 393/409/383 
f 407/423/397 399/415/389 400/416/390 420/436/410 
s 1
f 418/434/408 467/483/457 422/438/412 420/436/410 
f 467/483/457 468/484/458 424/440/414 422/438/412 
s off
f 465/481/455 466/482/456 435/451/425 436/452/426 
f 419/435/409 465/481/455 436/452/426 442/458/432 
f 441/457/431 449/465/439 460/476/450 442/458/432 
s 1
f 467/483/457 418/434/408 460/476/450 462/478/452 
f 472/488/462 471/487/461 470/486/460 469/485/459 
s off
f 416/432/406 413/429/403 474/490/464 473/489/463 
f 478/494/401 477/493/466 476/492/465 475/491/401 
f 477/493/466 401/417/391 474/490/464 476/492/465 
s 1
f 402/418/392 423/439/413 479/495/467 473/489/463 
f 481/497/469 415/431/405 479/495/467 480/496/468 
s off
f 454/470/444 458/474/448 483/499/471 482/498/470 
f 487/503/473 486/502/441 485/501/441 484/500/472 
f 445/461/435 487/503/473 484/500/472 482/498/470 
s 1
f 464/480/454 444/460/434 483/499/471 488/504/474 
f 459/475/449 470/486/460 489/505/475 488/504/474 
f 471/487/461 481/497/469 480/496/468 490/506/476 
f 468/484/458 463/479/453 489/505/475 490/506/476 
s off
f 475/491/401 476/492/465 410/426/400 411/427/401 
f 476/492/465 474/490/464 413/429/403 410/426/400 
s 1
f 473/489/463 479/495/467 415/431/405 416/432/406 
s off
f 484/500/472 485/501/441 451/467/441 452/468/442 
f 482/498/470 484/500/472 452/468/442 454/470/444 
s 1
f 488/504/474 483/499/471 458/474/448 459/475/449 
f 490/506/476 489/505/475 470/486/460 471/487/461 
s off
f 417/433/407 412/428/402 413/429/403 416/432/406 
s 1
f 491/507/477 414/430/404 415/431/405 481/497/469 
s off
f 455/471/445 457/473/447 458/474/448 454/470/444 
s 1
f 456/472/446 469/485/459 470/486/460 459/475/449 
f 472/488/462 491/507/477 481/497/469 471/487/461 
s off
f 473/489/463 474/490/464 401/417/391 402/418/392 
s 1
f 480/496/468 479/495/467 423/439/413 424/440/414 
s off
f 482/498/470 483/499/471 444/460/434 445/461/435 
s 1
f 488/504/474 489/505/475 463/479/453 464/480/454 
f 490/506/476 480/496/468 424/440/414 468/484/458 
s off
f 383/399/373 384/400/374 477/493/466 478/494/401 
f 384/400/374 395/411/385 401/417/391 477/493/466 
s 1
f 403/419/393 421/437/411 423/439/413 402/418/392 
s off
f 428/444/418 425/441/415 486/502/441 487/503/473 
f 438/454/428 428/444/418 487/503/473 445/461/435 
s 1
f 461/477/451 443/459/433 444/460/434 464/480/454 
f 467/483/457 462/478/452 463/479/453 468/484/458 
s off
f 493/509/479 370/386/361 369/385/360 492/508/478 
f 280/296/273 493/509/479 492/508/478 279/295/272 
f 278/294/271 408/424/398 409/425/399 281/297/274 
f 374/390/365 345/361/338 370/386/361 493/509/479 
f 282/298/275 374/390/365 493/509/479 280/296/273 
f 281/297/274 409/425/399 412/428/402 283/299/276 
s 1
f 377/393/368 354/370/346 344/360/337 373/389/364 
f 286/302/279 377/393/368 373/389/364 285/301/278 
f 284/300/277 417/433/407 414/430/404 287/303/280 
s off
f 495/511/481 372/388/363 371/387/362 494/510/480 
f 322/338/315 495/511/481 494/510/480 321/337/314 
f 320/336/313 453/469/443 450/466/440 323/339/316 
f 494/510/480 371/387/362 356/372/348 378/394/369 
f 321/337/314 494/510/480 378/394/369 325/341/318 
f 324/340/317 455/471/445 453/469/443 320/336/313 
s 1
f 379/395/370 357/373/349 364/380/355 380/396/371 
f 328/344/321 379/395/370 380/396/371 327/343/320 
f 326/342/319 456/472/446 457/473/447 329/345/322 
f 381/397/372 365/381/356 368/384/359 382/398/332 
f 341/357/334 381/397/372 382/398/332 340/356/333 
f 339/355/332 472/488/462 469/485/459 342/358/335 
s off
f 283/299/276 412/428/402 417/433/407 284/300/277 
f 282/298/275 283/299/276 284/300/277 285/301/278 
f 373/389/364 344/360/337 345/361/338 374/390/365 
s 1
f 287/303/280 414/430/404 491/507/477 496/512/482 
f 286/302/279 287/303/280 496/512/482 376/392/367 
f 375/391/366 353/369/345 354/370/346 377/393/368 
s off
f 329/345/322 457/473/447 455/471/445 324/340/317 
f 328/344/321 329/345/322 324/340/317 325/341/318 
f 378/394/369 356/372/348 357/373/349 379/395/370 
s 1
f 342/358/335 469/485/459 456/472/446 326/342/319 
f 341/357/334 342/358/335 326/342/319 327/343/320 
f 380/396/371 364/380/355 365/381/356 381/397/372 
f 496/512/482 491/507/477 472/488/462 339/355/332 
f 376/392/367 496/512/482 339/355/332 340/356/333 
f 382/398/332 368/384/359 353/369/345 375/391/366 
# 216 polygons

#
# object Rectangle003
#

v  -892.8874 2823.4834 231.8917
v  -892.8874 2824.0679 231.5140
v  -892.3407 2823.9634 229.8138
v  -892.3407 2823.6760 229.9873
v  -892.8874 2824.5210 230.5002
v  -892.3407 2824.1802 229.3854
v  -892.8874 2824.7124 229.3963
v  -892.3407 2824.3257 228.5539
v  -892.8874 2824.8135 228.1785
v  -892.3407 2824.3633 228.0690
v  -892.8816 2824.8135 211.2106
v  -892.2462 2824.3633 211.2096
v  -891.8619 2823.5901 227.7882
v  -891.8755 2823.4099 227.8873
v  -891.8544 2823.6934 227.6020
v  -891.8593 2823.7913 227.1126
v  -891.8640 2823.8123 226.8281
v  -891.6477 2823.8364 211.1989
v  -891.5294 2822.9702 225.6874
v  -891.5324 2819.6377 225.7211
v  -891.8813 2819.8579 227.9097
v  -891.5306 2823.0691 225.6115
v  -891.5409 2823.1455 225.5325
v  -891.5461 2823.1917 225.3842
v  -891.5538 2823.2314 225.2014
v  -892.8877 745.3562 231.7549
v  -892.8876 1434.5444 231.7976
v  -892.3409 1434.5449 230.6424
v  -892.3411 745.3564 231.0017
v  -891.8887 1434.5415 229.4081
v  -891.8894 745.3547 230.1985
v  -891.5516 745.3524 229.3512
v  -891.5497 1434.5369 228.1059
v  -891.3029 1434.5349 227.2542
v  -891.3030 745.3516 228.7915
v  -889.2749 2823.2407 196.3061
v  -889.5138 2823.2363 211.1849
v  -891.6519 2823.8384 196.3061
v  -891.3027 2822.8174 224.4366
v  -889.3550 2822.7981 211.1783
v  -888.9324 2819.5505 211.1783
v  -891.3027 2819.5601 224.4265
v  -892.8873 2823.4834 160.7204
v  -892.3407 2823.6760 162.6249
v  -892.3407 2823.9634 162.7984
v  -892.8873 2824.0679 161.0981
v  -892.3407 2824.1802 163.2267
v  -892.8873 2824.5210 162.1120
v  -892.3407 2824.3257 164.0582
v  -892.8873 2824.7124 163.2159
v  -892.3407 2824.3633 164.5431
v  -892.8873 2824.8135 164.4336
v  -892.2462 2824.3633 181.4027
v  -892.8816 2824.8135 181.4018
v  -891.8755 2823.4099 164.7248
v  -891.8619 2823.5901 164.8239
v  -891.8544 2823.6934 165.0101
v  -891.8593 2823.7913 165.4995
v  -891.8640 2823.8123 165.7841
v  -891.6477 2823.8364 181.4133
v  -891.8813 2819.8579 164.7024
v  -891.5324 2819.6377 166.8910
v  -891.5293 2822.9702 166.9248
v  -891.5306 2823.0691 167.0007
v  -891.5409 2823.1455 167.0797
v  -891.5461 2823.1917 167.2279
v  -891.5538 2823.2314 167.4108
v  -892.3411 745.3564 204.3604
v  -892.3409 1434.5449 189.7822
v  -892.8876 1434.5444 188.6270
v  -892.8877 745.3562 203.6073
v  -891.8894 745.3547 205.1636
v  -891.8887 1434.5415 191.0165
v  -891.3030 745.3514 206.5706
v  -891.3029 1434.5349 193.1705
v  -891.5497 1434.5369 192.3188
v  -891.5516 745.3525 206.0109
v  -889.5138 2823.2363 181.4271
v  -891.3027 2822.8174 168.1755
v  -889.3550 2822.7981 181.4336
v  -891.3027 2819.5601 168.1856
v  -888.9324 2819.5505 181.4337
v  -892.8826 2824.8135 196.3061
v  -892.2498 2824.3633 196.3061
v  -889.1108 2822.7788 196.3061
v  -888.4534 2819.5410 196.3061
v  -888.0271 745.3516 217.6811
v  -888.0270 1434.5349 210.2123
v  -888.9326 1434.5349 201.1913
v  -888.9327 745.3514 211.7993
v  -891.5385 2816.3052 225.7549
v  -891.5460 2812.9058 225.7886
v  -891.8873 2812.9150 227.9442
v  -891.8849 2816.3101 227.9277
v  -892.8874 2816.3110 231.8917
v  -892.8874 2819.8972 231.8917
v  -892.3407 2819.9946 229.9873
v  -892.3407 2816.3130 229.9873
v  -891.3027 2816.3032 224.4165
v  -888.9324 2816.3032 211.1782
v  -888.9324 2812.9019 211.1781
v  -891.3027 2812.9019 224.4064
v  -891.8849 2816.3101 164.6844
v  -891.8873 2812.9150 164.6680
v  -891.5460 2812.9058 166.8235
v  -891.5385 2816.3052 166.8572
v  -892.3407 2816.3130 162.6249
v  -892.3407 2819.9946 162.6249
v  -892.8873 2819.8972 160.7204
v  -892.8873 2816.3110 160.7204
v  -891.3027 2816.3032 168.1957
v  -891.3027 2812.9019 168.2057
v  -888.9324 2812.9019 181.4338
v  -888.9324 2816.3032 181.4337
v  -888.0267 2816.3027 196.3061
v  -888.0267 2812.9019 196.3061
v  -892.8874 2812.9209 231.8917
v  -892.3407 2812.9219 229.9873
v  -892.3407 2812.9219 162.6249
v  -892.8873 2812.9209 160.7204
v  -891.5479 2123.7212 226.5631
v  -891.8880 2123.7283 228.2333
v  -888.9325 2123.7185 215.2125
v  -888.9326 1434.5349 219.2332
v  -891.3028 2123.7185 225.4814
v  -891.8880 2123.7283 179.0975
v  -891.5479 2123.7214 180.7678
v  -891.3028 2123.7183 181.8495
v  -888.9325 2123.7183 192.1183
v  -888.0269 2123.7185 203.6654
v  -892.8878 42.0632 231.9657
v  -892.3412 41.8706 231.5815
v  -892.3412 41.5834 231.5464
v  -892.8878 41.4786 231.8895
v  -892.3412 41.3666 231.4600
v  -892.8878 41.0256 231.6849
v  -892.3412 41.2211 231.2923
v  -892.8878 40.8342 231.4622
v  -892.3412 41.1835 231.1945
v  -892.8878 40.7332 231.2166
v  -892.2466 41.1835 227.7932
v  -892.8820 40.7332 227.7934
v  -891.8760 42.1367 231.1578
v  -891.8624 41.9567 231.1378
v  -891.8549 41.8534 231.1003
v  -891.8598 41.7555 231.0015
v  -891.8645 41.7346 230.9441
v  -891.4556 41.4988 227.7910
v  -891.8818 45.6890 231.1623
v  -891.5328 45.9091 230.7208
v  -891.4541 42.5766 230.7140
v  -891.4514 42.4775 230.6987
v  -891.4570 42.4010 230.6827
v  -891.4634 42.3550 230.6528
v  -891.4727 42.3151 230.6159
v  -892.8878 56.1680 231.9657
v  -892.3412 56.1680 231.5815
v  -892.3412 52.6249 231.5815
v  -892.8878 52.6258 231.9657
v  -891.8901 56.1680 231.1726
v  -891.8878 52.6316 231.1693
v  -891.3032 56.1680 230.4535
v  -891.3032 52.6447 230.4556
v  -891.5464 52.6407 230.7344
v  -891.5535 56.1680 230.7412
v  -889.4927 42.3058 224.7865
v  -891.4598 41.4966 224.7865
v  -889.7316 42.3104 227.7882
v  -891.2692 43.1107 230.4617
v  -889.3215 43.1299 227.7869
v  -891.3032 45.9865 230.4596
v  -888.9329 45.9961 227.7869
v  -892.8878 42.0632 217.6074
v  -892.8878 41.4786 217.6836
v  -892.3412 41.5834 218.0266
v  -892.3412 41.8706 217.9916
v  -892.8878 41.0256 217.8881
v  -892.3412 41.3666 218.1130
v  -892.8878 40.8342 218.1108
v  -892.3412 41.2211 218.2808
v  -892.8878 40.7332 218.3565
v  -892.3412 41.1835 218.3786
v  -892.8820 40.7332 221.7797
v  -892.2466 41.1835 221.7799
v  -891.8624 41.9567 218.4352
v  -891.8760 42.1367 218.4153
v  -891.8549 41.8534 218.4728
v  -891.8598 41.7555 218.5715
v  -891.8645 41.7346 218.6290
v  -891.4556 41.4988 221.7820
v  -891.4541 42.5766 218.8591
v  -891.5328 45.9091 218.8523
v  -891.8818 45.6890 218.4107
v  -891.4514 42.4775 218.8744
v  -891.4570 42.4010 218.8903
v  -891.4634 42.3550 218.9202
v  -891.4726 42.3151 218.9571
v  -892.8878 56.1680 217.6074
v  -892.8878 52.6258 217.6074
v  -892.3412 52.6249 217.9916
v  -892.3412 56.1680 217.9916
v  -891.8878 52.6316 218.4038
v  -891.8901 56.1680 218.4005
v  -891.3032 56.1680 219.1195
v  -891.5535 56.1680 218.8318
v  -891.5464 52.6407 218.8386
v  -891.3032 52.6447 219.1175
v  -889.7316 42.3104 221.7848
v  -891.2692 43.1107 219.1114
v  -889.3215 43.1299 221.7861
v  -888.9329 45.9961 221.7861
v  -891.3032 45.9865 219.1134
v  -892.2503 41.1835 224.7865
v  -892.8831 40.7332 224.7865
v  -889.0773 43.1490 224.7865
v  -888.4539 46.0057 224.7865
v  -888.9329 56.1680 221.7862
v  -888.9329 52.6447 221.7862
v  -888.0272 52.6448 224.7865
v  -888.0272 56.1680 224.7865
v  -891.5389 49.2416 230.7276
v  -891.8854 49.2367 231.1660
v  -892.8878 49.2357 231.9657
v  -892.3412 49.2335 231.5815
v  -892.3412 45.5521 231.5815
v  -892.8878 45.6494 231.9657
v  -891.3032 49.2434 230.4576
v  -888.9329 49.2437 227.7869
v  -888.9329 52.6447 227.7868
v  -891.8854 49.2367 218.4071
v  -891.5389 49.2416 218.8455
v  -892.3412 49.2335 217.9916
v  -892.8878 49.2357 217.6074
v  -892.8878 45.6494 217.6074
v  -892.3412 45.5521 217.9916
v  -891.3032 49.2434 219.1155
v  -888.9329 49.2437 221.7861
v  -888.0272 49.2438 224.7865
v  -888.9329 56.1680 227.7868
v  -892.8875 2123.7327 231.2951
v  -892.3408 2123.7334 229.8164
v  -892.3408 2123.7334 177.5144
v  -892.8875 2123.7327 176.0358
v  -888.9327 745.3516 223.5628
# 244 vertices

vn 0.9720 0.0541 0.2285
vn 0.9490 0.2147 0.2308
vn 0.9482 0.2522 0.1931
vn 0.9763 0.0679 0.2053
vn 0.8523 0.4895 0.1845
vn 0.8797 0.4566 0.1332
vn 0.7589 0.6438 0.0982
vn 0.8162 0.5736 0.0693
vn 0.7209 0.6923 0.0313
vn 0.7917 0.6102 0.0299
vn 0.6632 0.7484 0.0001
vn 0.7028 0.7114 0.0015
vn 0.9850 0.1029 0.1387
vn 0.9883 0.0120 0.1520
vn 0.9580 0.2719 0.0913
vn 0.9133 0.4053 0.0399
vn 0.8883 0.4590 0.0135
vn 0.5524 0.8336 0.0037
vn 0.9911 0.0480 0.1241
vn 0.9911 0.0003 0.1334
vn 0.9886 -0.0002 0.1503
vn 0.9918 -0.0415 -0.1208
vn 0.9827 0.1818 0.0361
vn 0.9923 0.1237 -0.0034
vn 0.9687 0.2341 0.0824
vn 0.8649 0.0001 0.5019
vn 0.9353 0.0001 0.3539
vn 0.9482 0.0003 0.3177
vn 0.8897 0.0003 0.4566
vn 0.9701 0.0003 0.2426
vn 0.9339 0.0005 0.3574
vn 0.9477 0.0006 0.3192
vn 0.9767 0.0004 0.2147
vn 0.9737 0.0005 0.2278
vn 0.9412 0.0008 0.3377
vn 0.7187 0.6953 0.0000
vn 0.7329 0.6787 0.0476
vn 0.5383 0.8427 0.0000
vn 0.9845 0.1255 0.1225
vn 0.9797 0.1903 0.0631
vn 0.9952 0.0515 0.0835
vn 0.9900 -0.0004 0.1410
vn 0.9720 0.0541 -0.2285
vn 0.9763 0.0679 -0.2053
vn 0.9482 0.2522 -0.1931
vn 0.9490 0.2147 -0.2308
vn 0.8797 0.4566 -0.1332
vn 0.8523 0.4895 -0.1845
vn 0.8162 0.5736 -0.0693
vn 0.7589 0.6438 -0.0982
vn 0.7917 0.6102 -0.0299
vn 0.7209 0.6923 -0.0313
vn 0.7028 0.7114 -0.0015
vn 0.6632 0.7484 -0.0001
vn 0.9883 0.0120 -0.1520
vn 0.9850 0.1029 -0.1387
vn 0.9580 0.2719 -0.0913
vn 0.9133 0.4053 -0.0399
vn 0.8883 0.4590 -0.0135
vn 0.5524 0.8336 -0.0037
vn 0.9886 -0.0002 -0.1503
vn 0.9911 0.0003 -0.1334
vn 0.9911 0.0480 -0.1240
vn 0.9918 -0.0415 0.1208
vn 0.9827 0.1818 -0.0361
vn 0.9923 0.1237 0.0034
vn 0.9687 0.2341 -0.0824
vn 0.8896 -0.0093 -0.4566
vn 0.9482 -0.0062 -0.3178
vn 0.9353 -0.0071 -0.3538
vn 0.8649 -0.0106 -0.5019
vn 0.9339 -0.0071 -0.3574
vn 0.9701 -0.0046 -0.2427
vn 0.9412 -0.0064 -0.3377
vn 0.9737 -0.0041 -0.2278
vn 0.9767 -0.0039 -0.2147
vn 0.9477 -0.0061 -0.3192
vn 0.7329 0.6787 -0.0476
vn 0.9845 0.1255 -0.1225
vn 0.9797 0.1903 -0.0631
vn 0.9900 -0.0004 -0.1410
vn 0.9952 0.0515 -0.0835
vn 0.6648 0.7471 0.0000
vn 0.7030 0.7112 0.0000
vn 0.9762 0.2170 0.0000
vn 0.9912 0.1325 0.0000
vn 1.0000 0.0000 0.0000
vn 1.0000 -0.0000 -0.0000
vn 0.9878 -0.0022 -0.1555
vn 0.9725 -0.0035 -0.2329
vn 0.9911 -0.0003 0.1330
vn 0.9912 -0.0001 0.1325
vn 0.9886 0.0001 0.1502
vn 0.9886 0.0001 0.1504
vn 0.9747 -0.0000 0.2237
vn 0.9800 -0.0000 0.1989
vn 0.9800 -0.0000 0.1990
vn 0.9901 -0.0004 0.1406
vn 0.9955 -0.0000 0.0953
vn 0.9955 0.0003 0.0952
vn 0.9901 -0.0001 0.1406
vn 0.9886 0.0001 -0.1504
vn 0.9886 -0.0015 -0.1504
vn 0.9912 -0.0016 -0.1324
vn 0.9911 -0.0003 -0.1330
vn 0.9800 -0.0000 -0.1990
vn 0.9800 -0.0000 -0.1989
vn 0.9747 -0.0000 -0.2237
vn 0.9901 -0.0004 -0.1406
vn 0.9901 -0.0016 -0.1406
vn 0.9954 -0.0007 -0.0956
vn 0.9955 -0.0000 -0.0953
vn 0.9986 0.0524 0.0000
vn 1.0000 -0.0000 -0.0002
vn 0.9747 -0.0001 0.2237
vn 0.9799 -0.0000 0.1993
vn 0.9799 -0.0022 -0.1994
vn 0.9747 -0.0025 -0.2237
vn 0.9855 0.0003 0.1695
vn 0.9814 0.0002 0.1919
vn 0.9925 0.0007 0.1223
vn 0.9878 0.0009 0.1554
vn 0.9837 0.0004 0.1799
vn 0.9814 -0.0037 -0.1919
vn 0.9855 -0.0031 -0.1695
vn 0.9837 -0.0033 -0.1799
vn 0.9925 -0.0018 -0.1222
vn 0.6502 -0.0383 0.7588
vn 0.7061 -0.0531 0.7061
vn 0.7128 -0.1810 0.6776
vn 0.6343 -0.2121 0.7434
vn 0.7378 -0.3826 0.5561
vn 0.6640 -0.4648 0.5857
vn 0.7675 -0.5478 0.3329
vn 0.6922 -0.6185 0.3718
vn 0.7754 -0.6174 0.1326
vn 0.7148 -0.6875 0.1282
vn 0.5589 -0.8292 0.0059
vn 0.6633 -0.7483 0.0004
vn 0.7778 -0.0110 0.6284
vn 0.8052 -0.0882 0.5865
vn 0.8555 -0.2612 0.4470
vn 0.8755 -0.4266 0.2271
vn 0.8692 -0.4794 0.1209
vn 0.4769 -0.8771 0.0573
vn 0.8011 0.0002 0.5985
vn 0.8308 0.0069 0.5566
vn 0.8494 -0.0240 0.5272
vn 0.9802 0.0309 -0.1955
vn 0.9739 -0.1326 0.1842
vn 0.9891 -0.1463 0.0167
vn 0.9184 -0.2423 0.3127
vn 0.6602 0.0001 0.7510
vn 0.7065 0.0003 0.7077
vn 0.7070 -0.0000 0.7072
vn 0.6602 -0.0000 0.7510
vn 0.8019 0.0004 0.5975
vn 0.8015 -0.0001 0.5979
vn 0.8180 0.0009 0.5752
vn 0.8178 0.0003 0.5755
vn 0.8339 0.0003 0.5520
vn 0.8349 0.0007 0.5504
vn 0.7477 -0.6641 0.0000
vn 0.4507 -0.8927 0.0000
vn 0.7559 -0.6224 0.2031
vn 0.8655 -0.0233 0.5004
vn 0.9328 -0.2287 0.2786
vn 0.8166 0.0039 0.5772
vn 0.9316 -0.0501 0.3600
vn 0.6502 -0.0383 -0.7588
vn 0.6343 -0.2121 -0.7434
vn 0.7128 -0.1810 -0.6776
vn 0.7061 -0.0531 -0.7061
vn 0.6640 -0.4648 -0.5857
vn 0.7378 -0.3826 -0.5561
vn 0.6922 -0.6185 -0.3718
vn 0.7675 -0.5478 -0.3329
vn 0.7148 -0.6875 -0.1282
vn 0.7754 -0.6174 -0.1326
vn 0.6633 -0.7483 -0.0004
vn 0.5589 -0.8292 -0.0059
vn 0.8052 -0.0882 -0.5865
vn 0.7778 -0.0110 -0.6284
vn 0.8555 -0.2612 -0.4470
vn 0.8755 -0.4266 -0.2271
vn 0.8692 -0.4794 -0.1209
vn 0.4769 -0.8771 -0.0573
vn 0.8494 -0.0240 -0.5272
vn 0.8308 0.0069 -0.5566
vn 0.8011 0.0002 -0.5985
vn 0.9802 0.0309 0.1955
vn 0.9739 -0.1326 -0.1842
vn 0.9891 -0.1463 -0.0167
vn 0.9184 -0.2423 -0.3127
vn 0.6602 -0.0077 -0.7510
vn 0.6602 -0.0000 -0.7511
vn 0.7070 -0.0000 -0.7072
vn 0.7067 -0.0070 -0.7075
vn 0.8015 -0.0001 -0.5979
vn 0.8021 -0.0058 -0.5971
vn 0.8180 -0.0051 -0.5752
vn 0.8348 -0.0050 -0.5505
vn 0.8339 0.0003 -0.5520
vn 0.8178 0.0003 -0.5755
vn 0.7559 -0.6224 -0.2031
vn 0.8655 -0.0233 -0.5004
vn 0.9328 -0.2287 -0.2786
vn 0.9316 -0.0501 -0.3600
vn 0.8166 0.0039 -0.5772
vn 0.5594 -0.8289 0.0000
vn 0.6649 -0.7470 0.0000
vn 0.9631 -0.2691 0.0000
vn 0.9904 -0.1380 0.0000
vn 0.9104 -0.0030 -0.4137
vn 0.9102 0.0000 -0.4143
vn 1.0000 -0.0000 0.0000
vn 1.0000 0.0000 0.0008
vn 0.8329 0.0002 0.5535
vn 0.8010 -0.0000 0.5986
vn 0.7075 -0.0000 0.7067
vn 0.7077 -0.0000 0.7066
vn 0.8177 0.0004 0.5756
vn 0.9102 0.0000 0.4141
vn 0.9102 0.0000 0.4143
vn 0.8010 -0.0000 -0.5986
vn 0.8329 0.0002 -0.5535
vn 0.7075 -0.0000 -0.7067
vn 0.7077 -0.0000 -0.7066
vn 0.8177 0.0004 -0.5756
vn 0.9102 0.0000 -0.4141
vn 0.9986 -0.0520 0.0000
vn 0.9099 0.0013 0.4147
vn 0.9590 -0.0000 0.2834
vn 0.9674 0.0001 0.2533
vn 0.9674 -0.0050 -0.2533
vn 0.9590 -0.0057 -0.2834
vn 0.9725 0.0014 0.2329
# 237 vertex normals

vt 0.0043 0.9973 0.5130
vt 0.0046 0.9976 0.5130
vt 0.0060 0.9975 0.5403
vt 0.0059 0.9974 0.5403
vt 0.0054 0.9977 0.5130
vt 0.0064 0.9976 0.5403
vt 0.0063 0.9978 0.5130
vt 0.0070 0.9976 0.5403
vt 0.0074 0.9978 0.5130
vt 0.0075 0.9977 0.5403
vt 0.0215 0.9978 0.5133
vt 0.0215 0.9977 0.5450
vt 0.0077 0.9974 0.5642
vt 0.0076 0.9973 0.5636
vt 0.0078 0.9974 0.5646
vt 0.0083 0.9975 0.5644
vt 0.0085 0.9975 0.5641
vt 0.0215 0.9975 0.5749
vt 0.0094 0.9972 0.5809
vt 0.0094 0.9960 0.5807
vt 0.0076 0.9961 0.5633
vt 0.0095 0.9972 0.5808
vt 0.0096 0.9972 0.5803
vt 0.0097 0.9972 0.5800
vt 0.0098 0.9973 0.5796
vt 0.0044 0.2552 0.5129
vt 0.0043 0.5013 0.5129
vt 0.0053 0.5013 0.5403
vt 0.0050 0.2552 0.5403
vt 0.0063 0.5013 0.5629
vt 0.0057 0.2552 0.5629
vt 0.0064 0.2552 0.5797
vt 0.0074 0.5013 0.5798
vt 0.0081 0.5013 0.5922
vt 0.0069 0.2552 0.5922
vt 0.0339 0.9973 0.6936
vt 0.0215 0.9973 0.6816
vt 0.0339 0.9975 0.5747
vt 0.0105 0.9971 0.5922
vt 0.0215 0.9971 0.6896
vt 0.0215 0.9959 0.7107
vt 0.0105 0.9959 0.5922
vt 0.0636 0.9973 0.5130
vt 0.0620 0.9974 0.5403
vt 0.0618 0.9975 0.5403
vt 0.0633 0.9976 0.5130
vt 0.0615 0.9976 0.5403
vt 0.0624 0.9977 0.5130
vt 0.0608 0.9976 0.5403
vt 0.0615 0.9978 0.5130
vt 0.0604 0.9977 0.5403
vt 0.0605 0.9978 0.5130
vt 0.0463 0.9977 0.5450
vt 0.0463 0.9978 0.5133
vt 0.0602 0.9973 0.5636
vt 0.0602 0.9974 0.5642
vt 0.0600 0.9974 0.5646
vt 0.0596 0.9975 0.5644
vt 0.0594 0.9975 0.5641
vt 0.0463 0.9975 0.5749
vt 0.0603 0.9961 0.5633
vt 0.0584 0.9960 0.5807
vt 0.0584 0.9972 0.5809
vt 0.0583 0.9972 0.5808
vt 0.0583 0.9972 0.5803
vt 0.0582 0.9972 0.5800
vt 0.0580 0.9973 0.5796
vt 0.0272 0.2552 0.5403
vt 0.0394 0.5013 0.5403
vt 0.0403 0.5013 0.5130
vt 0.0278 0.2552 0.5129
vt 0.0265 0.2552 0.5629
vt 0.0383 0.5013 0.5629
vt 0.0254 0.2552 0.5922
vt 0.0365 0.5013 0.5922
vt 0.0372 0.5013 0.5798
vt 0.0258 0.2552 0.5797
vt 0.0463 0.9973 0.6816
vt 0.0574 0.9971 0.5922
vt 0.0463 0.9971 0.6896
vt 0.0574 0.9959 0.5922
vt 0.0463 0.9959 0.7107
vt 0.0339 0.9978 0.5132
vt 0.0339 0.9977 0.5448
vt 0.0339 0.9971 0.7018
vt 0.0339 0.9959 0.7347
vt 0.0161 0.2552 0.7560
vt 0.0223 0.5013 0.7560
vt 0.0299 0.5013 0.7107
vt 0.0210 0.2552 0.7107
vt 0.0094 0.9948 0.5804
vt 0.0094 0.9936 0.5800
vt 0.0076 0.9936 0.5630
vt 0.0076 0.9948 0.5631
vt 0.0043 0.9948 0.5130
vt 0.0043 0.9961 0.5130
vt 0.0059 0.9961 0.5403
vt 0.0059 0.9948 0.5403
vt 0.0105 0.9948 0.5922
vt 0.0215 0.9948 0.7107
vt 0.0215 0.9936 0.7107
vt 0.0105 0.9936 0.5922
vt 0.0603 0.9948 0.5631
vt 0.0603 0.9936 0.5630
vt 0.0585 0.9936 0.5800
vt 0.0585 0.9948 0.5804
vt 0.0620 0.9948 0.5403
vt 0.0620 0.9961 0.5403
vt 0.0636 0.9961 0.5130
vt 0.0636 0.9948 0.5130
vt 0.0573 0.9948 0.5922
vt 0.0573 0.9936 0.5922
vt 0.0463 0.9936 0.7107
vt 0.0463 0.9948 0.7107
vt 0.0339 0.9948 0.7560
vt 0.0339 0.9936 0.7560
vt 0.0043 0.9936 0.5130
vt 0.0059 0.9936 0.5403
vt 0.0620 0.9936 0.5403
vt 0.0636 0.9936 0.5130
vt 0.0087 0.7474 0.5799
vt 0.0073 0.7474 0.5629
vt 0.0182 0.7474 0.7107
vt 0.0148 0.5013 0.7107
vt 0.0096 0.7474 0.5922
vt 0.0483 0.7474 0.5629
vt 0.0469 0.7474 0.5799
vt 0.0460 0.7474 0.5922
vt 0.0374 0.7474 0.7107
vt 0.0278 0.7474 0.7560
vt 0.0042 0.0040 0.5129
vt 0.0045 0.0039 0.5403
vt 0.0046 0.0038 0.5403
vt 0.0043 0.0038 0.5129
vt 0.0046 0.0037 0.5403
vt 0.0044 0.0036 0.5129
vt 0.0048 0.0037 0.5403
vt 0.0046 0.0035 0.5129
vt 0.0048 0.0035 0.5129
vt 0.0077 0.0037 0.5450
vt 0.0077 0.0035 0.5132
vt 0.0049 0.0040 0.5635
vt 0.0049 0.0039 0.5642
vt 0.0049 0.0039 0.5646
vt 0.0050 0.0039 0.5643
vt 0.0051 0.0039 0.5641
vt 0.0077 0.0038 0.5845
vt 0.0049 0.0053 0.5632
vt 0.0052 0.0054 0.5807
vt 0.0052 0.0042 0.5846
vt 0.0053 0.0041 0.5848
vt 0.0053 0.0041 0.5845
vt 0.0053 0.0041 0.5842
vt 0.0053 0.0041 0.5837
vt 0.0042 0.0090 0.5129
vt 0.0045 0.0090 0.5403
vt 0.0045 0.0078 0.5403
vt 0.0042 0.0078 0.5129
vt 0.0049 0.0090 0.5628
vt 0.0049 0.0078 0.5629
vt 0.0055 0.0090 0.5922
vt 0.0055 0.0078 0.5922
vt 0.0052 0.0078 0.5800
vt 0.0052 0.0090 0.5797
vt 0.0102 0.0041 0.6827
vt 0.0102 0.0038 0.5843
vt 0.0077 0.0041 0.6707
vt 0.0055 0.0044 0.5939
vt 0.0077 0.0044 0.6913
vt 0.0055 0.0054 0.5922
vt 0.0077 0.0054 0.7107
vt 0.0162 0.0040 0.5129
vt 0.0161 0.0038 0.5129
vt 0.0158 0.0038 0.5403
vt 0.0159 0.0039 0.5403
vt 0.0159 0.0036 0.5129
vt 0.0158 0.0037 0.5403
vt 0.0158 0.0035 0.5129
vt 0.0156 0.0037 0.5403
vt 0.0155 0.0035 0.5129
vt 0.0155 0.0037 0.5403
vt 0.0127 0.0035 0.5132
vt 0.0127 0.0037 0.5450
vt 0.0155 0.0039 0.5642
vt 0.0155 0.0040 0.5635
vt 0.0155 0.0039 0.5646
vt 0.0154 0.0039 0.5643
vt 0.0153 0.0039 0.5641
vt 0.0127 0.0038 0.5845
vt 0.0151 0.0042 0.5846
vt 0.0151 0.0054 0.5807
vt 0.0155 0.0053 0.5632
vt 0.0151 0.0041 0.5848
vt 0.0151 0.0041 0.5845
vt 0.0151 0.0041 0.5842
vt 0.0150 0.0041 0.5837
vt 0.0162 0.0090 0.5129
vt 0.0162 0.0078 0.5129
vt 0.0159 0.0078 0.5403
vt 0.0159 0.0090 0.5403
vt 0.0155 0.0078 0.5629
vt 0.0155 0.0090 0.5628
vt 0.0149 0.0090 0.5922
vt 0.0152 0.0090 0.5797
vt 0.0151 0.0078 0.5800
vt 0.0149 0.0078 0.5922
vt 0.0127 0.0041 0.6707
vt 0.0149 0.0044 0.5939
vt 0.0127 0.0044 0.6913
vt 0.0127 0.0054 0.7107
vt 0.0149 0.0054 0.5922
vt 0.0102 0.0037 0.5448
vt 0.0102 0.0035 0.5132
vt 0.0102 0.0044 0.7035
vt 0.0102 0.0054 0.7346
vt 0.0127 0.0090 0.7107
vt 0.0127 0.0078 0.7107
vt 0.0102 0.0078 0.7560
vt 0.0102 0.0090 0.7560
vt 0.0052 0.0065 0.5804
vt 0.0049 0.0065 0.5631
vt 0.0042 0.0065 0.5129
vt 0.0045 0.0065 0.5403
vt 0.0045 0.0052 0.5403
vt 0.0042 0.0053 0.5129
vt 0.0055 0.0065 0.5922
vt 0.0077 0.0065 0.7107
vt 0.0077 0.0078 0.7107
vt 0.0155 0.0065 0.5631
vt 0.0151 0.0065 0.5804
vt 0.0159 0.0065 0.5403
vt 0.0162 0.0065 0.5129
vt 0.0162 0.0053 0.5129
vt 0.0159 0.0052 0.5403
vt 0.0149 0.0065 0.5922
vt 0.0127 0.0065 0.7107
vt 0.0102 0.0065 0.7560
vt 0.0077 0.0090 0.7107
vt 0.0048 0.7474 0.5130
vt 0.0060 0.7474 0.5403
vt 0.0496 0.7474 0.5403
vt 0.0508 0.7474 0.5130
vt 0.0112 0.2552 0.7107
# 243 texture coords

o Rectangle003
g Rectangle003
usemtl wire_115115115
s off
f 500/516/486 499/515/485 498/514/484 497/513/483 
f 499/515/485 502/518/488 501/517/487 498/514/484 
f 502/518/488 504/520/490 503/519/489 501/517/487 
f 504/520/490 506/522/492 505/521/491 503/519/489 
f 506/522/492 508/524/494 507/523/493 505/521/491 
f 510/526/496 509/525/495 499/515/485 500/516/486 
f 509/525/495 511/527/497 502/518/488 499/515/485 
f 511/527/497 512/528/498 504/520/490 502/518/488 
f 512/528/498 513/529/499 506/522/492 504/520/490 
f 513/529/499 514/530/500 508/524/494 506/522/492 
f 517/533/503 516/532/502 515/531/501 510/526/496 
f 510/526/496 515/531/501 518/534/504 509/525/495 
f 509/525/495 518/534/504 519/535/505 511/527/497 
f 511/527/497 519/535/505 520/536/506 512/528/498 
f 512/528/498 520/536/506 521/537/507 513/529/499 
f 525/541/511 524/540/510 523/539/509 522/538/508 
f 527/543/513 526/542/512 524/540/510 525/541/511 
s 1
f 531/547/517 530/546/516 529/545/515 528/544/514 
s off
f 534/550/520 514/530/500 533/549/519 532/548/518 
s 1
f 535/551/521 521/537/507 520/536/506 519/535/505 518/534/504 515/531/501 
f 535/551/521 536/552/522 533/549/519 521/537/507 
f 538/554/524 537/553/523 536/552/522 535/551/521 
s off
f 542/558/528 541/557/527 540/556/526 539/555/525 
f 544/560/530 543/559/529 541/557/527 542/558/528 
f 546/562/532 545/561/531 543/559/529 544/560/530 
f 548/564/534 547/563/533 545/561/531 546/562/532 
f 550/566/536 549/565/535 547/563/533 548/564/534 
f 541/557/527 552/568/538 551/567/537 540/556/526 
f 543/559/529 553/569/539 552/568/538 541/557/527 
f 545/561/531 554/570/540 553/569/539 543/559/529 
f 547/563/533 555/571/541 554/570/540 545/561/531 
f 549/565/535 556/572/542 555/571/541 547/563/533 
f 559/575/545 558/574/544 557/573/543 551/567/537 
f 560/576/546 559/575/545 551/567/537 552/568/538 
f 561/577/547 560/576/546 552/568/538 553/569/539 
f 562/578/548 561/577/547 553/569/539 554/570/540 
f 563/579/549 562/578/548 554/570/540 555/571/541 
f 567/583/553 566/582/552 565/581/551 564/580/550 
f 564/580/550 565/581/551 569/585/555 568/584/554 
s 1
f 573/589/559 572/588/558 571/587/557 570/586/556 
s off
f 574/590/560 556/572/542 534/550/520 532/548/518 
s 1
f 560/576/546 561/577/547 562/578/548 563/579/549 575/591/561 559/575/545 
f 574/590/560 576/592/562 575/591/561 563/579/549 
f 576/592/562 578/594/564 577/593/563 575/591/561 
s off
f 508/524/494 580/596/566 579/595/565 507/523/493 
f 514/530/500 534/550/520 580/596/566 508/524/494 
f 514/530/500 513/529/499 521/537/507 533/549/519 
s 1
f 536/552/522 581/597/567 532/548/518 533/549/519 
f 537/553/523 582/598/568 581/597/567 536/552/522 
s off
f 550/566/536 579/595/565 580/596/566 549/565/535 
f 549/565/535 580/596/566 534/550/520 556/572/542 
f 574/590/560 563/579/549 555/571/541 556/572/542 
s 1
f 574/590/560 532/548/518 581/597/567 576/592/562 
f 586/602/572 585/601/571 584/600/570 583/599/569 
s off
f 590/606/576 589/605/575 588/604/574 587/603/573 
f 594/610/579 593/609/578 592/608/577 591/607/577 
f 590/606/576 517/533/503 593/609/578 594/610/579 
s 1
f 595/611/580 538/554/524 516/532/502 587/603/573 
f 595/611/580 598/614/583 597/613/582 596/612/581 
s off
f 602/618/587 601/617/586 600/616/585 599/615/584 
f 606/622/590 605/621/590 604/620/589 603/619/588 
f 603/619/588 604/620/589 557/573/543 599/615/584 
s 1
f 602/618/587 558/574/544 577/593/563 607/623/591 
f 610/626/594 609/625/593 608/624/592 607/623/591 
f 596/612/581 597/613/582 612/628/596 611/627/595 
f 610/626/594 578/594/564 582/598/568 611/627/595 
s off
f 614/630/598 594/610/579 591/607/577 613/629/597 
f 589/605/575 590/606/576 594/610/579 614/630/598 
s 1
f 598/614/583 595/611/580 587/603/573 588/604/574 
s off
f 616/632/600 606/622/590 603/619/588 615/631/599 
f 615/631/599 603/619/588 599/615/584 600/616/585 
s 1
f 601/617/586 602/618/587 607/623/591 608/624/592 
f 609/625/593 610/626/594 611/627/595 612/628/596 
s off
f 618/634/602 526/542/512 529/545/515 617/633/601 
s 1
f 621/637/605 530/546/516 620/636/604 619/635/603 
s off
f 623/639/607 572/588/558 569/585/555 622/638/606 
s 1
f 625/641/609 585/601/571 571/587/557 624/640/608 
f 619/635/603 620/636/604 584/600/570 626/642/569 
s off
f 517/533/503 590/606/576 587/603/573 516/532/502 
s 1
f 538/554/524 595/611/580 596/612/581 537/553/523 
s off
f 558/574/544 602/618/587 599/615/584 557/573/543 
s 1
f 578/594/564 610/626/594 607/623/591 577/593/563 
f 537/553/523 596/612/581 611/627/595 582/598/568 
s off
f 593/609/578 500/516/486 497/513/483 592/608/577 
f 517/533/503 510/526/496 500/516/486 593/609/578 
s 1
f 538/554/524 535/551/521 515/531/501 516/532/502 
s off
f 605/621/590 539/555/525 540/556/526 604/620/589 
f 604/620/589 540/556/526 551/567/537 557/573/543 
s 1
f 558/574/544 559/575/545 575/591/561 577/593/563 
f 578/594/564 576/592/562 581/597/567 582/598/568 
s off
f 630/646/613 629/645/612 628/644/611 627/643/610 
f 632/648/615 631/647/614 629/645/612 630/646/613 
f 634/650/617 633/649/616 631/647/614 632/648/615 
f 636/651/619 635/649/618 633/649/616 634/650/617 
f 638/653/621 637/652/620 635/649/618 636/651/619 
f 629/645/612 640/655/623 639/654/622 628/644/611 
f 631/647/614 641/656/624 640/655/623 629/645/612 
f 633/649/616 642/657/625 641/656/624 631/647/614 
f 635/649/618 643/658/626 642/657/625 633/649/616 
f 637/652/620 644/659/627 643/658/626 635/649/618 
f 647/662/630 646/661/629 645/660/628 639/654/622 
f 648/663/631 647/662/630 639/654/622 640/655/623 
f 649/664/632 648/663/631 640/655/623 641/656/624 
f 650/665/633 649/664/632 641/656/624 642/657/625 
f 651/666/634 650/665/633 642/657/625 643/658/626 
f 655/670/638 654/669/637 653/668/636 652/667/635 
f 654/669/637 657/672/640 656/671/639 653/668/636 
s 1
f 661/676/644 660/675/643 659/674/642 658/673/641 
s off
f 664/679/647 644/659/627 663/678/646 662/677/645 
s 1
f 648/663/631 649/664/632 650/665/633 651/666/634 665/680/648 647/662/630 
f 664/679/647 666/681/649 665/680/648 651/666/634 
f 666/681/649 668/683/651 667/682/650 665/680/648 
s off
f 672/687/655 671/686/654 670/685/653 669/684/652 
f 671/686/654 674/689/657 673/688/656 670/685/653 
f 674/689/657 676/691/659 675/690/658 673/688/656 
f 676/691/659 678/693/661 677/692/660 675/690/658 
f 678/693/661 680/695/663 679/694/662 677/692/660 
f 682/697/665 681/696/664 671/686/654 672/687/655 
f 681/696/664 683/698/666 674/689/657 671/686/654 
f 683/698/666 684/699/667 676/691/659 674/689/657 
f 684/699/667 685/700/668 678/693/661 676/691/659 
f 685/700/668 686/701/669 680/695/663 678/693/661 
f 689/704/672 688/703/671 687/702/670 682/697/665 
f 682/697/665 687/702/670 690/705/673 681/696/664 
f 681/696/664 690/705/673 691/706/674 683/698/666 
f 683/698/666 691/706/674 692/707/675 684/699/667 
f 684/699/667 692/707/675 693/708/676 685/700/668 
f 697/712/680 696/711/679 695/710/678 694/709/677 
f 699/714/682 698/713/681 696/711/679 697/712/680 
s 1
f 703/718/686 702/717/685 701/716/684 700/715/683 
s off
f 663/678/646 686/701/669 704/719/687 662/677/645 
s 1
f 705/720/688 693/708/676 692/707/675 691/706/674 690/705/673 687/702/670 
f 705/720/688 706/721/689 704/719/687 693/708/676 
f 708/723/691 707/722/690 706/721/689 705/720/688 
s off
f 710/725/693 709/724/692 637/652/620 638/653/621 
f 709/724/692 663/678/646 644/659/627 637/652/620 
f 651/666/634 643/658/626 644/659/627 664/679/647 
s 1
f 662/677/645 711/726/694 666/681/649 664/679/647 
f 711/726/694 712/727/695 668/683/651 666/681/649 
s off
f 709/724/692 710/725/693 679/694/662 680/695/663 
f 663/678/646 709/724/692 680/695/663 686/701/669 
f 685/700/668 693/708/676 704/719/687 686/701/669 
s 1
f 711/726/694 662/677/645 704/719/687 706/721/689 
f 716/731/699 715/730/698 714/729/697 713/728/696 
s off
f 660/675/643 657/672/640 718/733/701 717/732/700 
f 722/737/638 721/736/703 720/735/702 719/734/638 
f 721/736/703 645/660/628 718/733/701 720/735/702 
s 1
f 646/661/629 667/682/650 723/738/704 717/732/700 
f 725/740/706 659/674/642 723/738/704 724/739/705 
s off
f 698/713/681 702/717/685 727/742/708 726/741/707 
f 731/746/710 730/745/678 729/744/678 728/743/709 
f 689/704/672 731/746/710 728/743/709 726/741/707 
s 1
f 708/723/691 688/703/671 727/742/708 732/747/711 
f 703/718/686 714/729/697 733/748/712 732/747/711 
f 715/730/698 725/740/706 724/739/705 734/749/713 
f 712/727/695 707/722/690 733/748/712 734/749/713 
s off
f 719/734/638 720/735/702 654/669/637 655/670/638 
f 720/735/702 718/733/701 657/672/640 654/669/637 
s 1
f 717/732/700 723/738/704 659/674/642 660/675/643 
s off
f 728/743/709 729/744/678 695/710/678 696/711/679 
f 726/741/707 728/743/709 696/711/679 698/713/681 
s 1
f 732/747/711 727/742/708 702/717/685 703/718/686 
f 734/749/713 733/748/712 714/729/697 715/730/698 
s off
f 661/676/644 656/671/639 657/672/640 660/675/643 
s 1
f 735/750/714 658/673/641 659/674/642 725/740/706 
s off
f 699/714/682 701/716/684 702/717/685 698/713/681 
s 1
f 700/715/683 713/728/696 714/729/697 703/718/686 
f 716/731/699 735/750/714 725/740/706 715/730/698 
s off
f 717/732/700 718/733/701 645/660/628 646/661/629 
s 1
f 724/739/705 723/738/704 667/682/650 668/683/651 
s off
f 726/741/707 727/742/708 688/703/671 689/704/672 
s 1
f 732/747/711 733/748/712 707/722/690 708/723/691 
f 734/749/713 724/739/705 668/683/651 712/727/695 
s off
f 627/643/610 628/644/611 721/736/703 722/737/638 
f 628/644/611 639/654/622 645/660/628 721/736/703 
s 1
f 647/662/630 665/680/648 667/682/650 646/661/629 
s off
f 672/687/655 669/684/652 730/745/678 731/746/710 
f 682/697/665 672/687/655 731/746/710 689/704/672 
s 1
f 705/720/688 687/702/670 688/703/671 708/723/691 
f 711/726/694 706/721/689 707/722/690 712/727/695 
s off
f 737/752/716 614/630/598 613/629/597 736/751/715 
f 524/540/510 737/752/716 736/751/715 523/539/509 
f 522/538/508 652/667/635 653/668/636 525/541/511 
f 618/634/602 589/605/575 614/630/598 737/752/716 
f 526/542/512 618/634/602 737/752/716 524/540/510 
f 525/541/511 653/668/636 656/671/639 527/543/513 
s 1
f 621/637/605 598/614/583 588/604/574 617/633/601 
f 530/546/516 621/637/605 617/633/601 529/545/515 
f 528/544/514 661/676/644 658/673/641 531/547/517 
s off
f 739/754/718 616/632/600 615/631/599 738/753/717 
f 566/582/552 739/754/718 738/753/717 565/581/551 
f 564/580/550 697/712/680 694/709/677 567/583/553 
f 738/753/717 615/631/599 600/616/585 622/638/606 
f 565/581/551 738/753/717 622/638/606 569/585/555 
f 568/584/554 699/714/682 697/712/680 564/580/550 
s 1
f 623/639/607 601/617/586 608/624/592 624/640/608 
f 572/588/558 623/639/607 624/640/608 571/587/557 
f 570/586/556 700/715/683 701/716/684 573/589/559 
f 625/641/609 609/625/593 612/628/596 626/642/569 
f 585/601/571 625/641/609 626/642/569 584/600/570 
f 583/599/569 716/731/699 713/728/696 586/602/572 
s off
f 527/543/513 656/671/639 661/676/644 528/544/514 
f 526/542/512 527/543/513 528/544/514 529/545/515 
f 617/633/601 588/604/574 589/605/575 618/634/602 
s 1
f 531/547/517 658/673/641 735/750/714 740/755/719 
f 530/546/516 531/547/517 740/755/719 620/636/604 
f 619/635/603 597/613/582 598/614/583 621/637/605 
s off
f 573/589/559 701/716/684 699/714/682 568/584/554 
f 572/588/558 573/589/559 568/584/554 569/585/555 
f 622/638/606 600/616/585 601/617/586 623/639/607 
s 1
f 586/602/572 713/728/696 700/715/683 570/586/556 
f 585/601/571 586/602/572 570/586/556 571/587/557 
f 624/640/608 608/624/592 609/625/593 625/641/609 
f 740/755/719 735/750/714 716/731/699 583/599/569 
f 620/636/604 740/755/719 583/599/569 584/600/570 
f 626/642/569 612/628/596 597/613/582 619/635/603 
# 216 polygons

#
# object Rectangle004
#

v  -892.8874 2823.4834 131.8761
v  -892.8874 2824.0679 131.4984
v  -892.3407 2823.9634 129.7981
v  -892.3407 2823.6760 129.9716
v  -892.8874 2824.5210 130.4845
v  -892.3407 2824.1802 129.3698
v  -892.8874 2824.7124 129.3806
v  -892.3407 2824.3257 128.5383
v  -892.8874 2824.8135 128.1629
v  -892.3407 2824.3633 128.0534
v  -892.8816 2824.8135 111.1950
v  -892.2462 2824.3633 111.1940
v  -891.8619 2823.5901 127.7725
v  -891.8755 2823.4099 127.8717
v  -891.8544 2823.6934 127.5864
v  -891.8593 2823.7913 127.0970
v  -891.8640 2823.8123 126.8124
v  -891.6477 2823.8364 111.1833
v  -891.5294 2822.9702 125.6717
v  -891.5324 2819.6377 125.7055
v  -891.8813 2819.8579 127.8941
v  -891.5306 2823.0691 125.5958
v  -891.5409 2823.1455 125.5169
v  -891.5461 2823.1917 125.3686
v  -891.5538 2823.2314 125.1857
v  -892.8877 745.3562 131.7393
v  -892.8876 1434.5444 131.7820
v  -892.3409 1434.5449 130.6268
v  -892.3411 745.3564 130.9861
v  -891.8887 1434.5415 129.3925
v  -891.8894 745.3547 130.1829
v  -891.5516 745.3524 129.3355
v  -891.5497 1434.5369 128.0903
v  -891.3029 1434.5349 127.2385
v  -891.3030 745.3516 128.7759
v  -889.2749 2823.2407 96.2904
v  -889.5138 2823.2363 111.1693
v  -891.6519 2823.8384 96.2904
v  -891.3027 2822.8174 124.4210
v  -889.3550 2822.7981 111.1627
v  -888.9324 2819.5505 111.1626
v  -891.3027 2819.5601 124.4109
v  -892.8873 2823.4834 60.7048
v  -892.3407 2823.6760 62.6092
v  -892.3407 2823.9634 62.7828
v  -892.8873 2824.0679 61.0825
v  -892.3407 2824.1802 63.2111
v  -892.8873 2824.5210 62.0963
v  -892.3407 2824.3257 64.0425
v  -892.8873 2824.7124 63.2002
v  -892.3407 2824.3633 64.5275
v  -892.8873 2824.8135 64.4180
v  -892.2462 2824.3633 81.3871
v  -892.8816 2824.8135 81.3862
v  -891.8755 2823.4099 64.7092
v  -891.8619 2823.5901 64.8083
v  -891.8544 2823.6934 64.9945
v  -891.8593 2823.7913 65.4839
v  -891.8640 2823.8123 65.7684
v  -891.6477 2823.8364 81.3977
v  -891.8813 2819.8579 64.6868
v  -891.5324 2819.6377 66.8754
v  -891.5293 2822.9702 66.9091
v  -891.5306 2823.0691 66.9850
v  -891.5409 2823.1455 67.0640
v  -891.5461 2823.1917 67.2123
v  -891.5538 2823.2314 67.3952
v  -892.3411 745.3564 104.3448
v  -892.3409 1434.5449 89.7666
v  -892.8876 1434.5444 88.6114
v  -892.8877 745.3562 103.5916
v  -891.8894 745.3547 105.1480
v  -891.8887 1434.5415 91.0009
v  -891.3030 745.3514 106.5550
v  -891.3029 1434.5349 93.1548
v  -891.5497 1434.5369 92.3031
v  -891.5516 745.3525 105.9953
v  -889.5138 2823.2363 81.4115
v  -891.3027 2822.8174 68.1599
v  -889.3550 2822.7981 81.4180
v  -891.3027 2819.5601 68.1700
v  -888.9324 2819.5505 81.4180
v  -892.8826 2824.8135 96.2904
v  -892.2498 2824.3633 96.2904
v  -889.1108 2822.7788 96.2904
v  -888.4534 2819.5410 96.2904
v  -888.0271 745.3516 117.6654
v  -888.0270 1434.5349 110.1967
v  -888.9326 1434.5349 101.1756
v  -888.9327 745.3514 111.7836
v  -891.5385 2816.3052 125.7393
v  -891.5460 2812.9058 125.7730
v  -891.8873 2812.9150 127.9285
v  -891.8849 2816.3101 127.9121
v  -892.8874 2816.3110 131.8761
v  -892.8874 2819.8972 131.8761
v  -892.3407 2819.9946 129.9716
v  -892.3407 2816.3130 129.9716
v  -891.3027 2816.3032 124.4008
v  -888.9324 2816.3032 111.1625
v  -888.9324 2812.9019 111.1625
v  -891.3027 2812.9019 124.3908
v  -891.8849 2816.3101 64.6688
v  -891.8873 2812.9150 64.6523
v  -891.5460 2812.9058 66.8079
v  -891.5385 2816.3052 66.8416
v  -892.3407 2816.3130 62.6092
v  -892.3407 2819.9946 62.6092
v  -892.8873 2819.8972 60.7048
v  -892.8873 2816.3110 60.7048
v  -891.3027 2816.3032 68.1800
v  -891.3027 2812.9019 68.1901
v  -888.9324 2812.9019 81.4182
v  -888.9324 2816.3032 81.4181
v  -888.0267 2816.3027 96.2904
v  -888.0267 2812.9019 96.2904
v  -892.8874 2812.9209 131.8761
v  -892.3407 2812.9219 129.9716
v  -892.3407 2812.9219 62.6092
v  -892.8873 2812.9209 60.7048
v  -891.5479 2123.7212 126.5474
v  -891.8880 2123.7283 128.2177
v  -888.9325 2123.7185 115.1968
v  -888.9326 1434.5349 119.2176
v  -891.3028 2123.7185 125.4657
v  -891.8880 2123.7283 79.0819
v  -891.5479 2123.7214 80.7522
v  -891.3028 2123.7183 81.8339
v  -888.9325 2123.7183 92.1026
v  -888.0269 2123.7185 103.6498
v  -892.8878 42.0632 131.9500
v  -892.3412 41.8706 131.5658
v  -892.3412 41.5834 131.5308
v  -892.8878 41.4786 131.8738
v  -892.3412 41.3666 131.4444
v  -892.8878 41.0256 131.6693
v  -892.3412 41.2211 131.2767
v  -892.8878 40.8342 131.4466
v  -892.3412 41.1835 131.1788
v  -892.8878 40.7332 131.2009
v  -892.2466 41.1835 127.7776
v  -892.8820 40.7332 127.7778
v  -891.8760 42.1367 131.1422
v  -891.8624 41.9567 131.1222
v  -891.8549 41.8534 131.0847
v  -891.8598 41.7555 130.9859
v  -891.8645 41.7346 130.9285
v  -891.4556 41.4988 127.7754
v  -891.8818 45.6890 131.1467
v  -891.5328 45.9091 130.7052
v  -891.4541 42.5766 130.6984
v  -891.4514 42.4775 130.6831
v  -891.4570 42.4010 130.6671
v  -891.4634 42.3550 130.6372
v  -891.4727 42.3151 130.6003
v  -892.8878 56.1680 131.9500
v  -892.3412 56.1680 131.5658
v  -892.3412 52.6249 131.5658
v  -892.8878 52.6258 131.9500
v  -891.8901 56.1680 131.1570
v  -891.8878 52.6316 131.1537
v  -891.3032 56.1680 130.4379
v  -891.3032 52.6447 130.4399
v  -891.5464 52.6407 130.7188
v  -891.5535 56.1680 130.7256
v  -889.4927 42.3058 124.7709
v  -891.4598 41.4966 124.7709
v  -889.7316 42.3104 127.7726
v  -891.2692 43.1107 130.4460
v  -889.3215 43.1299 127.7713
v  -891.3032 45.9865 130.4440
v  -888.9329 45.9961 127.7713
v  -892.8878 42.0632 117.5918
v  -892.8878 41.4786 117.6680
v  -892.3412 41.5834 118.0110
v  -892.3412 41.8706 117.9760
v  -892.8878 41.0256 117.8725
v  -892.3412 41.3666 118.0974
v  -892.8878 40.8342 118.0952
v  -892.3412 41.2211 118.2651
v  -892.8878 40.7332 118.3409
v  -892.3412 41.1835 118.3630
v  -892.8820 40.7332 121.7641
v  -892.2466 41.1835 121.7643
v  -891.8624 41.9567 118.4196
v  -891.8760 42.1367 118.3996
v  -891.8549 41.8534 118.4572
v  -891.8598 41.7555 118.5559
v  -891.8645 41.7346 118.6133
v  -891.4556 41.4988 121.7664
v  -891.4541 42.5766 118.8434
v  -891.5328 45.9091 118.8366
v  -891.8818 45.6890 118.3951
v  -891.4514 42.4775 118.8588
v  -891.4570 42.4010 118.8747
v  -891.4634 42.3550 118.9046
v  -891.4726 42.3151 118.9415
v  -892.8878 56.1680 117.5918
v  -892.8878 52.6258 117.5918
v  -892.3412 52.6249 117.9760
v  -892.3412 56.1680 117.9760
v  -891.8878 52.6316 118.3882
v  -891.8901 56.1680 118.3848
v  -891.3032 56.1680 119.1039
v  -891.5535 56.1680 118.8162
v  -891.5464 52.6407 118.8230
v  -891.3032 52.6447 119.1019
v  -889.7316 42.3104 121.7692
v  -891.2692 43.1107 119.0958
v  -889.3215 43.1299 121.7705
v  -888.9329 45.9961 121.7705
v  -891.3032 45.9865 119.0978
v  -892.2503 41.1835 124.7709
v  -892.8831 40.7332 124.7709
v  -889.0773 43.1490 124.7709
v  -888.4539 46.0057 124.7709
v  -888.9329 56.1680 121.7706
v  -888.9329 52.6447 121.7705
v  -888.0272 52.6448 124.7709
v  -888.0272 56.1680 124.7709
v  -891.5389 49.2416 130.7120
v  -891.8854 49.2367 131.1503
v  -892.8878 49.2357 131.9500
v  -892.3412 49.2335 131.5658
v  -892.3412 45.5521 131.5658
v  -892.8878 45.6494 131.9500
v  -891.3032 49.2434 130.4420
v  -888.9329 49.2437 127.7712
v  -888.9329 52.6447 127.7712
v  -891.8854 49.2367 118.3915
v  -891.5389 49.2416 118.8298
v  -892.3412 49.2335 117.9760
v  -892.8878 49.2357 117.5918
v  -892.8878 45.6494 117.5918
v  -892.3412 45.5521 117.9760
v  -891.3032 49.2434 119.0998
v  -888.9329 49.2437 121.7705
v  -888.0272 49.2438 124.7709
v  -888.9329 56.1680 127.7712
v  -892.8875 2123.7327 131.2795
v  -892.3408 2123.7334 129.8008
v  -892.3408 2123.7334 77.4988
v  -892.8875 2123.7327 76.0201
v  -888.9327 745.3516 123.5472
# 244 vertices

vn 0.9720 0.0541 0.2285
vn 0.9490 0.2147 0.2308
vn 0.9482 0.2522 0.1931
vn 0.9763 0.0679 0.2053
vn 0.8523 0.4895 0.1845
vn 0.8797 0.4566 0.1332
vn 0.7589 0.6438 0.0982
vn 0.8162 0.5736 0.0693
vn 0.7209 0.6923 0.0313
vn 0.7917 0.6102 0.0299
vn 0.6632 0.7484 0.0001
vn 0.7028 0.7114 0.0015
vn 0.9850 0.1029 0.1387
vn 0.9883 0.0120 0.1520
vn 0.9580 0.2719 0.0913
vn 0.9133 0.4053 0.0399
vn 0.8883 0.4590 0.0135
vn 0.5524 0.8336 0.0037
vn 0.9911 0.0480 0.1241
vn 0.9911 0.0003 0.1334
vn 0.9886 -0.0002 0.1503
vn 0.9918 -0.0415 -0.1208
vn 0.9827 0.1818 0.0361
vn 0.9923 0.1237 -0.0034
vn 0.9687 0.2341 0.0824
vn 0.8649 0.0001 0.5019
vn 0.9353 0.0001 0.3539
vn 0.9482 0.0003 0.3177
vn 0.8897 0.0003 0.4566
vn 0.9701 0.0003 0.2426
vn 0.9339 0.0005 0.3574
vn 0.9477 0.0006 0.3192
vn 0.9767 0.0004 0.2147
vn 0.9737 0.0005 0.2278
vn 0.9412 0.0008 0.3377
vn 0.7187 0.6953 0.0000
vn 0.7329 0.6787 0.0476
vn 0.5383 0.8427 0.0000
vn 0.9845 0.1255 0.1225
vn 0.9797 0.1903 0.0631
vn 0.9952 0.0515 0.0835
vn 0.9900 -0.0004 0.1410
vn 0.9720 0.0541 -0.2285
vn 0.9763 0.0679 -0.2053
vn 0.9482 0.2522 -0.1931
vn 0.9490 0.2147 -0.2308
vn 0.8797 0.4566 -0.1332
vn 0.8523 0.4895 -0.1845
vn 0.8162 0.5736 -0.0693
vn 0.7589 0.6438 -0.0982
vn 0.7917 0.6102 -0.0299
vn 0.7209 0.6923 -0.0313
vn 0.7028 0.7114 -0.0015
vn 0.6632 0.7484 -0.0001
vn 0.9883 0.0120 -0.1520
vn 0.9850 0.1029 -0.1387
vn 0.9580 0.2719 -0.0913
vn 0.9133 0.4053 -0.0399
vn 0.8883 0.4590 -0.0135
vn 0.5524 0.8336 -0.0037
vn 0.9886 -0.0002 -0.1503
vn 0.9911 0.0003 -0.1334
vn 0.9911 0.0480 -0.1240
vn 0.9918 -0.0415 0.1208
vn 0.9827 0.1818 -0.0361
vn 0.9923 0.1237 0.0034
vn 0.9687 0.2341 -0.0824
vn 0.8896 -0.0093 -0.4566
vn 0.9482 -0.0062 -0.3178
vn 0.9353 -0.0071 -0.3538
vn 0.8649 -0.0106 -0.5019
vn 0.9339 -0.0071 -0.3574
vn 0.9701 -0.0046 -0.2427
vn 0.9412 -0.0064 -0.3377
vn 0.9737 -0.0041 -0.2278
vn 0.9767 -0.0039 -0.2147
vn 0.9477 -0.0061 -0.3192
vn 0.7329 0.6787 -0.0476
vn 0.9845 0.1255 -0.1225
vn 0.9797 0.1903 -0.0631
vn 0.9900 -0.0004 -0.1410
vn 0.9952 0.0515 -0.0835
vn 0.6648 0.7471 0.0000
vn 0.7030 0.7112 0.0000
vn 0.9762 0.2170 0.0000
vn 0.9912 0.1325 0.0000
vn 1.0000 0.0000 0.0000
vn 1.0000 -0.0000 -0.0000
vn 0.9878 -0.0022 -0.1555
vn 0.9725 -0.0035 -0.2329
vn 0.9911 -0.0003 0.1330
vn 0.9912 -0.0001 0.1325
vn 0.9886 0.0001 0.1502
vn 0.9886 0.0001 0.1504
vn 0.9747 -0.0000 0.2237
vn 0.9800 -0.0000 0.1989
vn 0.9800 -0.0000 0.1990
vn 0.9901 -0.0004 0.1406
vn 0.9955 -0.0000 0.0953
vn 0.9955 0.0003 0.0952
vn 0.9901 -0.0001 0.1406
vn 0.9886 0.0001 -0.1504
vn 0.9886 -0.0015 -0.1504
vn 0.9912 -0.0016 -0.1324
vn 0.9911 -0.0003 -0.1330
vn 0.9800 -0.0000 -0.1990
vn 0.9800 -0.0000 -0.1989
vn 0.9747 -0.0000 -0.2237
vn 0.9901 -0.0004 -0.1406
vn 0.9901 -0.0016 -0.1406
vn 0.9954 -0.0007 -0.0956
vn 0.9955 -0.0000 -0.0953
vn 0.9986 0.0524 0.0000
vn 1.0000 -0.0000 -0.0002
vn 0.9747 -0.0001 0.2237
vn 0.9799 -0.0000 0.1993
vn 0.9799 -0.0022 -0.1994
vn 0.9747 -0.0025 -0.2237
vn 0.9855 0.0003 0.1695
vn 0.9814 0.0002 0.1919
vn 0.9925 0.0007 0.1223
vn 0.9878 0.0009 0.1554
vn 0.9837 0.0004 0.1799
vn 0.9814 -0.0037 -0.1919
vn 0.9855 -0.0031 -0.1695
vn 0.9837 -0.0033 -0.1799
vn 0.9925 -0.0018 -0.1222
vn 0.6502 -0.0383 0.7588
vn 0.7061 -0.0531 0.7061
vn 0.7128 -0.1810 0.6776
vn 0.6343 -0.2121 0.7434
vn 0.7378 -0.3826 0.5561
vn 0.6640 -0.4648 0.5857
vn 0.7675 -0.5478 0.3329
vn 0.6922 -0.6185 0.3718
vn 0.7754 -0.6174 0.1326
vn 0.7148 -0.6875 0.1282
vn 0.5589 -0.8292 0.0059
vn 0.6633 -0.7483 0.0004
vn 0.7778 -0.0110 0.6284
vn 0.8052 -0.0882 0.5865
vn 0.8555 -0.2612 0.4470
vn 0.8755 -0.4266 0.2271
vn 0.8692 -0.4794 0.1209
vn 0.4769 -0.8771 0.0573
vn 0.8011 0.0002 0.5985
vn 0.8308 0.0069 0.5566
vn 0.8494 -0.0240 0.5272
vn 0.9802 0.0309 -0.1955
vn 0.9739 -0.1326 0.1842
vn 0.9891 -0.1463 0.0167
vn 0.9184 -0.2423 0.3127
vn 0.6602 0.0001 0.7510
vn 0.7065 0.0003 0.7077
vn 0.7070 -0.0000 0.7072
vn 0.6602 -0.0000 0.7510
vn 0.8019 0.0004 0.5975
vn 0.8015 -0.0001 0.5979
vn 0.8180 0.0009 0.5752
vn 0.8178 0.0003 0.5755
vn 0.8339 0.0003 0.5520
vn 0.8349 0.0007 0.5504
vn 0.7477 -0.6641 0.0000
vn 0.4507 -0.8927 0.0000
vn 0.7559 -0.6224 0.2031
vn 0.8655 -0.0233 0.5004
vn 0.9328 -0.2287 0.2786
vn 0.8166 0.0039 0.5772
vn 0.9316 -0.0501 0.3600
vn 0.6502 -0.0383 -0.7588
vn 0.6343 -0.2121 -0.7434
vn 0.7128 -0.1810 -0.6776
vn 0.7061 -0.0531 -0.7061
vn 0.6640 -0.4648 -0.5857
vn 0.7378 -0.3826 -0.5561
vn 0.6922 -0.6185 -0.3718
vn 0.7675 -0.5478 -0.3329
vn 0.7148 -0.6875 -0.1282
vn 0.7754 -0.6174 -0.1326
vn 0.6633 -0.7483 -0.0004
vn 0.5589 -0.8292 -0.0059
vn 0.8052 -0.0882 -0.5865
vn 0.7778 -0.0110 -0.6284
vn 0.8555 -0.2612 -0.4470
vn 0.8755 -0.4266 -0.2271
vn 0.8692 -0.4794 -0.1209
vn 0.4769 -0.8771 -0.0573
vn 0.8494 -0.0240 -0.5272
vn 0.8308 0.0069 -0.5566
vn 0.8011 0.0002 -0.5985
vn 0.9802 0.0309 0.1955
vn 0.9739 -0.1326 -0.1842
vn 0.9891 -0.1463 -0.0167
vn 0.9184 -0.2423 -0.3127
vn 0.6602 -0.0077 -0.7510
vn 0.6602 -0.0000 -0.7511
vn 0.7070 -0.0000 -0.7072
vn 0.7067 -0.0070 -0.7075
vn 0.8015 -0.0001 -0.5979
vn 0.8021 -0.0058 -0.5971
vn 0.8180 -0.0051 -0.5752
vn 0.8348 -0.0050 -0.5505
vn 0.8339 0.0003 -0.5520
vn 0.8178 0.0003 -0.5755
vn 0.7559 -0.6224 -0.2031
vn 0.8655 -0.0233 -0.5004
vn 0.9328 -0.2287 -0.2786
vn 0.9316 -0.0501 -0.3600
vn 0.8166 0.0039 -0.5772
vn 0.5594 -0.8289 0.0000
vn 0.6649 -0.7470 0.0000
vn 0.9631 -0.2691 0.0000
vn 0.9904 -0.1380 0.0000
vn 0.9104 -0.0030 -0.4137
vn 0.9102 0.0000 -0.4143
vn 1.0000 -0.0000 0.0000
vn 1.0000 0.0000 0.0008
vn 0.8329 0.0002 0.5535
vn 0.8010 -0.0000 0.5986
vn 0.7075 -0.0000 0.7067
vn 0.7077 -0.0000 0.7066
vn 0.8177 0.0004 0.5756
vn 0.9102 0.0000 0.4141
vn 0.9102 0.0000 0.4143
vn 0.8010 -0.0000 -0.5986
vn 0.8329 0.0002 -0.5535
vn 0.7075 -0.0000 -0.7067
vn 0.7077 -0.0000 -0.7066
vn 0.8177 0.0004 -0.5756
vn 0.9102 0.0000 -0.4141
vn 0.9986 -0.0520 0.0000
vn 0.9099 0.0013 0.4147
vn 0.9590 -0.0000 0.2834
vn 0.9674 0.0001 0.2533
vn 0.9674 -0.0050 -0.2533
vn 0.9590 -0.0057 -0.2834
vn 0.9725 0.0014 0.2329
# 237 vertex normals

vt 0.0876 0.9973 0.5130
vt 0.0879 0.9976 0.5130
vt 0.0893 0.9975 0.5403
vt 0.0892 0.9974 0.5403
vt 0.0888 0.9977 0.5130
vt 0.0897 0.9976 0.5403
vt 0.0897 0.9978 0.5130
vt 0.0904 0.9976 0.5403
vt 0.0907 0.9978 0.5130
vt 0.0908 0.9977 0.5403
vt 0.1048 0.9978 0.5133
vt 0.1048 0.9977 0.5450
vt 0.0910 0.9974 0.5642
vt 0.0910 0.9973 0.5636
vt 0.0912 0.9974 0.5646
vt 0.0916 0.9975 0.5644
vt 0.0918 0.9975 0.5641
vt 0.1049 0.9975 0.5749
vt 0.0928 0.9972 0.5809
vt 0.0928 0.9960 0.5807
vt 0.0909 0.9961 0.5633
vt 0.0928 0.9972 0.5808
vt 0.0929 0.9972 0.5803
vt 0.0930 0.9972 0.5800
vt 0.0932 0.9973 0.5796
vt 0.0877 0.2552 0.5129
vt 0.0877 0.5013 0.5130
vt 0.0887 0.5013 0.5403
vt 0.0884 0.2552 0.5403
vt 0.0897 0.5013 0.5629
vt 0.0890 0.2552 0.5629
vt 0.0897 0.2552 0.5797
vt 0.0908 0.5013 0.5798
vt 0.0915 0.5013 0.5922
vt 0.0902 0.2552 0.5922
vt 0.1173 0.9973 0.6936
vt 0.1049 0.9973 0.6816
vt 0.1173 0.9975 0.5747
vt 0.0938 0.9971 0.5922
vt 0.1049 0.9971 0.6896
vt 0.1049 0.9959 0.7107
vt 0.0938 0.9959 0.5922
vt 0.1469 0.9973 0.5130
vt 0.1453 0.9974 0.5403
vt 0.1452 0.9975 0.5403
vt 0.1466 0.9976 0.5130
vt 0.1448 0.9976 0.5403
vt 0.1458 0.9977 0.5130
vt 0.1441 0.9976 0.5403
vt 0.1448 0.9978 0.5130
vt 0.1437 0.9977 0.5403
vt 0.1438 0.9978 0.5130
vt 0.1297 0.9977 0.5450
vt 0.1297 0.9978 0.5133
vt 0.1436 0.9973 0.5636
vt 0.1435 0.9974 0.5642
vt 0.1433 0.9974 0.5646
vt 0.1429 0.9975 0.5644
vt 0.1427 0.9975 0.5641
vt 0.1297 0.9975 0.5749
vt 0.1436 0.9961 0.5633
vt 0.1418 0.9960 0.5807
vt 0.1418 0.9972 0.5809
vt 0.1417 0.9972 0.5808
vt 0.1416 0.9972 0.5803
vt 0.1415 0.9972 0.5800
vt 0.1413 0.9973 0.5796
vt 0.1106 0.2552 0.5403
vt 0.1227 0.5013 0.5403
vt 0.1237 0.5013 0.5130
vt 0.1112 0.2552 0.5129
vt 0.1099 0.2552 0.5629
vt 0.1217 0.5013 0.5629
vt 0.1087 0.2552 0.5922
vt 0.1199 0.5013 0.5922
vt 0.1206 0.5013 0.5798
vt 0.1092 0.2552 0.5797
vt 0.1297 0.9973 0.6816
vt 0.1407 0.9971 0.5922
vt 0.1297 0.9971 0.6896
vt 0.1407 0.9959 0.5922
vt 0.1297 0.9959 0.7107
vt 0.1173 0.9978 0.5132
vt 0.1173 0.9977 0.5448
vt 0.1173 0.9971 0.7018
vt 0.1173 0.9959 0.7347
vt 0.0995 0.2552 0.7560
vt 0.1057 0.5013 0.7560
vt 0.1132 0.5013 0.7107
vt 0.1044 0.2552 0.7107
vt 0.0927 0.9948 0.5804
vt 0.0927 0.9936 0.5800
vt 0.0909 0.9936 0.5630
vt 0.0909 0.9948 0.5631
vt 0.0876 0.9948 0.5130
vt 0.0876 0.9961 0.5130
vt 0.0892 0.9961 0.5403
vt 0.0892 0.9948 0.5403
vt 0.0938 0.9948 0.5922
vt 0.1049 0.9948 0.7107
vt 0.1049 0.9936 0.7107
vt 0.0939 0.9936 0.5922
vt 0.1436 0.9948 0.5631
vt 0.1436 0.9936 0.5630
vt 0.1418 0.9936 0.5800
vt 0.1418 0.9948 0.5804
vt 0.1453 0.9948 0.5403
vt 0.1453 0.9961 0.5403
vt 0.1469 0.9961 0.5130
vt 0.1469 0.9948 0.5130
vt 0.1407 0.9948 0.5922
vt 0.1407 0.9936 0.5922
vt 0.1297 0.9936 0.7107
vt 0.1297 0.9948 0.7107
vt 0.1173 0.9948 0.7560
vt 0.1173 0.9936 0.7560
vt 0.0876 0.9936 0.5130
vt 0.0892 0.9936 0.5403
vt 0.1453 0.9936 0.5403
vt 0.1469 0.9936 0.5130
vt 0.0921 0.7474 0.5799
vt 0.0907 0.7474 0.5629
vt 0.1015 0.7474 0.7107
vt 0.0982 0.5013 0.7107
vt 0.0930 0.7474 0.5922
vt 0.1316 0.7474 0.5629
vt 0.1302 0.7474 0.5799
vt 0.1293 0.7474 0.5922
vt 0.1208 0.7474 0.7107
vt 0.1111 0.7474 0.7560
vt 0.0876 0.0040 0.5129
vt 0.0879 0.0039 0.5403
vt 0.0879 0.0038 0.5403
vt 0.0876 0.0038 0.5129
vt 0.0880 0.0037 0.5403
vt 0.0878 0.0036 0.5129
vt 0.0881 0.0037 0.5403
vt 0.0880 0.0035 0.5129
vt 0.0882 0.0037 0.5403
vt 0.0882 0.0035 0.5129
vt 0.0910 0.0037 0.5450
vt 0.0910 0.0035 0.5132
vt 0.0882 0.0040 0.5635
vt 0.0882 0.0039 0.5642
vt 0.0883 0.0039 0.5646
vt 0.0884 0.0039 0.5643
vt 0.0884 0.0039 0.5641
vt 0.0910 0.0038 0.5846
vt 0.0882 0.0053 0.5632
vt 0.0886 0.0054 0.5807
vt 0.0886 0.0042 0.5846
vt 0.0886 0.0041 0.5848
vt 0.0886 0.0041 0.5845
vt 0.0886 0.0041 0.5842
vt 0.0887 0.0041 0.5837
vt 0.0876 0.0090 0.5129
vt 0.0879 0.0090 0.5403
vt 0.0879 0.0078 0.5403
vt 0.0876 0.0078 0.5129
vt 0.0882 0.0090 0.5628
vt 0.0882 0.0078 0.5629
vt 0.0888 0.0090 0.5922
vt 0.0888 0.0078 0.5922
vt 0.0886 0.0078 0.5800
vt 0.0886 0.0090 0.5797
vt 0.0935 0.0041 0.6827
vt 0.0935 0.0038 0.5843
vt 0.0910 0.0041 0.6708
vt 0.0888 0.0044 0.5939
vt 0.0910 0.0044 0.6913
vt 0.0888 0.0054 0.5922
vt 0.0910 0.0054 0.7107
vt 0.0995 0.0040 0.5129
vt 0.0995 0.0038 0.5129
vt 0.0992 0.0038 0.5403
vt 0.0992 0.0039 0.5403
vt 0.0993 0.0036 0.5129
vt 0.0991 0.0037 0.5403
vt 0.0991 0.0035 0.5129
vt 0.0990 0.0037 0.5403
vt 0.0989 0.0035 0.5129
vt 0.0989 0.0037 0.5403
vt 0.0960 0.0035 0.5132
vt 0.0960 0.0037 0.5450
vt 0.0988 0.0039 0.5642
vt 0.0988 0.0040 0.5635
vt 0.0988 0.0039 0.5646
vt 0.0987 0.0039 0.5643
vt 0.0987 0.0039 0.5641
vt 0.0960 0.0038 0.5846
vt 0.0985 0.0042 0.5846
vt 0.0985 0.0054 0.5807
vt 0.0988 0.0053 0.5632
vt 0.0985 0.0041 0.5848
vt 0.0984 0.0041 0.5845
vt 0.0984 0.0041 0.5842
vt 0.0984 0.0041 0.5837
vt 0.0995 0.0090 0.5129
vt 0.0995 0.0078 0.5129
vt 0.0992 0.0078 0.5403
vt 0.0992 0.0090 0.5403
vt 0.0989 0.0078 0.5629
vt 0.0989 0.0090 0.5628
vt 0.0983 0.0090 0.5922
vt 0.0985 0.0090 0.5797
vt 0.0985 0.0078 0.5800
vt 0.0983 0.0078 0.5922
vt 0.0960 0.0041 0.6708
vt 0.0983 0.0044 0.5939
vt 0.0960 0.0044 0.6913
vt 0.0960 0.0054 0.7107
vt 0.0983 0.0054 0.5922
vt 0.0935 0.0037 0.5448
vt 0.0935 0.0035 0.5132
vt 0.0935 0.0044 0.7035
vt 0.0935 0.0054 0.7346
vt 0.0960 0.0090 0.7107
vt 0.0960 0.0078 0.7107
vt 0.0935 0.0078 0.7560
vt 0.0935 0.0090 0.7560
vt 0.0886 0.0065 0.5804
vt 0.0882 0.0065 0.5631
vt 0.0876 0.0065 0.5129
vt 0.0879 0.0065 0.5403
vt 0.0879 0.0052 0.5403
vt 0.0876 0.0053 0.5129
vt 0.0888 0.0065 0.5922
vt 0.0910 0.0065 0.7107
vt 0.0910 0.0078 0.7107
vt 0.0989 0.0065 0.5631
vt 0.0985 0.0065 0.5804
vt 0.0992 0.0065 0.5403
vt 0.0995 0.0065 0.5129
vt 0.0995 0.0053 0.5129
vt 0.0992 0.0052 0.5403
vt 0.0983 0.0065 0.5922
vt 0.0960 0.0065 0.7107
vt 0.0935 0.0065 0.7560
vt 0.0910 0.0090 0.7107
vt 0.0881 0.7474 0.5130
vt 0.0893 0.7474 0.5403
vt 0.1329 0.7474 0.5403
vt 0.1342 0.7474 0.5130
vt 0.0946 0.2552 0.7107
# 244 texture coords

o Rectangle004
g Rectangle004
usemtl wire_115115115
s off
f 744/759/723 743/758/722 742/757/721 741/756/720 
f 743/758/722 746/761/725 745/760/724 742/757/721 
f 746/761/725 748/763/727 747/762/726 745/760/724 
f 748/763/727 750/765/729 749/764/728 747/762/726 
f 750/765/729 752/767/731 751/766/730 749/764/728 
f 754/769/733 753/768/732 743/758/722 744/759/723 
f 753/768/732 755/770/734 746/761/725 743/758/722 
f 755/770/734 756/771/735 748/763/727 746/761/725 
f 756/771/735 757/772/736 750/765/729 748/763/727 
f 757/772/736 758/773/737 752/767/731 750/765/729 
f 761/776/740 760/775/739 759/774/738 754/769/733 
f 754/769/733 759/774/738 762/777/741 753/768/732 
f 753/768/732 762/777/741 763/778/742 755/770/734 
f 755/770/734 763/778/742 764/779/743 756/771/735 
f 756/771/735 764/779/743 765/780/744 757/772/736 
f 769/784/748 768/783/747 767/782/746 766/781/745 
f 771/786/750 770/785/749 768/783/747 769/784/748 
s 1
f 775/790/754 774/789/753 773/788/752 772/787/751 
s off
f 778/793/757 758/773/737 777/792/756 776/791/755 
s 1
f 779/794/758 765/780/744 764/779/743 763/778/742 762/777/741 759/774/738 
f 779/794/758 780/795/759 777/792/756 765/780/744 
f 782/797/761 781/796/760 780/795/759 779/794/758 
s off
f 786/801/765 785/800/764 784/799/763 783/798/762 
f 788/803/767 787/802/766 785/800/764 786/801/765 
f 790/805/769 789/804/768 787/802/766 788/803/767 
f 792/807/771 791/806/770 789/804/768 790/805/769 
f 794/809/773 793/808/772 791/806/770 792/807/771 
f 785/800/764 796/811/775 795/810/774 784/799/763 
f 787/802/766 797/812/776 796/811/775 785/800/764 
f 789/804/768 798/813/777 797/812/776 787/802/766 
f 791/806/770 799/814/778 798/813/777 789/804/768 
f 793/808/772 800/815/779 799/814/778 791/806/770 
f 803/818/782 802/817/781 801/816/780 795/810/774 
f 804/819/783 803/818/782 795/810/774 796/811/775 
f 805/820/784 804/819/783 796/811/775 797/812/776 
f 806/821/785 805/820/784 797/812/776 798/813/777 
f 807/822/786 806/821/785 798/813/777 799/814/778 
f 811/826/790 810/825/789 809/824/788 808/823/787 
f 808/823/787 809/824/788 813/828/792 812/827/791 
s 1
f 817/832/796 816/831/795 815/830/794 814/829/793 
s off
f 818/833/797 800/815/779 778/793/757 776/791/755 
s 1
f 804/819/783 805/820/784 806/821/785 807/822/786 819/834/798 803/818/782 
f 818/833/797 820/835/799 819/834/798 807/822/786 
f 820/835/799 822/837/801 821/836/800 819/834/798 
s off
f 752/767/731 824/839/803 823/838/802 751/766/730 
f 758/773/737 778/793/757 824/839/803 752/767/731 
f 758/773/737 757/772/736 765/780/744 777/792/756 
s 1
f 780/795/759 825/840/804 776/791/755 777/792/756 
f 781/796/760 826/841/805 825/840/804 780/795/759 
s off
f 794/809/773 823/838/802 824/839/803 793/808/772 
f 793/808/772 824/839/803 778/793/757 800/815/779 
f 818/833/797 807/822/786 799/814/778 800/815/779 
s 1
f 818/833/797 776/791/755 825/840/804 820/835/799 
f 830/845/809 829/844/808 828/843/807 827/842/806 
s off
f 834/849/813 833/848/812 832/847/811 831/846/810 
f 838/853/816 837/852/815 836/851/814 835/850/814 
f 834/849/813 761/776/740 837/852/815 838/853/816 
s 1
f 839/854/817 782/797/761 760/775/739 831/846/810 
f 839/854/817 842/857/820 841/856/819 840/855/818 
s off
f 846/861/824 845/860/823 844/859/822 843/858/821 
f 850/865/827 849/864/827 848/863/826 847/862/825 
f 847/862/825 848/863/826 801/816/780 843/858/821 
s 1
f 846/861/824 802/817/781 821/836/800 851/866/828 
f 854/869/831 853/868/830 852/867/829 851/866/828 
f 840/855/818 841/856/819 856/871/833 855/870/832 
f 854/869/831 822/837/801 826/841/805 855/870/832 
s off
f 858/873/835 838/853/816 835/850/814 857/872/834 
f 833/848/812 834/849/813 838/853/816 858/873/835 
s 1
f 842/857/820 839/854/817 831/846/810 832/847/811 
s off
f 860/875/837 850/865/827 847/862/825 859/874/836 
f 859/874/836 847/862/825 843/858/821 844/859/822 
s 1
f 845/860/823 846/861/824 851/866/828 852/867/829 
f 853/868/830 854/869/831 855/870/832 856/871/833 
s off
f 862/877/839 770/785/749 773/788/752 861/876/838 
s 1
f 865/880/842 774/789/753 864/879/841 863/878/840 
s off
f 867/882/844 816/831/795 813/828/792 866/881/843 
s 1
f 869/884/846 829/844/808 815/830/794 868/883/845 
f 863/878/840 864/879/841 828/843/807 870/885/806 
s off
f 761/776/740 834/849/813 831/846/810 760/775/739 
s 1
f 782/797/761 839/854/817 840/855/818 781/796/760 
s off
f 802/817/781 846/861/824 843/858/821 801/816/780 
s 1
f 822/837/801 854/869/831 851/866/828 821/836/800 
f 781/796/760 840/855/818 855/870/832 826/841/805 
s off
f 837/852/815 744/759/723 741/756/720 836/851/814 
f 761/776/740 754/769/733 744/759/723 837/852/815 
s 1
f 782/797/761 779/794/758 759/774/738 760/775/739 
s off
f 849/864/827 783/798/762 784/799/763 848/863/826 
f 848/863/826 784/799/763 795/810/774 801/816/780 
s 1
f 802/817/781 803/818/782 819/834/798 821/836/800 
f 822/837/801 820/835/799 825/840/804 826/841/805 
s off
f 874/889/850 873/888/849 872/887/848 871/886/847 
f 876/891/852 875/890/851 873/888/849 874/889/850 
f 878/893/854 877/892/853 875/890/851 876/891/852 
f 880/895/856 879/894/855 877/892/853 878/893/854 
f 882/897/858 881/896/857 879/894/855 880/895/856 
f 873/888/849 884/899/860 883/898/859 872/887/848 
f 875/890/851 885/900/861 884/899/860 873/888/849 
f 877/892/853 886/901/862 885/900/861 875/890/851 
f 879/894/855 887/902/863 886/901/862 877/892/853 
f 881/896/857 888/903/864 887/902/863 879/894/855 
f 891/906/867 890/905/866 889/904/865 883/898/859 
f 892/907/868 891/906/867 883/898/859 884/899/860 
f 893/908/869 892/907/868 884/899/860 885/900/861 
f 894/909/870 893/908/869 885/900/861 886/901/862 
f 895/910/871 894/909/870 886/901/862 887/902/863 
f 899/914/875 898/913/874 897/912/873 896/911/872 
f 898/913/874 901/916/877 900/915/876 897/912/873 
s 1
f 905/920/881 904/919/880 903/918/879 902/917/878 
s off
f 908/923/884 888/903/864 907/922/883 906/921/882 
s 1
f 892/907/868 893/908/869 894/909/870 895/910/871 909/924/885 891/906/867 
f 908/923/884 910/925/886 909/924/885 895/910/871 
f 910/925/886 912/927/888 911/926/887 909/924/885 
s off
f 916/931/892 915/930/891 914/929/890 913/928/889 
f 915/930/891 918/933/894 917/932/893 914/929/890 
f 918/933/894 920/935/896 919/934/895 917/932/893 
f 920/935/896 922/937/898 921/936/897 919/934/895 
f 922/937/898 924/939/900 923/938/899 921/936/897 
f 926/941/902 925/940/901 915/930/891 916/931/892 
f 925/940/901 927/942/903 918/933/894 915/930/891 
f 927/942/903 928/943/904 920/935/896 918/933/894 
f 928/943/904 929/944/905 922/937/898 920/935/896 
f 929/944/905 930/945/906 924/939/900 922/937/898 
f 933/948/909 932/947/908 931/946/907 926/941/902 
f 926/941/902 931/946/907 934/949/910 925/940/901 
f 925/940/901 934/949/910 935/950/911 927/942/903 
f 927/942/903 935/950/911 936/951/912 928/943/904 
f 928/943/904 936/951/912 937/952/913 929/944/905 
f 941/956/917 940/955/916 939/954/915 938/953/914 
f 943/958/919 942/957/918 940/955/916 941/956/917 
s 1
f 947/962/923 946/961/922 945/960/921 944/959/920 
s off
f 907/922/883 930/945/906 948/963/924 906/921/882 
s 1
f 949/964/925 937/952/913 936/951/912 935/950/911 934/949/910 931/946/907 
f 949/964/925 950/965/926 948/963/924 937/952/913 
f 952/967/928 951/966/927 950/965/926 949/964/925 
s off
f 954/969/930 953/968/929 881/896/857 882/897/858 
f 953/968/929 907/922/883 888/903/864 881/896/857 
f 895/910/871 887/902/863 888/903/864 908/923/884 
s 1
f 906/921/882 955/970/931 910/925/886 908/923/884 
f 955/970/931 956/971/932 912/927/888 910/925/886 
s off
f 953/968/929 954/969/930 923/938/899 924/939/900 
f 907/922/883 953/968/929 924/939/900 930/945/906 
f 929/944/905 937/952/913 948/963/924 930/945/906 
s 1
f 955/970/931 906/921/882 948/963/924 950/965/926 
f 960/975/936 959/974/935 958/973/934 957/972/933 
s off
f 904/919/880 901/916/877 962/977/938 961/976/937 
f 966/981/875 965/980/940 964/979/939 963/978/875 
f 965/980/940 889/904/865 962/977/938 964/979/939 
s 1
f 890/905/866 911/926/887 967/982/941 961/976/937 
f 969/984/943 903/918/879 967/982/941 968/983/942 
s off
f 942/957/918 946/961/922 971/986/945 970/985/944 
f 975/990/947 974/989/915 973/988/915 972/987/946 
f 933/948/909 975/990/947 972/987/946 970/985/944 
s 1
f 952/967/928 932/947/908 971/986/945 976/991/948 
f 947/962/923 958/973/934 977/992/949 976/991/948 
f 959/974/935 969/984/943 968/983/942 978/993/950 
f 956/971/932 951/966/927 977/992/949 978/993/950 
s off
f 963/978/875 964/979/939 898/913/874 899/914/875 
f 964/979/939 962/977/938 901/916/877 898/913/874 
s 1
f 961/976/937 967/982/941 903/918/879 904/919/880 
s off
f 972/987/946 973/988/915 939/954/915 940/955/916 
f 970/985/944 972/987/946 940/955/916 942/957/918 
s 1
f 976/991/948 971/986/945 946/961/922 947/962/923 
f 978/993/950 977/992/949 958/973/934 959/974/935 
s off
f 905/920/881 900/915/876 901/916/877 904/919/880 
s 1
f 979/994/951 902/917/878 903/918/879 969/984/943 
s off
f 943/958/919 945/960/921 946/961/922 942/957/918 
s 1
f 944/959/920 957/972/933 958/973/934 947/962/923 
f 960/975/936 979/994/951 969/984/943 959/974/935 
s off
f 961/976/937 962/977/938 889/904/865 890/905/866 
s 1
f 968/983/942 967/982/941 911/926/887 912/927/888 
s off
f 970/985/944 971/986/945 932/947/908 933/948/909 
s 1
f 976/991/948 977/992/949 951/966/927 952/967/928 
f 978/993/950 968/983/942 912/927/888 956/971/932 
s off
f 871/886/847 872/887/848 965/980/940 966/981/875 
f 872/887/848 883/898/859 889/904/865 965/980/940 
s 1
f 891/906/867 909/924/885 911/926/887 890/905/866 
s off
f 916/931/892 913/928/889 974/989/915 975/990/947 
f 926/941/902 916/931/892 975/990/947 933/948/909 
s 1
f 949/964/925 931/946/907 932/947/908 952/967/928 
f 955/970/931 950/965/926 951/966/927 956/971/932 
s off
f 981/996/953 858/873/835 857/872/834 980/995/952 
f 768/783/747 981/996/953 980/995/952 767/782/746 
f 766/781/745 896/911/872 897/912/873 769/784/748 
f 862/877/839 833/848/812 858/873/835 981/996/953 
f 770/785/749 862/877/839 981/996/953 768/783/747 
f 769/784/748 897/912/873 900/915/876 771/786/750 
s 1
f 865/880/842 842/857/820 832/847/811 861/876/838 
f 774/789/753 865/880/842 861/876/838 773/788/752 
f 772/787/751 905/920/881 902/917/878 775/790/754 
s off
f 983/998/955 860/875/837 859/874/836 982/997/954 
f 810/825/789 983/998/955 982/997/954 809/824/788 
f 808/823/787 941/956/917 938/953/914 811/826/790 
f 982/997/954 859/874/836 844/859/822 866/881/843 
f 809/824/788 982/997/954 866/881/843 813/828/792 
f 812/827/791 943/958/919 941/956/917 808/823/787 
s 1
f 867/882/844 845/860/823 852/867/829 868/883/845 
f 816/831/795 867/882/844 868/883/845 815/830/794 
f 814/829/793 944/959/920 945/960/921 817/832/796 
f 869/884/846 853/868/830 856/871/833 870/885/806 
f 829/844/808 869/884/846 870/885/806 828/843/807 
f 827/842/806 960/975/936 957/972/933 830/845/809 
s off
f 771/786/750 900/915/876 905/920/881 772/787/751 
f 770/785/749 771/786/750 772/787/751 773/788/752 
f 861/876/838 832/847/811 833/848/812 862/877/839 
s 1
f 775/790/754 902/917/878 979/994/951 984/999/956 
f 774/789/753 775/790/754 984/999/956 864/879/841 
f 863/878/840 841/856/819 842/857/820 865/880/842 
s off
f 817/832/796 945/960/921 943/958/919 812/827/791 
f 816/831/795 817/832/796 812/827/791 813/828/792 
f 866/881/843 844/859/822 845/860/823 867/882/844 
s 1
f 830/845/809 957/972/933 944/959/920 814/829/793 
f 829/844/808 830/845/809 814/829/793 815/830/794 
f 868/883/845 852/867/829 853/868/830 869/884/846 
f 984/999/956 979/994/951 960/975/936 827/842/806 
f 864/879/841 984/999/956 827/842/806 828/843/807 
f 870/885/806 856/871/833 841/856/819 863/878/840 
# 216 polygons

#
# object Rectangle005
#

v  -892.8874 2823.4834 32.1573
v  -892.8874 2824.0679 31.7796
v  -892.3407 2823.9634 30.0794
v  -892.3407 2823.6760 30.2529
v  -892.8874 2824.5210 30.7658
v  -892.3407 2824.1802 29.6510
v  -892.8874 2824.7124 29.6619
v  -892.3407 2824.3257 28.8196
v  -892.8874 2824.8135 28.4441
v  -892.3407 2824.3633 28.3346
v  -892.8816 2824.8135 11.4762
v  -892.2462 2824.3633 11.4753
v  -891.8619 2823.5901 28.0538
v  -891.8755 2823.4099 28.1530
v  -891.8544 2823.6934 27.8677
v  -891.8593 2823.7913 27.3782
v  -891.8640 2823.8123 27.0937
v  -891.6477 2823.8364 11.4645
v  -891.5294 2822.9702 25.9530
v  -891.5324 2819.6377 25.9867
v  -891.8813 2819.8579 28.1753
v  -891.5306 2823.0691 25.8771
v  -891.5409 2823.1455 25.7981
v  -891.5461 2823.1917 25.6499
v  -891.5538 2823.2314 25.4670
v  -892.8877 745.3562 32.0205
v  -892.8876 1434.5444 32.0632
v  -892.3409 1434.5449 30.9080
v  -892.3411 745.3564 31.2673
v  -891.8887 1434.5415 29.6737
v  -891.8894 745.3547 30.4642
v  -891.5516 745.3524 29.6168
v  -891.5497 1434.5369 28.3715
v  -891.3029 1434.5349 27.5198
v  -891.3030 745.3516 29.0571
v  -889.2749 2823.2407 -3.4283
v  -889.5138 2823.2363 11.4506
v  -891.6519 2823.8384 -3.4283
v  -891.3027 2822.8174 24.7022
v  -889.3550 2822.7981 11.4440
v  -888.9324 2819.5505 11.4439
v  -891.3027 2819.5601 24.6922
v  -892.8873 2823.4834 -39.0140
v  -892.3407 2823.6760 -37.1095
v  -892.3407 2823.9634 -36.9360
v  -892.8873 2824.0679 -38.6362
v  -892.3407 2824.1802 -36.5077
v  -892.8873 2824.5210 -37.6224
v  -892.3407 2824.3257 -35.6762
v  -892.8873 2824.7124 -36.5185
v  -892.3407 2824.3633 -35.1913
v  -892.8873 2824.8135 -35.3008
v  -892.2462 2824.3633 -18.3316
v  -892.8816 2824.8135 -18.3326
v  -891.8755 2823.4099 -35.0096
v  -891.8619 2823.5901 -34.9104
v  -891.8544 2823.6934 -34.7243
v  -891.8593 2823.7913 -34.2348
v  -891.8640 2823.8123 -33.9503
v  -891.6477 2823.8364 -18.3211
v  -891.8813 2819.8579 -35.0319
v  -891.5324 2819.6377 -32.8434
v  -891.5293 2822.9702 -32.8096
v  -891.5306 2823.0691 -32.7337
v  -891.5409 2823.1455 -32.6547
v  -891.5461 2823.1917 -32.5065
v  -891.5538 2823.2314 -32.3236
v  -892.3411 745.3564 4.6261
v  -892.3409 1434.5449 -9.9522
v  -892.8876 1434.5444 -11.1074
v  -892.8877 745.3562 3.8729
v  -891.8894 745.3547 5.4292
v  -891.8887 1434.5415 -8.7179
v  -891.3030 745.3514 6.8362
v  -891.3029 1434.5349 -6.5639
v  -891.5497 1434.5369 -7.4156
v  -891.5516 745.3525 6.2766
v  -889.5138 2823.2363 -18.3073
v  -891.3027 2822.8174 -31.5588
v  -889.3550 2822.7981 -18.3008
v  -891.3027 2819.5601 -31.5488
v  -888.9324 2819.5505 -18.3007
v  -892.8826 2824.8135 -3.4283
v  -892.2498 2824.3633 -3.4283
v  -889.1108 2822.7788 -3.4283
v  -888.4534 2819.5410 -3.4283
v  -888.0271 745.3516 17.9467
v  -888.0270 1434.5349 10.4779
v  -888.9326 1434.5349 1.4569
v  -888.9327 745.3514 12.0649
v  -891.5385 2816.3052 26.0205
v  -891.5460 2812.9058 26.0543
v  -891.8873 2812.9150 28.2098
v  -891.8849 2816.3101 28.1933
v  -892.8874 2816.3110 32.1573
v  -892.8874 2819.8972 32.1573
v  -892.3407 2819.9946 30.2529
v  -892.3407 2816.3130 30.2529
v  -891.3027 2816.3032 24.6821
v  -888.9324 2816.3032 11.4438
v  -888.9324 2812.9019 11.4437
v  -891.3027 2812.9019 24.6720
v  -891.8849 2816.3101 -35.0500
v  -891.8873 2812.9150 -35.0664
v  -891.5460 2812.9058 -32.9109
v  -891.5385 2816.3052 -32.8771
v  -892.3407 2816.3130 -37.1095
v  -892.3407 2819.9946 -37.1095
v  -892.8873 2819.8972 -39.0140
v  -892.8873 2816.3110 -39.0140
v  -891.3027 2816.3032 -31.5387
v  -891.3027 2812.9019 -31.5286
v  -888.9324 2812.9019 -18.3005
v  -888.9324 2816.3032 -18.3006
v  -888.0267 2816.3027 -3.4283
v  -888.0267 2812.9019 -3.4283
v  -892.8874 2812.9209 32.1573
v  -892.3407 2812.9219 30.2529
v  -892.3407 2812.9219 -37.1095
v  -892.8873 2812.9209 -39.0140
v  -891.5479 2123.7212 26.8287
v  -891.8880 2123.7283 28.4989
v  -888.9325 2123.7185 15.4781
v  -888.9326 1434.5349 19.4989
v  -891.3028 2123.7185 25.7470
v  -891.8880 2123.7283 -20.6368
v  -891.5479 2123.7214 -18.9666
v  -891.3028 2123.7183 -17.8849
v  -888.9325 2123.7183 -7.6161
v  -888.0269 2123.7185 3.9311
v  -892.8878 42.0632 32.2313
v  -892.3412 41.8706 31.8471
v  -892.3412 41.5834 31.8121
v  -892.8878 41.4786 32.1551
v  -892.3412 41.3666 31.7257
v  -892.8878 41.0256 31.9506
v  -892.3412 41.2211 31.5579
v  -892.8878 40.8342 31.7279
v  -892.3412 41.1835 31.4601
v  -892.8878 40.7332 31.4822
v  -892.2466 41.1835 28.0588
v  -892.8820 40.7332 28.0590
v  -891.8760 42.1367 31.4234
v  -891.8624 41.9567 31.4034
v  -891.8549 41.8534 31.3659
v  -891.8598 41.7555 31.2672
v  -891.8645 41.7346 31.2097
v  -891.4556 41.4988 28.0567
v  -891.8818 45.6890 31.4280
v  -891.5328 45.9091 30.9864
v  -891.4541 42.5766 30.9796
v  -891.4514 42.4775 30.9643
v  -891.4570 42.4010 30.9484
v  -891.4634 42.3550 30.9185
v  -891.4727 42.3151 30.8816
v  -892.8878 56.1680 32.2313
v  -892.3412 56.1680 31.8471
v  -892.3412 52.6249 31.8471
v  -892.8878 52.6258 32.2313
v  -891.8901 56.1680 31.4382
v  -891.8878 52.6316 31.4349
v  -891.3032 56.1680 30.7192
v  -891.3032 52.6447 30.7212
v  -891.5464 52.6407 31.0000
v  -891.5535 56.1680 31.0069
v  -889.4927 42.3058 25.0522
v  -891.4598 41.4966 25.0522
v  -889.7316 42.3104 28.0539
v  -891.2692 43.1107 30.7273
v  -889.3215 43.1299 28.0525
v  -891.3032 45.9865 30.7253
v  -888.9329 45.9961 28.0525
v  -892.8878 42.0632 17.8730
v  -892.8878 41.4786 17.9492
v  -892.3412 41.5834 18.2922
v  -892.3412 41.8706 18.2572
v  -892.8878 41.0256 18.1538
v  -892.3412 41.3666 18.3786
v  -892.8878 40.8342 18.3765
v  -892.3412 41.2211 18.5464
v  -892.8878 40.7332 18.6221
v  -892.3412 41.1835 18.6442
v  -892.8820 40.7332 22.0453
v  -892.2466 41.1835 22.0455
v  -891.8624 41.9567 18.7009
v  -891.8760 42.1367 18.6809
v  -891.8549 41.8534 18.7384
v  -891.8598 41.7555 18.8372
v  -891.8645 41.7346 18.8946
v  -891.4556 41.4988 22.0477
v  -891.4541 42.5766 19.1247
v  -891.5328 45.9091 19.1179
v  -891.8818 45.6890 18.6763
v  -891.4514 42.4775 19.1400
v  -891.4570 42.4010 19.1559
v  -891.4634 42.3550 19.1859
v  -891.4726 42.3151 19.2227
v  -892.8878 56.1680 17.8730
v  -892.8878 52.6258 17.8730
v  -892.3412 52.6249 18.2572
v  -892.3412 56.1680 18.2572
v  -891.8878 52.6316 18.6694
v  -891.8901 56.1680 18.6661
v  -891.3032 56.1680 19.3852
v  -891.5535 56.1680 19.0975
v  -891.5464 52.6407 19.1043
v  -891.3032 52.6447 19.3831
v  -889.7316 42.3104 22.0504
v  -891.2692 43.1107 19.3770
v  -889.3215 43.1299 22.0517
v  -888.9329 45.9961 22.0518
v  -891.3032 45.9865 19.3791
v  -892.2503 41.1835 25.0522
v  -892.8831 40.7332 25.0522
v  -889.0773 43.1490 25.0522
v  -888.4539 46.0057 25.0522
v  -888.9329 56.1680 22.0518
v  -888.9329 52.6447 22.0518
v  -888.0272 52.6448 25.0522
v  -888.0272 56.1680 25.0522
v  -891.5389 49.2416 30.9932
v  -891.8854 49.2367 31.4316
v  -892.8878 49.2357 32.2313
v  -892.3412 49.2335 31.8471
v  -892.3412 45.5521 31.8471
v  -892.8878 45.6494 32.2313
v  -891.3032 49.2434 30.7232
v  -888.9329 49.2437 28.0525
v  -888.9329 52.6447 28.0525
v  -891.8854 49.2367 18.6727
v  -891.5389 49.2416 19.1111
v  -892.3412 49.2335 18.2572
v  -892.8878 49.2357 17.8730
v  -892.8878 45.6494 17.8730
v  -892.3412 45.5521 18.2572
v  -891.3032 49.2434 19.3811
v  -888.9329 49.2437 22.0518
v  -888.0272 49.2438 25.0522
v  -888.9329 56.1680 28.0525
v  -892.8875 2123.7327 31.5607
v  -892.3408 2123.7334 30.0821
v  -892.3408 2123.7334 -22.2199
v  -892.8875 2123.7327 -23.6986
v  -888.9327 745.3516 23.8284
# 244 vertices

vn 0.9720 0.0541 0.2285
vn 0.9490 0.2147 0.2308
vn 0.9482 0.2522 0.1931
vn 0.9763 0.0679 0.2053
vn 0.8523 0.4895 0.1845
vn 0.8797 0.4566 0.1332
vn 0.7589 0.6438 0.0982
vn 0.8162 0.5736 0.0693
vn 0.7209 0.6923 0.0313
vn 0.7917 0.6102 0.0299
vn 0.6632 0.7484 0.0001
vn 0.7028 0.7114 0.0015
vn 0.9850 0.1029 0.1387
vn 0.9883 0.0120 0.1520
vn 0.9580 0.2719 0.0913
vn 0.9133 0.4053 0.0399
vn 0.8883 0.4590 0.0135
vn 0.5524 0.8336 0.0037
vn 0.9911 0.0480 0.1241
vn 0.9911 0.0003 0.1334
vn 0.9886 -0.0002 0.1503
vn 0.9918 -0.0415 -0.1208
vn 0.9827 0.1818 0.0361
vn 0.9923 0.1237 -0.0034
vn 0.9687 0.2341 0.0824
vn 0.8649 0.0001 0.5019
vn 0.9353 0.0001 0.3539
vn 0.9482 0.0003 0.3177
vn 0.8897 0.0003 0.4566
vn 0.9701 0.0003 0.2426
vn 0.9339 0.0005 0.3574
vn 0.9477 0.0006 0.3192
vn 0.9767 0.0004 0.2147
vn 0.9737 0.0005 0.2278
vn 0.9412 0.0008 0.3377
vn 0.7187 0.6953 0.0000
vn 0.7329 0.6787 0.0476
vn 0.5383 0.8427 0.0000
vn 0.9845 0.1255 0.1225
vn 0.9797 0.1903 0.0631
vn 0.9952 0.0515 0.0835
vn 0.9900 -0.0004 0.1410
vn 0.9720 0.0541 -0.2285
vn 0.9763 0.0679 -0.2053
vn 0.9482 0.2522 -0.1931
vn 0.9490 0.2147 -0.2308
vn 0.8797 0.4566 -0.1332
vn 0.8523 0.4895 -0.1845
vn 0.8162 0.5736 -0.0693
vn 0.7589 0.6438 -0.0982
vn 0.7917 0.6102 -0.0299
vn 0.7209 0.6923 -0.0313
vn 0.7028 0.7114 -0.0015
vn 0.6632 0.7484 -0.0001
vn 0.9883 0.0120 -0.1520
vn 0.9850 0.1029 -0.1387
vn 0.9580 0.2719 -0.0913
vn 0.9133 0.4053 -0.0399
vn 0.8883 0.4590 -0.0135
vn 0.5524 0.8336 -0.0037
vn 0.9886 -0.0002 -0.1503
vn 0.9911 0.0003 -0.1334
vn 0.9911 0.0480 -0.1240
vn 0.9918 -0.0415 0.1208
vn 0.9827 0.1818 -0.0361
vn 0.9923 0.1237 0.0034
vn 0.9687 0.2341 -0.0824
vn 0.8896 -0.0093 -0.4566
vn 0.9482 -0.0062 -0.3178
vn 0.9353 -0.0071 -0.3538
vn 0.8649 -0.0106 -0.5019
vn 0.9339 -0.0071 -0.3574
vn 0.9701 -0.0046 -0.2427
vn 0.9412 -0.0064 -0.3377
vn 0.9737 -0.0041 -0.2278
vn 0.9767 -0.0039 -0.2147
vn 0.9477 -0.0061 -0.3192
vn 0.7329 0.6787 -0.0476
vn 0.9845 0.1255 -0.1225
vn 0.9797 0.1903 -0.0631
vn 0.9900 -0.0004 -0.1410
vn 0.9952 0.0515 -0.0835
vn 0.6648 0.7471 0.0000
vn 0.7030 0.7112 0.0000
vn 0.9762 0.2170 0.0000
vn 0.9912 0.1325 0.0000
vn 1.0000 0.0000 0.0000
vn 1.0000 -0.0000 -0.0000
vn 0.9878 -0.0022 -0.1555
vn 0.9725 -0.0035 -0.2329
vn 0.9911 -0.0003 0.1330
vn 0.9912 -0.0001 0.1325
vn 0.9886 0.0001 0.1502
vn 0.9886 0.0001 0.1504
vn 0.9747 -0.0000 0.2237
vn 0.9800 -0.0000 0.1989
vn 0.9800 -0.0000 0.1990
vn 0.9901 -0.0004 0.1406
vn 0.9955 -0.0000 0.0953
vn 0.9955 0.0003 0.0952
vn 0.9901 -0.0001 0.1406
vn 0.9886 0.0001 -0.1504
vn 0.9886 -0.0015 -0.1504
vn 0.9912 -0.0016 -0.1324
vn 0.9911 -0.0003 -0.1330
vn 0.9800 -0.0000 -0.1990
vn 0.9800 -0.0000 -0.1989
vn 0.9747 -0.0000 -0.2237
vn 0.9901 -0.0004 -0.1406
vn 0.9901 -0.0016 -0.1406
vn 0.9954 -0.0007 -0.0956
vn 0.9955 -0.0000 -0.0953
vn 0.9986 0.0524 0.0000
vn 1.0000 -0.0000 -0.0002
vn 0.9747 -0.0001 0.2237
vn 0.9799 -0.0000 0.1993
vn 0.9799 -0.0022 -0.1994
vn 0.9747 -0.0025 -0.2237
vn 0.9855 0.0003 0.1695
vn 0.9814 0.0002 0.1919
vn 0.9925 0.0007 0.1223
vn 0.9878 0.0009 0.1554
vn 0.9837 0.0004 0.1799
vn 0.9814 -0.0037 -0.1919
vn 0.9855 -0.0031 -0.1695
vn 0.9837 -0.0033 -0.1799
vn 0.9925 -0.0018 -0.1222
vn 0.6502 -0.0383 0.7588
vn 0.7061 -0.0531 0.7061
vn 0.7128 -0.1810 0.6776
vn 0.6343 -0.2121 0.7434
vn 0.7378 -0.3826 0.5561
vn 0.6640 -0.4648 0.5857
vn 0.7675 -0.5478 0.3329
vn 0.6922 -0.6185 0.3718
vn 0.7754 -0.6174 0.1326
vn 0.7148 -0.6875 0.1282
vn 0.5589 -0.8292 0.0059
vn 0.6633 -0.7483 0.0004
vn 0.7778 -0.0110 0.6284
vn 0.8052 -0.0882 0.5865
vn 0.8555 -0.2612 0.4470
vn 0.8755 -0.4266 0.2271
vn 0.8692 -0.4794 0.1209
vn 0.4769 -0.8771 0.0573
vn 0.8011 0.0002 0.5985
vn 0.8308 0.0069 0.5566
vn 0.8494 -0.0240 0.5272
vn 0.9802 0.0309 -0.1955
vn 0.9739 -0.1326 0.1842
vn 0.9891 -0.1463 0.0167
vn 0.9184 -0.2423 0.3127
vn 0.6602 0.0001 0.7510
vn 0.7065 0.0003 0.7077
vn 0.7070 -0.0000 0.7072
vn 0.6602 -0.0000 0.7510
vn 0.8019 0.0004 0.5975
vn 0.8015 -0.0001 0.5979
vn 0.8180 0.0009 0.5752
vn 0.8178 0.0003 0.5755
vn 0.8339 0.0003 0.5520
vn 0.8349 0.0007 0.5504
vn 0.7477 -0.6641 0.0000
vn 0.4507 -0.8927 0.0000
vn 0.7559 -0.6224 0.2031
vn 0.8655 -0.0233 0.5004
vn 0.9328 -0.2287 0.2786
vn 0.8166 0.0039 0.5772
vn 0.9316 -0.0501 0.3600
vn 0.6502 -0.0383 -0.7588
vn 0.6343 -0.2121 -0.7434
vn 0.7128 -0.1810 -0.6776
vn 0.7061 -0.0531 -0.7061
vn 0.6640 -0.4648 -0.5857
vn 0.7378 -0.3826 -0.5561
vn 0.6922 -0.6185 -0.3718
vn 0.7675 -0.5478 -0.3329
vn 0.7148 -0.6875 -0.1282
vn 0.7754 -0.6174 -0.1326
vn 0.6633 -0.7483 -0.0004
vn 0.5589 -0.8292 -0.0059
vn 0.8052 -0.0882 -0.5865
vn 0.7778 -0.0110 -0.6284
vn 0.8555 -0.2612 -0.4470
vn 0.8755 -0.4266 -0.2271
vn 0.8692 -0.4794 -0.1209
vn 0.4769 -0.8771 -0.0573
vn 0.8494 -0.0240 -0.5272
vn 0.8308 0.0069 -0.5566
vn 0.8011 0.0002 -0.5985
vn 0.9802 0.0309 0.1955
vn 0.9739 -0.1326 -0.1842
vn 0.9891 -0.1463 -0.0167
vn 0.9184 -0.2423 -0.3127
vn 0.6602 -0.0077 -0.7510
vn 0.6602 -0.0000 -0.7511
vn 0.7070 -0.0000 -0.7072
vn 0.7067 -0.0070 -0.7075
vn 0.8015 -0.0001 -0.5979
vn 0.8021 -0.0058 -0.5971
vn 0.8180 -0.0051 -0.5752
vn 0.8348 -0.0050 -0.5505
vn 0.8339 0.0003 -0.5520
vn 0.8178 0.0003 -0.5755
vn 0.7559 -0.6224 -0.2031
vn 0.8655 -0.0233 -0.5004
vn 0.9328 -0.2287 -0.2786
vn 0.9316 -0.0501 -0.3600
vn 0.8166 0.0039 -0.5772
vn 0.5594 -0.8289 0.0000
vn 0.6649 -0.7470 0.0000
vn 0.9631 -0.2691 0.0000
vn 0.9904 -0.1380 0.0000
vn 0.9104 -0.0030 -0.4137
vn 0.9102 0.0000 -0.4143
vn 1.0000 -0.0000 0.0000
vn 1.0000 0.0000 0.0008
vn 0.8329 0.0002 0.5535
vn 0.8010 -0.0000 0.5986
vn 0.7075 -0.0000 0.7067
vn 0.7077 -0.0000 0.7066
vn 0.8177 0.0004 0.5756
vn 0.9102 0.0000 0.4141
vn 0.9102 0.0000 0.4143
vn 0.8010 -0.0000 -0.5986
vn 0.8329 0.0002 -0.5535
vn 0.7075 -0.0000 -0.7067
vn 0.7077 -0.0000 -0.7066
vn 0.8177 0.0004 -0.5756
vn 0.9102 0.0000 -0.4141
vn 0.9986 -0.0520 0.0000
vn 0.9099 0.0013 0.4147
vn 0.9590 -0.0000 0.2834
vn 0.9674 0.0001 0.2533
vn 0.9674 -0.0050 -0.2533
vn 0.9590 -0.0057 -0.2834
vn 0.9725 0.0014 0.2329
# 237 vertex normals

vt 0.1707 0.9973 0.5130
vt 0.1710 0.9976 0.5130
vt 0.1724 0.9975 0.5403
vt 0.1723 0.9974 0.5403
vt 0.1719 0.9977 0.5130
vt 0.1728 0.9976 0.5403
vt 0.1728 0.9978 0.5130
vt 0.1735 0.9976 0.5403
vt 0.1738 0.9978 0.5130
vt 0.1739 0.9977 0.5403
vt 0.1879 0.9978 0.5133
vt 0.1879 0.9977 0.5450
vt 0.1741 0.9974 0.5642
vt 0.1741 0.9973 0.5636
vt 0.1743 0.9974 0.5646
vt 0.1747 0.9975 0.5644
vt 0.1749 0.9975 0.5641
vt 0.1880 0.9975 0.5749
vt 0.1759 0.9972 0.5809
vt 0.1759 0.9960 0.5807
vt 0.1740 0.9961 0.5633
vt 0.1759 0.9972 0.5808
vt 0.1760 0.9972 0.5803
vt 0.1761 0.9972 0.5800
vt 0.1763 0.9973 0.5796
vt 0.1708 0.2552 0.5129
vt 0.1708 0.5013 0.5130
vt 0.1718 0.5013 0.5403
vt 0.1715 0.2552 0.5403
vt 0.1728 0.5013 0.5629
vt 0.1721 0.2552 0.5629
vt 0.1728 0.2552 0.5797
vt 0.1739 0.5013 0.5798
vt 0.1746 0.5013 0.5922
vt 0.1733 0.2552 0.5922
vt 0.2004 0.9973 0.6936
vt 0.1880 0.9973 0.6816
vt 0.2004 0.9975 0.5747
vt 0.1769 0.9971 0.5922
vt 0.1880 0.9971 0.6896
vt 0.1880 0.9959 0.7107
vt 0.1769 0.9959 0.5922
vt 0.2300 0.9973 0.5130
vt 0.2284 0.9974 0.5403
vt 0.2283 0.9975 0.5403
vt 0.2297 0.9976 0.5130
vt 0.2279 0.9976 0.5403
vt 0.2289 0.9977 0.5130
vt 0.2272 0.9976 0.5403
vt 0.2279 0.9978 0.5130
vt 0.2268 0.9977 0.5403
vt 0.2269 0.9978 0.5130
vt 0.2128 0.9977 0.5450
vt 0.2128 0.9978 0.5133
vt 0.2267 0.9973 0.5636
vt 0.2266 0.9974 0.5642
vt 0.2264 0.9974 0.5646
vt 0.2260 0.9975 0.5644
vt 0.2258 0.9975 0.5641
vt 0.2128 0.9975 0.5749
vt 0.2267 0.9961 0.5633
vt 0.2249 0.9960 0.5807
vt 0.2249 0.9972 0.5809
vt 0.2248 0.9972 0.5808
vt 0.2247 0.9972 0.5803
vt 0.2246 0.9972 0.5800
vt 0.2244 0.9973 0.5796
vt 0.1937 0.2552 0.5403
vt 0.2058 0.5013 0.5403
vt 0.2068 0.5013 0.5130
vt 0.1943 0.2552 0.5129
vt 0.1930 0.2552 0.5629
vt 0.2048 0.5013 0.5629
vt 0.1918 0.2552 0.5922
vt 0.2030 0.5013 0.5922
vt 0.2037 0.5013 0.5798
vt 0.1923 0.2552 0.5798
vt 0.2128 0.9973 0.6816
vt 0.2238 0.9971 0.5922
vt 0.2128 0.9971 0.6896
vt 0.2238 0.9959 0.5922
vt 0.2128 0.9959 0.7107
vt 0.2004 0.9978 0.5132
vt 0.2004 0.9977 0.5448
vt 0.2004 0.9971 0.7018
vt 0.2004 0.9959 0.7347
vt 0.1826 0.2552 0.7560
vt 0.1888 0.5013 0.7560
vt 0.1963 0.5013 0.7107
vt 0.1875 0.2552 0.7107
vt 0.1758 0.9948 0.5804
vt 0.1758 0.9936 0.5800
vt 0.1740 0.9936 0.5630
vt 0.1740 0.9948 0.5631
vt 0.1707 0.9948 0.5130
vt 0.1707 0.9961 0.5130
vt 0.1723 0.9961 0.5403
vt 0.1723 0.9948 0.5403
vt 0.1769 0.9948 0.5922
vt 0.1880 0.9948 0.7107
vt 0.1880 0.9936 0.7107
vt 0.1770 0.9936 0.5922
vt 0.2267 0.9948 0.5631
vt 0.2267 0.9936 0.5630
vt 0.2249 0.9936 0.5800
vt 0.2249 0.9948 0.5804
vt 0.2284 0.9948 0.5403
vt 0.2284 0.9961 0.5403
vt 0.2300 0.9961 0.5130
vt 0.2300 0.9948 0.5130
vt 0.2238 0.9948 0.5922
vt 0.2238 0.9936 0.5922
vt 0.2128 0.9936 0.7107
vt 0.2128 0.9948 0.7107
vt 0.2004 0.9948 0.7560
vt 0.2004 0.9936 0.7560
vt 0.1707 0.9936 0.5130
vt 0.1723 0.9936 0.5403
vt 0.2284 0.9936 0.5403
vt 0.2300 0.9936 0.5130
vt 0.1752 0.7474 0.5799
vt 0.1738 0.7474 0.5629
vt 0.1846 0.7474 0.7107
vt 0.1813 0.5013 0.7107
vt 0.1761 0.7474 0.5922
vt 0.2147 0.7474 0.5629
vt 0.2133 0.7474 0.5799
vt 0.2124 0.7474 0.5922
vt 0.2039 0.7474 0.7107
vt 0.1942 0.7474 0.7560
vt 0.1707 0.0040 0.5129
vt 0.1710 0.0039 0.5403
vt 0.1710 0.0038 0.5403
vt 0.1707 0.0038 0.5129
vt 0.1711 0.0037 0.5403
vt 0.1709 0.0036 0.5129
vt 0.1712 0.0037 0.5403
vt 0.1711 0.0035 0.5129
vt 0.1713 0.0037 0.5403
vt 0.1713 0.0035 0.5129
vt 0.1741 0.0037 0.5450
vt 0.1741 0.0035 0.5132
vt 0.1713 0.0040 0.5635
vt 0.1713 0.0039 0.5642
vt 0.1714 0.0039 0.5646
vt 0.1715 0.0039 0.5643
vt 0.1715 0.0039 0.5641
vt 0.1741 0.0038 0.5846
vt 0.1713 0.0053 0.5632
vt 0.1717 0.0054 0.5807
vt 0.1717 0.0042 0.5846
vt 0.1717 0.0041 0.5848
vt 0.1717 0.0041 0.5845
vt 0.1717 0.0041 0.5842
vt 0.1718 0.0041 0.5837
vt 0.1707 0.0090 0.5129
vt 0.1710 0.0090 0.5403
vt 0.1710 0.0078 0.5403
vt 0.1707 0.0078 0.5129
vt 0.1713 0.0090 0.5628
vt 0.1713 0.0078 0.5629
vt 0.1719 0.0090 0.5922
vt 0.1719 0.0078 0.5922
vt 0.1717 0.0078 0.5800
vt 0.1717 0.0090 0.5797
vt 0.1766 0.0041 0.6827
vt 0.1766 0.0038 0.5843
vt 0.1741 0.0041 0.6708
vt 0.1719 0.0044 0.5939
vt 0.1741 0.0044 0.6913
vt 0.1719 0.0054 0.5922
vt 0.1741 0.0054 0.7107
vt 0.1826 0.0040 0.5129
vt 0.1826 0.0038 0.5129
vt 0.1823 0.0038 0.5403
vt 0.1823 0.0039 0.5403
vt 0.1824 0.0036 0.5129
vt 0.1822 0.0037 0.5403
vt 0.1822 0.0035 0.5129
vt 0.1821 0.0037 0.5403
vt 0.1820 0.0035 0.5129
vt 0.1820 0.0037 0.5403
vt 0.1791 0.0035 0.5132
vt 0.1791 0.0037 0.5450
vt 0.1819 0.0039 0.5642
vt 0.1819 0.0040 0.5635
vt 0.1819 0.0039 0.5646
vt 0.1818 0.0039 0.5643
vt 0.1818 0.0039 0.5641
vt 0.1791 0.0038 0.5846
vt 0.1816 0.0042 0.5846
vt 0.1816 0.0054 0.5807
vt 0.1819 0.0053 0.5632
vt 0.1816 0.0041 0.5848
vt 0.1815 0.0041 0.5845
vt 0.1815 0.0041 0.5842
vt 0.1815 0.0041 0.5837
vt 0.1826 0.0090 0.5129
vt 0.1826 0.0078 0.5129
vt 0.1823 0.0078 0.5403
vt 0.1823 0.0090 0.5403
vt 0.1820 0.0078 0.5629
vt 0.1820 0.0090 0.5628
vt 0.1814 0.0090 0.5922
vt 0.1816 0.0090 0.5797
vt 0.1816 0.0078 0.5800
vt 0.1814 0.0078 0.5922
vt 0.1791 0.0041 0.6708
vt 0.1814 0.0044 0.5939
vt 0.1791 0.0044 0.6913
vt 0.1791 0.0054 0.7107
vt 0.1814 0.0054 0.5922
vt 0.1766 0.0037 0.5448
vt 0.1766 0.0035 0.5132
vt 0.1766 0.0044 0.7035
vt 0.1766 0.0054 0.7346
vt 0.1791 0.0090 0.7107
vt 0.1791 0.0078 0.7107
vt 0.1766 0.0078 0.7560
vt 0.1766 0.0090 0.7560
vt 0.1717 0.0065 0.5804
vt 0.1713 0.0065 0.5631
vt 0.1707 0.0065 0.5129
vt 0.1710 0.0065 0.5403
vt 0.1710 0.0052 0.5403
vt 0.1707 0.0053 0.5129
vt 0.1719 0.0065 0.5922
vt 0.1741 0.0065 0.7107
vt 0.1741 0.0078 0.7107
vt 0.1820 0.0065 0.5631
vt 0.1816 0.0065 0.5804
vt 0.1823 0.0065 0.5403
vt 0.1826 0.0065 0.5129
vt 0.1826 0.0053 0.5129
vt 0.1823 0.0052 0.5403
vt 0.1814 0.0065 0.5922
vt 0.1791 0.0065 0.7107
vt 0.1766 0.0065 0.7560
vt 0.1741 0.0090 0.7107
vt 0.1712 0.7474 0.5130
vt 0.1724 0.7474 0.5403
vt 0.2160 0.7474 0.5403
vt 0.2173 0.7474 0.5130
vt 0.1777 0.2552 0.7107
# 244 texture coords

o Rectangle005
g Rectangle005
usemtl wire_115115115
s off
f 988/1003/960 987/1002/959 986/1001/958 985/1000/957 
f 987/1002/959 990/1005/962 989/1004/961 986/1001/958 
f 990/1005/962 992/1007/964 991/1006/963 989/1004/961 
f 992/1007/964 994/1009/966 993/1008/965 991/1006/963 
f 994/1009/966 996/1011/968 995/1010/967 993/1008/965 
f 998/1013/970 997/1012/969 987/1002/959 988/1003/960 
f 997/1012/969 999/1014/971 990/1005/962 987/1002/959 
f 999/1014/971 1000/1015/972 992/1007/964 990/1005/962 
f 1000/1015/972 1001/1016/973 994/1009/966 992/1007/964 
f 1001/1016/973 1002/1017/974 996/1011/968 994/1009/966 
f 1005/1020/977 1004/1019/976 1003/1018/975 998/1013/970 
f 998/1013/970 1003/1018/975 1006/1021/978 997/1012/969 
f 997/1012/969 1006/1021/978 1007/1022/979 999/1014/971 
f 999/1014/971 1007/1022/979 1008/1023/980 1000/1015/972 
f 1000/1015/972 1008/1023/980 1009/1024/981 1001/1016/973 
f 1013/1028/985 1012/1027/984 1011/1026/983 1010/1025/982 
f 1015/1030/987 1014/1029/986 1012/1027/984 1013/1028/985 
s 1
f 1019/1034/991 1018/1033/990 1017/1032/989 1016/1031/988 
s off
f 1022/1037/994 1002/1017/974 1021/1036/993 1020/1035/992 
s 1
f 1023/1038/995 1009/1024/981 1008/1023/980 1007/1022/979 1006/1021/978 1003/1018/975 
f 1023/1038/995 1024/1039/996 1021/1036/993 1009/1024/981 
f 1026/1041/998 1025/1040/997 1024/1039/996 1023/1038/995 
s off
f 1030/1045/1002 1029/1044/1001 1028/1043/1000 1027/1042/999 
f 1032/1047/1004 1031/1046/1003 1029/1044/1001 1030/1045/1002 
f 1034/1049/1006 1033/1048/1005 1031/1046/1003 1032/1047/1004 
f 1036/1051/1008 1035/1050/1007 1033/1048/1005 1034/1049/1006 
f 1038/1053/1010 1037/1052/1009 1035/1050/1007 1036/1051/1008 
f 1029/1044/1001 1040/1055/1012 1039/1054/1011 1028/1043/1000 
f 1031/1046/1003 1041/1056/1013 1040/1055/1012 1029/1044/1001 
f 1033/1048/1005 1042/1057/1014 1041/1056/1013 1031/1046/1003 
f 1035/1050/1007 1043/1058/1015 1042/1057/1014 1033/1048/1005 
f 1037/1052/1009 1044/1059/1016 1043/1058/1015 1035/1050/1007 
f 1047/1062/1019 1046/1061/1018 1045/1060/1017 1039/1054/1011 
f 1048/1063/1020 1047/1062/1019 1039/1054/1011 1040/1055/1012 
f 1049/1064/1021 1048/1063/1020 1040/1055/1012 1041/1056/1013 
f 1050/1065/1022 1049/1064/1021 1041/1056/1013 1042/1057/1014 
f 1051/1066/1023 1050/1065/1022 1042/1057/1014 1043/1058/1015 
f 1055/1070/1027 1054/1069/1026 1053/1068/1025 1052/1067/1024 
f 1052/1067/1024 1053/1068/1025 1057/1072/1029 1056/1071/1028 
s 1
f 1061/1076/1033 1060/1075/1032 1059/1074/1031 1058/1073/1030 
s off
f 1062/1077/1034 1044/1059/1016 1022/1037/994 1020/1035/992 
s 1
f 1048/1063/1020 1049/1064/1021 1050/1065/1022 1051/1066/1023 1063/1078/1035 1047/1062/1019 
f 1062/1077/1034 1064/1079/1036 1063/1078/1035 1051/1066/1023 
f 1064/1079/1036 1066/1081/1038 1065/1080/1037 1063/1078/1035 
s off
f 996/1011/968 1068/1083/1040 1067/1082/1039 995/1010/967 
f 1002/1017/974 1022/1037/994 1068/1083/1040 996/1011/968 
f 1002/1017/974 1001/1016/973 1009/1024/981 1021/1036/993 
s 1
f 1024/1039/996 1069/1084/1041 1020/1035/992 1021/1036/993 
f 1025/1040/997 1070/1085/1042 1069/1084/1041 1024/1039/996 
s off
f 1038/1053/1010 1067/1082/1039 1068/1083/1040 1037/1052/1009 
f 1037/1052/1009 1068/1083/1040 1022/1037/994 1044/1059/1016 
f 1062/1077/1034 1051/1066/1023 1043/1058/1015 1044/1059/1016 
s 1
f 1062/1077/1034 1020/1035/992 1069/1084/1041 1064/1079/1036 
f 1074/1089/1046 1073/1088/1045 1072/1087/1044 1071/1086/1043 
s off
f 1078/1093/1050 1077/1092/1049 1076/1091/1048 1075/1090/1047 
f 1082/1097/1053 1081/1096/1052 1080/1095/1051 1079/1094/1051 
f 1078/1093/1050 1005/1020/977 1081/1096/1052 1082/1097/1053 
s 1
f 1083/1098/1054 1026/1041/998 1004/1019/976 1075/1090/1047 
f 1083/1098/1054 1086/1101/1057 1085/1100/1056 1084/1099/1055 
s off
f 1090/1105/1061 1089/1104/1060 1088/1103/1059 1087/1102/1058 
f 1094/1109/1064 1093/1108/1064 1092/1107/1063 1091/1106/1062 
f 1091/1106/1062 1092/1107/1063 1045/1060/1017 1087/1102/1058 
s 1
f 1090/1105/1061 1046/1061/1018 1065/1080/1037 1095/1110/1065 
f 1098/1113/1068 1097/1112/1067 1096/1111/1066 1095/1110/1065 
f 1084/1099/1055 1085/1100/1056 1100/1115/1070 1099/1114/1069 
f 1098/1113/1068 1066/1081/1038 1070/1085/1042 1099/1114/1069 
s off
f 1102/1117/1072 1082/1097/1053 1079/1094/1051 1101/1116/1071 
f 1077/1092/1049 1078/1093/1050 1082/1097/1053 1102/1117/1072 
s 1
f 1086/1101/1057 1083/1098/1054 1075/1090/1047 1076/1091/1048 
s off
f 1104/1119/1074 1094/1109/1064 1091/1106/1062 1103/1118/1073 
f 1103/1118/1073 1091/1106/1062 1087/1102/1058 1088/1103/1059 
s 1
f 1089/1104/1060 1090/1105/1061 1095/1110/1065 1096/1111/1066 
f 1097/1112/1067 1098/1113/1068 1099/1114/1069 1100/1115/1070 
s off
f 1106/1121/1076 1014/1029/986 1017/1032/989 1105/1120/1075 
s 1
f 1109/1124/1079 1018/1033/990 1108/1123/1078 1107/1122/1077 
s off
f 1111/1126/1081 1060/1075/1032 1057/1072/1029 1110/1125/1080 
s 1
f 1113/1128/1083 1073/1088/1045 1059/1074/1031 1112/1127/1082 
f 1107/1122/1077 1108/1123/1078 1072/1087/1044 1114/1129/1043 
s off
f 1005/1020/977 1078/1093/1050 1075/1090/1047 1004/1019/976 
s 1
f 1026/1041/998 1083/1098/1054 1084/1099/1055 1025/1040/997 
s off
f 1046/1061/1018 1090/1105/1061 1087/1102/1058 1045/1060/1017 
s 1
f 1066/1081/1038 1098/1113/1068 1095/1110/1065 1065/1080/1037 
f 1025/1040/997 1084/1099/1055 1099/1114/1069 1070/1085/1042 
s off
f 1081/1096/1052 988/1003/960 985/1000/957 1080/1095/1051 
f 1005/1020/977 998/1013/970 988/1003/960 1081/1096/1052 
s 1
f 1026/1041/998 1023/1038/995 1003/1018/975 1004/1019/976 
s off
f 1093/1108/1064 1027/1042/999 1028/1043/1000 1092/1107/1063 
f 1092/1107/1063 1028/1043/1000 1039/1054/1011 1045/1060/1017 
s 1
f 1046/1061/1018 1047/1062/1019 1063/1078/1035 1065/1080/1037 
f 1066/1081/1038 1064/1079/1036 1069/1084/1041 1070/1085/1042 
s off
f 1118/1133/1087 1117/1132/1086 1116/1131/1085 1115/1130/1084 
f 1120/1135/1089 1119/1134/1088 1117/1132/1086 1118/1133/1087 
f 1122/1137/1091 1121/1136/1090 1119/1134/1088 1120/1135/1089 
f 1124/1139/1093 1123/1138/1092 1121/1136/1090 1122/1137/1091 
f 1126/1141/1095 1125/1140/1094 1123/1138/1092 1124/1139/1093 
f 1117/1132/1086 1128/1143/1097 1127/1142/1096 1116/1131/1085 
f 1119/1134/1088 1129/1144/1098 1128/1143/1097 1117/1132/1086 
f 1121/1136/1090 1130/1145/1099 1129/1144/1098 1119/1134/1088 
f 1123/1138/1092 1131/1146/1100 1130/1145/1099 1121/1136/1090 
f 1125/1140/1094 1132/1147/1101 1131/1146/1100 1123/1138/1092 
f 1135/1150/1104 1134/1149/1103 1133/1148/1102 1127/1142/1096 
f 1136/1151/1105 1135/1150/1104 1127/1142/1096 1128/1143/1097 
f 1137/1152/1106 1136/1151/1105 1128/1143/1097 1129/1144/1098 
f 1138/1153/1107 1137/1152/1106 1129/1144/1098 1130/1145/1099 
f 1139/1154/1108 1138/1153/1107 1130/1145/1099 1131/1146/1100 
f 1143/1158/1112 1142/1157/1111 1141/1156/1110 1140/1155/1109 
f 1142/1157/1111 1145/1160/1114 1144/1159/1113 1141/1156/1110 
s 1
f 1149/1164/1118 1148/1163/1117 1147/1162/1116 1146/1161/1115 
s off
f 1152/1167/1121 1132/1147/1101 1151/1166/1120 1150/1165/1119 
s 1
f 1136/1151/1105 1137/1152/1106 1138/1153/1107 1139/1154/1108 1153/1168/1122 1135/1150/1104 
f 1152/1167/1121 1154/1169/1123 1153/1168/1122 1139/1154/1108 
f 1154/1169/1123 1156/1171/1125 1155/1170/1124 1153/1168/1122 
s off
f 1160/1175/1129 1159/1174/1128 1158/1173/1127 1157/1172/1126 
f 1159/1174/1128 1162/1177/1131 1161/1176/1130 1158/1173/1127 
f 1162/1177/1131 1164/1179/1133 1163/1178/1132 1161/1176/1130 
f 1164/1179/1133 1166/1181/1135 1165/1180/1134 1163/1178/1132 
f 1166/1181/1135 1168/1183/1137 1167/1182/1136 1165/1180/1134 
f 1170/1185/1139 1169/1184/1138 1159/1174/1128 1160/1175/1129 
f 1169/1184/1138 1171/1186/1140 1162/1177/1131 1159/1174/1128 
f 1171/1186/1140 1172/1187/1141 1164/1179/1133 1162/1177/1131 
f 1172/1187/1141 1173/1188/1142 1166/1181/1135 1164/1179/1133 
f 1173/1188/1142 1174/1189/1143 1168/1183/1137 1166/1181/1135 
f 1177/1192/1146 1176/1191/1145 1175/1190/1144 1170/1185/1139 
f 1170/1185/1139 1175/1190/1144 1178/1193/1147 1169/1184/1138 
f 1169/1184/1138 1178/1193/1147 1179/1194/1148 1171/1186/1140 
f 1171/1186/1140 1179/1194/1148 1180/1195/1149 1172/1187/1141 
f 1172/1187/1141 1180/1195/1149 1181/1196/1150 1173/1188/1142 
f 1185/1200/1154 1184/1199/1153 1183/1198/1152 1182/1197/1151 
f 1187/1202/1156 1186/1201/1155 1184/1199/1153 1185/1200/1154 
s 1
f 1191/1206/1160 1190/1205/1159 1189/1204/1158 1188/1203/1157 
s off
f 1151/1166/1120 1174/1189/1143 1192/1207/1161 1150/1165/1119 
s 1
f 1193/1208/1162 1181/1196/1150 1180/1195/1149 1179/1194/1148 1178/1193/1147 1175/1190/1144 
f 1193/1208/1162 1194/1209/1163 1192/1207/1161 1181/1196/1150 
f 1196/1211/1165 1195/1210/1164 1194/1209/1163 1193/1208/1162 
s off
f 1198/1213/1167 1197/1212/1166 1125/1140/1094 1126/1141/1095 
f 1197/1212/1166 1151/1166/1120 1132/1147/1101 1125/1140/1094 
f 1139/1154/1108 1131/1146/1100 1132/1147/1101 1152/1167/1121 
s 1
f 1150/1165/1119 1199/1214/1168 1154/1169/1123 1152/1167/1121 
f 1199/1214/1168 1200/1215/1169 1156/1171/1125 1154/1169/1123 
s off
f 1197/1212/1166 1198/1213/1167 1167/1182/1136 1168/1183/1137 
f 1151/1166/1120 1197/1212/1166 1168/1183/1137 1174/1189/1143 
f 1173/1188/1142 1181/1196/1150 1192/1207/1161 1174/1189/1143 
s 1
f 1199/1214/1168 1150/1165/1119 1192/1207/1161 1194/1209/1163 
f 1204/1219/1173 1203/1218/1172 1202/1217/1171 1201/1216/1170 
s off
f 1148/1163/1117 1145/1160/1114 1206/1221/1175 1205/1220/1174 
f 1210/1225/1112 1209/1224/1177 1208/1223/1176 1207/1222/1112 
f 1209/1224/1177 1133/1148/1102 1206/1221/1175 1208/1223/1176 
s 1
f 1134/1149/1103 1155/1170/1124 1211/1226/1178 1205/1220/1174 
f 1213/1228/1180 1147/1162/1116 1211/1226/1178 1212/1227/1179 
s off
f 1186/1201/1155 1190/1205/1159 1215/1230/1182 1214/1229/1181 
f 1219/1234/1184 1218/1233/1152 1217/1232/1152 1216/1231/1183 
f 1177/1192/1146 1219/1234/1184 1216/1231/1183 1214/1229/1181 
s 1
f 1196/1211/1165 1176/1191/1145 1215/1230/1182 1220/1235/1185 
f 1191/1206/1160 1202/1217/1171 1221/1236/1186 1220/1235/1185 
f 1203/1218/1172 1213/1228/1180 1212/1227/1179 1222/1237/1187 
f 1200/1215/1169 1195/1210/1164 1221/1236/1186 1222/1237/1187 
s off
f 1207/1222/1112 1208/1223/1176 1142/1157/1111 1143/1158/1112 
f 1208/1223/1176 1206/1221/1175 1145/1160/1114 1142/1157/1111 
s 1
f 1205/1220/1174 1211/1226/1178 1147/1162/1116 1148/1163/1117 
s off
f 1216/1231/1183 1217/1232/1152 1183/1198/1152 1184/1199/1153 
f 1214/1229/1181 1216/1231/1183 1184/1199/1153 1186/1201/1155 
s 1
f 1220/1235/1185 1215/1230/1182 1190/1205/1159 1191/1206/1160 
f 1222/1237/1187 1221/1236/1186 1202/1217/1171 1203/1218/1172 
s off
f 1149/1164/1118 1144/1159/1113 1145/1160/1114 1148/1163/1117 
s 1
f 1223/1238/1188 1146/1161/1115 1147/1162/1116 1213/1228/1180 
s off
f 1187/1202/1156 1189/1204/1158 1190/1205/1159 1186/1201/1155 
s 1
f 1188/1203/1157 1201/1216/1170 1202/1217/1171 1191/1206/1160 
f 1204/1219/1173 1223/1238/1188 1213/1228/1180 1203/1218/1172 
s off
f 1205/1220/1174 1206/1221/1175 1133/1148/1102 1134/1149/1103 
s 1
f 1212/1227/1179 1211/1226/1178 1155/1170/1124 1156/1171/1125 
s off
f 1214/1229/1181 1215/1230/1182 1176/1191/1145 1177/1192/1146 
s 1
f 1220/1235/1185 1221/1236/1186 1195/1210/1164 1196/1211/1165 
f 1222/1237/1187 1212/1227/1179 1156/1171/1125 1200/1215/1169 
s off
f 1115/1130/1084 1116/1131/1085 1209/1224/1177 1210/1225/1112 
f 1116/1131/1085 1127/1142/1096 1133/1148/1102 1209/1224/1177 
s 1
f 1135/1150/1104 1153/1168/1122 1155/1170/1124 1134/1149/1103 
s off
f 1160/1175/1129 1157/1172/1126 1218/1233/1152 1219/1234/1184 
f 1170/1185/1139 1160/1175/1129 1219/1234/1184 1177/1192/1146 
s 1
f 1193/1208/1162 1175/1190/1144 1176/1191/1145 1196/1211/1165 
f 1199/1214/1168 1194/1209/1163 1195/1210/1164 1200/1215/1169 
s off
f 1225/1240/1190 1102/1117/1072 1101/1116/1071 1224/1239/1189 
f 1012/1027/984 1225/1240/1190 1224/1239/1189 1011/1026/983 
f 1010/1025/982 1140/1155/1109 1141/1156/1110 1013/1028/985 
f 1106/1121/1076 1077/1092/1049 1102/1117/1072 1225/1240/1190 
f 1014/1029/986 1106/1121/1076 1225/1240/1190 1012/1027/984 
f 1013/1028/985 1141/1156/1110 1144/1159/1113 1015/1030/987 
s 1
f 1109/1124/1079 1086/1101/1057 1076/1091/1048 1105/1120/1075 
f 1018/1033/990 1109/1124/1079 1105/1120/1075 1017/1032/989 
f 1016/1031/988 1149/1164/1118 1146/1161/1115 1019/1034/991 
s off
f 1227/1242/1192 1104/1119/1074 1103/1118/1073 1226/1241/1191 
f 1054/1069/1026 1227/1242/1192 1226/1241/1191 1053/1068/1025 
f 1052/1067/1024 1185/1200/1154 1182/1197/1151 1055/1070/1027 
f 1226/1241/1191 1103/1118/1073 1088/1103/1059 1110/1125/1080 
f 1053/1068/1025 1226/1241/1191 1110/1125/1080 1057/1072/1029 
f 1056/1071/1028 1187/1202/1156 1185/1200/1154 1052/1067/1024 
s 1
f 1111/1126/1081 1089/1104/1060 1096/1111/1066 1112/1127/1082 
f 1060/1075/1032 1111/1126/1081 1112/1127/1082 1059/1074/1031 
f 1058/1073/1030 1188/1203/1157 1189/1204/1158 1061/1076/1033 
f 1113/1128/1083 1097/1112/1067 1100/1115/1070 1114/1129/1043 
f 1073/1088/1045 1113/1128/1083 1114/1129/1043 1072/1087/1044 
f 1071/1086/1043 1204/1219/1173 1201/1216/1170 1074/1089/1046 
s off
f 1015/1030/987 1144/1159/1113 1149/1164/1118 1016/1031/988 
f 1014/1029/986 1015/1030/987 1016/1031/988 1017/1032/989 
f 1105/1120/1075 1076/1091/1048 1077/1092/1049 1106/1121/1076 
s 1
f 1019/1034/991 1146/1161/1115 1223/1238/1188 1228/1243/1193 
f 1018/1033/990 1019/1034/991 1228/1243/1193 1108/1123/1078 
f 1107/1122/1077 1085/1100/1056 1086/1101/1057 1109/1124/1079 
s off
f 1061/1076/1033 1189/1204/1158 1187/1202/1156 1056/1071/1028 
f 1060/1075/1032 1061/1076/1033 1056/1071/1028 1057/1072/1029 
f 1110/1125/1080 1088/1103/1059 1089/1104/1060 1111/1126/1081 
s 1
f 1074/1089/1046 1201/1216/1170 1188/1203/1157 1058/1073/1030 
f 1073/1088/1045 1074/1089/1046 1058/1073/1030 1059/1074/1031 
f 1112/1127/1082 1096/1111/1066 1097/1112/1067 1113/1128/1083 
f 1228/1243/1193 1223/1238/1188 1204/1219/1173 1071/1086/1043 
f 1108/1123/1078 1228/1243/1193 1071/1086/1043 1072/1087/1044 
f 1114/1129/1043 1100/1115/1070 1085/1100/1056 1107/1122/1077 
# 216 polygons

#
# object Rectangle006
#

v  -892.8874 2823.4834 -67.8973
v  -892.8874 2824.0679 -68.2751
v  -892.3407 2823.9634 -69.9753
v  -892.3407 2823.6760 -69.8018
v  -892.8874 2824.5210 -69.2889
v  -892.3407 2824.1802 -70.4037
v  -892.8874 2824.7124 -70.3928
v  -892.3407 2824.3257 -71.2351
v  -892.8874 2824.8135 -71.6106
v  -892.3407 2824.3633 -71.7201
v  -892.8816 2824.8135 -88.5785
v  -892.2462 2824.3633 -88.5794
v  -891.8619 2823.5901 -72.0009
v  -891.8755 2823.4099 -71.9017
v  -891.8544 2823.6934 -72.1870
v  -891.8593 2823.7913 -72.6765
v  -891.8640 2823.8123 -72.9610
v  -891.6477 2823.8364 -88.5902
v  -891.5294 2822.9702 -74.1017
v  -891.5324 2819.6377 -74.0679
v  -891.8813 2819.8579 -71.8794
v  -891.5306 2823.0691 -74.1776
v  -891.5409 2823.1455 -74.2566
v  -891.5461 2823.1917 -74.4048
v  -891.5538 2823.2314 -74.5877
v  -892.8877 745.3562 -68.0342
v  -892.8876 1434.5444 -67.9915
v  -892.3409 1434.5449 -69.1467
v  -892.3411 745.3564 -68.7874
v  -891.8887 1434.5415 -70.3810
v  -891.8894 745.3547 -69.5905
v  -891.5516 745.3524 -70.4379
v  -891.5497 1434.5369 -71.6832
v  -891.3029 1434.5349 -72.5349
v  -891.3030 745.3516 -70.9976
v  -889.2749 2823.2407 -103.4830
v  -889.5138 2823.2363 -88.6041
v  -891.6519 2823.8384 -103.4830
v  -891.3027 2822.8174 -75.3525
v  -889.3550 2822.7981 -88.6107
v  -888.9324 2819.5505 -88.6108
v  -891.3027 2819.5601 -75.3625
v  -892.8873 2823.4834 -139.0687
v  -892.3407 2823.6760 -137.1642
v  -892.3407 2823.9634 -136.9907
v  -892.8873 2824.0679 -138.6909
v  -892.3407 2824.1802 -136.5623
v  -892.8873 2824.5210 -137.6771
v  -892.3407 2824.3257 -135.7309
v  -892.8873 2824.7124 -136.5732
v  -892.3407 2824.3633 -135.2459
v  -892.8873 2824.8135 -135.3554
v  -892.2462 2824.3633 -118.3863
v  -892.8816 2824.8135 -118.3873
v  -891.8755 2823.4099 -135.0643
v  -891.8619 2823.5901 -134.9651
v  -891.8544 2823.6934 -134.7790
v  -891.8593 2823.7913 -134.2895
v  -891.8640 2823.8123 -134.0050
v  -891.6477 2823.8364 -118.3757
v  -891.8813 2819.8579 -135.0866
v  -891.5324 2819.6377 -132.8981
v  -891.5293 2822.9702 -132.8643
v  -891.5306 2823.0691 -132.7884
v  -891.5409 2823.1455 -132.7094
v  -891.5461 2823.1917 -132.5612
v  -891.5538 2823.2314 -132.3783
v  -892.3411 745.3564 -95.4286
v  -892.3409 1434.5449 -110.0068
v  -892.8876 1434.5444 -111.1620
v  -892.8877 745.3562 -96.1818
v  -891.8894 745.3547 -94.6255
v  -891.8887 1434.5415 -108.7725
v  -891.3030 745.3514 -93.2184
v  -891.3029 1434.5349 -106.6186
v  -891.5497 1434.5369 -107.4703
v  -891.5516 745.3525 -93.7781
v  -889.5138 2823.2363 -118.3620
v  -891.3027 2822.8174 -131.6135
v  -889.3550 2822.7981 -118.3555
v  -891.3027 2819.5601 -131.6035
v  -888.9324 2819.5505 -118.3554
v  -892.8826 2824.8135 -103.4830
v  -892.2498 2824.3633 -103.4830
v  -889.1108 2822.7788 -103.4830
v  -888.4534 2819.5410 -103.4830
v  -888.0271 745.3516 -82.1080
v  -888.0270 1434.5349 -89.5768
v  -888.9326 1434.5349 -98.5978
v  -888.9327 745.3514 -87.9898
v  -891.5385 2816.3052 -74.0342
v  -891.5460 2812.9058 -74.0004
v  -891.8873 2812.9150 -71.8449
v  -891.8849 2816.3101 -71.8613
v  -892.8874 2816.3110 -67.8973
v  -892.8874 2819.8972 -67.8973
v  -892.3407 2819.9946 -69.8018
v  -892.3407 2816.3130 -69.8018
v  -891.3027 2816.3032 -75.3726
v  -888.9324 2816.3032 -88.6109
v  -888.9324 2812.9019 -88.6110
v  -891.3027 2812.9019 -75.3827
v  -891.8849 2816.3101 -135.1047
v  -891.8873 2812.9150 -135.1211
v  -891.5460 2812.9058 -132.9656
v  -891.5385 2816.3052 -132.9318
v  -892.3407 2816.3130 -137.1642
v  -892.3407 2819.9946 -137.1642
v  -892.8873 2819.8972 -139.0687
v  -892.8873 2816.3110 -139.0687
v  -891.3027 2816.3032 -131.5934
v  -891.3027 2812.9019 -131.5833
v  -888.9324 2812.9019 -118.3552
v  -888.9324 2816.3032 -118.3553
v  -888.0267 2816.3027 -103.4830
v  -888.0267 2812.9019 -103.4830
v  -892.8874 2812.9209 -67.8973
v  -892.3407 2812.9219 -69.8018
v  -892.3407 2812.9219 -137.1642
v  -892.8873 2812.9209 -139.0687
v  -891.5479 2123.7212 -73.2260
v  -891.8880 2123.7283 -71.5557
v  -888.9325 2123.7185 -84.5766
v  -888.9326 1434.5349 -80.5558
v  -891.3028 2123.7185 -74.3077
v  -891.8880 2123.7283 -120.6915
v  -891.5479 2123.7214 -119.0213
v  -891.3028 2123.7183 -117.9395
v  -888.9325 2123.7183 -107.6708
v  -888.0269 2123.7185 -96.1236
v  -892.8878 42.0632 -67.8234
v  -892.3412 41.8706 -68.2076
v  -892.3412 41.5834 -68.2426
v  -892.8878 41.4786 -67.8996
v  -892.3412 41.3666 -68.3290
v  -892.8878 41.0256 -68.1041
v  -892.3412 41.2211 -68.4968
v  -892.8878 40.8342 -68.3268
v  -892.3412 41.1835 -68.5946
v  -892.8878 40.7332 -68.5725
v  -892.2466 41.1835 -71.9958
v  -892.8820 40.7332 -71.9957
v  -891.8760 42.1367 -68.6312
v  -891.8624 41.9567 -68.6512
v  -891.8549 41.8534 -68.6888
v  -891.8598 41.7555 -68.7875
v  -891.8645 41.7346 -68.8450
v  -891.4556 41.4988 -71.9980
v  -891.8818 45.6890 -68.6267
v  -891.5328 45.9091 -69.0683
v  -891.4541 42.5766 -69.0751
v  -891.4514 42.4775 -69.0904
v  -891.4570 42.4010 -69.1063
v  -891.4634 42.3550 -69.1362
v  -891.4727 42.3151 -69.1731
v  -892.8878 56.1680 -67.8234
v  -892.3412 56.1680 -68.2076
v  -892.3412 52.6249 -68.2076
v  -892.8878 52.6258 -67.8234
v  -891.8901 56.1680 -68.6165
v  -891.8878 52.6316 -68.6198
v  -891.3032 56.1680 -69.3355
v  -891.3032 52.6447 -69.3335
v  -891.5464 52.6407 -69.0546
v  -891.5535 56.1680 -69.0478
v  -889.4927 42.3058 -75.0025
v  -891.4598 41.4966 -75.0025
v  -889.7316 42.3104 -72.0008
v  -891.2692 43.1107 -69.3274
v  -889.3215 43.1299 -72.0022
v  -891.3032 45.9865 -69.3294
v  -888.9329 45.9961 -72.0022
v  -892.8878 42.0632 -82.1817
v  -892.8878 41.4786 -82.1055
v  -892.3412 41.5834 -81.7625
v  -892.3412 41.8706 -81.7975
v  -892.8878 41.0256 -81.9009
v  -892.3412 41.3666 -81.6760
v  -892.8878 40.8342 -81.6782
v  -892.3412 41.2211 -81.5083
v  -892.8878 40.7332 -81.4326
v  -892.3412 41.1835 -81.4105
v  -892.8820 40.7332 -78.0094
v  -892.2466 41.1835 -78.0092
v  -891.8624 41.9567 -81.3538
v  -891.8760 42.1367 -81.3738
v  -891.8549 41.8534 -81.3163
v  -891.8598 41.7555 -81.2175
v  -891.8645 41.7346 -81.1601
v  -891.4556 41.4988 -78.0070
v  -891.4541 42.5766 -80.9300
v  -891.5328 45.9091 -80.9368
v  -891.8818 45.6890 -81.3783
v  -891.4514 42.4775 -80.9147
v  -891.4570 42.4010 -80.8987
v  -891.4634 42.3550 -80.8688
v  -891.4726 42.3151 -80.8319
v  -892.8878 56.1680 -82.1817
v  -892.8878 52.6258 -82.1817
v  -892.3412 52.6249 -81.7975
v  -892.3412 56.1680 -81.7975
v  -891.8878 52.6316 -81.3853
v  -891.8901 56.1680 -81.3886
v  -891.3032 56.1680 -80.6695
v  -891.5535 56.1680 -80.9572
v  -891.5464 52.6407 -80.9504
v  -891.3032 52.6447 -80.6716
v  -889.7316 42.3104 -78.0043
v  -891.2692 43.1107 -80.6777
v  -889.3215 43.1299 -78.0029
v  -888.9329 45.9961 -78.0029
v  -891.3032 45.9865 -80.6756
v  -892.2503 41.1835 -75.0025
v  -892.8831 40.7332 -75.0025
v  -889.0773 43.1490 -75.0025
v  -888.4539 46.0057 -75.0025
v  -888.9329 56.1680 -78.0029
v  -888.9329 52.6447 -78.0029
v  -888.0272 52.6448 -75.0025
v  -888.0272 56.1680 -75.0025
v  -891.5389 49.2416 -69.0615
v  -891.8854 49.2367 -68.6231
v  -892.8878 49.2357 -67.8234
v  -892.3412 49.2335 -68.2076
v  -892.3412 45.5521 -68.2076
v  -892.8878 45.6494 -67.8234
v  -891.3032 49.2434 -69.3315
v  -888.9329 49.2437 -72.0022
v  -888.9329 52.6447 -72.0022
v  -891.8854 49.2367 -81.3820
v  -891.5389 49.2416 -80.9436
v  -892.3412 49.2335 -81.7975
v  -892.8878 49.2357 -82.1817
v  -892.8878 45.6494 -82.1817
v  -892.3412 45.5521 -81.7975
v  -891.3032 49.2434 -80.6736
v  -888.9329 49.2437 -78.0029
v  -888.0272 49.2438 -75.0025
v  -888.9329 56.1680 -72.0022
v  -892.8875 2123.7327 -68.4939
v  -892.3408 2123.7334 -69.9726
v  -892.3408 2123.7334 -122.2746
v  -892.8875 2123.7327 -123.7533
v  -888.9327 745.3516 -76.2263
# 244 vertices

vn 0.9720 0.0541 0.2285
vn 0.9490 0.2147 0.2308
vn 0.9482 0.2522 0.1931
vn 0.9763 0.0679 0.2053
vn 0.8523 0.4895 0.1845
vn 0.8797 0.4566 0.1332
vn 0.7589 0.6438 0.0982
vn 0.8162 0.5736 0.0693
vn 0.7209 0.6923 0.0313
vn 0.7917 0.6102 0.0299
vn 0.6632 0.7484 0.0001
vn 0.7028 0.7114 0.0015
vn 0.9850 0.1029 0.1387
vn 0.9883 0.0120 0.1520
vn 0.9580 0.2719 0.0913
vn 0.9133 0.4053 0.0399
vn 0.8883 0.4590 0.0135
vn 0.5524 0.8336 0.0037
vn 0.9911 0.0480 0.1241
vn 0.9911 0.0003 0.1334
vn 0.9886 -0.0002 0.1503
vn 0.9918 -0.0415 -0.1208
vn 0.9827 0.1818 0.0361
vn 0.9923 0.1237 -0.0034
vn 0.9687 0.2341 0.0824
vn 0.8649 0.0001 0.5019
vn 0.9353 0.0001 0.3539
vn 0.9482 0.0003 0.3177
vn 0.8897 0.0003 0.4566
vn 0.9701 0.0003 0.2426
vn 0.9339 0.0005 0.3574
vn 0.9477 0.0006 0.3192
vn 0.9767 0.0004 0.2147
vn 0.9737 0.0005 0.2278
vn 0.9412 0.0008 0.3377
vn 0.7187 0.6953 0.0000
vn 0.7329 0.6787 0.0476
vn 0.5383 0.8427 0.0000
vn 0.9845 0.1255 0.1225
vn 0.9797 0.1903 0.0631
vn 0.9952 0.0515 0.0835
vn 0.9900 -0.0004 0.1410
vn 0.9720 0.0541 -0.2285
vn 0.9763 0.0679 -0.2053
vn 0.9482 0.2522 -0.1931
vn 0.9490 0.2147 -0.2308
vn 0.8797 0.4566 -0.1332
vn 0.8523 0.4895 -0.1845
vn 0.8162 0.5736 -0.0693
vn 0.7589 0.6438 -0.0982
vn 0.7917 0.6102 -0.0299
vn 0.7209 0.6923 -0.0313
vn 0.7028 0.7114 -0.0015
vn 0.6632 0.7484 -0.0001
vn 0.9883 0.0120 -0.1520
vn 0.9850 0.1029 -0.1387
vn 0.9580 0.2719 -0.0913
vn 0.9133 0.4053 -0.0399
vn 0.8883 0.4590 -0.0135
vn 0.5524 0.8336 -0.0037
vn 0.9886 -0.0002 -0.1503
vn 0.9911 0.0003 -0.1334
vn 0.9911 0.0480 -0.1240
vn 0.9918 -0.0415 0.1208
vn 0.9827 0.1818 -0.0361
vn 0.9923 0.1237 0.0034
vn 0.9687 0.2341 -0.0824
vn 0.8896 -0.0093 -0.4566
vn 0.9482 -0.0062 -0.3178
vn 0.9353 -0.0071 -0.3538
vn 0.8649 -0.0106 -0.5019
vn 0.9339 -0.0071 -0.3574
vn 0.9701 -0.0046 -0.2427
vn 0.9412 -0.0064 -0.3377
vn 0.9737 -0.0041 -0.2278
vn 0.9767 -0.0039 -0.2147
vn 0.9477 -0.0061 -0.3192
vn 0.7329 0.6787 -0.0476
vn 0.9845 0.1255 -0.1225
vn 0.9797 0.1903 -0.0631
vn 0.9900 -0.0004 -0.1410
vn 0.9952 0.0515 -0.0835
vn 0.6648 0.7471 0.0000
vn 0.7030 0.7112 0.0000
vn 0.9762 0.2170 0.0000
vn 0.9912 0.1325 0.0000
vn 1.0000 0.0000 0.0000
vn 1.0000 -0.0000 -0.0000
vn 0.9878 -0.0022 -0.1555
vn 0.9725 -0.0035 -0.2329
vn 0.9911 -0.0003 0.1330
vn 0.9912 -0.0001 0.1325
vn 0.9886 0.0001 0.1502
vn 0.9886 0.0001 0.1504
vn 0.9747 -0.0000 0.2237
vn 0.9800 -0.0000 0.1989
vn 0.9800 -0.0000 0.1990
vn 0.9901 -0.0004 0.1406
vn 0.9955 -0.0000 0.0953
vn 0.9955 0.0003 0.0952
vn 0.9901 -0.0001 0.1406
vn 0.9886 0.0001 -0.1504
vn 0.9886 -0.0015 -0.1504
vn 0.9912 -0.0016 -0.1324
vn 0.9911 -0.0003 -0.1330
vn 0.9800 -0.0000 -0.1990
vn 0.9800 -0.0000 -0.1989
vn 0.9747 -0.0000 -0.2237
vn 0.9901 -0.0004 -0.1406
vn 0.9901 -0.0016 -0.1406
vn 0.9954 -0.0007 -0.0956
vn 0.9955 -0.0000 -0.0953
vn 0.9986 0.0524 0.0000
vn 1.0000 -0.0000 -0.0002
vn 0.9747 -0.0001 0.2237
vn 0.9799 -0.0000 0.1993
vn 0.9799 -0.0022 -0.1994
vn 0.9747 -0.0025 -0.2237
vn 0.9855 0.0003 0.1695
vn 0.9814 0.0002 0.1919
vn 0.9925 0.0007 0.1223
vn 0.9878 0.0009 0.1554
vn 0.9837 0.0004 0.1799
vn 0.9814 -0.0037 -0.1919
vn 0.9855 -0.0031 -0.1695
vn 0.9837 -0.0033 -0.1799
vn 0.9925 -0.0018 -0.1222
vn 0.6502 -0.0383 0.7588
vn 0.7061 -0.0531 0.7061
vn 0.7128 -0.1810 0.6776
vn 0.6343 -0.2121 0.7434
vn 0.7378 -0.3826 0.5561
vn 0.6640 -0.4648 0.5857
vn 0.7675 -0.5478 0.3329
vn 0.6922 -0.6185 0.3718
vn 0.7754 -0.6174 0.1326
vn 0.7148 -0.6875 0.1282
vn 0.5589 -0.8292 0.0059
vn 0.6633 -0.7483 0.0004
vn 0.7778 -0.0110 0.6284
vn 0.8052 -0.0882 0.5865
vn 0.8555 -0.2612 0.4470
vn 0.8755 -0.4266 0.2271
vn 0.8692 -0.4794 0.1209
vn 0.4769 -0.8771 0.0573
vn 0.8011 0.0002 0.5985
vn 0.8308 0.0069 0.5566
vn 0.8494 -0.0240 0.5272
vn 0.9802 0.0309 -0.1955
vn 0.9739 -0.1326 0.1842
vn 0.9891 -0.1463 0.0167
vn 0.9184 -0.2423 0.3127
vn 0.6602 0.0001 0.7510
vn 0.7065 0.0003 0.7077
vn 0.7070 -0.0000 0.7072
vn 0.6602 -0.0000 0.7510
vn 0.8019 0.0004 0.5975
vn 0.8015 -0.0001 0.5979
vn 0.8180 0.0009 0.5752
vn 0.8178 0.0003 0.5755
vn 0.8339 0.0003 0.5520
vn 0.8349 0.0007 0.5504
vn 0.7477 -0.6641 0.0000
vn 0.4507 -0.8927 0.0000
vn 0.7559 -0.6224 0.2031
vn 0.8655 -0.0233 0.5004
vn 0.9328 -0.2287 0.2786
vn 0.8166 0.0039 0.5772
vn 0.9316 -0.0501 0.3600
vn 0.6502 -0.0383 -0.7588
vn 0.6343 -0.2121 -0.7434
vn 0.7128 -0.1810 -0.6776
vn 0.7061 -0.0531 -0.7061
vn 0.6640 -0.4648 -0.5857
vn 0.7378 -0.3826 -0.5561
vn 0.6922 -0.6185 -0.3718
vn 0.7675 -0.5478 -0.3329
vn 0.7148 -0.6875 -0.1282
vn 0.7754 -0.6174 -0.1326
vn 0.6633 -0.7483 -0.0004
vn 0.5589 -0.8292 -0.0059
vn 0.8052 -0.0882 -0.5865
vn 0.7778 -0.0110 -0.6284
vn 0.8555 -0.2612 -0.4470
vn 0.8755 -0.4266 -0.2271
vn 0.8692 -0.4794 -0.1209
vn 0.4769 -0.8771 -0.0573
vn 0.8494 -0.0240 -0.5272
vn 0.8308 0.0069 -0.5566
vn 0.8011 0.0002 -0.5985
vn 0.9802 0.0309 0.1955
vn 0.9739 -0.1326 -0.1842
vn 0.9891 -0.1463 -0.0167
vn 0.9184 -0.2423 -0.3127
vn 0.6602 -0.0077 -0.7510
vn 0.6602 -0.0000 -0.7511
vn 0.7070 -0.0000 -0.7072
vn 0.7067 -0.0070 -0.7075
vn 0.8015 -0.0001 -0.5979
vn 0.8021 -0.0058 -0.5971
vn 0.8180 -0.0051 -0.5752
vn 0.8348 -0.0050 -0.5505
vn 0.8339 0.0003 -0.5520
vn 0.8178 0.0003 -0.5755
vn 0.7559 -0.6224 -0.2031
vn 0.8655 -0.0233 -0.5004
vn 0.9328 -0.2287 -0.2786
vn 0.9316 -0.0501 -0.3600
vn 0.8166 0.0039 -0.5772
vn 0.5594 -0.8289 0.0000
vn 0.6649 -0.7470 0.0000
vn 0.9631 -0.2691 0.0000
vn 0.9904 -0.1380 0.0000
vn 0.9104 -0.0030 -0.4137
vn 0.9102 0.0000 -0.4143
vn 1.0000 -0.0000 0.0000
vn 1.0000 0.0000 0.0008
vn 0.8329 0.0002 0.5535
vn 0.8010 -0.0000 0.5986
vn 0.7075 -0.0000 0.7067
vn 0.7077 -0.0000 0.7066
vn 0.8177 0.0004 0.5756
vn 0.9102 0.0000 0.4141
vn 0.9102 0.0000 0.4143
vn 0.8010 -0.0000 -0.5986
vn 0.8329 0.0002 -0.5535
vn 0.7075 -0.0000 -0.7067
vn 0.7077 -0.0000 -0.7066
vn 0.8177 0.0004 -0.5756
vn 0.9102 0.0000 -0.4141
vn 0.9986 -0.0520 0.0000
vn 0.9099 0.0013 0.4147
vn 0.9590 -0.0000 0.2834
vn 0.9674 0.0001 0.2533
vn 0.9674 -0.0050 -0.2533
vn 0.9590 -0.0057 -0.2834
vn 0.9725 0.0014 0.2329
# 237 vertex normals

vt 0.2541 0.9973 0.5130
vt 0.2544 0.9976 0.5130
vt 0.2558 0.9975 0.5403
vt 0.2557 0.9974 0.5403
vt 0.2553 0.9977 0.5130
vt 0.2562 0.9976 0.5403
vt 0.2562 0.9978 0.5130
vt 0.2569 0.9976 0.5403
vt 0.2572 0.9978 0.5130
vt 0.2573 0.9977 0.5403
vt 0.2713 0.9978 0.5133
vt 0.2713 0.9977 0.5450
vt 0.2575 0.9974 0.5642
vt 0.2574 0.9973 0.5636
vt 0.2577 0.9974 0.5646
vt 0.2581 0.9975 0.5644
vt 0.2583 0.9975 0.5641
vt 0.2713 0.9975 0.5749
vt 0.2593 0.9972 0.5809
vt 0.2592 0.9960 0.5807
vt 0.2574 0.9961 0.5633
vt 0.2593 0.9972 0.5808
vt 0.2594 0.9972 0.5803
vt 0.2595 0.9972 0.5800
vt 0.2597 0.9973 0.5796
vt 0.2542 0.2552 0.5129
vt 0.2542 0.5013 0.5130
vt 0.2551 0.5013 0.5403
vt 0.2548 0.2552 0.5403
vt 0.2562 0.5013 0.5629
vt 0.2555 0.2552 0.5629
vt 0.2562 0.2552 0.5798
vt 0.2572 0.5013 0.5798
vt 0.2580 0.5013 0.5922
vt 0.2567 0.2552 0.5922
vt 0.2837 0.9973 0.6936
vt 0.2713 0.9973 0.6816
vt 0.2837 0.9975 0.5747
vt 0.2603 0.9971 0.5922
vt 0.2714 0.9971 0.6896
vt 0.2714 0.9959 0.7107
vt 0.2603 0.9959 0.5922
vt 0.3134 0.9973 0.5130
vt 0.3118 0.9974 0.5403
vt 0.3117 0.9975 0.5403
vt 0.3131 0.9976 0.5130
vt 0.3113 0.9976 0.5403
vt 0.3122 0.9977 0.5130
vt 0.3106 0.9976 0.5403
vt 0.3113 0.9978 0.5130
vt 0.3102 0.9977 0.5403
vt 0.3103 0.9978 0.5130
vt 0.2962 0.9977 0.5450
vt 0.2962 0.9978 0.5133
vt 0.3101 0.9973 0.5636
vt 0.3100 0.9974 0.5642
vt 0.3098 0.9974 0.5646
vt 0.3094 0.9975 0.5644
vt 0.3092 0.9975 0.5641
vt 0.2962 0.9975 0.5749
vt 0.3101 0.9961 0.5633
vt 0.3083 0.9960 0.5807
vt 0.3082 0.9972 0.5809
vt 0.3082 0.9972 0.5808
vt 0.3081 0.9972 0.5803
vt 0.3080 0.9972 0.5800
vt 0.3078 0.9973 0.5796
vt 0.2770 0.2552 0.5403
vt 0.2892 0.5013 0.5403
vt 0.2901 0.5013 0.5130
vt 0.2777 0.2552 0.5129
vt 0.2764 0.2552 0.5629
vt 0.2882 0.5013 0.5629
vt 0.2752 0.2552 0.5922
vt 0.2864 0.5013 0.5922
vt 0.2871 0.5013 0.5798
vt 0.2757 0.2552 0.5798
vt 0.2961 0.9973 0.6816
vt 0.3072 0.9971 0.5922
vt 0.2961 0.9971 0.6896
vt 0.3072 0.9959 0.5922
vt 0.2961 0.9959 0.7107
vt 0.2837 0.9978 0.5132
vt 0.2837 0.9977 0.5448
vt 0.2837 0.9971 0.7018
vt 0.2837 0.9959 0.7347
vt 0.2659 0.2552 0.7560
vt 0.2722 0.5013 0.7560
vt 0.2797 0.5013 0.7107
vt 0.2708 0.2552 0.7107
vt 0.2592 0.9948 0.5804
vt 0.2592 0.9936 0.5800
vt 0.2574 0.9936 0.5630
vt 0.2574 0.9948 0.5631
vt 0.2541 0.9948 0.5130
vt 0.2541 0.9961 0.5130
vt 0.2557 0.9961 0.5403
vt 0.2557 0.9948 0.5403
vt 0.2603 0.9948 0.5922
vt 0.2714 0.9948 0.7107
vt 0.2714 0.9936 0.7107
vt 0.2603 0.9936 0.5922
vt 0.3101 0.9948 0.5631
vt 0.3101 0.9936 0.5630
vt 0.3083 0.9936 0.5800
vt 0.3083 0.9948 0.5804
vt 0.3118 0.9948 0.5403
vt 0.3118 0.9961 0.5403
vt 0.3134 0.9961 0.5130
vt 0.3134 0.9948 0.5130
vt 0.3072 0.9948 0.5922
vt 0.3072 0.9936 0.5922
vt 0.2961 0.9936 0.7107
vt 0.2961 0.9948 0.7107
vt 0.2837 0.9948 0.7560
vt 0.2837 0.9936 0.7560
vt 0.2541 0.9936 0.5130
vt 0.2557 0.9936 0.5403
vt 0.3118 0.9936 0.5403
vt 0.3134 0.9936 0.5130
vt 0.2585 0.7474 0.5799
vt 0.2571 0.7474 0.5629
vt 0.2680 0.7474 0.7107
vt 0.2646 0.5013 0.7107
vt 0.2594 0.7474 0.5922
vt 0.2981 0.7474 0.5629
vt 0.2967 0.7474 0.5799
vt 0.2958 0.7474 0.5922
vt 0.2872 0.7474 0.7107
vt 0.2776 0.7474 0.7560
vt 0.2540 0.0040 0.5129
vt 0.2544 0.0039 0.5403
vt 0.2544 0.0038 0.5403
vt 0.2541 0.0038 0.5129
vt 0.2545 0.0037 0.5403
vt 0.2543 0.0036 0.5129
vt 0.2546 0.0037 0.5403
vt 0.2544 0.0035 0.5129
vt 0.2547 0.0037 0.5403
vt 0.2547 0.0035 0.5129
vt 0.2575 0.0037 0.5450
vt 0.2575 0.0035 0.5132
vt 0.2547 0.0040 0.5635
vt 0.2547 0.0039 0.5642
vt 0.2548 0.0039 0.5646
vt 0.2548 0.0039 0.5643
vt 0.2549 0.0039 0.5641
vt 0.2575 0.0038 0.5846
vt 0.2547 0.0053 0.5632
vt 0.2551 0.0054 0.5807
vt 0.2551 0.0042 0.5846
vt 0.2551 0.0041 0.5848
vt 0.2551 0.0041 0.5845
vt 0.2551 0.0041 0.5842
vt 0.2552 0.0041 0.5837
vt 0.2540 0.0090 0.5129
vt 0.2544 0.0090 0.5403
vt 0.2544 0.0078 0.5403
vt 0.2540 0.0078 0.5129
vt 0.2547 0.0090 0.5628
vt 0.2547 0.0078 0.5629
vt 0.2553 0.0090 0.5922
vt 0.2553 0.0078 0.5922
vt 0.2551 0.0078 0.5800
vt 0.2551 0.0090 0.5797
vt 0.2600 0.0041 0.6827
vt 0.2600 0.0038 0.5843
vt 0.2575 0.0041 0.6708
vt 0.2553 0.0044 0.5939
vt 0.2575 0.0044 0.6913
vt 0.2553 0.0054 0.5922
vt 0.2575 0.0054 0.7107
vt 0.2660 0.0040 0.5129
vt 0.2659 0.0038 0.5129
vt 0.2656 0.0038 0.5403
vt 0.2657 0.0039 0.5403
vt 0.2658 0.0036 0.5129
vt 0.2656 0.0037 0.5403
vt 0.2656 0.0035 0.5129
vt 0.2654 0.0037 0.5403
vt 0.2654 0.0035 0.5129
vt 0.2625 0.0035 0.5132
vt 0.2625 0.0037 0.5450
vt 0.2653 0.0039 0.5642
vt 0.2653 0.0040 0.5635
vt 0.2653 0.0039 0.5646
vt 0.2652 0.0039 0.5643
vt 0.2651 0.0039 0.5641
vt 0.2625 0.0038 0.5846
vt 0.2650 0.0042 0.5846
vt 0.2650 0.0054 0.5807
vt 0.2653 0.0053 0.5632
vt 0.2649 0.0041 0.5848
vt 0.2649 0.0041 0.5845
vt 0.2649 0.0041 0.5842
vt 0.2649 0.0041 0.5837
vt 0.2660 0.0090 0.5129
vt 0.2660 0.0078 0.5129
vt 0.2657 0.0078 0.5403
vt 0.2657 0.0090 0.5403
vt 0.2653 0.0078 0.5629
vt 0.2653 0.0090 0.5628
vt 0.2647 0.0090 0.5922
vt 0.2650 0.0090 0.5797
vt 0.2650 0.0078 0.5800
vt 0.2647 0.0078 0.5922
vt 0.2625 0.0041 0.6708
vt 0.2647 0.0044 0.5939
vt 0.2625 0.0044 0.6913
vt 0.2625 0.0054 0.7107
vt 0.2647 0.0054 0.5922
vt 0.2600 0.0037 0.5448
vt 0.2600 0.0035 0.5132
vt 0.2600 0.0044 0.7035
vt 0.2600 0.0054 0.7346
vt 0.2625 0.0090 0.7107
vt 0.2625 0.0078 0.7107
vt 0.2600 0.0078 0.7560
vt 0.2600 0.0090 0.7560
vt 0.2551 0.0065 0.5804
vt 0.2547 0.0065 0.5631
vt 0.2540 0.0065 0.5129
vt 0.2544 0.0065 0.5403
vt 0.2544 0.0052 0.5403
vt 0.2540 0.0053 0.5129
vt 0.2553 0.0065 0.5922
vt 0.2575 0.0065 0.7107
vt 0.2575 0.0078 0.7107
vt 0.2653 0.0065 0.5631
vt 0.2650 0.0065 0.5804
vt 0.2657 0.0065 0.5403
vt 0.2660 0.0065 0.5129
vt 0.2660 0.0053 0.5129
vt 0.2657 0.0052 0.5403
vt 0.2647 0.0065 0.5922
vt 0.2625 0.0065 0.7107
vt 0.2600 0.0065 0.7560
vt 0.2575 0.0090 0.7107
vt 0.2546 0.7474 0.5130
vt 0.2558 0.7474 0.5403
vt 0.2994 0.7474 0.5403
vt 0.3006 0.7474 0.5130
vt 0.2610 0.2552 0.7107
# 243 texture coords

o Rectangle006
g Rectangle006
usemtl wire_115115115
s off
f 1232/1247/1197 1231/1246/1196 1230/1245/1195 1229/1244/1194 
f 1231/1246/1196 1234/1249/1199 1233/1248/1198 1230/1245/1195 
f 1234/1249/1199 1236/1251/1201 1235/1250/1200 1233/1248/1198 
f 1236/1251/1201 1238/1253/1203 1237/1252/1202 1235/1250/1200 
f 1238/1253/1203 1240/1255/1205 1239/1254/1204 1237/1252/1202 
f 1242/1257/1207 1241/1256/1206 1231/1246/1196 1232/1247/1197 
f 1241/1256/1206 1243/1258/1208 1234/1249/1199 1231/1246/1196 
f 1243/1258/1208 1244/1259/1209 1236/1251/1201 1234/1249/1199 
f 1244/1259/1209 1245/1260/1210 1238/1253/1203 1236/1251/1201 
f 1245/1260/1210 1246/1261/1211 1240/1255/1205 1238/1253/1203 
f 1249/1264/1214 1248/1263/1213 1247/1262/1212 1242/1257/1207 
f 1242/1257/1207 1247/1262/1212 1250/1265/1215 1241/1256/1206 
f 1241/1256/1206 1250/1265/1215 1251/1266/1216 1243/1258/1208 
f 1243/1258/1208 1251/1266/1216 1252/1267/1217 1244/1259/1209 
f 1244/1259/1209 1252/1267/1217 1253/1268/1218 1245/1260/1210 
f 1257/1272/1222 1256/1271/1221 1255/1270/1220 1254/1269/1219 
f 1259/1274/1224 1258/1273/1223 1256/1271/1221 1257/1272/1222 
s 1
f 1263/1278/1228 1262/1277/1227 1261/1276/1226 1260/1275/1225 
s off
f 1266/1281/1231 1246/1261/1211 1265/1280/1230 1264/1279/1229 
s 1
f 1267/1282/1232 1253/1268/1218 1252/1267/1217 1251/1266/1216 1250/1265/1215 1247/1262/1212 
f 1267/1282/1232 1268/1283/1233 1265/1280/1230 1253/1268/1218 
f 1270/1285/1235 1269/1284/1234 1268/1283/1233 1267/1282/1232 
s off
f 1274/1289/1239 1273/1288/1238 1272/1287/1237 1271/1286/1236 
f 1276/1291/1241 1275/1290/1240 1273/1288/1238 1274/1289/1239 
f 1278/1293/1243 1277/1292/1242 1275/1290/1240 1276/1291/1241 
f 1280/1295/1245 1279/1294/1244 1277/1292/1242 1278/1293/1243 
f 1282/1297/1247 1281/1296/1246 1279/1294/1244 1280/1295/1245 
f 1273/1288/1238 1284/1299/1249 1283/1298/1248 1272/1287/1237 
f 1275/1290/1240 1285/1300/1250 1284/1299/1249 1273/1288/1238 
f 1277/1292/1242 1286/1301/1251 1285/1300/1250 1275/1290/1240 
f 1279/1294/1244 1287/1302/1252 1286/1301/1251 1277/1292/1242 
f 1281/1296/1246 1288/1303/1253 1287/1302/1252 1279/1294/1244 
f 1291/1306/1256 1290/1305/1255 1289/1304/1254 1283/1298/1248 
f 1292/1307/1257 1291/1306/1256 1283/1298/1248 1284/1299/1249 
f 1293/1308/1258 1292/1307/1257 1284/1299/1249 1285/1300/1250 
f 1294/1309/1259 1293/1308/1258 1285/1300/1250 1286/1301/1251 
f 1295/1310/1260 1294/1309/1259 1286/1301/1251 1287/1302/1252 
f 1299/1314/1264 1298/1313/1263 1297/1312/1262 1296/1311/1261 
f 1296/1311/1261 1297/1312/1262 1301/1316/1266 1300/1315/1265 
s 1
f 1305/1320/1270 1304/1319/1269 1303/1318/1268 1302/1317/1267 
s off
f 1306/1321/1271 1288/1303/1253 1266/1281/1231 1264/1279/1229 
s 1
f 1292/1307/1257 1293/1308/1258 1294/1309/1259 1295/1310/1260 1307/1322/1272 1291/1306/1256 
f 1306/1321/1271 1308/1323/1273 1307/1322/1272 1295/1310/1260 
f 1308/1323/1273 1310/1325/1275 1309/1324/1274 1307/1322/1272 
s off
f 1240/1255/1205 1312/1327/1277 1311/1326/1276 1239/1254/1204 
f 1246/1261/1211 1266/1281/1231 1312/1327/1277 1240/1255/1205 
f 1246/1261/1211 1245/1260/1210 1253/1268/1218 1265/1280/1230 
s 1
f 1268/1283/1233 1313/1328/1278 1264/1279/1229 1265/1280/1230 
f 1269/1284/1234 1314/1329/1279 1313/1328/1278 1268/1283/1233 
s off
f 1282/1297/1247 1311/1326/1276 1312/1327/1277 1281/1296/1246 
f 1281/1296/1246 1312/1327/1277 1266/1281/1231 1288/1303/1253 
f 1306/1321/1271 1295/1310/1260 1287/1302/1252 1288/1303/1253 
s 1
f 1306/1321/1271 1264/1279/1229 1313/1328/1278 1308/1323/1273 
f 1318/1333/1283 1317/1332/1282 1316/1331/1281 1315/1330/1280 
s off
f 1322/1337/1287 1321/1336/1286 1320/1335/1285 1319/1334/1284 
f 1326/1341/1290 1325/1340/1289 1324/1339/1288 1323/1338/1288 
f 1322/1337/1287 1249/1264/1214 1325/1340/1289 1326/1341/1290 
s 1
f 1327/1342/1291 1270/1285/1235 1248/1263/1213 1319/1334/1284 
f 1327/1342/1291 1330/1345/1294 1329/1344/1293 1328/1343/1292 
s off
f 1334/1349/1298 1333/1348/1297 1332/1347/1296 1331/1346/1295 
f 1338/1353/1301 1337/1352/1301 1336/1351/1300 1335/1350/1299 
f 1335/1350/1299 1336/1351/1300 1289/1304/1254 1331/1346/1295 
s 1
f 1334/1349/1298 1290/1305/1255 1309/1324/1274 1339/1354/1302 
f 1342/1357/1305 1341/1356/1304 1340/1355/1303 1339/1354/1302 
f 1328/1343/1292 1329/1344/1293 1344/1359/1307 1343/1358/1306 
f 1342/1357/1305 1310/1325/1275 1314/1329/1279 1343/1358/1306 
s off
f 1346/1361/1309 1326/1341/1290 1323/1338/1288 1345/1360/1308 
f 1321/1336/1286 1322/1337/1287 1326/1341/1290 1346/1361/1309 
s 1
f 1330/1345/1294 1327/1342/1291 1319/1334/1284 1320/1335/1285 
s off
f 1348/1363/1311 1338/1353/1301 1335/1350/1299 1347/1362/1310 
f 1347/1362/1310 1335/1350/1299 1331/1346/1295 1332/1347/1296 
s 1
f 1333/1348/1297 1334/1349/1298 1339/1354/1302 1340/1355/1303 
f 1341/1356/1304 1342/1357/1305 1343/1358/1306 1344/1359/1307 
s off
f 1350/1365/1313 1258/1273/1223 1261/1276/1226 1349/1364/1312 
s 1
f 1353/1368/1316 1262/1277/1227 1352/1367/1315 1351/1366/1314 
s off
f 1355/1370/1318 1304/1319/1269 1301/1316/1266 1354/1369/1317 
s 1
f 1357/1372/1320 1317/1332/1282 1303/1318/1268 1356/1371/1319 
f 1351/1366/1314 1352/1367/1315 1316/1331/1281 1358/1373/1280 
s off
f 1249/1264/1214 1322/1337/1287 1319/1334/1284 1248/1263/1213 
s 1
f 1270/1285/1235 1327/1342/1291 1328/1343/1292 1269/1284/1234 
s off
f 1290/1305/1255 1334/1349/1298 1331/1346/1295 1289/1304/1254 
s 1
f 1310/1325/1275 1342/1357/1305 1339/1354/1302 1309/1324/1274 
f 1269/1284/1234 1328/1343/1292 1343/1358/1306 1314/1329/1279 
s off
f 1325/1340/1289 1232/1247/1197 1229/1244/1194 1324/1339/1288 
f 1249/1264/1214 1242/1257/1207 1232/1247/1197 1325/1340/1289 
s 1
f 1270/1285/1235 1267/1282/1232 1247/1262/1212 1248/1263/1213 
s off
f 1337/1352/1301 1271/1286/1236 1272/1287/1237 1336/1351/1300 
f 1336/1351/1300 1272/1287/1237 1283/1298/1248 1289/1304/1254 
s 1
f 1290/1305/1255 1291/1306/1256 1307/1322/1272 1309/1324/1274 
f 1310/1325/1275 1308/1323/1273 1313/1328/1278 1314/1329/1279 
s off
f 1362/1377/1324 1361/1376/1323 1360/1375/1322 1359/1374/1321 
f 1364/1379/1326 1363/1378/1325 1361/1376/1323 1362/1377/1324 
f 1366/1381/1328 1365/1380/1327 1363/1378/1325 1364/1379/1326 
f 1368/1383/1330 1367/1382/1329 1365/1380/1327 1366/1381/1328 
f 1370/1385/1332 1369/1384/1331 1367/1382/1329 1368/1383/1330 
f 1361/1376/1323 1372/1387/1334 1371/1386/1333 1360/1375/1322 
f 1363/1378/1325 1373/1388/1335 1372/1387/1334 1361/1376/1323 
f 1365/1380/1327 1374/1389/1336 1373/1388/1335 1363/1378/1325 
f 1367/1382/1329 1375/1390/1337 1374/1389/1336 1365/1380/1327 
f 1369/1384/1331 1376/1391/1338 1375/1390/1337 1367/1382/1329 
f 1379/1394/1341 1378/1393/1340 1377/1392/1339 1371/1386/1333 
f 1380/1395/1342 1379/1394/1341 1371/1386/1333 1372/1387/1334 
f 1381/1396/1343 1380/1395/1342 1372/1387/1334 1373/1388/1335 
f 1382/1397/1344 1381/1396/1343 1373/1388/1335 1374/1389/1336 
f 1383/1398/1345 1382/1397/1344 1374/1389/1336 1375/1390/1337 
f 1387/1402/1349 1386/1401/1348 1385/1400/1347 1384/1399/1346 
f 1386/1401/1348 1389/1404/1351 1388/1403/1350 1385/1400/1347 
s 1
f 1393/1408/1355 1392/1407/1354 1391/1406/1353 1390/1405/1352 
s off
f 1396/1411/1358 1376/1391/1338 1395/1410/1357 1394/1409/1356 
s 1
f 1380/1395/1342 1381/1396/1343 1382/1397/1344 1383/1398/1345 1397/1412/1359 1379/1394/1341 
f 1396/1411/1358 1398/1413/1360 1397/1412/1359 1383/1398/1345 
f 1398/1413/1360 1400/1415/1362 1399/1414/1361 1397/1412/1359 
s off
f 1404/1419/1366 1403/1418/1365 1402/1417/1364 1401/1416/1363 
f 1403/1418/1365 1406/1421/1368 1405/1420/1367 1402/1417/1364 
f 1406/1421/1368 1408/1423/1370 1407/1422/1369 1405/1420/1367 
f 1408/1423/1370 1410/1423/1372 1409/1424/1371 1407/1422/1369 
f 1410/1423/1372 1412/1426/1374 1411/1425/1373 1409/1424/1371 
f 1414/1428/1376 1413/1427/1375 1403/1418/1365 1404/1419/1366 
f 1413/1427/1375 1415/1429/1377 1406/1421/1368 1403/1418/1365 
f 1415/1429/1377 1416/1430/1378 1408/1423/1370 1406/1421/1368 
f 1416/1430/1378 1417/1431/1379 1410/1423/1372 1408/1423/1370 
f 1417/1431/1379 1418/1432/1380 1412/1426/1374 1410/1423/1372 
f 1421/1435/1383 1420/1434/1382 1419/1433/1381 1414/1428/1376 
f 1414/1428/1376 1419/1433/1381 1422/1436/1384 1413/1427/1375 
f 1413/1427/1375 1422/1436/1384 1423/1437/1385 1415/1429/1377 
f 1415/1429/1377 1423/1437/1385 1424/1438/1386 1416/1430/1378 
f 1416/1430/1378 1424/1438/1386 1425/1439/1387 1417/1431/1379 
f 1429/1443/1391 1428/1442/1390 1427/1441/1389 1426/1440/1388 
f 1431/1445/1393 1430/1444/1392 1428/1442/1390 1429/1443/1391 
s 1
f 1435/1449/1397 1434/1448/1396 1433/1447/1395 1432/1446/1394 
s off
f 1395/1410/1357 1418/1432/1380 1436/1450/1398 1394/1409/1356 
s 1
f 1437/1451/1399 1425/1439/1387 1424/1438/1386 1423/1437/1385 1422/1436/1384 1419/1433/1381 
f 1437/1451/1399 1438/1452/1400 1436/1450/1398 1425/1439/1387 
f 1440/1454/1402 1439/1453/1401 1438/1452/1400 1437/1451/1399 
s off
f 1442/1456/1404 1441/1455/1403 1369/1384/1331 1370/1385/1332 
f 1441/1455/1403 1395/1410/1357 1376/1391/1338 1369/1384/1331 
f 1383/1398/1345 1375/1390/1337 1376/1391/1338 1396/1411/1358 
s 1
f 1394/1409/1356 1443/1457/1405 1398/1413/1360 1396/1411/1358 
f 1443/1457/1405 1444/1458/1406 1400/1415/1362 1398/1413/1360 
s off
f 1441/1455/1403 1442/1456/1404 1411/1425/1373 1412/1426/1374 
f 1395/1410/1357 1441/1455/1403 1412/1426/1374 1418/1432/1380 
f 1417/1431/1379 1425/1439/1387 1436/1450/1398 1418/1432/1380 
s 1
f 1443/1457/1405 1394/1409/1356 1436/1450/1398 1438/1452/1400 
f 1448/1462/1410 1447/1461/1409 1446/1460/1408 1445/1459/1407 
s off
f 1392/1407/1354 1389/1404/1351 1450/1464/1412 1449/1463/1411 
f 1454/1468/1349 1453/1467/1414 1452/1466/1413 1451/1465/1349 
f 1453/1467/1414 1377/1392/1339 1450/1464/1412 1452/1466/1413 
s 1
f 1378/1393/1340 1399/1414/1361 1455/1469/1415 1449/1463/1411 
f 1457/1471/1417 1391/1406/1353 1455/1469/1415 1456/1470/1416 
s off
f 1430/1444/1392 1434/1448/1396 1459/1473/1419 1458/1472/1418 
f 1463/1477/1421 1462/1476/1389 1461/1475/1389 1460/1474/1420 
f 1421/1435/1383 1463/1477/1421 1460/1474/1420 1458/1472/1418 
s 1
f 1440/1454/1402 1420/1434/1382 1459/1473/1419 1464/1478/1422 
f 1435/1449/1397 1446/1460/1408 1465/1479/1423 1464/1478/1422 
f 1447/1461/1409 1457/1471/1417 1456/1470/1416 1466/1480/1424 
f 1444/1458/1406 1439/1453/1401 1465/1479/1423 1466/1480/1424 
s off
f 1451/1465/1349 1452/1466/1413 1386/1401/1348 1387/1402/1349 
f 1452/1466/1413 1450/1464/1412 1389/1404/1351 1386/1401/1348 
s 1
f 1449/1463/1411 1455/1469/1415 1391/1406/1353 1392/1407/1354 
s off
f 1460/1474/1420 1461/1475/1389 1427/1441/1389 1428/1442/1390 
f 1458/1472/1418 1460/1474/1420 1428/1442/1390 1430/1444/1392 
s 1
f 1464/1478/1422 1459/1473/1419 1434/1448/1396 1435/1449/1397 
f 1466/1480/1424 1465/1479/1423 1446/1460/1408 1447/1461/1409 
s off
f 1393/1408/1355 1388/1403/1350 1389/1404/1351 1392/1407/1354 
s 1
f 1467/1481/1425 1390/1405/1352 1391/1406/1353 1457/1471/1417 
s off
f 1431/1445/1393 1433/1447/1395 1434/1448/1396 1430/1444/1392 
s 1
f 1432/1446/1394 1445/1459/1407 1446/1460/1408 1435/1449/1397 
f 1448/1462/1410 1467/1481/1425 1457/1471/1417 1447/1461/1409 
s off
f 1449/1463/1411 1450/1464/1412 1377/1392/1339 1378/1393/1340 
s 1
f 1456/1470/1416 1455/1469/1415 1399/1414/1361 1400/1415/1362 
s off
f 1458/1472/1418 1459/1473/1419 1420/1434/1382 1421/1435/1383 
s 1
f 1464/1478/1422 1465/1479/1423 1439/1453/1401 1440/1454/1402 
f 1466/1480/1424 1456/1470/1416 1400/1415/1362 1444/1458/1406 
s off
f 1359/1374/1321 1360/1375/1322 1453/1467/1414 1454/1468/1349 
f 1360/1375/1322 1371/1386/1333 1377/1392/1339 1453/1467/1414 
s 1
f 1379/1394/1341 1397/1412/1359 1399/1414/1361 1378/1393/1340 
s off
f 1404/1419/1366 1401/1416/1363 1462/1476/1389 1463/1477/1421 
f 1414/1428/1376 1404/1419/1366 1463/1477/1421 1421/1435/1383 
s 1
f 1437/1451/1399 1419/1433/1381 1420/1434/1382 1440/1454/1402 
f 1443/1457/1405 1438/1452/1400 1439/1453/1401 1444/1458/1406 
s off
f 1469/1483/1427 1346/1361/1309 1345/1360/1308 1468/1482/1426 
f 1256/1271/1221 1469/1483/1427 1468/1482/1426 1255/1270/1220 
f 1254/1269/1219 1384/1399/1346 1385/1400/1347 1257/1272/1222 
f 1350/1365/1313 1321/1336/1286 1346/1361/1309 1469/1483/1427 
f 1258/1273/1223 1350/1365/1313 1469/1483/1427 1256/1271/1221 
f 1257/1272/1222 1385/1400/1347 1388/1403/1350 1259/1274/1224 
s 1
f 1353/1368/1316 1330/1345/1294 1320/1335/1285 1349/1364/1312 
f 1262/1277/1227 1353/1368/1316 1349/1364/1312 1261/1276/1226 
f 1260/1275/1225 1393/1408/1355 1390/1405/1352 1263/1278/1228 
s off
f 1471/1485/1429 1348/1363/1311 1347/1362/1310 1470/1484/1428 
f 1298/1313/1263 1471/1485/1429 1470/1484/1428 1297/1312/1262 
f 1296/1311/1261 1429/1443/1391 1426/1440/1388 1299/1314/1264 
f 1470/1484/1428 1347/1362/1310 1332/1347/1296 1354/1369/1317 
f 1297/1312/1262 1470/1484/1428 1354/1369/1317 1301/1316/1266 
f 1300/1315/1265 1431/1445/1393 1429/1443/1391 1296/1311/1261 
s 1
f 1355/1370/1318 1333/1348/1297 1340/1355/1303 1356/1371/1319 
f 1304/1319/1269 1355/1370/1318 1356/1371/1319 1303/1318/1268 
f 1302/1317/1267 1432/1446/1394 1433/1447/1395 1305/1320/1270 
f 1357/1372/1320 1341/1356/1304 1344/1359/1307 1358/1373/1280 
f 1317/1332/1282 1357/1372/1320 1358/1373/1280 1316/1331/1281 
f 1315/1330/1280 1448/1462/1410 1445/1459/1407 1318/1333/1283 
s off
f 1259/1274/1224 1388/1403/1350 1393/1408/1355 1260/1275/1225 
f 1258/1273/1223 1259/1274/1224 1260/1275/1225 1261/1276/1226 
f 1349/1364/1312 1320/1335/1285 1321/1336/1286 1350/1365/1313 
s 1
f 1263/1278/1228 1390/1405/1352 1467/1481/1425 1472/1486/1430 
f 1262/1277/1227 1263/1278/1228 1472/1486/1430 1352/1367/1315 
f 1351/1366/1314 1329/1344/1293 1330/1345/1294 1353/1368/1316 
s off
f 1305/1320/1270 1433/1447/1395 1431/1445/1393 1300/1315/1265 
f 1304/1319/1269 1305/1320/1270 1300/1315/1265 1301/1316/1266 
f 1354/1369/1317 1332/1347/1296 1333/1348/1297 1355/1370/1318 
s 1
f 1318/1333/1283 1445/1459/1407 1432/1446/1394 1302/1317/1267 
f 1317/1332/1282 1318/1333/1283 1302/1317/1267 1303/1318/1268 
f 1356/1371/1319 1340/1355/1303 1341/1356/1304 1357/1372/1320 
f 1472/1486/1430 1467/1481/1425 1448/1462/1410 1315/1330/1280 
f 1352/1367/1315 1472/1486/1430 1315/1330/1280 1316/1331/1281 
f 1358/1373/1280 1344/1359/1307 1329/1344/1293 1351/1366/1314 
# 216 polygons

#
# object Rectangle007
#

v  -892.8874 2823.4834 -167.9208
v  -892.8874 2824.0679 -168.2985
v  -892.3407 2823.9634 -169.9987
v  -892.3407 2823.6760 -169.8252
v  -892.8874 2824.5210 -169.3123
v  -892.3407 2824.1802 -170.4271
v  -892.8874 2824.7124 -170.4162
v  -892.3407 2824.3257 -171.2586
v  -892.8874 2824.8135 -171.6340
v  -892.3407 2824.3633 -171.7435
v  -892.8816 2824.8135 -188.6019
v  -892.2462 2824.3633 -188.6029
v  -891.8619 2823.5901 -172.0243
v  -891.8755 2823.4099 -171.9252
v  -891.8544 2823.6934 -172.2105
v  -891.8593 2823.7913 -172.6999
v  -891.8640 2823.8123 -172.9844
v  -891.6477 2823.8364 -188.6136
v  -891.5294 2822.9702 -174.1251
v  -891.5324 2819.6377 -174.0914
v  -891.8813 2819.8579 -171.9028
v  -891.5306 2823.0691 -174.2010
v  -891.5409 2823.1455 -174.2800
v  -891.5461 2823.1917 -174.4283
v  -891.5538 2823.2314 -174.6111
v  -892.8877 745.3562 -168.0576
v  -892.8876 1434.5444 -168.0149
v  -892.3409 1434.5449 -169.1701
v  -892.3411 745.3564 -168.8108
v  -891.8887 1434.5415 -170.4044
v  -891.8894 745.3547 -169.6140
v  -891.5516 745.3524 -170.4613
v  -891.5497 1434.5369 -171.7066
v  -891.3029 1434.5349 -172.5583
v  -891.3030 745.3516 -171.0210
v  -889.2749 2823.2407 -203.5064
v  -889.5138 2823.2363 -188.6276
v  -891.6519 2823.8384 -203.5064
v  -891.3027 2822.8174 -175.3759
v  -889.3550 2822.7981 -188.6342
v  -888.9324 2819.5505 -188.6342
v  -891.3027 2819.5601 -175.3860
v  -892.8873 2823.4834 -239.0921
v  -892.3407 2823.6760 -237.1876
v  -892.3407 2823.9634 -237.0141
v  -892.8873 2824.0679 -238.7144
v  -892.3407 2824.1802 -236.5858
v  -892.8873 2824.5210 -237.7005
v  -892.3407 2824.3257 -235.7543
v  -892.8873 2824.7124 -236.5966
v  -892.3407 2824.3633 -235.2694
v  -892.8873 2824.8135 -235.3789
v  -892.2462 2824.3633 -218.4098
v  -892.8816 2824.8135 -218.4107
v  -891.8755 2823.4099 -235.0877
v  -891.8619 2823.5901 -234.9886
v  -891.8544 2823.6934 -234.8024
v  -891.8593 2823.7913 -234.3130
v  -891.8640 2823.8123 -234.0284
v  -891.6477 2823.8364 -218.3992
v  -891.8813 2819.8579 -235.1101
v  -891.5324 2819.6377 -232.9215
v  -891.5293 2822.9702 -232.8877
v  -891.5306 2823.0691 -232.8118
v  -891.5409 2823.1455 -232.7328
v  -891.5461 2823.1917 -232.5846
v  -891.5538 2823.2314 -232.4017
v  -892.3411 745.3564 -195.4521
v  -892.3409 1434.5449 -210.0303
v  -892.8876 1434.5444 -211.1855
v  -892.8877 745.3562 -196.2052
v  -891.8894 745.3547 -194.6489
v  -891.8887 1434.5415 -208.7960
v  -891.3030 745.3514 -193.2419
v  -891.3029 1434.5349 -206.6420
v  -891.5497 1434.5369 -207.4937
v  -891.5516 745.3525 -193.8016
v  -889.5138 2823.2363 -218.3854
v  -891.3027 2822.8174 -231.6370
v  -889.3550 2822.7981 -218.3789
v  -891.3027 2819.5601 -231.6269
v  -888.9324 2819.5505 -218.3788
v  -892.8826 2824.8135 -203.5064
v  -892.2498 2824.3633 -203.5064
v  -889.1108 2822.7788 -203.5064
v  -888.4534 2819.5410 -203.5064
v  -888.0271 745.3516 -182.1314
v  -888.0270 1434.5349 -189.6002
v  -888.9326 1434.5349 -198.6212
v  -888.9327 745.3514 -188.0132
v  -891.5385 2816.3052 -174.0576
v  -891.5460 2812.9058 -174.0239
v  -891.8873 2812.9150 -171.8683
v  -891.8849 2816.3101 -171.8848
v  -892.8874 2816.3110 -167.9208
v  -892.8874 2819.8972 -167.9208
v  -892.3407 2819.9946 -169.8252
v  -892.3407 2816.3130 -169.8252
v  -891.3027 2816.3032 -175.3960
v  -888.9324 2816.3032 -188.6343
v  -888.9324 2812.9019 -188.6344
v  -891.3027 2812.9019 -175.4061
v  -891.8849 2816.3101 -235.1281
v  -891.8873 2812.9150 -235.1445
v  -891.5460 2812.9058 -232.9890
v  -891.5385 2816.3052 -232.9553
v  -892.3407 2816.3130 -237.1876
v  -892.3407 2819.9946 -237.1876
v  -892.8873 2819.8972 -239.0921
v  -892.8873 2816.3110 -239.0921
v  -891.3027 2816.3032 -231.6168
v  -891.3027 2812.9019 -231.6068
v  -888.9324 2812.9019 -218.3787
v  -888.9324 2816.3032 -218.3788
v  -888.0267 2816.3027 -203.5064
v  -888.0267 2812.9019 -203.5064
v  -892.8874 2812.9209 -167.9208
v  -892.3407 2812.9219 -169.8252
v  -892.3407 2812.9219 -237.1876
v  -892.8873 2812.9209 -239.0921
v  -891.5479 2123.7212 -173.2494
v  -891.8880 2123.7283 -171.5792
v  -888.9325 2123.7185 -184.6000
v  -888.9326 1434.5349 -180.5793
v  -891.3028 2123.7185 -174.3311
v  -891.8880 2123.7283 -220.7150
v  -891.5479 2123.7214 -219.0447
v  -891.3028 2123.7183 -217.9630
v  -888.9325 2123.7183 -207.6942
v  -888.0269 2123.7185 -196.1471
v  -892.8878 42.0632 -167.8468
v  -892.3412 41.8706 -168.2310
v  -892.3412 41.5834 -168.2661
v  -892.8878 41.4786 -167.9230
v  -892.3412 41.3666 -168.3525
v  -892.8878 41.0256 -168.1276
v  -892.3412 41.2211 -168.5202
v  -892.8878 40.8342 -168.3503
v  -892.3412 41.1835 -168.6180
v  -892.8878 40.7332 -168.5959
v  -892.2466 41.1835 -172.0193
v  -892.8820 40.7332 -172.0191
v  -891.8760 42.1367 -168.6547
v  -891.8624 41.9567 -168.6747
v  -891.8549 41.8534 -168.7122
v  -891.8598 41.7555 -168.8110
v  -891.8645 41.7346 -168.8684
v  -891.4556 41.4988 -172.0215
v  -891.8818 45.6890 -168.6502
v  -891.5328 45.9091 -169.0917
v  -891.4541 42.5766 -169.0985
v  -891.4514 42.4775 -169.1138
v  -891.4570 42.4010 -169.1298
v  -891.4634 42.3550 -169.1597
v  -891.4727 42.3151 -169.1966
v  -892.8878 56.1680 -167.8468
v  -892.3412 56.1680 -168.2310
v  -892.3412 52.6249 -168.2310
v  -892.8878 52.6258 -167.8468
v  -891.8901 56.1680 -168.6399
v  -891.8878 52.6316 -168.6432
v  -891.3032 56.1680 -169.3590
v  -891.3032 52.6447 -169.3569
v  -891.5464 52.6407 -169.0781
v  -891.5535 56.1680 -169.0713
v  -889.4927 42.3058 -175.0260
v  -891.4598 41.4966 -175.0260
v  -889.7316 42.3104 -172.0243
v  -891.2692 43.1107 -169.3508
v  -889.3215 43.1299 -172.0256
v  -891.3032 45.9865 -169.3529
v  -888.9329 45.9961 -172.0256
v  -892.8878 42.0632 -182.2051
v  -892.8878 41.4786 -182.1289
v  -892.3412 41.5834 -181.7859
v  -892.3412 41.8706 -181.8209
v  -892.8878 41.0256 -181.9244
v  -892.3412 41.3666 -181.6995
v  -892.8878 40.8342 -181.7017
v  -892.3412 41.2211 -181.5317
v  -892.8878 40.7332 -181.4560
v  -892.3412 41.1835 -181.4339
v  -892.8820 40.7332 -178.0328
v  -892.2466 41.1835 -178.0326
v  -891.8624 41.9567 -181.3773
v  -891.8760 42.1367 -181.3972
v  -891.8549 41.8534 -181.3397
v  -891.8598 41.7555 -181.2410
v  -891.8645 41.7346 -181.1835
v  -891.4556 41.4988 -178.0305
v  -891.4541 42.5766 -180.9534
v  -891.5328 45.9091 -180.9602
v  -891.8818 45.6890 -181.4018
v  -891.4514 42.4775 -180.9381
v  -891.4570 42.4010 -180.9222
v  -891.4634 42.3550 -180.8923
v  -891.4726 42.3151 -180.8554
v  -892.8878 56.1680 -182.2051
v  -892.8878 52.6258 -182.2051
v  -892.3412 52.6249 -181.8209
v  -892.3412 56.1680 -181.8209
v  -891.8878 52.6316 -181.4087
v  -891.8901 56.1680 -181.4120
v  -891.3032 56.1680 -180.6930
v  -891.5535 56.1680 -180.9807
v  -891.5464 52.6407 -180.9739
v  -891.3032 52.6447 -180.6950
v  -889.7316 42.3104 -178.0277
v  -891.2692 43.1107 -180.7011
v  -889.3215 43.1299 -178.0264
v  -888.9329 45.9961 -178.0264
v  -891.3032 45.9865 -180.6991
v  -892.2503 41.1835 -175.0260
v  -892.8831 40.7332 -175.0260
v  -889.0773 43.1490 -175.0260
v  -888.4539 46.0057 -175.0260
v  -888.9329 56.1680 -178.0263
v  -888.9329 52.6447 -178.0263
v  -888.0272 52.6448 -175.0260
v  -888.0272 56.1680 -175.0260
v  -891.5389 49.2416 -169.0849
v  -891.8854 49.2367 -168.6465
v  -892.8878 49.2357 -167.8468
v  -892.3412 49.2335 -168.2310
v  -892.3412 45.5521 -168.2310
v  -892.8878 45.6494 -167.8468
v  -891.3032 49.2434 -169.3549
v  -888.9329 49.2437 -172.0256
v  -888.9329 52.6447 -172.0257
v  -891.8854 49.2367 -181.4054
v  -891.5389 49.2416 -180.9670
v  -892.3412 49.2335 -181.8209
v  -892.8878 49.2357 -182.2051
v  -892.8878 45.6494 -182.2051
v  -892.3412 45.5521 -181.8209
v  -891.3032 49.2434 -180.6970
v  -888.9329 49.2437 -178.0264
v  -888.0272 49.2438 -175.0260
v  -888.9329 56.1680 -172.0257
v  -892.8875 2123.7327 -168.5174
v  -892.3408 2123.7334 -169.9961
v  -892.3408 2123.7334 -222.2981
v  -892.8875 2123.7327 -223.7767
v  -888.9327 745.3516 -176.2497
# 244 vertices

vn 0.9720 0.0541 0.2285
vn 0.9490 0.2147 0.2308
vn 0.9482 0.2522 0.1931
vn 0.9763 0.0679 0.2053
vn 0.8523 0.4895 0.1845
vn 0.8797 0.4566 0.1332
vn 0.7589 0.6438 0.0982
vn 0.8162 0.5736 0.0693
vn 0.7209 0.6923 0.0313
vn 0.7917 0.6102 0.0299
vn 0.6632 0.7484 0.0001
vn 0.7028 0.7114 0.0015
vn 0.9850 0.1029 0.1387
vn 0.9883 0.0120 0.1520
vn 0.9580 0.2719 0.0913
vn 0.9133 0.4053 0.0399
vn 0.8883 0.4590 0.0135
vn 0.5524 0.8336 0.0037
vn 0.9911 0.0480 0.1241
vn 0.9911 0.0003 0.1334
vn 0.9886 -0.0002 0.1503
vn 0.9918 -0.0415 -0.1208
vn 0.9827 0.1818 0.0361
vn 0.9923 0.1237 -0.0034
vn 0.9687 0.2341 0.0824
vn 0.8649 0.0001 0.5019
vn 0.9353 0.0001 0.3539
vn 0.9482 0.0003 0.3177
vn 0.8897 0.0003 0.4566
vn 0.9701 0.0003 0.2426
vn 0.9339 0.0005 0.3574
vn 0.9477 0.0006 0.3192
vn 0.9767 0.0004 0.2147
vn 0.9737 0.0005 0.2278
vn 0.9412 0.0008 0.3377
vn 0.7187 0.6953 0.0000
vn 0.7329 0.6787 0.0476
vn 0.5383 0.8427 0.0000
vn 0.9845 0.1255 0.1225
vn 0.9797 0.1903 0.0631
vn 0.9952 0.0515 0.0835
vn 0.9900 -0.0004 0.1410
vn 0.9720 0.0541 -0.2285
vn 0.9763 0.0679 -0.2053
vn 0.9482 0.2522 -0.1931
vn 0.9490 0.2147 -0.2308
vn 0.8797 0.4566 -0.1332
vn 0.8523 0.4895 -0.1845
vn 0.8162 0.5736 -0.0693
vn 0.7589 0.6438 -0.0982
vn 0.7917 0.6102 -0.0299
vn 0.7209 0.6923 -0.0313
vn 0.7028 0.7114 -0.0015
vn 0.6632 0.7484 -0.0001
vn 0.9883 0.0120 -0.1520
vn 0.9850 0.1029 -0.1387
vn 0.9580 0.2719 -0.0913
vn 0.9133 0.4053 -0.0399
vn 0.8883 0.4590 -0.0135
vn 0.5524 0.8336 -0.0037
vn 0.9886 -0.0002 -0.1503
vn 0.9911 0.0003 -0.1334
vn 0.9911 0.0480 -0.1240
vn 0.9918 -0.0415 0.1208
vn 0.9827 0.1818 -0.0361
vn 0.9923 0.1237 0.0034
vn 0.9687 0.2341 -0.0824
vn 0.8896 -0.0093 -0.4566
vn 0.9482 -0.0062 -0.3178
vn 0.9353 -0.0071 -0.3538
vn 0.8649 -0.0106 -0.5019
vn 0.9339 -0.0071 -0.3574
vn 0.9701 -0.0046 -0.2427
vn 0.9412 -0.0064 -0.3377
vn 0.9737 -0.0041 -0.2278
vn 0.9767 -0.0039 -0.2147
vn 0.9477 -0.0061 -0.3192
vn 0.7329 0.6787 -0.0476
vn 0.9845 0.1255 -0.1225
vn 0.9797 0.1903 -0.0631
vn 0.9900 -0.0004 -0.1410
vn 0.9952 0.0515 -0.0835
vn 0.6648 0.7471 0.0000
vn 0.7030 0.7112 0.0000
vn 0.9762 0.2170 0.0000
vn 0.9912 0.1325 0.0000
vn 1.0000 0.0000 0.0000
vn 1.0000 -0.0000 -0.0000
vn 0.9878 -0.0022 -0.1555
vn 0.9725 -0.0035 -0.2329
vn 0.9911 -0.0003 0.1330
vn 0.9912 -0.0001 0.1325
vn 0.9886 0.0001 0.1502
vn 0.9886 0.0001 0.1504
vn 0.9747 -0.0000 0.2237
vn 0.9800 -0.0000 0.1989
vn 0.9800 -0.0000 0.1990
vn 0.9901 -0.0004 0.1406
vn 0.9955 -0.0000 0.0953
vn 0.9955 0.0003 0.0952
vn 0.9901 -0.0001 0.1406
vn 0.9886 0.0001 -0.1504
vn 0.9886 -0.0015 -0.1504
vn 0.9912 -0.0016 -0.1324
vn 0.9911 -0.0003 -0.1330
vn 0.9800 -0.0000 -0.1990
vn 0.9800 -0.0000 -0.1989
vn 0.9747 -0.0000 -0.2237
vn 0.9901 -0.0004 -0.1406
vn 0.9901 -0.0016 -0.1406
vn 0.9954 -0.0007 -0.0956
vn 0.9955 -0.0000 -0.0953
vn 0.9986 0.0524 0.0000
vn 1.0000 -0.0000 -0.0002
vn 0.9747 -0.0001 0.2237
vn 0.9799 -0.0000 0.1993
vn 0.9799 -0.0022 -0.1994
vn 0.9747 -0.0025 -0.2237
vn 0.9855 0.0003 0.1695
vn 0.9814 0.0002 0.1919
vn 0.9925 0.0007 0.1223
vn 0.9878 0.0009 0.1554
vn 0.9837 0.0004 0.1799
vn 0.9814 -0.0037 -0.1919
vn 0.9855 -0.0031 -0.1695
vn 0.9837 -0.0033 -0.1799
vn 0.9925 -0.0018 -0.1222
vn 0.6502 -0.0383 0.7588
vn 0.7061 -0.0531 0.7061
vn 0.7128 -0.1810 0.6776
vn 0.6343 -0.2121 0.7434
vn 0.7378 -0.3826 0.5561
vn 0.6640 -0.4648 0.5857
vn 0.7675 -0.5478 0.3329
vn 0.6922 -0.6185 0.3718
vn 0.7754 -0.6174 0.1326
vn 0.7148 -0.6875 0.1282
vn 0.5589 -0.8292 0.0059
vn 0.6633 -0.7483 0.0004
vn 0.7778 -0.0110 0.6284
vn 0.8052 -0.0882 0.5865
vn 0.8555 -0.2612 0.4470
vn 0.8755 -0.4266 0.2271
vn 0.8692 -0.4794 0.1209
vn 0.4769 -0.8771 0.0573
vn 0.8011 0.0002 0.5985
vn 0.8308 0.0069 0.5566
vn 0.8494 -0.0240 0.5272
vn 0.9802 0.0309 -0.1955
vn 0.9739 -0.1326 0.1842
vn 0.9891 -0.1463 0.0167
vn 0.9184 -0.2423 0.3127
vn 0.6602 0.0001 0.7510
vn 0.7065 0.0003 0.7077
vn 0.7070 -0.0000 0.7072
vn 0.6602 -0.0000 0.7510
vn 0.8019 0.0004 0.5975
vn 0.8015 -0.0001 0.5979
vn 0.8180 0.0009 0.5752
vn 0.8178 0.0003 0.5755
vn 0.8339 0.0003 0.5520
vn 0.8349 0.0007 0.5504
vn 0.7477 -0.6641 0.0000
vn 0.4507 -0.8927 0.0000
vn 0.7559 -0.6224 0.2031
vn 0.8655 -0.0233 0.5004
vn 0.9328 -0.2287 0.2786
vn 0.8166 0.0039 0.5772
vn 0.9316 -0.0501 0.3600
vn 0.6502 -0.0383 -0.7588
vn 0.6343 -0.2121 -0.7434
vn 0.7128 -0.1810 -0.6776
vn 0.7061 -0.0531 -0.7061
vn 0.6640 -0.4648 -0.5857
vn 0.7378 -0.3826 -0.5561
vn 0.6922 -0.6185 -0.3718
vn 0.7675 -0.5478 -0.3329
vn 0.7148 -0.6875 -0.1282
vn 0.7754 -0.6174 -0.1326
vn 0.6633 -0.7483 -0.0004
vn 0.5589 -0.8292 -0.0059
vn 0.8052 -0.0882 -0.5865
vn 0.7778 -0.0110 -0.6284
vn 0.8555 -0.2612 -0.4470
vn 0.8755 -0.4266 -0.2271
vn 0.8692 -0.4794 -0.1209
vn 0.4769 -0.8771 -0.0573
vn 0.8494 -0.0240 -0.5272
vn 0.8308 0.0069 -0.5566
vn 0.8011 0.0002 -0.5985
vn 0.9802 0.0309 0.1955
vn 0.9739 -0.1326 -0.1842
vn 0.9891 -0.1463 -0.0167
vn 0.9184 -0.2423 -0.3127
vn 0.6602 -0.0077 -0.7510
vn 0.6602 -0.0000 -0.7511
vn 0.7070 -0.0000 -0.7072
vn 0.7067 -0.0070 -0.7075
vn 0.8015 -0.0001 -0.5979
vn 0.8021 -0.0058 -0.5971
vn 0.8180 -0.0051 -0.5752
vn 0.8348 -0.0050 -0.5505
vn 0.8339 0.0003 -0.5520
vn 0.8178 0.0003 -0.5755
vn 0.7559 -0.6224 -0.2031
vn 0.8655 -0.0233 -0.5004
vn 0.9328 -0.2287 -0.2786
vn 0.9316 -0.0501 -0.3600
vn 0.8166 0.0039 -0.5772
vn 0.5594 -0.8289 0.0000
vn 0.6649 -0.7470 0.0000
vn 0.9631 -0.2691 0.0000
vn 0.9904 -0.1380 0.0000
vn 0.9104 -0.0030 -0.4137
vn 0.9102 0.0000 -0.4143
vn 1.0000 -0.0000 0.0000
vn 1.0000 0.0000 0.0008
vn 0.8329 0.0002 0.5535
vn 0.8010 -0.0000 0.5986
vn 0.7075 -0.0000 0.7067
vn 0.7077 -0.0000 0.7066
vn 0.8177 0.0004 0.5756
vn 0.9102 0.0000 0.4141
vn 0.9102 0.0000 0.4143
vn 0.8010 -0.0000 -0.5986
vn 0.8329 0.0002 -0.5535
vn 0.7075 -0.0000 -0.7067
vn 0.7077 -0.0000 -0.7066
vn 0.8177 0.0004 -0.5756
vn 0.9102 0.0000 -0.4141
vn 0.9986 -0.0520 0.0000
vn 0.9099 0.0013 0.4147
vn 0.9590 -0.0000 0.2834
vn 0.9674 0.0001 0.2533
vn 0.9674 -0.0050 -0.2533
vn 0.9590 -0.0057 -0.2834
vn 0.9725 0.0014 0.2329
# 237 vertex normals

vt 0.3374 0.9973 0.5130
vt 0.3378 0.9976 0.5130
vt 0.3392 0.9975 0.5403
vt 0.3390 0.9974 0.5403
vt 0.3386 0.9977 0.5130
vt 0.3395 0.9976 0.5403
vt 0.3395 0.9978 0.5130
vt 0.3402 0.9976 0.5403
vt 0.3405 0.9978 0.5130
vt 0.3406 0.9977 0.5403
vt 0.3547 0.9978 0.5133
vt 0.3547 0.9977 0.5450
vt 0.3409 0.9974 0.5642
vt 0.3408 0.9973 0.5636
vt 0.3410 0.9974 0.5646
vt 0.3414 0.9975 0.5644
vt 0.3417 0.9975 0.5641
vt 0.3547 0.9975 0.5749
vt 0.3426 0.9972 0.5809
vt 0.3426 0.9960 0.5807
vt 0.3408 0.9961 0.5633
vt 0.3427 0.9972 0.5808
vt 0.3427 0.9972 0.5803
vt 0.3429 0.9972 0.5800
vt 0.3430 0.9973 0.5796
vt 0.3376 0.2552 0.5129
vt 0.3375 0.5013 0.5130
vt 0.3385 0.5013 0.5403
vt 0.3382 0.2552 0.5403
vt 0.3395 0.5013 0.5629
vt 0.3389 0.2552 0.5629
vt 0.3396 0.2552 0.5798
vt 0.3406 0.5013 0.5798
vt 0.3413 0.5013 0.5922
vt 0.3400 0.2552 0.5922
vt 0.3671 0.9973 0.6936
vt 0.3547 0.9973 0.6816
vt 0.3671 0.9975 0.5747
vt 0.3437 0.9971 0.5922
vt 0.3547 0.9971 0.6896
vt 0.3547 0.9959 0.7107
vt 0.3437 0.9959 0.5922
vt 0.3968 0.9973 0.5130
vt 0.3952 0.9974 0.5403
vt 0.3950 0.9975 0.5403
vt 0.3964 0.9976 0.5130
vt 0.3947 0.9976 0.5403
vt 0.3956 0.9977 0.5130
vt 0.3940 0.9976 0.5403
vt 0.3947 0.9978 0.5130
vt 0.3936 0.9977 0.5403
vt 0.3937 0.9978 0.5130
vt 0.3795 0.9977 0.5450
vt 0.3795 0.9978 0.5133
vt 0.3934 0.9973 0.5636
vt 0.3933 0.9974 0.5642
vt 0.3932 0.9974 0.5646
vt 0.3928 0.9975 0.5644
vt 0.3925 0.9975 0.5641
vt 0.3795 0.9975 0.5749
vt 0.3934 0.9961 0.5633
vt 0.3916 0.9960 0.5807
vt 0.3916 0.9972 0.5809
vt 0.3915 0.9972 0.5808
vt 0.3915 0.9972 0.5803
vt 0.3913 0.9972 0.5800
vt 0.3912 0.9973 0.5796
vt 0.3604 0.2552 0.5403
vt 0.3725 0.5013 0.5403
vt 0.3735 0.5013 0.5130
vt 0.3610 0.2552 0.5129
vt 0.3597 0.2552 0.5629
vt 0.3715 0.5013 0.5629
vt 0.3585 0.2552 0.5922
vt 0.3697 0.5013 0.5922
vt 0.3704 0.5013 0.5798
vt 0.3590 0.2552 0.5798
vt 0.3795 0.9973 0.6816
vt 0.3905 0.9971 0.5922
vt 0.3795 0.9971 0.6896
vt 0.3905 0.9959 0.5922
vt 0.3795 0.9959 0.7107
vt 0.3671 0.9978 0.5132
vt 0.3671 0.9977 0.5448
vt 0.3671 0.9971 0.7018
vt 0.3671 0.9959 0.7347
vt 0.3493 0.2552 0.7560
vt 0.3555 0.5013 0.7560
vt 0.3630 0.5013 0.7107
vt 0.3542 0.2552 0.7107
vt 0.3426 0.9948 0.5804
vt 0.3425 0.9936 0.5800
vt 0.3407 0.9936 0.5630
vt 0.3407 0.9948 0.5631
vt 0.3374 0.9948 0.5130
vt 0.3374 0.9961 0.5130
vt 0.3390 0.9961 0.5403
vt 0.3390 0.9948 0.5403
vt 0.3437 0.9948 0.5922
vt 0.3547 0.9948 0.7107
vt 0.3547 0.9936 0.7107
vt 0.3437 0.9936 0.5922
vt 0.3935 0.9948 0.5631
vt 0.3935 0.9936 0.5630
vt 0.3917 0.9936 0.5800
vt 0.3916 0.9948 0.5804
vt 0.3952 0.9948 0.5403
vt 0.3952 0.9961 0.5403
vt 0.3968 0.9961 0.5130
vt 0.3968 0.9948 0.5130
vt 0.3905 0.9948 0.5922
vt 0.3905 0.9936 0.5922
vt 0.3795 0.9936 0.7107
vt 0.3795 0.9948 0.7107
vt 0.3671 0.9948 0.7560
vt 0.3671 0.9936 0.7560
vt 0.3374 0.9936 0.5130
vt 0.3390 0.9936 0.5403
vt 0.3952 0.9936 0.5403
vt 0.3968 0.9936 0.5130
vt 0.3419 0.7474 0.5799
vt 0.3405 0.7474 0.5629
vt 0.3513 0.7474 0.7107
vt 0.3480 0.5013 0.7107
vt 0.3428 0.7474 0.5922
vt 0.3814 0.7474 0.5629
vt 0.3800 0.7474 0.5799
vt 0.3791 0.7474 0.5922
vt 0.3706 0.7474 0.7107
vt 0.3610 0.7474 0.7560
vt 0.3374 0.0040 0.5129
vt 0.3377 0.0039 0.5403
vt 0.3377 0.0038 0.5403
vt 0.3374 0.0038 0.5129
vt 0.3378 0.0037 0.5403
vt 0.3376 0.0036 0.5129
vt 0.3379 0.0037 0.5403
vt 0.3378 0.0035 0.5129
vt 0.3380 0.0037 0.5403
vt 0.3380 0.0035 0.5129
vt 0.3409 0.0037 0.5450
vt 0.3409 0.0035 0.5132
vt 0.3381 0.0040 0.5635
vt 0.3381 0.0039 0.5642
vt 0.3381 0.0039 0.5646
vt 0.3382 0.0039 0.5643
vt 0.3382 0.0039 0.5641
vt 0.3409 0.0038 0.5846
vt 0.3381 0.0053 0.5632
vt 0.3384 0.0054 0.5807
vt 0.3384 0.0042 0.5846
vt 0.3384 0.0041 0.5848
vt 0.3385 0.0041 0.5845
vt 0.3385 0.0041 0.5842
vt 0.3385 0.0041 0.5837
vt 0.3374 0.0090 0.5129
vt 0.3377 0.0090 0.5403
vt 0.3377 0.0078 0.5403
vt 0.3374 0.0078 0.5129
vt 0.3380 0.0090 0.5628
vt 0.3380 0.0078 0.5629
vt 0.3386 0.0090 0.5922
vt 0.3386 0.0078 0.5922
vt 0.3384 0.0078 0.5800
vt 0.3384 0.0090 0.5797
vt 0.3434 0.0041 0.6827
vt 0.3434 0.0038 0.5843
vt 0.3409 0.0041 0.6708
vt 0.3386 0.0044 0.5939
vt 0.3409 0.0044 0.6913
vt 0.3386 0.0054 0.5922
vt 0.3409 0.0054 0.7107
vt 0.3493 0.0040 0.5129
vt 0.3493 0.0038 0.5129
vt 0.3490 0.0038 0.5403
vt 0.3490 0.0039 0.5403
vt 0.3491 0.0036 0.5129
vt 0.3489 0.0037 0.5403
vt 0.3489 0.0035 0.5129
vt 0.3488 0.0037 0.5403
vt 0.3487 0.0035 0.5129
vt 0.3487 0.0037 0.5403
vt 0.3459 0.0035 0.5132
vt 0.3459 0.0037 0.5450
vt 0.3487 0.0039 0.5642
vt 0.3487 0.0040 0.5635
vt 0.3486 0.0039 0.5646
vt 0.3485 0.0039 0.5643
vt 0.3485 0.0039 0.5641
vt 0.3459 0.0038 0.5846
vt 0.3483 0.0042 0.5846
vt 0.3483 0.0054 0.5807
vt 0.3487 0.0053 0.5632
vt 0.3483 0.0041 0.5848
vt 0.3483 0.0041 0.5845
vt 0.3483 0.0041 0.5842
vt 0.3482 0.0041 0.5837
vt 0.3493 0.0090 0.5129
vt 0.3493 0.0078 0.5129
vt 0.3490 0.0078 0.5403
vt 0.3490 0.0090 0.5403
vt 0.3487 0.0078 0.5629
vt 0.3487 0.0090 0.5628
vt 0.3481 0.0090 0.5922
vt 0.3483 0.0090 0.5797
vt 0.3483 0.0078 0.5800
vt 0.3481 0.0078 0.5922
vt 0.3459 0.0041 0.6708
vt 0.3481 0.0044 0.5939
vt 0.3459 0.0044 0.6913
vt 0.3459 0.0054 0.7107
vt 0.3481 0.0054 0.5922
vt 0.3434 0.0037 0.5448
vt 0.3434 0.0035 0.5132
vt 0.3434 0.0044 0.7035
vt 0.3434 0.0054 0.7346
vt 0.3459 0.0090 0.7107
vt 0.3459 0.0078 0.7107
vt 0.3434 0.0078 0.7560
vt 0.3434 0.0090 0.7560
vt 0.3384 0.0065 0.5804
vt 0.3380 0.0065 0.5631
vt 0.3374 0.0065 0.5129
vt 0.3377 0.0065 0.5403
vt 0.3377 0.0052 0.5403
vt 0.3374 0.0053 0.5129
vt 0.3386 0.0065 0.5922
vt 0.3409 0.0065 0.7107
vt 0.3409 0.0078 0.7107
vt 0.3487 0.0065 0.5631
vt 0.3483 0.0065 0.5804
vt 0.3490 0.0065 0.5403
vt 0.3493 0.0065 0.5129
vt 0.3493 0.0053 0.5129
vt 0.3490 0.0052 0.5403
vt 0.3481 0.0065 0.5922
vt 0.3459 0.0065 0.7107
vt 0.3434 0.0065 0.7560
vt 0.3409 0.0090 0.7107
vt 0.3379 0.7474 0.5130
vt 0.3392 0.7474 0.5403
vt 0.3828 0.7474 0.5403
vt 0.3840 0.7474 0.5130
vt 0.3444 0.2552 0.7107
# 244 texture coords

o Rectangle007
g Rectangle007
usemtl wire_115115115
s off
f 1476/1490/1434 1475/1489/1433 1474/1488/1432 1473/1487/1431 
f 1475/1489/1433 1478/1492/1436 1477/1491/1435 1474/1488/1432 
f 1478/1492/1436 1480/1494/1438 1479/1493/1437 1477/1491/1435 
f 1480/1494/1438 1482/1496/1440 1481/1495/1439 1479/1493/1437 
f 1482/1496/1440 1484/1498/1442 1483/1497/1441 1481/1495/1439 
f 1486/1500/1444 1485/1499/1443 1475/1489/1433 1476/1490/1434 
f 1485/1499/1443 1487/1501/1445 1478/1492/1436 1475/1489/1433 
f 1487/1501/1445 1488/1502/1446 1480/1494/1438 1478/1492/1436 
f 1488/1502/1446 1489/1503/1447 1482/1496/1440 1480/1494/1438 
f 1489/1503/1447 1490/1504/1448 1484/1498/1442 1482/1496/1440 
f 1493/1507/1451 1492/1506/1450 1491/1505/1449 1486/1500/1444 
f 1486/1500/1444 1491/1505/1449 1494/1508/1452 1485/1499/1443 
f 1485/1499/1443 1494/1508/1452 1495/1509/1453 1487/1501/1445 
f 1487/1501/1445 1495/1509/1453 1496/1510/1454 1488/1502/1446 
f 1488/1502/1446 1496/1510/1454 1497/1511/1455 1489/1503/1447 
f 1501/1515/1459 1500/1514/1458 1499/1513/1457 1498/1512/1456 
f 1503/1517/1461 1502/1516/1460 1500/1514/1458 1501/1515/1459 
s 1
f 1507/1521/1465 1506/1520/1464 1505/1519/1463 1504/1518/1462 
s off
f 1510/1524/1468 1490/1504/1448 1509/1523/1467 1508/1522/1466 
s 1
f 1511/1525/1469 1497/1511/1455 1496/1510/1454 1495/1509/1453 1494/1508/1452 1491/1505/1449 
f 1511/1525/1469 1512/1526/1470 1509/1523/1467 1497/1511/1455 
f 1514/1528/1472 1513/1527/1471 1512/1526/1470 1511/1525/1469 
s off
f 1518/1532/1476 1517/1531/1475 1516/1530/1474 1515/1529/1473 
f 1520/1534/1478 1519/1533/1477 1517/1531/1475 1518/1532/1476 
f 1522/1536/1480 1521/1535/1479 1519/1533/1477 1520/1534/1478 
f 1524/1538/1482 1523/1537/1481 1521/1535/1479 1522/1536/1480 
f 1526/1540/1484 1525/1539/1483 1523/1537/1481 1524/1538/1482 
f 1517/1531/1475 1528/1542/1486 1527/1541/1485 1516/1530/1474 
f 1519/1533/1477 1529/1543/1487 1528/1542/1486 1517/1531/1475 
f 1521/1535/1479 1530/1544/1488 1529/1543/1487 1519/1533/1477 
f 1523/1537/1481 1531/1545/1489 1530/1544/1488 1521/1535/1479 
f 1525/1539/1483 1532/1546/1490 1531/1545/1489 1523/1537/1481 
f 1535/1549/1493 1534/1548/1492 1533/1547/1491 1527/1541/1485 
f 1536/1550/1494 1535/1549/1493 1527/1541/1485 1528/1542/1486 
f 1537/1551/1495 1536/1550/1494 1528/1542/1486 1529/1543/1487 
f 1538/1552/1496 1537/1551/1495 1529/1543/1487 1530/1544/1488 
f 1539/1553/1497 1538/1552/1496 1530/1544/1488 1531/1545/1489 
f 1543/1557/1501 1542/1556/1500 1541/1555/1499 1540/1554/1498 
f 1540/1554/1498 1541/1555/1499 1545/1559/1503 1544/1558/1502 
s 1
f 1549/1563/1507 1548/1562/1506 1547/1561/1505 1546/1560/1504 
s off
f 1550/1564/1508 1532/1546/1490 1510/1524/1468 1508/1522/1466 
s 1
f 1536/1550/1494 1537/1551/1495 1538/1552/1496 1539/1553/1497 1551/1565/1509 1535/1549/1493 
f 1550/1564/1508 1552/1566/1510 1551/1565/1509 1539/1553/1497 
f 1552/1566/1510 1554/1568/1512 1553/1567/1511 1551/1565/1509 
s off
f 1484/1498/1442 1556/1570/1514 1555/1569/1513 1483/1497/1441 
f 1490/1504/1448 1510/1524/1468 1556/1570/1514 1484/1498/1442 
f 1490/1504/1448 1489/1503/1447 1497/1511/1455 1509/1523/1467 
s 1
f 1512/1526/1470 1557/1571/1515 1508/1522/1466 1509/1523/1467 
f 1513/1527/1471 1558/1572/1516 1557/1571/1515 1512/1526/1470 
s off
f 1526/1540/1484 1555/1569/1513 1556/1570/1514 1525/1539/1483 
f 1525/1539/1483 1556/1570/1514 1510/1524/1468 1532/1546/1490 
f 1550/1564/1508 1539/1553/1497 1531/1545/1489 1532/1546/1490 
s 1
f 1550/1564/1508 1508/1522/1466 1557/1571/1515 1552/1566/1510 
f 1562/1576/1520 1561/1575/1519 1560/1574/1518 1559/1573/1517 
s off
f 1566/1580/1524 1565/1579/1523 1564/1578/1522 1563/1577/1521 
f 1570/1584/1527 1569/1583/1526 1568/1582/1525 1567/1581/1525 
f 1566/1580/1524 1493/1507/1451 1569/1583/1526 1570/1584/1527 
s 1
f 1571/1585/1528 1514/1528/1472 1492/1506/1450 1563/1577/1521 
f 1571/1585/1528 1574/1588/1531 1573/1587/1530 1572/1586/1529 
s off
f 1578/1592/1535 1577/1591/1534 1576/1590/1533 1575/1589/1532 
f 1582/1596/1538 1581/1595/1538 1580/1594/1537 1579/1593/1536 
f 1579/1593/1536 1580/1594/1537 1533/1547/1491 1575/1589/1532 
s 1
f 1578/1592/1535 1534/1548/1492 1553/1567/1511 1583/1597/1539 
f 1586/1600/1542 1585/1599/1541 1584/1598/1540 1583/1597/1539 
f 1572/1586/1529 1573/1587/1530 1588/1602/1544 1587/1601/1543 
f 1586/1600/1542 1554/1568/1512 1558/1572/1516 1587/1601/1543 
s off
f 1590/1604/1546 1570/1584/1527 1567/1581/1525 1589/1603/1545 
f 1565/1579/1523 1566/1580/1524 1570/1584/1527 1590/1604/1546 
s 1
f 1574/1588/1531 1571/1585/1528 1563/1577/1521 1564/1578/1522 
s off
f 1592/1606/1548 1582/1596/1538 1579/1593/1536 1591/1605/1547 
f 1591/1605/1547 1579/1593/1536 1575/1589/1532 1576/1590/1533 
s 1
f 1577/1591/1534 1578/1592/1535 1583/1597/1539 1584/1598/1540 
f 1585/1599/1541 1586/1600/1542 1587/1601/1543 1588/1602/1544 
s off
f 1594/1608/1550 1502/1516/1460 1505/1519/1463 1593/1607/1549 
s 1
f 1597/1611/1553 1506/1520/1464 1596/1610/1552 1595/1609/1551 
s off
f 1599/1613/1555 1548/1562/1506 1545/1559/1503 1598/1612/1554 
s 1
f 1601/1615/1557 1561/1575/1519 1547/1561/1505 1600/1614/1556 
f 1595/1609/1551 1596/1610/1552 1560/1574/1518 1602/1616/1517 
s off
f 1493/1507/1451 1566/1580/1524 1563/1577/1521 1492/1506/1450 
s 1
f 1514/1528/1472 1571/1585/1528 1572/1586/1529 1513/1527/1471 
s off
f 1534/1548/1492 1578/1592/1535 1575/1589/1532 1533/1547/1491 
s 1
f 1554/1568/1512 1586/1600/1542 1583/1597/1539 1553/1567/1511 
f 1513/1527/1471 1572/1586/1529 1587/1601/1543 1558/1572/1516 
s off
f 1569/1583/1526 1476/1490/1434 1473/1487/1431 1568/1582/1525 
f 1493/1507/1451 1486/1500/1444 1476/1490/1434 1569/1583/1526 
s 1
f 1514/1528/1472 1511/1525/1469 1491/1505/1449 1492/1506/1450 
s off
f 1581/1595/1538 1515/1529/1473 1516/1530/1474 1580/1594/1537 
f 1580/1594/1537 1516/1530/1474 1527/1541/1485 1533/1547/1491 
s 1
f 1534/1548/1492 1535/1549/1493 1551/1565/1509 1553/1567/1511 
f 1554/1568/1512 1552/1566/1510 1557/1571/1515 1558/1572/1516 
s off
f 1606/1620/1561 1605/1619/1560 1604/1618/1559 1603/1617/1558 
f 1608/1622/1563 1607/1621/1562 1605/1619/1560 1606/1620/1561 
f 1610/1624/1565 1609/1623/1564 1607/1621/1562 1608/1622/1563 
f 1612/1626/1567 1611/1625/1566 1609/1623/1564 1610/1624/1565 
f 1614/1628/1569 1613/1627/1568 1611/1625/1566 1612/1626/1567 
f 1605/1619/1560 1616/1630/1571 1615/1629/1570 1604/1618/1559 
f 1607/1621/1562 1617/1631/1572 1616/1630/1571 1605/1619/1560 
f 1609/1623/1564 1618/1632/1573 1617/1631/1572 1607/1621/1562 
f 1611/1625/1566 1619/1633/1574 1618/1632/1573 1609/1623/1564 
f 1613/1627/1568 1620/1634/1575 1619/1633/1574 1611/1625/1566 
f 1623/1637/1578 1622/1636/1577 1621/1635/1576 1615/1629/1570 
f 1624/1638/1579 1623/1637/1578 1615/1629/1570 1616/1630/1571 
f 1625/1639/1580 1624/1638/1579 1616/1630/1571 1617/1631/1572 
f 1626/1640/1581 1625/1639/1580 1617/1631/1572 1618/1632/1573 
f 1627/1641/1582 1626/1640/1581 1618/1632/1573 1619/1633/1574 
f 1631/1645/1586 1630/1644/1585 1629/1643/1584 1628/1642/1583 
f 1630/1644/1585 1633/1647/1588 1632/1646/1587 1629/1643/1584 
s 1
f 1637/1651/1592 1636/1650/1591 1635/1649/1590 1634/1648/1589 
s off
f 1640/1654/1595 1620/1634/1575 1639/1653/1594 1638/1652/1593 
s 1
f 1624/1638/1579 1625/1639/1580 1626/1640/1581 1627/1641/1582 1641/1655/1596 1623/1637/1578 
f 1640/1654/1595 1642/1656/1597 1641/1655/1596 1627/1641/1582 
f 1642/1656/1597 1644/1658/1599 1643/1657/1598 1641/1655/1596 
s off
f 1648/1662/1603 1647/1661/1602 1646/1660/1601 1645/1659/1600 
f 1647/1661/1602 1650/1664/1605 1649/1663/1604 1646/1660/1601 
f 1650/1664/1605 1652/1666/1607 1651/1665/1606 1649/1663/1604 
f 1652/1666/1607 1654/1668/1609 1653/1667/1608 1651/1665/1606 
f 1654/1668/1609 1656/1670/1611 1655/1669/1610 1653/1667/1608 
f 1658/1672/1613 1657/1671/1612 1647/1661/1602 1648/1662/1603 
f 1657/1671/1612 1659/1673/1614 1650/1664/1605 1647/1661/1602 
f 1659/1673/1614 1660/1674/1615 1652/1666/1607 1650/1664/1605 
f 1660/1674/1615 1661/1675/1616 1654/1668/1609 1652/1666/1607 
f 1661/1675/1616 1662/1676/1617 1656/1670/1611 1654/1668/1609 
f 1665/1679/1620 1664/1678/1619 1663/1677/1618 1658/1672/1613 
f 1658/1672/1613 1663/1677/1618 1666/1680/1621 1657/1671/1612 
f 1657/1671/1612 1666/1680/1621 1667/1681/1622 1659/1673/1614 
f 1659/1673/1614 1667/1681/1622 1668/1682/1623 1660/1674/1615 
f 1660/1674/1615 1668/1682/1623 1669/1683/1624 1661/1675/1616 
f 1673/1687/1628 1672/1686/1627 1671/1685/1626 1670/1684/1625 
f 1675/1689/1630 1674/1688/1629 1672/1686/1627 1673/1687/1628 
s 1
f 1679/1693/1634 1678/1692/1633 1677/1691/1632 1676/1690/1631 
s off
f 1639/1653/1594 1662/1676/1617 1680/1694/1635 1638/1652/1593 
s 1
f 1681/1695/1636 1669/1683/1624 1668/1682/1623 1667/1681/1622 1666/1680/1621 1663/1677/1618 
f 1681/1695/1636 1682/1696/1637 1680/1694/1635 1669/1683/1624 
f 1684/1698/1639 1683/1697/1638 1682/1696/1637 1681/1695/1636 
s off
f 1686/1700/1641 1685/1699/1640 1613/1627/1568 1614/1628/1569 
f 1685/1699/1640 1639/1653/1594 1620/1634/1575 1613/1627/1568 
f 1627/1641/1582 1619/1633/1574 1620/1634/1575 1640/1654/1595 
s 1
f 1638/1652/1593 1687/1701/1642 1642/1656/1597 1640/1654/1595 
f 1687/1701/1642 1688/1702/1643 1644/1658/1599 1642/1656/1597 
s off
f 1685/1699/1640 1686/1700/1641 1655/1669/1610 1656/1670/1611 
f 1639/1653/1594 1685/1699/1640 1656/1670/1611 1662/1676/1617 
f 1661/1675/1616 1669/1683/1624 1680/1694/1635 1662/1676/1617 
s 1
f 1687/1701/1642 1638/1652/1593 1680/1694/1635 1682/1696/1637 
f 1692/1706/1647 1691/1705/1646 1690/1704/1645 1689/1703/1644 
s off
f 1636/1650/1591 1633/1647/1588 1694/1708/1649 1693/1707/1648 
f 1698/1712/1586 1697/1711/1651 1696/1710/1650 1695/1709/1586 
f 1697/1711/1651 1621/1635/1576 1694/1708/1649 1696/1710/1650 
s 1
f 1622/1636/1577 1643/1657/1598 1699/1713/1652 1693/1707/1648 
f 1701/1715/1654 1635/1649/1590 1699/1713/1652 1700/1714/1653 
s off
f 1674/1688/1629 1678/1692/1633 1703/1717/1656 1702/1716/1655 
f 1707/1721/1658 1706/1720/1626 1705/1719/1626 1704/1718/1657 
f 1665/1679/1620 1707/1721/1658 1704/1718/1657 1702/1716/1655 
s 1
f 1684/1698/1639 1664/1678/1619 1703/1717/1656 1708/1722/1659 
f 1679/1693/1634 1690/1704/1645 1709/1723/1660 1708/1722/1659 
f 1691/1705/1646 1701/1715/1654 1700/1714/1653 1710/1724/1661 
f 1688/1702/1643 1683/1697/1638 1709/1723/1660 1710/1724/1661 
s off
f 1695/1709/1586 1696/1710/1650 1630/1644/1585 1631/1645/1586 
f 1696/1710/1650 1694/1708/1649 1633/1647/1588 1630/1644/1585 
s 1
f 1693/1707/1648 1699/1713/1652 1635/1649/1590 1636/1650/1591 
s off
f 1704/1718/1657 1705/1719/1626 1671/1685/1626 1672/1686/1627 
f 1702/1716/1655 1704/1718/1657 1672/1686/1627 1674/1688/1629 
s 1
f 1708/1722/1659 1703/1717/1656 1678/1692/1633 1679/1693/1634 
f 1710/1724/1661 1709/1723/1660 1690/1704/1645 1691/1705/1646 
s off
f 1637/1651/1592 1632/1646/1587 1633/1647/1588 1636/1650/1591 
s 1
f 1711/1725/1662 1634/1648/1589 1635/1649/1590 1701/1715/1654 
s off
f 1675/1689/1630 1677/1691/1632 1678/1692/1633 1674/1688/1629 
s 1
f 1676/1690/1631 1689/1703/1644 1690/1704/1645 1679/1693/1634 
f 1692/1706/1647 1711/1725/1662 1701/1715/1654 1691/1705/1646 
s off
f 1693/1707/1648 1694/1708/1649 1621/1635/1576 1622/1636/1577 
s 1
f 1700/1714/1653 1699/1713/1652 1643/1657/1598 1644/1658/1599 
s off
f 1702/1716/1655 1703/1717/1656 1664/1678/1619 1665/1679/1620 
s 1
f 1708/1722/1659 1709/1723/1660 1683/1697/1638 1684/1698/1639 
f 1710/1724/1661 1700/1714/1653 1644/1658/1599 1688/1702/1643 
s off
f 1603/1617/1558 1604/1618/1559 1697/1711/1651 1698/1712/1586 
f 1604/1618/1559 1615/1629/1570 1621/1635/1576 1697/1711/1651 
s 1
f 1623/1637/1578 1641/1655/1596 1643/1657/1598 1622/1636/1577 
s off
f 1648/1662/1603 1645/1659/1600 1706/1720/1626 1707/1721/1658 
f 1658/1672/1613 1648/1662/1603 1707/1721/1658 1665/1679/1620 
s 1
f 1681/1695/1636 1663/1677/1618 1664/1678/1619 1684/1698/1639 
f 1687/1701/1642 1682/1696/1637 1683/1697/1638 1688/1702/1643 
s off
f 1713/1727/1664 1590/1604/1546 1589/1603/1545 1712/1726/1663 
f 1500/1514/1458 1713/1727/1664 1712/1726/1663 1499/1513/1457 
f 1498/1512/1456 1628/1642/1583 1629/1643/1584 1501/1515/1459 
f 1594/1608/1550 1565/1579/1523 1590/1604/1546 1713/1727/1664 
f 1502/1516/1460 1594/1608/1550 1713/1727/1664 1500/1514/1458 
f 1501/1515/1459 1629/1643/1584 1632/1646/1587 1503/1517/1461 
s 1
f 1597/1611/1553 1574/1588/1531 1564/1578/1522 1593/1607/1549 
f 1506/1520/1464 1597/1611/1553 1593/1607/1549 1505/1519/1463 
f 1504/1518/1462 1637/1651/1592 1634/1648/1589 1507/1521/1465 
s off
f 1715/1729/1666 1592/1606/1548 1591/1605/1547 1714/1728/1665 
f 1542/1556/1500 1715/1729/1666 1714/1728/1665 1541/1555/1499 
f 1540/1554/1498 1673/1687/1628 1670/1684/1625 1543/1557/1501 
f 1714/1728/1665 1591/1605/1547 1576/1590/1533 1598/1612/1554 
f 1541/1555/1499 1714/1728/1665 1598/1612/1554 1545/1559/1503 
f 1544/1558/1502 1675/1689/1630 1673/1687/1628 1540/1554/1498 
s 1
f 1599/1613/1555 1577/1591/1534 1584/1598/1540 1600/1614/1556 
f 1548/1562/1506 1599/1613/1555 1600/1614/1556 1547/1561/1505 
f 1546/1560/1504 1676/1690/1631 1677/1691/1632 1549/1563/1507 
f 1601/1615/1557 1585/1599/1541 1588/1602/1544 1602/1616/1517 
f 1561/1575/1519 1601/1615/1557 1602/1616/1517 1560/1574/1518 
f 1559/1573/1517 1692/1706/1647 1689/1703/1644 1562/1576/1520 
s off
f 1503/1517/1461 1632/1646/1587 1637/1651/1592 1504/1518/1462 
f 1502/1516/1460 1503/1517/1461 1504/1518/1462 1505/1519/1463 
f 1593/1607/1549 1564/1578/1522 1565/1579/1523 1594/1608/1550 
s 1
f 1507/1521/1465 1634/1648/1589 1711/1725/1662 1716/1730/1667 
f 1506/1520/1464 1507/1521/1465 1716/1730/1667 1596/1610/1552 
f 1595/1609/1551 1573/1587/1530 1574/1588/1531 1597/1611/1553 
s off
f 1549/1563/1507 1677/1691/1632 1675/1689/1630 1544/1558/1502 
f 1548/1562/1506 1549/1563/1507 1544/1558/1502 1545/1559/1503 
f 1598/1612/1554 1576/1590/1533 1577/1591/1534 1599/1613/1555 
s 1
f 1562/1576/1520 1689/1703/1644 1676/1690/1631 1546/1560/1504 
f 1561/1575/1519 1562/1576/1520 1546/1560/1504 1547/1561/1505 
f 1600/1614/1556 1584/1598/1540 1585/1599/1541 1601/1615/1557 
f 1716/1730/1667 1711/1725/1662 1692/1706/1647 1559/1573/1517 
f 1596/1610/1552 1716/1730/1667 1559/1573/1517 1560/1574/1518 
f 1602/1616/1517 1588/1602/1544 1573/1587/1530 1595/1609/1551 
# 216 polygons

#
# object Rectangle014
#

v  -892.8874 2823.4834 -868.0302
v  -892.8874 2824.0679 -868.4079
v  -892.3407 2823.9634 -870.1082
v  -892.3407 2823.6760 -869.9346
v  -892.8874 2824.5210 -869.4218
v  -892.3407 2824.1802 -870.5365
v  -892.8874 2824.7124 -870.5256
v  -892.3407 2824.3257 -871.3680
v  -892.8874 2824.8135 -871.7434
v  -892.3407 2824.3633 -871.8529
v  -892.8816 2824.8135 -888.7113
v  -892.2462 2824.3633 -888.7123
v  -891.8619 2823.5901 -872.1337
v  -891.8755 2823.4099 -872.0346
v  -891.8544 2823.6934 -872.3199
v  -891.8593 2823.7913 -872.8093
v  -891.8640 2823.8123 -873.0938
v  -891.6477 2823.8364 -888.7230
v  -891.5294 2822.9702 -874.2346
v  -891.5324 2819.6377 -874.2008
v  -891.8813 2819.8579 -872.0122
v  -891.5306 2823.0691 -874.3104
v  -891.5409 2823.1455 -874.3894
v  -891.5461 2823.1917 -874.5377
v  -891.5538 2823.2314 -874.7206
v  -892.8877 745.3562 -868.1671
v  -892.8876 1434.5444 -868.1243
v  -892.3409 1434.5449 -869.2795
v  -892.3411 745.3564 -868.9202
v  -891.8887 1434.5415 -870.5138
v  -891.8894 745.3547 -869.7234
v  -891.5516 745.3524 -870.5707
v  -891.5497 1434.5369 -871.8160
v  -891.3029 1434.5349 -872.6677
v  -891.3030 745.3516 -871.1304
v  -889.2749 2823.2407 -903.6158
v  -889.5138 2823.2363 -888.7370
v  -891.6519 2823.8384 -903.6158
v  -891.3027 2822.8174 -875.4853
v  -889.3550 2822.7981 -888.7436
v  -888.9324 2819.5505 -888.7437
v  -891.3027 2819.5601 -875.4954
v  -892.8873 2823.4834 -939.2015
v  -892.3407 2823.6760 -937.2971
v  -892.3407 2823.9634 -937.1235
v  -892.8873 2824.0679 -938.8237
v  -892.3407 2824.1802 -936.6952
v  -892.8873 2824.5210 -937.8099
v  -892.3407 2824.3257 -935.8637
v  -892.8873 2824.7124 -936.7061
v  -892.3407 2824.3633 -935.3788
v  -892.8873 2824.8135 -935.4883
v  -892.2462 2824.3633 -918.5192
v  -892.8816 2824.8135 -918.5201
v  -891.8755 2823.4099 -935.1971
v  -891.8619 2823.5901 -935.0980
v  -891.8544 2823.6934 -934.9118
v  -891.8593 2823.7913 -934.4224
v  -891.8640 2823.8123 -934.1379
v  -891.6477 2823.8364 -918.5086
v  -891.8813 2819.8579 -935.2195
v  -891.5324 2819.6377 -933.0309
v  -891.5293 2822.9702 -932.9971
v  -891.5306 2823.0691 -932.9213
v  -891.5409 2823.1455 -932.8423
v  -891.5461 2823.1917 -932.6940
v  -891.5538 2823.2314 -932.5111
v  -892.3411 745.3564 -895.5615
v  -892.3409 1434.5449 -910.1397
v  -892.8876 1434.5444 -911.2949
v  -892.8877 745.3562 -896.3146
v  -891.8894 745.3547 -894.7583
v  -891.8887 1434.5415 -908.9054
v  -891.3030 745.3514 -893.3513
v  -891.3029 1434.5349 -906.7515
v  -891.5497 1434.5369 -907.6031
v  -891.5516 745.3525 -893.9109
v  -889.5138 2823.2363 -918.4948
v  -891.3027 2822.8174 -931.7464
v  -889.3550 2822.7981 -918.4883
v  -891.3027 2819.5601 -931.7363
v  -888.9324 2819.5505 -918.4882
v  -892.8826 2824.8135 -903.6158
v  -892.2498 2824.3633 -903.6158
v  -889.1108 2822.7788 -903.6158
v  -888.4534 2819.5410 -903.6158
v  -888.0271 745.3516 -882.2408
v  -888.0270 1434.5349 -889.7096
v  -888.9326 1434.5349 -898.7307
v  -888.9327 745.3514 -888.1227
v  -891.5385 2816.3052 -874.1671
v  -891.5460 2812.9058 -874.1332
v  -891.8873 2812.9150 -871.9777
v  -891.8849 2816.3101 -871.9942
v  -892.8874 2816.3110 -868.0302
v  -892.8874 2819.8972 -868.0302
v  -892.3407 2819.9946 -869.9346
v  -892.3407 2816.3130 -869.9346
v  -891.3027 2816.3032 -875.5054
v  -888.9324 2816.3032 -888.7437
v  -888.9324 2812.9019 -888.7438
v  -891.3027 2812.9019 -875.5155
v  -891.8849 2816.3101 -935.2375
v  -891.8873 2812.9150 -935.2539
v  -891.5460 2812.9058 -933.0984
v  -891.5385 2816.3052 -933.0646
v  -892.3407 2816.3130 -937.2971
v  -892.3407 2819.9946 -937.2971
v  -892.8873 2819.8972 -939.2015
v  -892.8873 2816.3110 -939.2015
v  -891.3027 2816.3032 -931.7263
v  -891.3027 2812.9019 -931.7162
v  -888.9324 2812.9019 -918.4880
v  -888.9324 2816.3032 -918.4882
v  -888.0267 2816.3027 -903.6158
v  -888.0267 2812.9019 -903.6158
v  -892.8874 2812.9209 -868.0302
v  -892.3407 2812.9219 -869.9346
v  -892.3407 2812.9219 -937.2971
v  -892.8873 2812.9209 -939.2015
v  -891.5479 2123.7212 -873.3588
v  -891.8880 2123.7283 -871.6886
v  -888.9325 2123.7185 -884.7094
v  -888.9326 1434.5349 -880.6887
v  -891.3028 2123.7185 -874.4406
v  -891.8880 2123.7283 -920.8243
v  -891.5479 2123.7214 -919.1541
v  -891.3028 2123.7183 -918.0724
v  -888.9325 2123.7183 -907.8036
v  -888.0269 2123.7185 -896.2565
v  -892.8878 42.0632 -867.9562
v  -892.3412 41.8706 -868.3405
v  -892.3412 41.5834 -868.3754
v  -892.8878 41.4786 -868.0325
v  -892.3412 41.3666 -868.4619
v  -892.8878 41.0256 -868.2370
v  -892.3412 41.2211 -868.6296
v  -892.8878 40.8342 -868.4597
v  -892.3412 41.1835 -868.7274
v  -892.8878 40.7332 -868.7053
v  -892.2466 41.1835 -872.1287
v  -892.8820 40.7332 -872.1285
v  -891.8760 42.1367 -868.7641
v  -891.8624 41.9567 -868.7841
v  -891.8549 41.8534 -868.8217
v  -891.8598 41.7555 -868.9204
v  -891.8645 41.7346 -868.9778
v  -891.4556 41.4988 -872.1309
v  -891.8818 45.6890 -868.7596
v  -891.5328 45.9091 -869.2011
v  -891.4541 42.5766 -869.2079
v  -891.4514 42.4775 -869.2232
v  -891.4570 42.4010 -869.2391
v  -891.4634 42.3550 -869.2690
v  -891.4727 42.3151 -869.3060
v  -892.8878 56.1680 -867.9562
v  -892.3412 56.1680 -868.3405
v  -892.3412 52.6249 -868.3405
v  -892.8878 52.6258 -867.9562
v  -891.8901 56.1680 -868.7493
v  -891.8878 52.6316 -868.7526
v  -891.3032 56.1680 -869.4684
v  -891.3032 52.6447 -869.4664
v  -891.5464 52.6407 -869.1875
v  -891.5535 56.1680 -869.1807
v  -889.4927 42.3058 -875.1354
v  -891.4598 41.4966 -875.1354
v  -889.7316 42.3104 -872.1337
v  -891.2692 43.1107 -869.4603
v  -889.3215 43.1299 -872.1350
v  -891.3032 45.9865 -869.4623
v  -888.9329 45.9961 -872.1350
v  -892.8878 42.0632 -882.3145
v  -892.8878 41.4786 -882.2383
v  -892.3412 41.5834 -881.8953
v  -892.3412 41.8706 -881.9303
v  -892.8878 41.0256 -882.0338
v  -892.3412 41.3666 -881.8089
v  -892.8878 40.8342 -881.8111
v  -892.3412 41.2211 -881.6412
v  -892.8878 40.7332 -881.5654
v  -892.3412 41.1835 -881.5433
v  -892.8820 40.7332 -878.1422
v  -892.2466 41.1835 -878.1420
v  -891.8624 41.9567 -881.4867
v  -891.8760 42.1367 -881.5067
v  -891.8549 41.8534 -881.4491
v  -891.8598 41.7555 -881.3503
v  -891.8645 41.7346 -881.2930
v  -891.4556 41.4988 -878.1399
v  -891.4541 42.5766 -881.0628
v  -891.5328 45.9091 -881.0696
v  -891.8818 45.6890 -881.5112
v  -891.4514 42.4775 -881.0475
v  -891.4570 42.4010 -881.0316
v  -891.4634 42.3550 -881.0017
v  -891.4726 42.3151 -880.9648
v  -892.8878 56.1680 -882.3145
v  -892.8878 52.6258 -882.3145
v  -892.3412 52.6249 -881.9303
v  -892.3412 56.1680 -881.9303
v  -891.8878 52.6316 -881.5181
v  -891.8901 56.1680 -881.5214
v  -891.3032 56.1680 -880.8024
v  -891.5535 56.1680 -881.0901
v  -891.5464 52.6407 -881.0833
v  -891.3032 52.6447 -880.8044
v  -889.7316 42.3104 -878.1371
v  -891.2692 43.1107 -880.8105
v  -889.3215 43.1299 -878.1358
v  -888.9329 45.9961 -878.1357
v  -891.3032 45.9865 -880.8085
v  -892.2503 41.1835 -875.1354
v  -892.8831 40.7332 -875.1354
v  -889.0773 43.1490 -875.1354
v  -888.4539 46.0057 -875.1354
v  -888.9329 56.1680 -878.1357
v  -888.9329 52.6447 -878.1357
v  -888.0272 52.6448 -875.1354
v  -888.0272 56.1680 -875.1354
v  -891.5389 49.2416 -869.1943
v  -891.8854 49.2367 -868.7559
v  -892.8878 49.2357 -867.9562
v  -892.3412 49.2335 -868.3405
v  -892.3412 45.5521 -868.3405
v  -892.8878 45.6494 -867.9562
v  -891.3032 49.2434 -869.4643
v  -888.9329 49.2437 -872.1350
v  -888.9329 52.6447 -872.1351
v  -891.8854 49.2367 -881.5148
v  -891.5389 49.2416 -881.0765
v  -892.3412 49.2335 -881.9303
v  -892.8878 49.2357 -882.3145
v  -892.8878 45.6494 -882.3145
v  -892.3412 45.5521 -881.9303
v  -891.3032 49.2434 -880.8065
v  -888.9329 49.2437 -878.1357
v  -888.0272 49.2438 -875.1354
v  -888.9329 56.1680 -872.1351
v  -892.8875 2123.7327 -868.6268
v  -892.3408 2123.7334 -870.1055
v  -892.3408 2123.7334 -922.4075
v  -892.8875 2123.7327 -923.8862
v  -888.9327 745.3516 -876.3591
# 244 vertices

vn 0.9720 0.0541 0.2285
vn 0.9490 0.2147 0.2308
vn 0.9482 0.2522 0.1931
vn 0.9763 0.0679 0.2053
vn 0.8523 0.4895 0.1845
vn 0.8797 0.4566 0.1332
vn 0.7589 0.6438 0.0982
vn 0.8162 0.5736 0.0693
vn 0.7209 0.6923 0.0313
vn 0.7917 0.6102 0.0299
vn 0.6632 0.7484 0.0001
vn 0.7028 0.7114 0.0015
vn 0.9850 0.1029 0.1387
vn 0.9883 0.0120 0.1520
vn 0.9580 0.2719 0.0913
vn 0.9133 0.4053 0.0399
vn 0.8883 0.4590 0.0135
vn 0.5524 0.8336 0.0037
vn 0.9911 0.0480 0.1241
vn 0.9911 0.0003 0.1334
vn 0.9886 -0.0002 0.1503
vn 0.9918 -0.0415 -0.1208
vn 0.9827 0.1818 0.0361
vn 0.9923 0.1237 -0.0034
vn 0.9687 0.2341 0.0824
vn 0.8649 0.0001 0.5019
vn 0.9353 0.0001 0.3539
vn 0.9482 0.0003 0.3177
vn 0.8897 0.0003 0.4566
vn 0.9701 0.0003 0.2426
vn 0.9339 0.0005 0.3574
vn 0.9477 0.0006 0.3192
vn 0.9767 0.0004 0.2147
vn 0.9737 0.0005 0.2278
vn 0.9412 0.0008 0.3377
vn 0.7187 0.6953 0.0000
vn 0.7329 0.6787 0.0476
vn 0.5383 0.8427 0.0000
vn 0.9845 0.1255 0.1225
vn 0.9797 0.1903 0.0631
vn 0.9952 0.0515 0.0835
vn 0.9900 -0.0004 0.1410
vn 0.9720 0.0541 -0.2285
vn 0.9763 0.0679 -0.2053
vn 0.9482 0.2522 -0.1931
vn 0.9490 0.2147 -0.2308
vn 0.8797 0.4566 -0.1332
vn 0.8523 0.4895 -0.1845
vn 0.8162 0.5736 -0.0693
vn 0.7589 0.6438 -0.0982
vn 0.7917 0.6102 -0.0299
vn 0.7209 0.6923 -0.0313
vn 0.7028 0.7114 -0.0015
vn 0.6632 0.7484 -0.0001
vn 0.9883 0.0120 -0.1520
vn 0.9850 0.1029 -0.1387
vn 0.9580 0.2719 -0.0913
vn 0.9133 0.4053 -0.0399
vn 0.8883 0.4590 -0.0135
vn 0.5524 0.8336 -0.0037
vn 0.9886 -0.0002 -0.1503
vn 0.9911 0.0003 -0.1334
vn 0.9911 0.0480 -0.1240
vn 0.9918 -0.0415 0.1208
vn 0.9827 0.1818 -0.0361
vn 0.9923 0.1237 0.0034
vn 0.9687 0.2341 -0.0824
vn 0.8896 -0.0093 -0.4566
vn 0.9482 -0.0062 -0.3178
vn 0.9353 -0.0071 -0.3538
vn 0.8649 -0.0106 -0.5019
vn 0.9339 -0.0071 -0.3574
vn 0.9701 -0.0046 -0.2427
vn 0.9412 -0.0064 -0.3377
vn 0.9737 -0.0041 -0.2278
vn 0.9767 -0.0039 -0.2147
vn 0.9477 -0.0061 -0.3192
vn 0.7329 0.6787 -0.0476
vn 0.9845 0.1255 -0.1225
vn 0.9797 0.1903 -0.0631
vn 0.9900 -0.0004 -0.1410
vn 0.9952 0.0515 -0.0835
vn 0.6648 0.7471 0.0000
vn 0.7030 0.7112 0.0000
vn 0.9762 0.2170 0.0000
vn 0.9912 0.1325 0.0000
vn 1.0000 0.0000 0.0000
vn 1.0000 -0.0000 -0.0000
vn 0.9878 -0.0022 -0.1555
vn 0.9725 -0.0035 -0.2329
vn 0.9911 -0.0003 0.1330
vn 0.9912 -0.0001 0.1325
vn 0.9886 0.0001 0.1502
vn 0.9886 0.0001 0.1504
vn 0.9747 -0.0000 0.2237
vn 0.9800 -0.0000 0.1989
vn 0.9800 -0.0000 0.1990
vn 0.9901 -0.0004 0.1406
vn 0.9955 -0.0000 0.0953
vn 0.9955 0.0003 0.0952
vn 0.9901 -0.0001 0.1406
vn 0.9886 0.0001 -0.1504
vn 0.9886 -0.0015 -0.1504
vn 0.9912 -0.0016 -0.1324
vn 0.9911 -0.0003 -0.1330
vn 0.9800 -0.0000 -0.1990
vn 0.9800 -0.0000 -0.1989
vn 0.9747 -0.0000 -0.2237
vn 0.9901 -0.0004 -0.1406
vn 0.9901 -0.0016 -0.1406
vn 0.9954 -0.0007 -0.0956
vn 0.9955 -0.0000 -0.0953
vn 0.9986 0.0524 0.0000
vn 1.0000 -0.0000 -0.0002
vn 0.9747 -0.0001 0.2237
vn 0.9799 -0.0000 0.1993
vn 0.9799 -0.0022 -0.1994
vn 0.9747 -0.0025 -0.2237
vn 0.9855 0.0003 0.1695
vn 0.9814 0.0002 0.1919
vn 0.9925 0.0007 0.1223
vn 0.9878 0.0009 0.1554
vn 0.9837 0.0004 0.1799
vn 0.9814 -0.0037 -0.1919
vn 0.9855 -0.0031 -0.1695
vn 0.9837 -0.0033 -0.1799
vn 0.9925 -0.0018 -0.1222
vn 0.6502 -0.0383 0.7588
vn 0.7061 -0.0531 0.7061
vn 0.7128 -0.1810 0.6776
vn 0.6343 -0.2121 0.7434
vn 0.7378 -0.3826 0.5561
vn 0.6640 -0.4648 0.5857
vn 0.7675 -0.5478 0.3329
vn 0.6922 -0.6185 0.3718
vn 0.7754 -0.6174 0.1326
vn 0.7148 -0.6875 0.1282
vn 0.5589 -0.8292 0.0059
vn 0.6633 -0.7483 0.0004
vn 0.7778 -0.0110 0.6284
vn 0.8052 -0.0882 0.5865
vn 0.8555 -0.2612 0.4470
vn 0.8755 -0.4266 0.2271
vn 0.8692 -0.4794 0.1209
vn 0.4769 -0.8771 0.0573
vn 0.8011 0.0002 0.5985
vn 0.8308 0.0069 0.5566
vn 0.8494 -0.0240 0.5272
vn 0.9802 0.0309 -0.1955
vn 0.9739 -0.1326 0.1842
vn 0.9891 -0.1463 0.0167
vn 0.9184 -0.2423 0.3127
vn 0.6602 0.0001 0.7510
vn 0.7065 0.0003 0.7077
vn 0.7070 -0.0000 0.7072
vn 0.6602 -0.0000 0.7510
vn 0.8019 0.0004 0.5975
vn 0.8015 -0.0001 0.5979
vn 0.8180 0.0009 0.5752
vn 0.8178 0.0003 0.5755
vn 0.8339 0.0003 0.5520
vn 0.8349 0.0007 0.5504
vn 0.7477 -0.6641 0.0000
vn 0.4507 -0.8927 0.0000
vn 0.7559 -0.6224 0.2031
vn 0.8655 -0.0233 0.5004
vn 0.9328 -0.2287 0.2786
vn 0.8166 0.0039 0.5772
vn 0.9316 -0.0501 0.3600
vn 0.6502 -0.0383 -0.7588
vn 0.6343 -0.2121 -0.7434
vn 0.7128 -0.1810 -0.6776
vn 0.7061 -0.0531 -0.7061
vn 0.6640 -0.4648 -0.5857
vn 0.7378 -0.3826 -0.5561
vn 0.6922 -0.6185 -0.3718
vn 0.7675 -0.5478 -0.3329
vn 0.7148 -0.6875 -0.1282
vn 0.7754 -0.6174 -0.1326
vn 0.6633 -0.7483 -0.0004
vn 0.5589 -0.8292 -0.0059
vn 0.8052 -0.0882 -0.5865
vn 0.7778 -0.0110 -0.6284
vn 0.8555 -0.2612 -0.4470
vn 0.8755 -0.4266 -0.2271
vn 0.8692 -0.4794 -0.1209
vn 0.4769 -0.8771 -0.0573
vn 0.8494 -0.0240 -0.5272
vn 0.8308 0.0069 -0.5566
vn 0.8011 0.0002 -0.5985
vn 0.9802 0.0309 0.1955
vn 0.9739 -0.1326 -0.1842
vn 0.9891 -0.1463 -0.0167
vn 0.9184 -0.2423 -0.3127
vn 0.6602 -0.0077 -0.7510
vn 0.6602 -0.0000 -0.7511
vn 0.7070 -0.0000 -0.7072
vn 0.7067 -0.0070 -0.7075
vn 0.8015 -0.0001 -0.5979
vn 0.8021 -0.0058 -0.5971
vn 0.8180 -0.0051 -0.5752
vn 0.8348 -0.0050 -0.5505
vn 0.8339 0.0003 -0.5520
vn 0.8178 0.0003 -0.5755
vn 0.7559 -0.6224 -0.2031
vn 0.8655 -0.0233 -0.5004
vn 0.9328 -0.2287 -0.2786
vn 0.9316 -0.0501 -0.3600
vn 0.8166 0.0039 -0.5772
vn 0.5594 -0.8289 0.0000
vn 0.6649 -0.7470 0.0000
vn 0.9631 -0.2691 0.0000
vn 0.9904 -0.1380 0.0000
vn 0.9104 -0.0030 -0.4137
vn 0.9102 0.0000 -0.4143
vn 1.0000 -0.0000 0.0000
vn 1.0000 0.0000 0.0008
vn 0.8329 0.0002 0.5535
vn 0.8010 -0.0000 0.5986
vn 0.7075 -0.0000 0.7067
vn 0.7077 -0.0000 0.7066
vn 0.8177 0.0004 0.5756
vn 0.9102 0.0000 0.4141
vn 0.9102 0.0000 0.4143
vn 0.8010 -0.0000 -0.5986
vn 0.8329 0.0002 -0.5535
vn 0.7075 -0.0000 -0.7067
vn 0.7077 -0.0000 -0.7066
vn 0.8177 0.0004 -0.5756
vn 0.9102 0.0000 -0.4141
vn 0.9986 -0.0520 0.0000
vn 0.9099 0.0013 0.4147
vn 0.9590 -0.0000 0.2834
vn 0.9674 0.0001 0.2533
vn 0.9674 -0.0050 -0.2533
vn 0.9590 -0.0057 -0.2834
vn 0.9725 0.0014 0.2329
# 237 vertex normals

vt 0.9209 0.9973 0.5130
vt 0.9212 0.9976 0.5130
vt 0.9226 0.9975 0.5403
vt 0.9225 0.9974 0.5403
vt 0.9220 0.9977 0.5130
vt 0.9230 0.9976 0.5403
vt 0.9229 0.9978 0.5130
vt 0.9237 0.9976 0.5403
vt 0.9240 0.9978 0.5130
vt 0.9241 0.9977 0.5403
vt 0.9381 0.9978 0.5133
vt 0.9381 0.9977 0.5450
vt 0.9243 0.9974 0.5642
vt 0.9242 0.9973 0.5636
vt 0.9244 0.9974 0.5646
vt 0.9249 0.9975 0.5644
vt 0.9251 0.9975 0.5641
vt 0.9381 0.9975 0.5750
vt 0.9260 0.9972 0.5809
vt 0.9260 0.9960 0.5807
vt 0.9242 0.9961 0.5633
vt 0.9261 0.9972 0.5808
vt 0.9262 0.9972 0.5803
vt 0.9263 0.9972 0.5800
vt 0.9264 0.9973 0.5797
vt 0.9210 0.2552 0.5130
vt 0.9209 0.5013 0.5130
vt 0.9219 0.5013 0.5403
vt 0.9216 0.2552 0.5403
vt 0.9229 0.5013 0.5629
vt 0.9223 0.2552 0.5629
vt 0.9230 0.2552 0.5798
vt 0.9240 0.5013 0.5799
vt 0.9247 0.5013 0.5922
vt 0.9235 0.2552 0.5922
vt 0.9505 0.9973 0.6936
vt 0.9381 0.9973 0.6817
vt 0.9505 0.9975 0.5747
vt 0.9271 0.9971 0.5922
vt 0.9381 0.9971 0.6896
vt 0.9381 0.9959 0.7107
vt 0.9271 0.9959 0.5922
vt 0.9802 0.9973 0.5130
vt 0.9786 0.9974 0.5403
vt 0.9784 0.9975 0.5403
vt 0.9799 0.9976 0.5130
vt 0.9781 0.9976 0.5403
vt 0.9790 0.9977 0.5130
vt 0.9774 0.9976 0.5403
vt 0.9781 0.9978 0.5130
vt 0.9770 0.9977 0.5403
vt 0.9771 0.9978 0.5130
vt 0.9629 0.9977 0.5450
vt 0.9629 0.9978 0.5133
vt 0.9768 0.9973 0.5636
vt 0.9768 0.9974 0.5642
vt 0.9766 0.9974 0.5646
vt 0.9762 0.9975 0.5644
vt 0.9760 0.9975 0.5641
vt 0.9629 0.9975 0.5750
vt 0.9769 0.9961 0.5633
vt 0.9750 0.9960 0.5807
vt 0.9750 0.9972 0.5809
vt 0.9749 0.9972 0.5808
vt 0.9749 0.9972 0.5803
vt 0.9748 0.9972 0.5800
vt 0.9746 0.9973 0.5797
vt 0.9438 0.2552 0.5403
vt 0.9560 0.5013 0.5403
vt 0.9569 0.5013 0.5130
vt 0.9444 0.2552 0.5130
vt 0.9431 0.2552 0.5629
vt 0.9549 0.5013 0.5629
vt 0.9420 0.2552 0.5922
vt 0.9531 0.5013 0.5922
vt 0.9538 0.5013 0.5799
vt 0.9424 0.2552 0.5798
vt 0.9629 0.9973 0.6817
vt 0.9740 0.9971 0.5922
vt 0.9629 0.9971 0.6896
vt 0.9740 0.9959 0.5922
vt 0.9629 0.9959 0.7107
vt 0.9505 0.9978 0.5132
vt 0.9505 0.9977 0.5449
vt 0.9505 0.9971 0.7018
vt 0.9505 0.9959 0.7347
vt 0.9327 0.2552 0.7560
vt 0.9389 0.5013 0.7560
vt 0.9465 0.5013 0.7107
vt 0.9376 0.2552 0.7107
vt 0.9260 0.9948 0.5804
vt 0.9260 0.9936 0.5800
vt 0.9242 0.9936 0.5630
vt 0.9242 0.9948 0.5631
vt 0.9209 0.9948 0.5130
vt 0.9209 0.9961 0.5130
vt 0.9225 0.9961 0.5403
vt 0.9225 0.9948 0.5403
vt 0.9271 0.9948 0.5922
vt 0.9381 0.9948 0.7107
vt 0.9381 0.9936 0.7107
vt 0.9271 0.9936 0.5922
vt 0.9769 0.9948 0.5631
vt 0.9769 0.9936 0.5630
vt 0.9751 0.9936 0.5800
vt 0.9751 0.9948 0.5804
vt 0.9786 0.9948 0.5403
vt 0.9786 0.9961 0.5403
vt 0.9802 0.9961 0.5130
vt 0.9802 0.9948 0.5130
vt 0.9739 0.9948 0.5922
vt 0.9739 0.9936 0.5922
vt 0.9629 0.9936 0.7107
vt 0.9629 0.9948 0.7107
vt 0.9505 0.9948 0.7560
vt 0.9505 0.9936 0.7560
vt 0.9209 0.9936 0.5130
vt 0.9225 0.9936 0.5403
vt 0.9786 0.9936 0.5403
vt 0.9802 0.9936 0.5130
vt 0.9253 0.7474 0.5799
vt 0.9239 0.7474 0.5629
vt 0.9348 0.7474 0.7107
vt 0.9314 0.5013 0.7107
vt 0.9262 0.7474 0.5922
vt 0.9649 0.7474 0.5629
vt 0.9635 0.7474 0.5800
vt 0.9626 0.7474 0.5922
vt 0.9540 0.7474 0.7107
vt 0.9444 0.7474 0.7560
vt 0.9208 0.0040 0.5130
vt 0.9211 0.0039 0.5403
vt 0.9212 0.0038 0.5403
vt 0.9209 0.0038 0.5130
vt 0.9212 0.0037 0.5403
vt 0.9210 0.0036 0.5130
vt 0.9214 0.0037 0.5403
vt 0.9212 0.0035 0.5130
vt 0.9215 0.0037 0.5403
vt 0.9214 0.0035 0.5130
vt 0.9243 0.0037 0.5450
vt 0.9243 0.0035 0.5132
vt 0.9215 0.0040 0.5635
vt 0.9215 0.0039 0.5642
vt 0.9215 0.0039 0.5646
vt 0.9216 0.0039 0.5644
vt 0.9217 0.0039 0.5641
vt 0.9243 0.0038 0.5846
vt 0.9215 0.0053 0.5633
vt 0.9218 0.0054 0.5807
vt 0.9219 0.0042 0.5846
vt 0.9219 0.0041 0.5848
vt 0.9219 0.0041 0.5845
vt 0.9219 0.0041 0.5842
vt 0.9219 0.0041 0.5837
vt 0.9208 0.0090 0.5130
vt 0.9211 0.0090 0.5403
vt 0.9211 0.0078 0.5403
vt 0.9208 0.0078 0.5130
vt 0.9215 0.0090 0.5628
vt 0.9215 0.0078 0.5630
vt 0.9221 0.0090 0.5922
vt 0.9221 0.0078 0.5922
vt 0.9218 0.0078 0.5800
vt 0.9218 0.0090 0.5797
vt 0.9268 0.0041 0.6827
vt 0.9268 0.0038 0.5844
vt 0.9243 0.0041 0.6708
vt 0.9221 0.0044 0.5939
vt 0.9243 0.0044 0.6913
vt 0.9221 0.0054 0.5922
vt 0.9243 0.0054 0.7107
vt 0.9328 0.0040 0.5130
vt 0.9327 0.0038 0.5130
vt 0.9324 0.0038 0.5403
vt 0.9325 0.0039 0.5403
vt 0.9325 0.0036 0.5130
vt 0.9324 0.0037 0.5403
vt 0.9324 0.0035 0.5130
vt 0.9322 0.0037 0.5403
vt 0.9321 0.0035 0.5130
vt 0.9321 0.0037 0.5403
vt 0.9293 0.0035 0.5132
vt 0.9293 0.0037 0.5450
vt 0.9321 0.0039 0.5642
vt 0.9321 0.0040 0.5635
vt 0.9321 0.0039 0.5646
vt 0.9320 0.0039 0.5644
vt 0.9319 0.0039 0.5641
vt 0.9293 0.0038 0.5846
vt 0.9317 0.0042 0.5846
vt 0.9317 0.0054 0.5807
vt 0.9321 0.0053 0.5633
vt 0.9317 0.0041 0.5848
vt 0.9317 0.0041 0.5845
vt 0.9317 0.0041 0.5842
vt 0.9316 0.0041 0.5837
vt 0.9328 0.0090 0.5130
vt 0.9328 0.0078 0.5130
vt 0.9325 0.0078 0.5403
vt 0.9325 0.0090 0.5403
vt 0.9321 0.0078 0.5630
vt 0.9321 0.0090 0.5628
vt 0.9315 0.0090 0.5922
vt 0.9318 0.0090 0.5797
vt 0.9317 0.0078 0.5800
vt 0.9315 0.0078 0.5922
vt 0.9293 0.0041 0.6708
vt 0.9315 0.0044 0.5939
vt 0.9293 0.0044 0.6913
vt 0.9293 0.0054 0.7107
vt 0.9315 0.0054 0.5922
vt 0.9268 0.0037 0.5448
vt 0.9268 0.0035 0.5132
vt 0.9268 0.0044 0.7035
vt 0.9268 0.0054 0.7347
vt 0.9293 0.0090 0.7107
vt 0.9293 0.0078 0.7107
vt 0.9268 0.0078 0.7560
vt 0.9268 0.0090 0.7560
vt 0.9218 0.0065 0.5804
vt 0.9215 0.0065 0.5631
vt 0.9208 0.0065 0.5130
vt 0.9211 0.0065 0.5403
vt 0.9211 0.0052 0.5403
vt 0.9208 0.0053 0.5130
vt 0.9221 0.0065 0.5922
vt 0.9243 0.0065 0.7107
vt 0.9243 0.0078 0.7107
vt 0.9321 0.0065 0.5631
vt 0.9317 0.0065 0.5804
vt 0.9325 0.0065 0.5403
vt 0.9328 0.0065 0.5130
vt 0.9328 0.0053 0.5130
vt 0.9325 0.0052 0.5403
vt 0.9315 0.0065 0.5922
vt 0.9293 0.0065 0.7107
vt 0.9268 0.0065 0.7560
vt 0.9243 0.0090 0.7107
vt 0.9214 0.7474 0.5130
vt 0.9226 0.7474 0.5403
vt 0.9662 0.7474 0.5403
vt 0.9674 0.7474 0.5130
vt 0.9278 0.2552 0.7107
# 244 texture coords

o Rectangle014
g Rectangle014
usemtl wire_115115115
s off
f 1720/1734/1671 1719/1733/1670 1718/1732/1669 1717/1731/1668 
f 1719/1733/1670 1722/1736/1673 1721/1735/1672 1718/1732/1669 
f 1722/1736/1673 1724/1738/1675 1723/1737/1674 1721/1735/1672 
f 1724/1738/1675 1726/1740/1677 1725/1739/1676 1723/1737/1674 
f 1726/1740/1677 1728/1742/1679 1727/1741/1678 1725/1739/1676 
f 1730/1744/1681 1729/1743/1680 1719/1733/1670 1720/1734/1671 
f 1729/1743/1680 1731/1745/1682 1722/1736/1673 1719/1733/1670 
f 1731/1745/1682 1732/1746/1683 1724/1738/1675 1722/1736/1673 
f 1732/1746/1683 1733/1747/1684 1726/1740/1677 1724/1738/1675 
f 1733/1747/1684 1734/1748/1685 1728/1742/1679 1726/1740/1677 
f 1737/1751/1688 1736/1750/1687 1735/1749/1686 1730/1744/1681 
f 1730/1744/1681 1735/1749/1686 1738/1752/1689 1729/1743/1680 
f 1729/1743/1680 1738/1752/1689 1739/1753/1690 1731/1745/1682 
f 1731/1745/1682 1739/1753/1690 1740/1754/1691 1732/1746/1683 
f 1732/1746/1683 1740/1754/1691 1741/1755/1692 1733/1747/1684 
f 1745/1759/1696 1744/1758/1695 1743/1757/1694 1742/1756/1693 
f 1747/1761/1698 1746/1760/1697 1744/1758/1695 1745/1759/1696 
s 1
f 1751/1765/1702 1750/1764/1701 1749/1763/1700 1748/1762/1699 
s off
f 1754/1768/1705 1734/1748/1685 1753/1767/1704 1752/1766/1703 
s 1
f 1755/1769/1706 1741/1755/1692 1740/1754/1691 1739/1753/1690 1738/1752/1689 1735/1749/1686 
f 1755/1769/1706 1756/1770/1707 1753/1767/1704 1741/1755/1692 
f 1758/1772/1709 1757/1771/1708 1756/1770/1707 1755/1769/1706 
s off
f 1762/1776/1713 1761/1775/1712 1760/1774/1711 1759/1773/1710 
f 1764/1778/1715 1763/1777/1714 1761/1775/1712 1762/1776/1713 
f 1766/1780/1717 1765/1779/1716 1763/1777/1714 1764/1778/1715 
f 1768/1782/1719 1767/1781/1718 1765/1779/1716 1766/1780/1717 
f 1770/1784/1721 1769/1783/1720 1767/1781/1718 1768/1782/1719 
f 1761/1775/1712 1772/1786/1723 1771/1785/1722 1760/1774/1711 
f 1763/1777/1714 1773/1787/1724 1772/1786/1723 1761/1775/1712 
f 1765/1779/1716 1774/1788/1725 1773/1787/1724 1763/1777/1714 
f 1767/1781/1718 1775/1789/1726 1774/1788/1725 1765/1779/1716 
f 1769/1783/1720 1776/1790/1727 1775/1789/1726 1767/1781/1718 
f 1779/1793/1730 1778/1792/1729 1777/1791/1728 1771/1785/1722 
f 1780/1794/1731 1779/1793/1730 1771/1785/1722 1772/1786/1723 
f 1781/1795/1732 1780/1794/1731 1772/1786/1723 1773/1787/1724 
f 1782/1796/1733 1781/1795/1732 1773/1787/1724 1774/1788/1725 
f 1783/1797/1734 1782/1796/1733 1774/1788/1725 1775/1789/1726 
f 1787/1801/1738 1786/1800/1737 1785/1799/1736 1784/1798/1735 
f 1784/1798/1735 1785/1799/1736 1789/1803/1740 1788/1802/1739 
s 1
f 1793/1807/1744 1792/1806/1743 1791/1805/1742 1790/1804/1741 
s off
f 1794/1808/1745 1776/1790/1727 1754/1768/1705 1752/1766/1703 
s 1
f 1780/1794/1731 1781/1795/1732 1782/1796/1733 1783/1797/1734 1795/1809/1746 1779/1793/1730 
f 1794/1808/1745 1796/1810/1747 1795/1809/1746 1783/1797/1734 
f 1796/1810/1747 1798/1812/1749 1797/1811/1748 1795/1809/1746 
s off
f 1728/1742/1679 1800/1814/1751 1799/1813/1750 1727/1741/1678 
f 1734/1748/1685 1754/1768/1705 1800/1814/1751 1728/1742/1679 
f 1734/1748/1685 1733/1747/1684 1741/1755/1692 1753/1767/1704 
s 1
f 1756/1770/1707 1801/1815/1752 1752/1766/1703 1753/1767/1704 
f 1757/1771/1708 1802/1816/1753 1801/1815/1752 1756/1770/1707 
s off
f 1770/1784/1721 1799/1813/1750 1800/1814/1751 1769/1783/1720 
f 1769/1783/1720 1800/1814/1751 1754/1768/1705 1776/1790/1727 
f 1794/1808/1745 1783/1797/1734 1775/1789/1726 1776/1790/1727 
s 1
f 1794/1808/1745 1752/1766/1703 1801/1815/1752 1796/1810/1747 
f 1806/1820/1757 1805/1819/1756 1804/1818/1755 1803/1817/1754 
s off
f 1810/1824/1761 1809/1823/1760 1808/1822/1759 1807/1821/1758 
f 1814/1828/1764 1813/1827/1763 1812/1826/1762 1811/1825/1762 
f 1810/1824/1761 1737/1751/1688 1813/1827/1763 1814/1828/1764 
s 1
f 1815/1829/1765 1758/1772/1709 1736/1750/1687 1807/1821/1758 
f 1815/1829/1765 1818/1832/1768 1817/1831/1767 1816/1830/1766 
s off
f 1822/1836/1772 1821/1835/1771 1820/1834/1770 1819/1833/1769 
f 1826/1840/1775 1825/1839/1775 1824/1838/1774 1823/1837/1773 
f 1823/1837/1773 1824/1838/1774 1777/1791/1728 1819/1833/1769 
s 1
f 1822/1836/1772 1778/1792/1729 1797/1811/1748 1827/1841/1776 
f 1830/1844/1779 1829/1843/1778 1828/1842/1777 1827/1841/1776 
f 1816/1830/1766 1817/1831/1767 1832/1846/1781 1831/1845/1780 
f 1830/1844/1779 1798/1812/1749 1802/1816/1753 1831/1845/1780 
s off
f 1834/1848/1783 1814/1828/1764 1811/1825/1762 1833/1847/1782 
f 1809/1823/1760 1810/1824/1761 1814/1828/1764 1834/1848/1783 
s 1
f 1818/1832/1768 1815/1829/1765 1807/1821/1758 1808/1822/1759 
s off
f 1836/1850/1785 1826/1840/1775 1823/1837/1773 1835/1849/1784 
f 1835/1849/1784 1823/1837/1773 1819/1833/1769 1820/1834/1770 
s 1
f 1821/1835/1771 1822/1836/1772 1827/1841/1776 1828/1842/1777 
f 1829/1843/1778 1830/1844/1779 1831/1845/1780 1832/1846/1781 
s off
f 1838/1852/1787 1746/1760/1697 1749/1763/1700 1837/1851/1786 
s 1
f 1841/1855/1790 1750/1764/1701 1840/1854/1789 1839/1853/1788 
s off
f 1843/1857/1792 1792/1806/1743 1789/1803/1740 1842/1856/1791 
s 1
f 1845/1859/1794 1805/1819/1756 1791/1805/1742 1844/1858/1793 
f 1839/1853/1788 1840/1854/1789 1804/1818/1755 1846/1860/1754 
s off
f 1737/1751/1688 1810/1824/1761 1807/1821/1758 1736/1750/1687 
s 1
f 1758/1772/1709 1815/1829/1765 1816/1830/1766 1757/1771/1708 
s off
f 1778/1792/1729 1822/1836/1772 1819/1833/1769 1777/1791/1728 
s 1
f 1798/1812/1749 1830/1844/1779 1827/1841/1776 1797/1811/1748 
f 1757/1771/1708 1816/1830/1766 1831/1845/1780 1802/1816/1753 
s off
f 1813/1827/1763 1720/1734/1671 1717/1731/1668 1812/1826/1762 
f 1737/1751/1688 1730/1744/1681 1720/1734/1671 1813/1827/1763 
s 1
f 1758/1772/1709 1755/1769/1706 1735/1749/1686 1736/1750/1687 
s off
f 1825/1839/1775 1759/1773/1710 1760/1774/1711 1824/1838/1774 
f 1824/1838/1774 1760/1774/1711 1771/1785/1722 1777/1791/1728 
s 1
f 1778/1792/1729 1779/1793/1730 1795/1809/1746 1797/1811/1748 
f 1798/1812/1749 1796/1810/1747 1801/1815/1752 1802/1816/1753 
s off
f 1850/1864/1798 1849/1863/1797 1848/1862/1796 1847/1861/1795 
f 1852/1866/1800 1851/1865/1799 1849/1863/1797 1850/1864/1798 
f 1854/1868/1802 1853/1867/1801 1851/1865/1799 1852/1866/1800 
f 1856/1870/1804 1855/1869/1803 1853/1867/1801 1854/1868/1802 
f 1858/1872/1806 1857/1871/1805 1855/1869/1803 1856/1870/1804 
f 1849/1863/1797 1860/1874/1808 1859/1873/1807 1848/1862/1796 
f 1851/1865/1799 1861/1875/1809 1860/1874/1808 1849/1863/1797 
f 1853/1867/1801 1862/1876/1810 1861/1875/1809 1851/1865/1799 
f 1855/1869/1803 1863/1877/1811 1862/1876/1810 1853/1867/1801 
f 1857/1871/1805 1864/1878/1812 1863/1877/1811 1855/1869/1803 
f 1867/1881/1815 1866/1880/1814 1865/1879/1813 1859/1873/1807 
f 1868/1882/1816 1867/1881/1815 1859/1873/1807 1860/1874/1808 
f 1869/1883/1817 1868/1882/1816 1860/1874/1808 1861/1875/1809 
f 1870/1884/1818 1869/1883/1817 1861/1875/1809 1862/1876/1810 
f 1871/1885/1819 1870/1884/1818 1862/1876/1810 1863/1877/1811 
f 1875/1889/1823 1874/1888/1822 1873/1887/1821 1872/1886/1820 
f 1874/1888/1822 1877/1891/1825 1876/1890/1824 1873/1887/1821 
s 1
f 1881/1895/1829 1880/1894/1828 1879/1893/1827 1878/1892/1826 
s off
f 1884/1898/1832 1864/1878/1812 1883/1897/1831 1882/1896/1830 
s 1
f 1868/1882/1816 1869/1883/1817 1870/1884/1818 1871/1885/1819 1885/1899/1833 1867/1881/1815 
f 1884/1898/1832 1886/1900/1834 1885/1899/1833 1871/1885/1819 
f 1886/1900/1834 1888/1902/1836 1887/1901/1835 1885/1899/1833 
s off
f 1892/1906/1840 1891/1905/1839 1890/1904/1838 1889/1903/1837 
f 1891/1905/1839 1894/1908/1842 1893/1907/1841 1890/1904/1838 
f 1894/1908/1842 1896/1910/1844 1895/1909/1843 1893/1907/1841 
f 1896/1910/1844 1898/1912/1846 1897/1911/1845 1895/1909/1843 
f 1898/1912/1846 1900/1914/1848 1899/1913/1847 1897/1911/1845 
f 1902/1916/1850 1901/1915/1849 1891/1905/1839 1892/1906/1840 
f 1901/1915/1849 1903/1917/1851 1894/1908/1842 1891/1905/1839 
f 1903/1917/1851 1904/1918/1852 1896/1910/1844 1894/1908/1842 
f 1904/1918/1852 1905/1919/1853 1898/1912/1846 1896/1910/1844 
f 1905/1919/1853 1906/1920/1854 1900/1914/1848 1898/1912/1846 
f 1909/1923/1857 1908/1922/1856 1907/1921/1855 1902/1916/1850 
f 1902/1916/1850 1907/1921/1855 1910/1924/1858 1901/1915/1849 
f 1901/1915/1849 1910/1924/1858 1911/1925/1859 1903/1917/1851 
f 1903/1917/1851 1911/1925/1859 1912/1926/1860 1904/1918/1852 
f 1904/1918/1852 1912/1926/1860 1913/1927/1861 1905/1919/1853 
f 1917/1931/1865 1916/1930/1864 1915/1929/1863 1914/1928/1862 
f 1919/1933/1867 1918/1932/1866 1916/1930/1864 1917/1931/1865 
s 1
f 1923/1937/1871 1922/1936/1870 1921/1935/1869 1920/1934/1868 
s off
f 1883/1897/1831 1906/1920/1854 1924/1938/1872 1882/1896/1830 
s 1
f 1925/1939/1873 1913/1927/1861 1912/1926/1860 1911/1925/1859 1910/1924/1858 1907/1921/1855 
f 1925/1939/1873 1926/1940/1874 1924/1938/1872 1913/1927/1861 
f 1928/1942/1876 1927/1941/1875 1926/1940/1874 1925/1939/1873 
s off
f 1930/1944/1878 1929/1943/1877 1857/1871/1805 1858/1872/1806 
f 1929/1943/1877 1883/1897/1831 1864/1878/1812 1857/1871/1805 
f 1871/1885/1819 1863/1877/1811 1864/1878/1812 1884/1898/1832 
s 1
f 1882/1896/1830 1931/1945/1879 1886/1900/1834 1884/1898/1832 
f 1931/1945/1879 1932/1946/1880 1888/1902/1836 1886/1900/1834 
s off
f 1929/1943/1877 1930/1944/1878 1899/1913/1847 1900/1914/1848 
f 1883/1897/1831 1929/1943/1877 1900/1914/1848 1906/1920/1854 
f 1905/1919/1853 1913/1927/1861 1924/1938/1872 1906/1920/1854 
s 1
f 1931/1945/1879 1882/1896/1830 1924/1938/1872 1926/1940/1874 
f 1936/1950/1884 1935/1949/1883 1934/1948/1882 1933/1947/1881 
s off
f 1880/1894/1828 1877/1891/1825 1938/1952/1886 1937/1951/1885 
f 1942/1956/1823 1941/1955/1888 1940/1954/1887 1939/1953/1823 
f 1941/1955/1888 1865/1879/1813 1938/1952/1886 1940/1954/1887 
s 1
f 1866/1880/1814 1887/1901/1835 1943/1957/1889 1937/1951/1885 
f 1945/1959/1891 1879/1893/1827 1943/1957/1889 1944/1958/1890 
s off
f 1918/1932/1866 1922/1936/1870 1947/1961/1893 1946/1960/1892 
f 1951/1965/1895 1950/1964/1863 1949/1963/1863 1948/1962/1894 
f 1909/1923/1857 1951/1965/1895 1948/1962/1894 1946/1960/1892 
s 1
f 1928/1942/1876 1908/1922/1856 1947/1961/1893 1952/1966/1896 
f 1923/1937/1871 1934/1948/1882 1953/1967/1897 1952/1966/1896 
f 1935/1949/1883 1945/1959/1891 1944/1958/1890 1954/1968/1898 
f 1932/1946/1880 1927/1941/1875 1953/1967/1897 1954/1968/1898 
s off
f 1939/1953/1823 1940/1954/1887 1874/1888/1822 1875/1889/1823 
f 1940/1954/1887 1938/1952/1886 1877/1891/1825 1874/1888/1822 
s 1
f 1937/1951/1885 1943/1957/1889 1879/1893/1827 1880/1894/1828 
s off
f 1948/1962/1894 1949/1963/1863 1915/1929/1863 1916/1930/1864 
f 1946/1960/1892 1948/1962/1894 1916/1930/1864 1918/1932/1866 
s 1
f 1952/1966/1896 1947/1961/1893 1922/1936/1870 1923/1937/1871 
f 1954/1968/1898 1953/1967/1897 1934/1948/1882 1935/1949/1883 
s off
f 1881/1895/1829 1876/1890/1824 1877/1891/1825 1880/1894/1828 
s 1
f 1955/1969/1899 1878/1892/1826 1879/1893/1827 1945/1959/1891 
s off
f 1919/1933/1867 1921/1935/1869 1922/1936/1870 1918/1932/1866 
s 1
f 1920/1934/1868 1933/1947/1881 1934/1948/1882 1923/1937/1871 
f 1936/1950/1884 1955/1969/1899 1945/1959/1891 1935/1949/1883 
s off
f 1937/1951/1885 1938/1952/1886 1865/1879/1813 1866/1880/1814 
s 1
f 1944/1958/1890 1943/1957/1889 1887/1901/1835 1888/1902/1836 
s off
f 1946/1960/1892 1947/1961/1893 1908/1922/1856 1909/1923/1857 
s 1
f 1952/1966/1896 1953/1967/1897 1927/1941/1875 1928/1942/1876 
f 1954/1968/1898 1944/1958/1890 1888/1902/1836 1932/1946/1880 
s off
f 1847/1861/1795 1848/1862/1796 1941/1955/1888 1942/1956/1823 
f 1848/1862/1796 1859/1873/1807 1865/1879/1813 1941/1955/1888 
s 1
f 1867/1881/1815 1885/1899/1833 1887/1901/1835 1866/1880/1814 
s off
f 1892/1906/1840 1889/1903/1837 1950/1964/1863 1951/1965/1895 
f 1902/1916/1850 1892/1906/1840 1951/1965/1895 1909/1923/1857 
s 1
f 1925/1939/1873 1907/1921/1855 1908/1922/1856 1928/1942/1876 
f 1931/1945/1879 1926/1940/1874 1927/1941/1875 1932/1946/1880 
s off
f 1957/1971/1901 1834/1848/1783 1833/1847/1782 1956/1970/1900 
f 1744/1758/1695 1957/1971/1901 1956/1970/1900 1743/1757/1694 
f 1742/1756/1693 1872/1886/1820 1873/1887/1821 1745/1759/1696 
f 1838/1852/1787 1809/1823/1760 1834/1848/1783 1957/1971/1901 
f 1746/1760/1697 1838/1852/1787 1957/1971/1901 1744/1758/1695 
f 1745/1759/1696 1873/1887/1821 1876/1890/1824 1747/1761/1698 
s 1
f 1841/1855/1790 1818/1832/1768 1808/1822/1759 1837/1851/1786 
f 1750/1764/1701 1841/1855/1790 1837/1851/1786 1749/1763/1700 
f 1748/1762/1699 1881/1895/1829 1878/1892/1826 1751/1765/1702 
s off
f 1959/1973/1903 1836/1850/1785 1835/1849/1784 1958/1972/1902 
f 1786/1800/1737 1959/1973/1903 1958/1972/1902 1785/1799/1736 
f 1784/1798/1735 1917/1931/1865 1914/1928/1862 1787/1801/1738 
f 1958/1972/1902 1835/1849/1784 1820/1834/1770 1842/1856/1791 
f 1785/1799/1736 1958/1972/1902 1842/1856/1791 1789/1803/1740 
f 1788/1802/1739 1919/1933/1867 1917/1931/1865 1784/1798/1735 
s 1
f 1843/1857/1792 1821/1835/1771 1828/1842/1777 1844/1858/1793 
f 1792/1806/1743 1843/1857/1792 1844/1858/1793 1791/1805/1742 
f 1790/1804/1741 1920/1934/1868 1921/1935/1869 1793/1807/1744 
f 1845/1859/1794 1829/1843/1778 1832/1846/1781 1846/1860/1754 
f 1805/1819/1756 1845/1859/1794 1846/1860/1754 1804/1818/1755 
f 1803/1817/1754 1936/1950/1884 1933/1947/1881 1806/1820/1757 
s off
f 1747/1761/1698 1876/1890/1824 1881/1895/1829 1748/1762/1699 
f 1746/1760/1697 1747/1761/1698 1748/1762/1699 1749/1763/1700 
f 1837/1851/1786 1808/1822/1759 1809/1823/1760 1838/1852/1787 
s 1
f 1751/1765/1702 1878/1892/1826 1955/1969/1899 1960/1974/1904 
f 1750/1764/1701 1751/1765/1702 1960/1974/1904 1840/1854/1789 
f 1839/1853/1788 1817/1831/1767 1818/1832/1768 1841/1855/1790 
s off
f 1793/1807/1744 1921/1935/1869 1919/1933/1867 1788/1802/1739 
f 1792/1806/1743 1793/1807/1744 1788/1802/1739 1789/1803/1740 
f 1842/1856/1791 1820/1834/1770 1821/1835/1771 1843/1857/1792 
s 1
f 1806/1820/1757 1933/1947/1881 1920/1934/1868 1790/1804/1741 
f 1805/1819/1756 1806/1820/1757 1790/1804/1741 1791/1805/1742 
f 1844/1858/1793 1828/1842/1777 1829/1843/1778 1845/1859/1794 
f 1960/1974/1904 1955/1969/1899 1936/1950/1884 1803/1817/1754 
f 1840/1854/1789 1960/1974/1904 1803/1817/1754 1804/1818/1755 
f 1846/1860/1754 1832/1846/1781 1817/1831/1767 1839/1853/1788 
# 216 polygons

#
# object Rectangle009
#

v  -892.8874 2823.4834 -367.9598
v  -892.8874 2824.0679 -368.3376
v  -892.3407 2823.9634 -370.0378
v  -892.3407 2823.6760 -369.8643
v  -892.8874 2824.5210 -369.3514
v  -892.3407 2824.1802 -370.4662
v  -892.8874 2824.7124 -370.4553
v  -892.3407 2824.3257 -371.2976
v  -892.8874 2824.8135 -371.6731
v  -892.3407 2824.3633 -371.7826
v  -892.8816 2824.8135 -388.6410
v  -892.2462 2824.3633 -388.6419
v  -891.8619 2823.5901 -372.0634
v  -891.8755 2823.4099 -371.9642
v  -891.8544 2823.6934 -372.2495
v  -891.8593 2823.7913 -372.7390
v  -891.8640 2823.8123 -373.0235
v  -891.6477 2823.8364 -388.6527
v  -891.5294 2822.9702 -374.1642
v  -891.5324 2819.6377 -374.1304
v  -891.8813 2819.8579 -371.9419
v  -891.5306 2823.0691 -374.2401
v  -891.5409 2823.1455 -374.3191
v  -891.5461 2823.1917 -374.4673
v  -891.5538 2823.2314 -374.6502
v  -892.8877 745.3562 -368.0967
v  -892.8876 1434.5444 -368.0540
v  -892.3409 1434.5449 -369.2092
v  -892.3411 745.3564 -368.8499
v  -891.8887 1434.5415 -370.4435
v  -891.8894 745.3547 -369.6530
v  -891.5516 745.3524 -370.5004
v  -891.5497 1434.5369 -371.7457
v  -891.3029 1434.5349 -372.5974
v  -891.3030 745.3516 -371.0601
v  -889.2749 2823.2407 -403.5455
v  -889.5138 2823.2363 -388.6666
v  -891.6519 2823.8384 -403.5455
v  -891.3027 2822.8174 -375.4149
v  -889.3550 2822.7981 -388.6732
v  -888.9324 2819.5505 -388.6733
v  -891.3027 2819.5601 -375.4250
v  -892.8873 2823.4834 -439.1312
v  -892.3407 2823.6760 -437.2267
v  -892.3407 2823.9634 -437.0532
v  -892.8873 2824.0679 -438.7534
v  -892.3407 2824.1802 -436.6248
v  -892.8873 2824.5210 -437.7396
v  -892.3407 2824.3257 -435.7934
v  -892.8873 2824.7124 -436.6357
v  -892.3407 2824.3633 -435.3084
v  -892.8873 2824.8135 -435.4179
v  -892.2462 2824.3633 -418.4489
v  -892.8816 2824.8135 -418.4498
v  -891.8755 2823.4099 -435.1268
v  -891.8619 2823.5901 -435.0276
v  -891.8544 2823.6934 -434.8415
v  -891.8593 2823.7913 -434.3520
v  -891.8640 2823.8123 -434.0675
v  -891.6477 2823.8364 -418.4382
v  -891.8813 2819.8579 -435.1491
v  -891.5324 2819.6377 -432.9606
v  -891.5293 2822.9702 -432.9268
v  -891.5306 2823.0691 -432.8509
v  -891.5409 2823.1455 -432.7719
v  -891.5461 2823.1917 -432.6237
v  -891.5538 2823.2314 -432.4408
v  -892.3411 745.3564 -395.4911
v  -892.3409 1434.5449 -410.0693
v  -892.8876 1434.5444 -411.2245
v  -892.8877 745.3562 -396.2443
v  -891.8894 745.3547 -394.6880
v  -891.8887 1434.5415 -408.8351
v  -891.3030 745.3514 -393.2809
v  -891.3029 1434.5349 -406.6811
v  -891.5497 1434.5369 -407.5328
v  -891.5516 745.3525 -393.8406
v  -889.5138 2823.2363 -418.4245
v  -891.3027 2822.8174 -431.6760
v  -889.3550 2822.7981 -418.4180
v  -891.3027 2819.5601 -431.6660
v  -888.9324 2819.5505 -418.4179
v  -892.8826 2824.8135 -403.5455
v  -892.2498 2824.3633 -403.5455
v  -889.1108 2822.7788 -403.5455
v  -888.4534 2819.5410 -403.5455
v  -888.0271 745.3516 -382.1705
v  -888.0270 1434.5349 -389.6393
v  -888.9326 1434.5349 -398.6603
v  -888.9327 745.3514 -388.0523
v  -891.5385 2816.3052 -374.0967
v  -891.5460 2812.9058 -374.0629
v  -891.8873 2812.9150 -371.9074
v  -891.8849 2816.3101 -371.9239
v  -892.8874 2816.3110 -367.9598
v  -892.8874 2819.8972 -367.9598
v  -892.3407 2819.9946 -369.8643
v  -892.3407 2816.3130 -369.8643
v  -891.3027 2816.3032 -375.4351
v  -888.9324 2816.3032 -388.6734
v  -888.9324 2812.9019 -388.6735
v  -891.3027 2812.9019 -375.4452
v  -891.8849 2816.3101 -435.1672
v  -891.8873 2812.9150 -435.1836
v  -891.5460 2812.9058 -433.0281
v  -891.5385 2816.3052 -432.9943
v  -892.3407 2816.3130 -437.2267
v  -892.3407 2819.9946 -437.2267
v  -892.8873 2819.8972 -439.1312
v  -892.8873 2816.3110 -439.1312
v  -891.3027 2816.3032 -431.6559
v  -891.3027 2812.9019 -431.6458
v  -888.9324 2812.9019 -418.4177
v  -888.9324 2816.3032 -418.4178
v  -888.0267 2816.3027 -403.5455
v  -888.0267 2812.9019 -403.5455
v  -892.8874 2812.9209 -367.9598
v  -892.3407 2812.9219 -369.8643
v  -892.3407 2812.9219 -437.2267
v  -892.8873 2812.9209 -439.1312
v  -891.5479 2123.7212 -373.2885
v  -891.8880 2123.7283 -371.6183
v  -888.9325 2123.7185 -384.6391
v  -888.9326 1434.5349 -380.6183
v  -891.3028 2123.7185 -374.3702
v  -891.8880 2123.7283 -420.7540
v  -891.5479 2123.7214 -419.0838
v  -891.3028 2123.7183 -418.0020
v  -888.9325 2123.7183 -407.7333
v  -888.0269 2123.7185 -396.1861
v  -892.8878 42.0632 -367.8859
v  -892.3412 41.8706 -368.2701
v  -892.3412 41.5834 -368.3051
v  -892.8878 41.4786 -367.9621
v  -892.3412 41.3666 -368.3915
v  -892.8878 41.0256 -368.1666
v  -892.3412 41.2211 -368.5593
v  -892.8878 40.8342 -368.3893
v  -892.3412 41.1835 -368.6571
v  -892.8878 40.7332 -368.6350
v  -892.2466 41.1835 -372.0583
v  -892.8820 40.7332 -372.0582
v  -891.8760 42.1367 -368.6938
v  -891.8624 41.9567 -368.7137
v  -891.8549 41.8534 -368.7513
v  -891.8598 41.7555 -368.8500
v  -891.8645 41.7346 -368.9075
v  -891.4556 41.4988 -372.0605
v  -891.8818 45.6890 -368.6892
v  -891.5328 45.9091 -369.1308
v  -891.4541 42.5766 -369.1376
v  -891.4514 42.4775 -369.1529
v  -891.4570 42.4010 -369.1688
v  -891.4634 42.3550 -369.1987
v  -891.4727 42.3151 -369.2356
v  -892.8878 56.1680 -367.8859
v  -892.3412 56.1680 -368.2701
v  -892.3412 52.6249 -368.2701
v  -892.8878 52.6258 -367.8859
v  -891.8901 56.1680 -368.6790
v  -891.8878 52.6316 -368.6823
v  -891.3032 56.1680 -369.3980
v  -891.3032 52.6447 -369.3960
v  -891.5464 52.6407 -369.1172
v  -891.5535 56.1680 -369.1103
v  -889.4927 42.3058 -375.0650
v  -891.4598 41.4966 -375.0650
v  -889.7316 42.3104 -372.0633
v  -891.2692 43.1107 -369.3899
v  -889.3215 43.1299 -372.0647
v  -891.3032 45.9865 -369.3919
v  -888.9329 45.9961 -372.0647
v  -892.8878 42.0632 -382.2442
v  -892.8878 41.4786 -382.1680
v  -892.3412 41.5834 -381.8250
v  -892.3412 41.8706 -381.8600
v  -892.8878 41.0256 -381.9634
v  -892.3412 41.3666 -381.7386
v  -892.8878 40.8342 -381.7407
v  -892.3412 41.2211 -381.5708
v  -892.8878 40.7332 -381.4951
v  -892.3412 41.1835 -381.4730
v  -892.8820 40.7332 -378.0719
v  -892.2466 41.1835 -378.0717
v  -891.8624 41.9567 -381.4163
v  -891.8760 42.1367 -381.4363
v  -891.8549 41.8534 -381.3788
v  -891.8598 41.7555 -381.2800
v  -891.8645 41.7346 -381.2226
v  -891.4556 41.4988 -378.0695
v  -891.4541 42.5766 -380.9925
v  -891.5328 45.9091 -380.9993
v  -891.8818 45.6890 -381.4408
v  -891.4514 42.4775 -380.9772
v  -891.4570 42.4010 -380.9612
v  -891.4634 42.3550 -380.9313
v  -891.4726 42.3151 -380.8944
v  -892.8878 56.1680 -382.2442
v  -892.8878 52.6258 -382.2442
v  -892.3412 52.6249 -381.8600
v  -892.3412 56.1680 -381.8600
v  -891.8878 52.6316 -381.4478
v  -891.8901 56.1680 -381.4511
v  -891.3032 56.1680 -380.7320
v  -891.5535 56.1680 -381.0197
v  -891.5464 52.6407 -381.0129
v  -891.3032 52.6447 -380.7341
v  -889.7316 42.3104 -378.0667
v  -891.2692 43.1107 -380.7401
v  -889.3215 43.1299 -378.0654
v  -888.9329 45.9961 -378.0654
v  -891.3032 45.9865 -380.7381
v  -892.2503 41.1835 -375.0650
v  -892.8831 40.7332 -375.0650
v  -889.0773 43.1490 -375.0650
v  -888.4539 46.0057 -375.0650
v  -888.9329 56.1680 -378.0654
v  -888.9329 52.6447 -378.0654
v  -888.0272 52.6448 -375.0650
v  -888.0272 56.1680 -375.0650
v  -891.5389 49.2416 -369.1240
v  -891.8854 49.2367 -368.6856
v  -892.8878 49.2357 -367.8859
v  -892.3412 49.2335 -368.2701
v  -892.3412 45.5521 -368.2701
v  -892.8878 45.6494 -367.8859
v  -891.3032 49.2434 -369.3940
v  -888.9329 49.2437 -372.0647
v  -888.9329 52.6447 -372.0647
v  -891.8854 49.2367 -381.4445
v  -891.5389 49.2416 -381.0061
v  -892.3412 49.2335 -381.8600
v  -892.8878 49.2357 -382.2442
v  -892.8878 45.6494 -382.2442
v  -892.3412 45.5521 -381.8600
v  -891.3032 49.2434 -380.7361
v  -888.9329 49.2437 -378.0654
v  -888.0272 49.2438 -375.0650
v  -888.9329 56.1680 -372.0647
v  -892.8875 2123.7327 -368.5565
v  -892.3408 2123.7334 -370.0351
v  -892.3408 2123.7334 -422.3371
v  -892.8875 2123.7327 -423.8158
v  -888.9327 745.3516 -376.2888
# 244 vertices

vn 0.9720 0.0541 0.2285
vn 0.9490 0.2147 0.2308
vn 0.9482 0.2522 0.1931
vn 0.9763 0.0679 0.2053
vn 0.8523 0.4895 0.1845
vn 0.8797 0.4566 0.1332
vn 0.7589 0.6438 0.0982
vn 0.8162 0.5736 0.0693
vn 0.7209 0.6923 0.0313
vn 0.7917 0.6102 0.0299
vn 0.6632 0.7484 0.0001
vn 0.7028 0.7114 0.0015
vn 0.9850 0.1029 0.1387
vn 0.9883 0.0120 0.1520
vn 0.9580 0.2719 0.0913
vn 0.9133 0.4053 0.0399
vn 0.8883 0.4590 0.0135
vn 0.5524 0.8336 0.0037
vn 0.9911 0.0480 0.1241
vn 0.9911 0.0003 0.1334
vn 0.9886 -0.0002 0.1503
vn 0.9918 -0.0415 -0.1208
vn 0.9827 0.1818 0.0361
vn 0.9923 0.1237 -0.0034
vn 0.9687 0.2341 0.0824
vn 0.8649 0.0001 0.5019
vn 0.9353 0.0001 0.3539
vn 0.9482 0.0003 0.3177
vn 0.8897 0.0003 0.4566
vn 0.9701 0.0003 0.2426
vn 0.9339 0.0005 0.3574
vn 0.9477 0.0006 0.3192
vn 0.9767 0.0004 0.2147
vn 0.9737 0.0005 0.2278
vn 0.9412 0.0008 0.3377
vn 0.7187 0.6953 0.0000
vn 0.7329 0.6787 0.0476
vn 0.5383 0.8427 0.0000
vn 0.9845 0.1255 0.1225
vn 0.9797 0.1903 0.0631
vn 0.9952 0.0515 0.0835
vn 0.9900 -0.0004 0.1410
vn 0.9720 0.0541 -0.2285
vn 0.9763 0.0679 -0.2053
vn 0.9482 0.2522 -0.1931
vn 0.9490 0.2147 -0.2308
vn 0.8797 0.4566 -0.1332
vn 0.8523 0.4895 -0.1845
vn 0.8162 0.5736 -0.0693
vn 0.7589 0.6438 -0.0982
vn 0.7917 0.6102 -0.0299
vn 0.7209 0.6923 -0.0313
vn 0.7028 0.7114 -0.0015
vn 0.6632 0.7484 -0.0001
vn 0.9883 0.0120 -0.1520
vn 0.9850 0.1029 -0.1387
vn 0.9580 0.2719 -0.0913
vn 0.9133 0.4053 -0.0399
vn 0.8883 0.4590 -0.0135
vn 0.5524 0.8336 -0.0037
vn 0.9886 -0.0002 -0.1503
vn 0.9911 0.0003 -0.1334
vn 0.9911 0.0480 -0.1240
vn 0.9918 -0.0415 0.1208
vn 0.9827 0.1818 -0.0361
vn 0.9923 0.1237 0.0034
vn 0.9687 0.2341 -0.0824
vn 0.8896 -0.0093 -0.4566
vn 0.9482 -0.0062 -0.3178
vn 0.9353 -0.0071 -0.3538
vn 0.8649 -0.0106 -0.5019
vn 0.9339 -0.0071 -0.3574
vn 0.9701 -0.0046 -0.2427
vn 0.9412 -0.0064 -0.3377
vn 0.9737 -0.0041 -0.2278
vn 0.9767 -0.0039 -0.2147
vn 0.9477 -0.0061 -0.3192
vn 0.7329 0.6787 -0.0476
vn 0.9845 0.1255 -0.1225
vn 0.9797 0.1903 -0.0631
vn 0.9900 -0.0004 -0.1410
vn 0.9952 0.0515 -0.0835
vn 0.6648 0.7471 0.0000
vn 0.7030 0.7112 0.0000
vn 0.9762 0.2170 0.0000
vn 0.9912 0.1325 0.0000
vn 1.0000 0.0000 0.0000
vn 1.0000 -0.0000 -0.0000
vn 0.9878 -0.0022 -0.1555
vn 0.9725 -0.0035 -0.2329
vn 0.9911 -0.0003 0.1330
vn 0.9912 -0.0001 0.1325
vn 0.9886 0.0001 0.1502
vn 0.9886 0.0001 0.1504
vn 0.9747 -0.0000 0.2237
vn 0.9800 -0.0000 0.1989
vn 0.9800 -0.0000 0.1990
vn 0.9901 -0.0004 0.1406
vn 0.9955 -0.0000 0.0953
vn 0.9955 0.0003 0.0952
vn 0.9901 -0.0001 0.1406
vn 0.9886 0.0001 -0.1504
vn 0.9886 -0.0015 -0.1504
vn 0.9912 -0.0016 -0.1324
vn 0.9911 -0.0003 -0.1330
vn 0.9800 -0.0000 -0.1990
vn 0.9800 -0.0000 -0.1989
vn 0.9747 -0.0000 -0.2237
vn 0.9901 -0.0004 -0.1406
vn 0.9901 -0.0016 -0.1406
vn 0.9954 -0.0007 -0.0956
vn 0.9955 -0.0000 -0.0953
vn 0.9986 0.0524 0.0000
vn 1.0000 -0.0000 -0.0002
vn 0.9747 -0.0001 0.2237
vn 0.9799 -0.0000 0.1993
vn 0.9799 -0.0022 -0.1994
vn 0.9747 -0.0025 -0.2237
vn 0.9855 0.0003 0.1695
vn 0.9814 0.0002 0.1919
vn 0.9925 0.0007 0.1223
vn 0.9878 0.0009 0.1554
vn 0.9837 0.0004 0.1799
vn 0.9814 -0.0037 -0.1919
vn 0.9855 -0.0031 -0.1695
vn 0.9837 -0.0033 -0.1799
vn 0.9925 -0.0018 -0.1222
vn 0.6502 -0.0383 0.7588
vn 0.7061 -0.0531 0.7061
vn 0.7128 -0.1810 0.6776
vn 0.6343 -0.2121 0.7434
vn 0.7378 -0.3826 0.5561
vn 0.6640 -0.4648 0.5857
vn 0.7675 -0.5478 0.3329
vn 0.6922 -0.6185 0.3718
vn 0.7754 -0.6174 0.1326
vn 0.7148 -0.6875 0.1282
vn 0.5589 -0.8292 0.0059
vn 0.6633 -0.7483 0.0004
vn 0.7778 -0.0110 0.6284
vn 0.8052 -0.0882 0.5865
vn 0.8555 -0.2612 0.4470
vn 0.8755 -0.4266 0.2271
vn 0.8692 -0.4794 0.1209
vn 0.4769 -0.8771 0.0573
vn 0.8011 0.0002 0.5985
vn 0.8308 0.0069 0.5566
vn 0.8494 -0.0240 0.5272
vn 0.9802 0.0309 -0.1955
vn 0.9739 -0.1326 0.1842
vn 0.9891 -0.1463 0.0167
vn 0.9184 -0.2423 0.3127
vn 0.6602 0.0001 0.7510
vn 0.7065 0.0003 0.7077
vn 0.7070 -0.0000 0.7072
vn 0.6602 -0.0000 0.7510
vn 0.8019 0.0004 0.5975
vn 0.8015 -0.0001 0.5979
vn 0.8180 0.0009 0.5752
vn 0.8178 0.0003 0.5755
vn 0.8339 0.0003 0.5520
vn 0.8349 0.0007 0.5504
vn 0.7477 -0.6641 0.0000
vn 0.4507 -0.8927 0.0000
vn 0.7559 -0.6224 0.2031
vn 0.8655 -0.0233 0.5004
vn 0.9328 -0.2287 0.2786
vn 0.8166 0.0039 0.5772
vn 0.9316 -0.0501 0.3600
vn 0.6502 -0.0383 -0.7588
vn 0.6343 -0.2121 -0.7434
vn 0.7128 -0.1810 -0.6776
vn 0.7061 -0.0531 -0.7061
vn 0.6640 -0.4648 -0.5857
vn 0.7378 -0.3826 -0.5561
vn 0.6922 -0.6185 -0.3718
vn 0.7675 -0.5478 -0.3329
vn 0.7148 -0.6875 -0.1282
vn 0.7754 -0.6174 -0.1326
vn 0.6633 -0.7483 -0.0004
vn 0.5589 -0.8292 -0.0059
vn 0.8052 -0.0882 -0.5865
vn 0.7778 -0.0110 -0.6284
vn 0.8555 -0.2612 -0.4470
vn 0.8755 -0.4266 -0.2271
vn 0.8692 -0.4794 -0.1209
vn 0.4769 -0.8771 -0.0573
vn 0.8494 -0.0240 -0.5272
vn 0.8308 0.0069 -0.5566
vn 0.8011 0.0002 -0.5985
vn 0.9802 0.0309 0.1955
vn 0.9739 -0.1326 -0.1842
vn 0.9891 -0.1463 -0.0167
vn 0.9184 -0.2423 -0.3127
vn 0.6602 -0.0077 -0.7510
vn 0.6602 -0.0000 -0.7511
vn 0.7070 -0.0000 -0.7072
vn 0.7067 -0.0070 -0.7075
vn 0.8015 -0.0001 -0.5979
vn 0.8021 -0.0058 -0.5971
vn 0.8180 -0.0051 -0.5752
vn 0.8348 -0.0050 -0.5505
vn 0.8339 0.0003 -0.5520
vn 0.8178 0.0003 -0.5755
vn 0.7559 -0.6224 -0.2031
vn 0.8655 -0.0233 -0.5004
vn 0.9328 -0.2287 -0.2786
vn 0.9316 -0.0501 -0.3600
vn 0.8166 0.0039 -0.5772
vn 0.5594 -0.8289 0.0000
vn 0.6649 -0.7470 0.0000
vn 0.9631 -0.2691 0.0000
vn 0.9904 -0.1380 0.0000
vn 0.9104 -0.0030 -0.4137
vn 0.9102 0.0000 -0.4143
vn 1.0000 -0.0000 0.0000
vn 1.0000 0.0000 0.0008
vn 0.8329 0.0002 0.5535
vn 0.8010 -0.0000 0.5986
vn 0.7075 -0.0000 0.7067
vn 0.7077 -0.0000 0.7066
vn 0.8177 0.0004 0.5756
vn 0.9102 0.0000 0.4141
vn 0.9102 0.0000 0.4143
vn 0.8010 -0.0000 -0.5986
vn 0.8329 0.0002 -0.5535
vn 0.7075 -0.0000 -0.7067
vn 0.7077 -0.0000 -0.7066
vn 0.8177 0.0004 -0.5756
vn 0.9102 0.0000 -0.4141
vn 0.9986 -0.0520 0.0000
vn 0.9099 0.0013 0.4147
vn 0.9590 -0.0000 0.2834
vn 0.9674 0.0001 0.2533
vn 0.9674 -0.0050 -0.2533
vn 0.9590 -0.0057 -0.2834
vn 0.9725 0.0014 0.2329
# 237 vertex normals

vt 0.5041 0.9973 0.5130
vt 0.5045 0.9976 0.5130
vt 0.5059 0.9975 0.5403
vt 0.5057 0.9974 0.5403
vt 0.5053 0.9977 0.5130
vt 0.5062 0.9976 0.5403
vt 0.5062 0.9978 0.5130
vt 0.5069 0.9976 0.5403
vt 0.5072 0.9978 0.5130
vt 0.5073 0.9977 0.5403
vt 0.5214 0.9978 0.5133
vt 0.5214 0.9977 0.5450
vt 0.5076 0.9974 0.5642
vt 0.5075 0.9973 0.5636
vt 0.5077 0.9974 0.5646
vt 0.5081 0.9975 0.5644
vt 0.5084 0.9975 0.5641
vt 0.5214 0.9975 0.5750
vt 0.5093 0.9972 0.5809
vt 0.5093 0.9960 0.5807
vt 0.5075 0.9961 0.5633
vt 0.5094 0.9972 0.5808
vt 0.5094 0.9972 0.5803
vt 0.5096 0.9972 0.5800
vt 0.5097 0.9973 0.5796
vt 0.5043 0.2552 0.5130
vt 0.5042 0.5013 0.5130
vt 0.5052 0.5013 0.5403
vt 0.5049 0.2552 0.5403
vt 0.5062 0.5013 0.5629
vt 0.5056 0.2552 0.5629
vt 0.5063 0.2552 0.5798
vt 0.5073 0.5013 0.5798
vt 0.5080 0.5013 0.5922
vt 0.5067 0.2552 0.5922
vt 0.5338 0.9973 0.6936
vt 0.5214 0.9973 0.6816
vt 0.5338 0.9975 0.5747
vt 0.5104 0.9971 0.5922
vt 0.5214 0.9971 0.6896
vt 0.5214 0.9959 0.7107
vt 0.5104 0.9959 0.5922
vt 0.5635 0.9973 0.5130
vt 0.5619 0.9974 0.5403
vt 0.5617 0.9975 0.5403
vt 0.5631 0.9976 0.5130
vt 0.5614 0.9976 0.5403
vt 0.5623 0.9977 0.5130
vt 0.5607 0.9976 0.5403
vt 0.5614 0.9978 0.5130
vt 0.5603 0.9977 0.5403
vt 0.5604 0.9978 0.5130
vt 0.5462 0.9977 0.5450
vt 0.5462 0.9978 0.5133
vt 0.5601 0.9973 0.5636
vt 0.5600 0.9974 0.5642
vt 0.5599 0.9974 0.5646
vt 0.5595 0.9975 0.5644
vt 0.5592 0.9975 0.5641
vt 0.5462 0.9975 0.5750
vt 0.5601 0.9961 0.5633
vt 0.5583 0.9960 0.5807
vt 0.5583 0.9972 0.5809
vt 0.5582 0.9972 0.5808
vt 0.5582 0.9972 0.5803
vt 0.5580 0.9972 0.5800
vt 0.5579 0.9973 0.5796
vt 0.5271 0.2552 0.5403
vt 0.5392 0.5013 0.5403
vt 0.5402 0.5013 0.5130
vt 0.5277 0.2552 0.5130
vt 0.5264 0.2552 0.5629
vt 0.5382 0.5013 0.5629
vt 0.5252 0.2552 0.5922
vt 0.5364 0.5013 0.5922
vt 0.5371 0.5013 0.5798
vt 0.5257 0.2552 0.5798
vt 0.5462 0.9973 0.6816
vt 0.5572 0.9971 0.5922
vt 0.5462 0.9971 0.6896
vt 0.5572 0.9959 0.5922
vt 0.5462 0.9959 0.7107
vt 0.5338 0.9978 0.5132
vt 0.5338 0.9977 0.5448
vt 0.5338 0.9971 0.7018
vt 0.5338 0.9959 0.7347
vt 0.5160 0.2552 0.7560
vt 0.5222 0.5013 0.7560
vt 0.5297 0.5013 0.7107
vt 0.5209 0.2552 0.7107
vt 0.5093 0.9948 0.5804
vt 0.5092 0.9936 0.5800
vt 0.5074 0.9936 0.5630
vt 0.5074 0.9948 0.5631
vt 0.5041 0.9948 0.5130
vt 0.5041 0.9961 0.5130
vt 0.5057 0.9961 0.5403
vt 0.5057 0.9948 0.5403
vt 0.5104 0.9948 0.5922
vt 0.5214 0.9948 0.7107
vt 0.5214 0.9936 0.7107
vt 0.5104 0.9936 0.5922
vt 0.5602 0.9948 0.5631
vt 0.5602 0.9936 0.5630
vt 0.5584 0.9936 0.5800
vt 0.5583 0.9948 0.5804
vt 0.5619 0.9948 0.5403
vt 0.5619 0.9961 0.5403
vt 0.5635 0.9961 0.5130
vt 0.5635 0.9948 0.5130
vt 0.5572 0.9948 0.5922
vt 0.5572 0.9936 0.5922
vt 0.5462 0.9936 0.7107
vt 0.5462 0.9948 0.7107
vt 0.5338 0.9948 0.7560
vt 0.5338 0.9936 0.7560
vt 0.5041 0.9936 0.5130
vt 0.5057 0.9936 0.5403
vt 0.5619 0.9936 0.5403
vt 0.5635 0.9936 0.5130
vt 0.5086 0.7474 0.5799
vt 0.5072 0.7474 0.5629
vt 0.5180 0.7474 0.7107
vt 0.5147 0.5013 0.7107
vt 0.5095 0.7474 0.5922
vt 0.5481 0.7474 0.5629
vt 0.5467 0.7474 0.5799
vt 0.5458 0.7474 0.5922
vt 0.5373 0.7474 0.7107
vt 0.5277 0.7474 0.7560
vt 0.5041 0.0040 0.5129
vt 0.5044 0.0039 0.5403
vt 0.5044 0.0038 0.5403
vt 0.5041 0.0038 0.5129
vt 0.5045 0.0037 0.5403
vt 0.5043 0.0036 0.5129
vt 0.5046 0.0037 0.5403
vt 0.5045 0.0035 0.5129
vt 0.5047 0.0037 0.5403
vt 0.5047 0.0035 0.5129
vt 0.5076 0.0037 0.5450
vt 0.5076 0.0035 0.5132
vt 0.5048 0.0040 0.5635
vt 0.5048 0.0039 0.5642
vt 0.5048 0.0039 0.5646
vt 0.5049 0.0039 0.5643
vt 0.5049 0.0039 0.5641
vt 0.5076 0.0038 0.5846
vt 0.5048 0.0053 0.5632
vt 0.5051 0.0054 0.5807
vt 0.5051 0.0042 0.5846
vt 0.5051 0.0041 0.5848
vt 0.5052 0.0041 0.5845
vt 0.5052 0.0041 0.5842
vt 0.5052 0.0041 0.5837
vt 0.5041 0.0090 0.5129
vt 0.5044 0.0090 0.5403
vt 0.5044 0.0078 0.5403
vt 0.5041 0.0078 0.5129
vt 0.5047 0.0090 0.5628
vt 0.5047 0.0078 0.5629
vt 0.5053 0.0090 0.5922
vt 0.5053 0.0078 0.5922
vt 0.5051 0.0078 0.5800
vt 0.5051 0.0090 0.5797
vt 0.5101 0.0041 0.6827
vt 0.5101 0.0038 0.5843
vt 0.5076 0.0041 0.6708
vt 0.5053 0.0044 0.5939
vt 0.5076 0.0044 0.6913
vt 0.5053 0.0054 0.5922
vt 0.5076 0.0054 0.7107
vt 0.5160 0.0040 0.5129
vt 0.5160 0.0038 0.5129
vt 0.5157 0.0038 0.5403
vt 0.5157 0.0039 0.5403
vt 0.5158 0.0036 0.5129
vt 0.5156 0.0037 0.5403
vt 0.5156 0.0035 0.5129
vt 0.5155 0.0037 0.5403
vt 0.5154 0.0035 0.5129
vt 0.5154 0.0037 0.5403
vt 0.5126 0.0035 0.5132
vt 0.5126 0.0037 0.5450
vt 0.5154 0.0039 0.5642
vt 0.5154 0.0040 0.5635
vt 0.5153 0.0039 0.5646
vt 0.5152 0.0039 0.5643
vt 0.5152 0.0039 0.5641
vt 0.5126 0.0038 0.5846
vt 0.5150 0.0042 0.5846
vt 0.5150 0.0054 0.5807
vt 0.5154 0.0053 0.5632
vt 0.5150 0.0041 0.5848
vt 0.5150 0.0041 0.5845
vt 0.5150 0.0041 0.5842
vt 0.5149 0.0041 0.5837
vt 0.5160 0.0090 0.5129
vt 0.5160 0.0078 0.5129
vt 0.5157 0.0078 0.5403
vt 0.5157 0.0090 0.5403
vt 0.5154 0.0078 0.5629
vt 0.5154 0.0090 0.5628
vt 0.5148 0.0090 0.5922
vt 0.5150 0.0090 0.5797
vt 0.5150 0.0078 0.5800
vt 0.5148 0.0078 0.5922
vt 0.5126 0.0041 0.6708
vt 0.5148 0.0044 0.5939
vt 0.5126 0.0044 0.6913
vt 0.5126 0.0054 0.7107
vt 0.5148 0.0054 0.5922
vt 0.5101 0.0037 0.5448
vt 0.5101 0.0035 0.5132
vt 0.5101 0.0044 0.7035
vt 0.5101 0.0054 0.7346
vt 0.5126 0.0090 0.7107
vt 0.5126 0.0078 0.7107
vt 0.5101 0.0078 0.7560
vt 0.5101 0.0090 0.7560
vt 0.5051 0.0065 0.5804
vt 0.5047 0.0065 0.5631
vt 0.5041 0.0065 0.5129
vt 0.5044 0.0065 0.5403
vt 0.5044 0.0052 0.5403
vt 0.5041 0.0053 0.5129
vt 0.5053 0.0065 0.5922
vt 0.5076 0.0065 0.7107
vt 0.5076 0.0078 0.7107
vt 0.5154 0.0065 0.5631
vt 0.5150 0.0065 0.5804
vt 0.5157 0.0065 0.5403
vt 0.5160 0.0065 0.5129
vt 0.5160 0.0053 0.5129
vt 0.5157 0.0052 0.5403
vt 0.5148 0.0065 0.5922
vt 0.5126 0.0065 0.7107
vt 0.5101 0.0065 0.7560
vt 0.5076 0.0090 0.7107
vt 0.5046 0.7474 0.5130
vt 0.5059 0.7474 0.5403
vt 0.5495 0.7474 0.5403
vt 0.5507 0.7474 0.5130
vt 0.5111 0.2552 0.7107
# 244 texture coords

o Rectangle009
g Rectangle009
usemtl wire_115115115
s off
f 1964/1978/1908 1963/1977/1907 1962/1976/1906 1961/1975/1905 
f 1963/1977/1907 1966/1980/1910 1965/1979/1909 1962/1976/1906 
f 1966/1980/1910 1968/1982/1912 1967/1981/1911 1965/1979/1909 
f 1968/1982/1912 1970/1984/1914 1969/1983/1913 1967/1981/1911 
f 1970/1984/1914 1972/1986/1916 1971/1985/1915 1969/1983/1913 
f 1974/1988/1918 1973/1987/1917 1963/1977/1907 1964/1978/1908 
f 1973/1987/1917 1975/1989/1919 1966/1980/1910 1963/1977/1907 
f 1975/1989/1919 1976/1990/1920 1968/1982/1912 1966/1980/1910 
f 1976/1990/1920 1977/1991/1921 1970/1984/1914 1968/1982/1912 
f 1977/1991/1921 1978/1992/1922 1972/1986/1916 1970/1984/1914 
f 1981/1995/1925 1980/1994/1924 1979/1993/1923 1974/1988/1918 
f 1974/1988/1918 1979/1993/1923 1982/1996/1926 1973/1987/1917 
f 1973/1987/1917 1982/1996/1926 1983/1997/1927 1975/1989/1919 
f 1975/1989/1919 1983/1997/1927 1984/1998/1928 1976/1990/1920 
f 1976/1990/1920 1984/1998/1928 1985/1999/1929 1977/1991/1921 
f 1989/2003/1933 1988/2002/1932 1987/2001/1931 1986/2000/1930 
f 1991/2005/1935 1990/2004/1934 1988/2002/1932 1989/2003/1933 
s 1
f 1995/2009/1939 1994/2008/1938 1993/2007/1937 1992/2006/1936 
s off
f 1998/2012/1942 1978/1992/1922 1997/2011/1941 1996/2010/1940 
s 1
f 1999/2013/1943 1985/1999/1929 1984/1998/1928 1983/1997/1927 1982/1996/1926 1979/1993/1923 
f 1999/2013/1943 2000/2014/1944 1997/2011/1941 1985/1999/1929 
f 2002/2016/1946 2001/2015/1945 2000/2014/1944 1999/2013/1943 
s off
f 2006/2020/1950 2005/2019/1949 2004/2018/1948 2003/2017/1947 
f 2008/2022/1952 2007/2021/1951 2005/2019/1949 2006/2020/1950 
f 2010/2024/1954 2009/2023/1953 2007/2021/1951 2008/2022/1952 
f 2012/2026/1956 2011/2025/1955 2009/2023/1953 2010/2024/1954 
f 2014/2028/1958 2013/2027/1957 2011/2025/1955 2012/2026/1956 
f 2005/2019/1949 2016/2030/1960 2015/2029/1959 2004/2018/1948 
f 2007/2021/1951 2017/2031/1961 2016/2030/1960 2005/2019/1949 
f 2009/2023/1953 2018/2032/1962 2017/2031/1961 2007/2021/1951 
f 2011/2025/1955 2019/2033/1963 2018/2032/1962 2009/2023/1953 
f 2013/2027/1957 2020/2034/1964 2019/2033/1963 2011/2025/1955 
f 2023/2037/1967 2022/2036/1966 2021/2035/1965 2015/2029/1959 
f 2024/2038/1968 2023/2037/1967 2015/2029/1959 2016/2030/1960 
f 2025/2039/1969 2024/2038/1968 2016/2030/1960 2017/2031/1961 
f 2026/2040/1970 2025/2039/1969 2017/2031/1961 2018/2032/1962 
f 2027/2041/1971 2026/2040/1970 2018/2032/1962 2019/2033/1963 
f 2031/2045/1975 2030/2044/1974 2029/2043/1973 2028/2042/1972 
f 2028/2042/1972 2029/2043/1973 2033/2047/1977 2032/2046/1976 
s 1
f 2037/2051/1981 2036/2050/1980 2035/2049/1979 2034/2048/1978 
s off
f 2038/2052/1982 2020/2034/1964 1998/2012/1942 1996/2010/1940 
s 1
f 2024/2038/1968 2025/2039/1969 2026/2040/1970 2027/2041/1971 2039/2053/1983 2023/2037/1967 
f 2038/2052/1982 2040/2054/1984 2039/2053/1983 2027/2041/1971 
f 2040/2054/1984 2042/2056/1986 2041/2055/1985 2039/2053/1983 
s off
f 1972/1986/1916 2044/2058/1988 2043/2057/1987 1971/1985/1915 
f 1978/1992/1922 1998/2012/1942 2044/2058/1988 1972/1986/1916 
f 1978/1992/1922 1977/1991/1921 1985/1999/1929 1997/2011/1941 
s 1
f 2000/2014/1944 2045/2059/1989 1996/2010/1940 1997/2011/1941 
f 2001/2015/1945 2046/2060/1990 2045/2059/1989 2000/2014/1944 
s off
f 2014/2028/1958 2043/2057/1987 2044/2058/1988 2013/2027/1957 
f 2013/2027/1957 2044/2058/1988 1998/2012/1942 2020/2034/1964 
f 2038/2052/1982 2027/2041/1971 2019/2033/1963 2020/2034/1964 
s 1
f 2038/2052/1982 1996/2010/1940 2045/2059/1989 2040/2054/1984 
f 2050/2064/1994 2049/2063/1993 2048/2062/1992 2047/2061/1991 
s off
f 2054/2068/1998 2053/2067/1997 2052/2066/1996 2051/2065/1995 
f 2058/2072/2001 2057/2071/2000 2056/2070/1999 2055/2069/1999 
f 2054/2068/1998 1981/1995/1925 2057/2071/2000 2058/2072/2001 
s 1
f 2059/2073/2002 2002/2016/1946 1980/1994/1924 2051/2065/1995 
f 2059/2073/2002 2062/2076/2005 2061/2075/2004 2060/2074/2003 
s off
f 2066/2080/2009 2065/2079/2008 2064/2078/2007 2063/2077/2006 
f 2070/2084/2012 2069/2083/2012 2068/2082/2011 2067/2081/2010 
f 2067/2081/2010 2068/2082/2011 2021/2035/1965 2063/2077/2006 
s 1
f 2066/2080/2009 2022/2036/1966 2041/2055/1985 2071/2085/2013 
f 2074/2088/2016 2073/2087/2015 2072/2086/2014 2071/2085/2013 
f 2060/2074/2003 2061/2075/2004 2076/2090/2018 2075/2089/2017 
f 2074/2088/2016 2042/2056/1986 2046/2060/1990 2075/2089/2017 
s off
f 2078/2092/2020 2058/2072/2001 2055/2069/1999 2077/2091/2019 
f 2053/2067/1997 2054/2068/1998 2058/2072/2001 2078/2092/2020 
s 1
f 2062/2076/2005 2059/2073/2002 2051/2065/1995 2052/2066/1996 
s off
f 2080/2094/2022 2070/2084/2012 2067/2081/2010 2079/2093/2021 
f 2079/2093/2021 2067/2081/2010 2063/2077/2006 2064/2078/2007 
s 1
f 2065/2079/2008 2066/2080/2009 2071/2085/2013 2072/2086/2014 
f 2073/2087/2015 2074/2088/2016 2075/2089/2017 2076/2090/2018 
s off
f 2082/2096/2024 1990/2004/1934 1993/2007/1937 2081/2095/2023 
s 1
f 2085/2099/2027 1994/2008/1938 2084/2098/2026 2083/2097/2025 
s off
f 2087/2101/2029 2036/2050/1980 2033/2047/1977 2086/2100/2028 
s 1
f 2089/2103/2031 2049/2063/1993 2035/2049/1979 2088/2102/2030 
f 2083/2097/2025 2084/2098/2026 2048/2062/1992 2090/2104/1991 
s off
f 1981/1995/1925 2054/2068/1998 2051/2065/1995 1980/1994/1924 
s 1
f 2002/2016/1946 2059/2073/2002 2060/2074/2003 2001/2015/1945 
s off
f 2022/2036/1966 2066/2080/2009 2063/2077/2006 2021/2035/1965 
s 1
f 2042/2056/1986 2074/2088/2016 2071/2085/2013 2041/2055/1985 
f 2001/2015/1945 2060/2074/2003 2075/2089/2017 2046/2060/1990 
s off
f 2057/2071/2000 1964/1978/1908 1961/1975/1905 2056/2070/1999 
f 1981/1995/1925 1974/1988/1918 1964/1978/1908 2057/2071/2000 
s 1
f 2002/2016/1946 1999/2013/1943 1979/1993/1923 1980/1994/1924 
s off
f 2069/2083/2012 2003/2017/1947 2004/2018/1948 2068/2082/2011 
f 2068/2082/2011 2004/2018/1948 2015/2029/1959 2021/2035/1965 
s 1
f 2022/2036/1966 2023/2037/1967 2039/2053/1983 2041/2055/1985 
f 2042/2056/1986 2040/2054/1984 2045/2059/1989 2046/2060/1990 
s off
f 2094/2108/2035 2093/2107/2034 2092/2106/2033 2091/2105/2032 
f 2096/2110/2037 2095/2109/2036 2093/2107/2034 2094/2108/2035 
f 2098/2112/2039 2097/2111/2038 2095/2109/2036 2096/2110/2037 
f 2100/2114/2041 2099/2113/2040 2097/2111/2038 2098/2112/2039 
f 2102/2116/2043 2101/2115/2042 2099/2113/2040 2100/2114/2041 
f 2093/2107/2034 2104/2118/2045 2103/2117/2044 2092/2106/2033 
f 2095/2109/2036 2105/2119/2046 2104/2118/2045 2093/2107/2034 
f 2097/2111/2038 2106/2120/2047 2105/2119/2046 2095/2109/2036 
f 2099/2113/2040 2107/2121/2048 2106/2120/2047 2097/2111/2038 
f 2101/2115/2042 2108/2122/2049 2107/2121/2048 2099/2113/2040 
f 2111/2125/2052 2110/2124/2051 2109/2123/2050 2103/2117/2044 
f 2112/2126/2053 2111/2125/2052 2103/2117/2044 2104/2118/2045 
f 2113/2127/2054 2112/2126/2053 2104/2118/2045 2105/2119/2046 
f 2114/2128/2055 2113/2127/2054 2105/2119/2046 2106/2120/2047 
f 2115/2129/2056 2114/2128/2055 2106/2120/2047 2107/2121/2048 
f 2119/2133/2060 2118/2132/2059 2117/2131/2058 2116/2130/2057 
f 2118/2132/2059 2121/2135/2062 2120/2134/2061 2117/2131/2058 
s 1
f 2125/2139/2066 2124/2138/2065 2123/2137/2064 2122/2136/2063 
s off
f 2128/2142/2069 2108/2122/2049 2127/2141/2068 2126/2140/2067 
s 1
f 2112/2126/2053 2113/2127/2054 2114/2128/2055 2115/2129/2056 2129/2143/2070 2111/2125/2052 
f 2128/2142/2069 2130/2144/2071 2129/2143/2070 2115/2129/2056 
f 2130/2144/2071 2132/2146/2073 2131/2145/2072 2129/2143/2070 
s off
f 2136/2150/2077 2135/2149/2076 2134/2148/2075 2133/2147/2074 
f 2135/2149/2076 2138/2152/2079 2137/2151/2078 2134/2148/2075 
f 2138/2152/2079 2140/2154/2081 2139/2153/2080 2137/2151/2078 
f 2140/2154/2081 2142/2156/2083 2141/2155/2082 2139/2153/2080 
f 2142/2156/2083 2144/2158/2085 2143/2157/2084 2141/2155/2082 
f 2146/2160/2087 2145/2159/2086 2135/2149/2076 2136/2150/2077 
f 2145/2159/2086 2147/2161/2088 2138/2152/2079 2135/2149/2076 
f 2147/2161/2088 2148/2162/2089 2140/2154/2081 2138/2152/2079 
f 2148/2162/2089 2149/2163/2090 2142/2156/2083 2140/2154/2081 
f 2149/2163/2090 2150/2164/2091 2144/2158/2085 2142/2156/2083 
f 2153/2167/2094 2152/2166/2093 2151/2165/2092 2146/2160/2087 
f 2146/2160/2087 2151/2165/2092 2154/2168/2095 2145/2159/2086 
f 2145/2159/2086 2154/2168/2095 2155/2169/2096 2147/2161/2088 
f 2147/2161/2088 2155/2169/2096 2156/2170/2097 2148/2162/2089 
f 2148/2162/2089 2156/2170/2097 2157/2171/2098 2149/2163/2090 
f 2161/2175/2102 2160/2174/2101 2159/2173/2100 2158/2172/2099 
f 2163/2177/2104 2162/2176/2103 2160/2174/2101 2161/2175/2102 
s 1
f 2167/2181/2108 2166/2180/2107 2165/2179/2106 2164/2178/2105 
s off
f 2127/2141/2068 2150/2164/2091 2168/2182/2109 2126/2140/2067 
s 1
f 2169/2183/2110 2157/2171/2098 2156/2170/2097 2155/2169/2096 2154/2168/2095 2151/2165/2092 
f 2169/2183/2110 2170/2184/2111 2168/2182/2109 2157/2171/2098 
f 2172/2186/2113 2171/2185/2112 2170/2184/2111 2169/2183/2110 
s off
f 2174/2188/2115 2173/2187/2114 2101/2115/2042 2102/2116/2043 
f 2173/2187/2114 2127/2141/2068 2108/2122/2049 2101/2115/2042 
f 2115/2129/2056 2107/2121/2048 2108/2122/2049 2128/2142/2069 
s 1
f 2126/2140/2067 2175/2189/2116 2130/2144/2071 2128/2142/2069 
f 2175/2189/2116 2176/2190/2117 2132/2146/2073 2130/2144/2071 
s off
f 2173/2187/2114 2174/2188/2115 2143/2157/2084 2144/2158/2085 
f 2127/2141/2068 2173/2187/2114 2144/2158/2085 2150/2164/2091 
f 2149/2163/2090 2157/2171/2098 2168/2182/2109 2150/2164/2091 
s 1
f 2175/2189/2116 2126/2140/2067 2168/2182/2109 2170/2184/2111 
f 2180/2194/2121 2179/2193/2120 2178/2192/2119 2177/2191/2118 
s off
f 2124/2138/2065 2121/2135/2062 2182/2196/2123 2181/2195/2122 
f 2186/2200/2060 2185/2199/2125 2184/2198/2124 2183/2197/2060 
f 2185/2199/2125 2109/2123/2050 2182/2196/2123 2184/2198/2124 
s 1
f 2110/2124/2051 2131/2145/2072 2187/2201/2126 2181/2195/2122 
f 2189/2203/2128 2123/2137/2064 2187/2201/2126 2188/2202/2127 
s off
f 2162/2176/2103 2166/2180/2107 2191/2205/2130 2190/2204/2129 
f 2195/2209/2132 2194/2208/2100 2193/2207/2100 2192/2206/2131 
f 2153/2167/2094 2195/2209/2132 2192/2206/2131 2190/2204/2129 
s 1
f 2172/2186/2113 2152/2166/2093 2191/2205/2130 2196/2210/2133 
f 2167/2181/2108 2178/2192/2119 2197/2211/2134 2196/2210/2133 
f 2179/2193/2120 2189/2203/2128 2188/2202/2127 2198/2212/2135 
f 2176/2190/2117 2171/2185/2112 2197/2211/2134 2198/2212/2135 
s off
f 2183/2197/2060 2184/2198/2124 2118/2132/2059 2119/2133/2060 
f 2184/2198/2124 2182/2196/2123 2121/2135/2062 2118/2132/2059 
s 1
f 2181/2195/2122 2187/2201/2126 2123/2137/2064 2124/2138/2065 
s off
f 2192/2206/2131 2193/2207/2100 2159/2173/2100 2160/2174/2101 
f 2190/2204/2129 2192/2206/2131 2160/2174/2101 2162/2176/2103 
s 1
f 2196/2210/2133 2191/2205/2130 2166/2180/2107 2167/2181/2108 
f 2198/2212/2135 2197/2211/2134 2178/2192/2119 2179/2193/2120 
s off
f 2125/2139/2066 2120/2134/2061 2121/2135/2062 2124/2138/2065 
s 1
f 2199/2213/2136 2122/2136/2063 2123/2137/2064 2189/2203/2128 
s off
f 2163/2177/2104 2165/2179/2106 2166/2180/2107 2162/2176/2103 
s 1
f 2164/2178/2105 2177/2191/2118 2178/2192/2119 2167/2181/2108 
f 2180/2194/2121 2199/2213/2136 2189/2203/2128 2179/2193/2120 
s off
f 2181/2195/2122 2182/2196/2123 2109/2123/2050 2110/2124/2051 
s 1
f 2188/2202/2127 2187/2201/2126 2131/2145/2072 2132/2146/2073 
s off
f 2190/2204/2129 2191/2205/2130 2152/2166/2093 2153/2167/2094 
s 1
f 2196/2210/2133 2197/2211/2134 2171/2185/2112 2172/2186/2113 
f 2198/2212/2135 2188/2202/2127 2132/2146/2073 2176/2190/2117 
s off
f 2091/2105/2032 2092/2106/2033 2185/2199/2125 2186/2200/2060 
f 2092/2106/2033 2103/2117/2044 2109/2123/2050 2185/2199/2125 
s 1
f 2111/2125/2052 2129/2143/2070 2131/2145/2072 2110/2124/2051 
s off
f 2136/2150/2077 2133/2147/2074 2194/2208/2100 2195/2209/2132 
f 2146/2160/2087 2136/2150/2077 2195/2209/2132 2153/2167/2094 
s 1
f 2169/2183/2110 2151/2165/2092 2152/2166/2093 2172/2186/2113 
f 2175/2189/2116 2170/2184/2111 2171/2185/2112 2176/2190/2117 
s off
f 2201/2215/2138 2078/2092/2020 2077/2091/2019 2200/2214/2137 
f 1988/2002/1932 2201/2215/2138 2200/2214/2137 1987/2001/1931 
f 1986/2000/1930 2116/2130/2057 2117/2131/2058 1989/2003/1933 
f 2082/2096/2024 2053/2067/1997 2078/2092/2020 2201/2215/2138 
f 1990/2004/1934 2082/2096/2024 2201/2215/2138 1988/2002/1932 
f 1989/2003/1933 2117/2131/2058 2120/2134/2061 1991/2005/1935 
s 1
f 2085/2099/2027 2062/2076/2005 2052/2066/1996 2081/2095/2023 
f 1994/2008/1938 2085/2099/2027 2081/2095/2023 1993/2007/1937 
f 1992/2006/1936 2125/2139/2066 2122/2136/2063 1995/2009/1939 
s off
f 2203/2217/2140 2080/2094/2022 2079/2093/2021 2202/2216/2139 
f 2030/2044/1974 2203/2217/2140 2202/2216/2139 2029/2043/1973 
f 2028/2042/1972 2161/2175/2102 2158/2172/2099 2031/2045/1975 
f 2202/2216/2139 2079/2093/2021 2064/2078/2007 2086/2100/2028 
f 2029/2043/1973 2202/2216/2139 2086/2100/2028 2033/2047/1977 
f 2032/2046/1976 2163/2177/2104 2161/2175/2102 2028/2042/1972 
s 1
f 2087/2101/2029 2065/2079/2008 2072/2086/2014 2088/2102/2030 
f 2036/2050/1980 2087/2101/2029 2088/2102/2030 2035/2049/1979 
f 2034/2048/1978 2164/2178/2105 2165/2179/2106 2037/2051/1981 
f 2089/2103/2031 2073/2087/2015 2076/2090/2018 2090/2104/1991 
f 2049/2063/1993 2089/2103/2031 2090/2104/1991 2048/2062/1992 
f 2047/2061/1991 2180/2194/2121 2177/2191/2118 2050/2064/1994 
s off
f 1991/2005/1935 2120/2134/2061 2125/2139/2066 1992/2006/1936 
f 1990/2004/1934 1991/2005/1935 1992/2006/1936 1993/2007/1937 
f 2081/2095/2023 2052/2066/1996 2053/2067/1997 2082/2096/2024 
s 1
f 1995/2009/1939 2122/2136/2063 2199/2213/2136 2204/2218/2141 
f 1994/2008/1938 1995/2009/1939 2204/2218/2141 2084/2098/2026 
f 2083/2097/2025 2061/2075/2004 2062/2076/2005 2085/2099/2027 
s off
f 2037/2051/1981 2165/2179/2106 2163/2177/2104 2032/2046/1976 
f 2036/2050/1980 2037/2051/1981 2032/2046/1976 2033/2047/1977 
f 2086/2100/2028 2064/2078/2007 2065/2079/2008 2087/2101/2029 
s 1
f 2050/2064/1994 2177/2191/2118 2164/2178/2105 2034/2048/1978 
f 2049/2063/1993 2050/2064/1994 2034/2048/1978 2035/2049/1979 
f 2088/2102/2030 2072/2086/2014 2073/2087/2015 2089/2103/2031 
f 2204/2218/2141 2199/2213/2136 2180/2194/2121 2047/2061/1991 
f 2084/2098/2026 2204/2218/2141 2047/2061/1991 2048/2062/1992 
f 2090/2104/1991 2076/2090/2018 2061/2075/2004 2083/2097/2025 
# 216 polygons

#
# object Rectangle010
#

v  -892.8874 2823.4834 -467.9442
v  -892.8874 2824.0679 -468.3220
v  -892.3407 2823.9634 -470.0222
v  -892.3407 2823.6760 -469.8487
v  -892.8874 2824.5210 -469.3358
v  -892.3407 2824.1802 -470.4505
v  -892.8874 2824.7124 -470.4397
v  -892.3407 2824.3257 -471.2820
v  -892.8874 2824.8135 -471.6574
v  -892.3407 2824.3633 -471.7669
v  -892.8816 2824.8135 -488.6254
v  -892.2462 2824.3633 -488.6263
v  -891.8619 2823.5901 -472.0478
v  -891.8755 2823.4099 -471.9486
v  -891.8544 2823.6934 -472.2339
v  -891.8593 2823.7913 -472.7234
v  -891.8640 2823.8123 -473.0079
v  -891.6477 2823.8364 -488.6371
v  -891.5294 2822.9702 -474.1486
v  -891.5324 2819.6377 -474.1148
v  -891.8813 2819.8579 -471.9262
v  -891.5306 2823.0691 -474.2245
v  -891.5409 2823.1455 -474.3035
v  -891.5461 2823.1917 -474.4517
v  -891.5538 2823.2314 -474.6346
v  -892.8877 745.3562 -468.0811
v  -892.8876 1434.5444 -468.0383
v  -892.3409 1434.5449 -469.1935
v  -892.3411 745.3564 -468.8343
v  -891.8887 1434.5415 -470.4278
v  -891.8894 745.3547 -469.6374
v  -891.5516 745.3524 -470.4848
v  -891.5497 1434.5369 -471.7301
v  -891.3029 1434.5349 -472.5818
v  -891.3030 745.3516 -471.0444
v  -889.2749 2823.2407 -503.5299
v  -889.5138 2823.2363 -488.6510
v  -891.6519 2823.8384 -503.5299
v  -891.3027 2822.8174 -475.3993
v  -889.3550 2822.7981 -488.6576
v  -888.9324 2819.5505 -488.6577
v  -891.3027 2819.5601 -475.4094
v  -892.8873 2823.4834 -539.1155
v  -892.3407 2823.6760 -537.2111
v  -892.3407 2823.9634 -537.0375
v  -892.8873 2824.0679 -538.7378
v  -892.3407 2824.1802 -536.6092
v  -892.8873 2824.5210 -537.7240
v  -892.3407 2824.3257 -535.7778
v  -892.8873 2824.7124 -536.6201
v  -892.3407 2824.3633 -535.2928
v  -892.8873 2824.8135 -535.4023
v  -892.2462 2824.3633 -518.4332
v  -892.8816 2824.8135 -518.4341
v  -891.8755 2823.4099 -535.1111
v  -891.8619 2823.5901 -535.0120
v  -891.8544 2823.6934 -534.8259
v  -891.8593 2823.7913 -534.3364
v  -891.8640 2823.8123 -534.0519
v  -891.6477 2823.8364 -518.4226
v  -891.8813 2819.8579 -535.1335
v  -891.5324 2819.6377 -532.9449
v  -891.5293 2822.9702 -532.9112
v  -891.5306 2823.0691 -532.8353
v  -891.5409 2823.1455 -532.7563
v  -891.5461 2823.1917 -532.6080
v  -891.5538 2823.2314 -532.4252
v  -892.3411 745.3564 -495.4755
v  -892.3409 1434.5449 -510.0537
v  -892.8876 1434.5444 -511.2089
v  -892.8877 745.3562 -496.2287
v  -891.8894 745.3547 -494.6723
v  -891.8887 1434.5415 -508.8194
v  -891.3030 745.3514 -493.2653
v  -891.3029 1434.5349 -506.6655
v  -891.5497 1434.5369 -507.5172
v  -891.5516 745.3525 -493.8250
v  -889.5138 2823.2363 -518.4089
v  -891.3027 2822.8174 -531.6604
v  -889.3550 2822.7981 -518.4023
v  -891.3027 2819.5601 -531.6503
v  -888.9324 2819.5505 -518.4023
v  -892.8826 2824.8135 -503.5299
v  -892.2498 2824.3633 -503.5299
v  -889.1108 2822.7788 -503.5299
v  -888.4534 2819.5410 -503.5299
v  -888.0271 745.3516 -482.1549
v  -888.0270 1434.5349 -489.6236
v  -888.9326 1434.5349 -498.6447
v  -888.9327 745.3514 -488.0367
v  -891.5385 2816.3052 -474.0811
v  -891.5460 2812.9058 -474.0473
v  -891.8873 2812.9150 -471.8918
v  -891.8849 2816.3101 -471.9082
v  -892.8874 2816.3110 -467.9442
v  -892.8874 2819.8972 -467.9442
v  -892.3407 2819.9946 -469.8487
v  -892.3407 2816.3130 -469.8487
v  -891.3027 2816.3032 -475.4195
v  -888.9324 2816.3032 -488.6578
v  -888.9324 2812.9019 -488.6579
v  -891.3027 2812.9019 -475.4295
v  -891.8849 2816.3101 -535.1516
v  -891.8873 2812.9150 -535.1680
v  -891.5460 2812.9058 -533.0125
v  -891.5385 2816.3052 -532.9787
v  -892.3407 2816.3130 -537.2111
v  -892.3407 2819.9946 -537.2111
v  -892.8873 2819.8972 -539.1155
v  -892.8873 2816.3110 -539.1155
v  -891.3027 2816.3032 -531.6403
v  -891.3027 2812.9019 -531.6302
v  -888.9324 2812.9019 -518.4021
v  -888.9324 2816.3032 -518.4022
v  -888.0267 2816.3027 -503.5299
v  -888.0267 2812.9019 -503.5299
v  -892.8874 2812.9209 -467.9442
v  -892.3407 2812.9219 -469.8487
v  -892.3407 2812.9219 -537.2111
v  -892.8873 2812.9209 -539.1155
v  -891.5479 2123.7212 -473.2729
v  -891.8880 2123.7283 -471.6026
v  -888.9325 2123.7185 -484.6235
v  -888.9326 1434.5349 -480.6027
v  -891.3028 2123.7185 -474.3546
v  -891.8880 2123.7283 -520.7384
v  -891.5479 2123.7214 -519.0681
v  -891.3028 2123.7183 -517.9865
v  -888.9325 2123.7183 -507.7177
v  -888.0269 2123.7185 -496.1705
v  -892.8878 42.0632 -467.8703
v  -892.3412 41.8706 -468.2545
v  -892.3412 41.5834 -468.2895
v  -892.8878 41.4786 -467.9465
v  -892.3412 41.3666 -468.3759
v  -892.8878 41.0256 -468.1510
v  -892.3412 41.2211 -468.5436
v  -892.8878 40.8342 -468.3737
v  -892.3412 41.1835 -468.6415
v  -892.8878 40.7332 -468.6194
v  -892.2466 41.1835 -472.0427
v  -892.8820 40.7332 -472.0425
v  -891.8760 42.1367 -468.6781
v  -891.8624 41.9567 -468.6981
v  -891.8549 41.8534 -468.7357
v  -891.8598 41.7555 -468.8344
v  -891.8645 41.7346 -468.8918
v  -891.4556 41.4988 -472.0449
v  -891.8818 45.6890 -468.6736
v  -891.5328 45.9091 -469.1151
v  -891.4541 42.5766 -469.1219
v  -891.4514 42.4775 -469.1373
v  -891.4570 42.4010 -469.1532
v  -891.4634 42.3550 -469.1831
v  -891.4727 42.3151 -469.2200
v  -892.8878 56.1680 -467.8703
v  -892.3412 56.1680 -468.2545
v  -892.3412 52.6249 -468.2545
v  -892.8878 52.6258 -467.8703
v  -891.8901 56.1680 -468.6633
v  -891.8878 52.6316 -468.6667
v  -891.3032 56.1680 -469.3824
v  -891.3032 52.6447 -469.3804
v  -891.5464 52.6407 -469.1015
v  -891.5535 56.1680 -469.0947
v  -889.4927 42.3058 -475.0494
v  -891.4598 41.4966 -475.0494
v  -889.7316 42.3104 -472.0477
v  -891.2692 43.1107 -469.3743
v  -889.3215 43.1299 -472.0490
v  -891.3032 45.9865 -469.3763
v  -888.9329 45.9961 -472.0490
v  -892.8878 42.0632 -482.2285
v  -892.8878 41.4786 -482.1523
v  -892.3412 41.5834 -481.8093
v  -892.3412 41.8706 -481.8443
v  -892.8878 41.0256 -481.9478
v  -892.3412 41.3666 -481.7229
v  -892.8878 40.8342 -481.7251
v  -892.3412 41.2211 -481.5552
v  -892.8878 40.7332 -481.4794
v  -892.3412 41.1835 -481.4573
v  -892.8820 40.7332 -478.0562
v  -892.2466 41.1835 -478.0560
v  -891.8624 41.9567 -481.4007
v  -891.8760 42.1367 -481.4207
v  -891.8549 41.8534 -481.3632
v  -891.8598 41.7555 -481.2644
v  -891.8645 41.7346 -481.2070
v  -891.4556 41.4988 -478.0539
v  -891.4541 42.5766 -480.9769
v  -891.5328 45.9091 -480.9837
v  -891.8818 45.6890 -481.4252
v  -891.4514 42.4775 -480.9615
v  -891.4570 42.4010 -480.9456
v  -891.4634 42.3550 -480.9157
v  -891.4726 42.3151 -480.8788
v  -892.8878 56.1680 -482.2285
v  -892.8878 52.6258 -482.2285
v  -892.3412 52.6249 -481.8443
v  -892.3412 56.1680 -481.8443
v  -891.8878 52.6316 -481.4322
v  -891.8901 56.1680 -481.4355
v  -891.3032 56.1680 -480.7164
v  -891.5535 56.1680 -481.0041
v  -891.5464 52.6407 -480.9973
v  -891.3032 52.6447 -480.7184
v  -889.7316 42.3104 -478.0511
v  -891.2692 43.1107 -480.7245
v  -889.3215 43.1299 -478.0498
v  -888.9329 45.9961 -478.0498
v  -891.3032 45.9865 -480.7225
v  -892.2503 41.1835 -475.0494
v  -892.8831 40.7332 -475.0494
v  -889.0773 43.1490 -475.0494
v  -888.4539 46.0057 -475.0494
v  -888.9329 56.1680 -478.0497
v  -888.9329 52.6447 -478.0498
v  -888.0272 52.6448 -475.0494
v  -888.0272 56.1680 -475.0494
v  -891.5389 49.2416 -469.1083
v  -891.8854 49.2367 -468.6700
v  -892.8878 49.2357 -467.8703
v  -892.3412 49.2335 -468.2545
v  -892.3412 45.5521 -468.2545
v  -892.8878 45.6494 -467.8703
v  -891.3032 49.2434 -469.3784
v  -888.9329 49.2437 -472.0491
v  -888.9329 52.6447 -472.0491
v  -891.8854 49.2367 -481.4288
v  -891.5389 49.2416 -480.9905
v  -892.3412 49.2335 -481.8443
v  -892.8878 49.2357 -482.2285
v  -892.8878 45.6494 -482.2285
v  -892.3412 45.5521 -481.8443
v  -891.3032 49.2434 -480.7205
v  -888.9329 49.2437 -478.0498
v  -888.0272 49.2438 -475.0494
v  -888.9329 56.1680 -472.0491
v  -892.8875 2123.7327 -468.5408
v  -892.3408 2123.7334 -470.0195
v  -892.3408 2123.7334 -522.3215
v  -892.8875 2123.7327 -523.8002
v  -888.9327 745.3516 -476.2731
# 244 vertices

vn 0.9720 0.0541 0.2285
vn 0.9490 0.2147 0.2308
vn 0.9482 0.2522 0.1931
vn 0.9763 0.0679 0.2053
vn 0.8523 0.4895 0.1845
vn 0.8797 0.4566 0.1332
vn 0.7589 0.6438 0.0982
vn 0.8162 0.5736 0.0693
vn 0.7209 0.6923 0.0313
vn 0.7917 0.6102 0.0299
vn 0.6632 0.7484 0.0001
vn 0.7028 0.7114 0.0015
vn 0.9850 0.1029 0.1387
vn 0.9883 0.0120 0.1520
vn 0.9580 0.2719 0.0913
vn 0.9133 0.4053 0.0399
vn 0.8883 0.4590 0.0135
vn 0.5524 0.8336 0.0037
vn 0.9911 0.0480 0.1241
vn 0.9911 0.0003 0.1334
vn 0.9886 -0.0002 0.1503
vn 0.9918 -0.0415 -0.1208
vn 0.9827 0.1818 0.0361
vn 0.9923 0.1237 -0.0034
vn 0.9687 0.2341 0.0824
vn 0.8649 0.0001 0.5019
vn 0.9353 0.0001 0.3539
vn 0.9482 0.0003 0.3177
vn 0.8897 0.0003 0.4566
vn 0.9701 0.0003 0.2426
vn 0.9339 0.0005 0.3574
vn 0.9477 0.0006 0.3192
vn 0.9767 0.0004 0.2147
vn 0.9737 0.0005 0.2278
vn 0.9412 0.0008 0.3377
vn 0.7187 0.6953 0.0000
vn 0.7329 0.6787 0.0476
vn 0.5383 0.8427 0.0000
vn 0.9845 0.1255 0.1225
vn 0.9797 0.1903 0.0631
vn 0.9952 0.0515 0.0835
vn 0.9900 -0.0004 0.1410
vn 0.9720 0.0541 -0.2285
vn 0.9763 0.0679 -0.2053
vn 0.9482 0.2522 -0.1931
vn 0.9490 0.2147 -0.2308
vn 0.8797 0.4566 -0.1332
vn 0.8523 0.4895 -0.1845
vn 0.8162 0.5736 -0.0693
vn 0.7589 0.6438 -0.0982
vn 0.7917 0.6102 -0.0299
vn 0.7209 0.6923 -0.0313
vn 0.7028 0.7114 -0.0015
vn 0.6632 0.7484 -0.0001
vn 0.9883 0.0120 -0.1520
vn 0.9850 0.1029 -0.1387
vn 0.9580 0.2719 -0.0913
vn 0.9133 0.4053 -0.0399
vn 0.8883 0.4590 -0.0135
vn 0.5524 0.8336 -0.0037
vn 0.9886 -0.0002 -0.1503
vn 0.9911 0.0003 -0.1334
vn 0.9911 0.0480 -0.1240
vn 0.9918 -0.0415 0.1208
vn 0.9827 0.1818 -0.0361
vn 0.9923 0.1237 0.0034
vn 0.9687 0.2341 -0.0824
vn 0.8896 -0.0093 -0.4566
vn 0.9482 -0.0062 -0.3178
vn 0.9353 -0.0071 -0.3538
vn 0.8649 -0.0106 -0.5019
vn 0.9339 -0.0071 -0.3574
vn 0.9701 -0.0046 -0.2427
vn 0.9412 -0.0064 -0.3377
vn 0.9737 -0.0041 -0.2278
vn 0.9767 -0.0039 -0.2147
vn 0.9477 -0.0061 -0.3192
vn 0.7329 0.6787 -0.0476
vn 0.9845 0.1255 -0.1225
vn 0.9797 0.1903 -0.0631
vn 0.9900 -0.0004 -0.1410
vn 0.9952 0.0515 -0.0835
vn 0.6648 0.7471 0.0000
vn 0.7030 0.7112 0.0000
vn 0.9762 0.2170 0.0000
vn 0.9912 0.1325 0.0000
vn 1.0000 0.0000 0.0000
vn 1.0000 -0.0000 -0.0000
vn 0.9878 -0.0022 -0.1555
vn 0.9725 -0.0035 -0.2329
vn 0.9911 -0.0003 0.1330
vn 0.9912 -0.0001 0.1325
vn 0.9886 0.0001 0.1502
vn 0.9886 0.0001 0.1504
vn 0.9747 -0.0000 0.2237
vn 0.9800 -0.0000 0.1989
vn 0.9800 -0.0000 0.1990
vn 0.9901 -0.0004 0.1406
vn 0.9955 -0.0000 0.0953
vn 0.9955 0.0003 0.0952
vn 0.9901 -0.0001 0.1406
vn 0.9886 0.0001 -0.1504
vn 0.9886 -0.0015 -0.1504
vn 0.9912 -0.0016 -0.1324
vn 0.9911 -0.0003 -0.1330
vn 0.9800 -0.0000 -0.1990
vn 0.9800 -0.0000 -0.1989
vn 0.9747 -0.0000 -0.2237
vn 0.9901 -0.0004 -0.1406
vn 0.9901 -0.0016 -0.1406
vn 0.9954 -0.0007 -0.0956
vn 0.9955 -0.0000 -0.0953
vn 0.9986 0.0524 0.0000
vn 1.0000 -0.0000 -0.0002
vn 0.9747 -0.0001 0.2237
vn 0.9799 -0.0000 0.1993
vn 0.9799 -0.0022 -0.1994
vn 0.9747 -0.0025 -0.2237
vn 0.9855 0.0003 0.1695
vn 0.9814 0.0002 0.1919
vn 0.9925 0.0007 0.1223
vn 0.9878 0.0009 0.1554
vn 0.9837 0.0004 0.1799
vn 0.9814 -0.0037 -0.1919
vn 0.9855 -0.0031 -0.1695
vn 0.9837 -0.0033 -0.1799
vn 0.9925 -0.0018 -0.1222
vn 0.6502 -0.0383 0.7588
vn 0.7061 -0.0531 0.7061
vn 0.7128 -0.1810 0.6776
vn 0.6343 -0.2121 0.7434
vn 0.7378 -0.3826 0.5561
vn 0.6640 -0.4648 0.5857
vn 0.7675 -0.5478 0.3329
vn 0.6922 -0.6185 0.3718
vn 0.7754 -0.6174 0.1326
vn 0.7148 -0.6875 0.1282
vn 0.5589 -0.8292 0.0059
vn 0.6633 -0.7483 0.0004
vn 0.7778 -0.0110 0.6284
vn 0.8052 -0.0882 0.5865
vn 0.8555 -0.2612 0.4470
vn 0.8755 -0.4266 0.2271
vn 0.8692 -0.4794 0.1209
vn 0.4769 -0.8771 0.0573
vn 0.8011 0.0002 0.5985
vn 0.8308 0.0069 0.5566
vn 0.8494 -0.0240 0.5272
vn 0.9802 0.0309 -0.1955
vn 0.9739 -0.1326 0.1842
vn 0.9891 -0.1463 0.0167
vn 0.9184 -0.2423 0.3127
vn 0.6602 0.0001 0.7510
vn 0.7065 0.0003 0.7077
vn 0.7070 -0.0000 0.7072
vn 0.6602 -0.0000 0.7510
vn 0.8019 0.0004 0.5975
vn 0.8015 -0.0001 0.5979
vn 0.8180 0.0009 0.5752
vn 0.8178 0.0003 0.5755
vn 0.8339 0.0003 0.5520
vn 0.8349 0.0007 0.5504
vn 0.7477 -0.6641 0.0000
vn 0.4507 -0.8927 0.0000
vn 0.7559 -0.6224 0.2031
vn 0.8655 -0.0233 0.5004
vn 0.9328 -0.2287 0.2786
vn 0.8166 0.0039 0.5772
vn 0.9316 -0.0501 0.3600
vn 0.6502 -0.0383 -0.7588
vn 0.6343 -0.2121 -0.7434
vn 0.7128 -0.1810 -0.6776
vn 0.7061 -0.0531 -0.7061
vn 0.6640 -0.4648 -0.5857
vn 0.7378 -0.3826 -0.5561
vn 0.6922 -0.6185 -0.3718
vn 0.7675 -0.5478 -0.3329
vn 0.7148 -0.6875 -0.1282
vn 0.7754 -0.6174 -0.1326
vn 0.6633 -0.7483 -0.0004
vn 0.5589 -0.8292 -0.0059
vn 0.8052 -0.0882 -0.5865
vn 0.7778 -0.0110 -0.6284
vn 0.8555 -0.2612 -0.4470
vn 0.8755 -0.4266 -0.2271
vn 0.8692 -0.4794 -0.1209
vn 0.4769 -0.8771 -0.0573
vn 0.8494 -0.0240 -0.5272
vn 0.8308 0.0069 -0.5566
vn 0.8011 0.0002 -0.5985
vn 0.9802 0.0309 0.1955
vn 0.9739 -0.1326 -0.1842
vn 0.9891 -0.1463 -0.0167
vn 0.9184 -0.2423 -0.3127
vn 0.6602 -0.0077 -0.7510
vn 0.6602 -0.0000 -0.7511
vn 0.7070 -0.0000 -0.7072
vn 0.7067 -0.0070 -0.7075
vn 0.8015 -0.0001 -0.5979
vn 0.8021 -0.0058 -0.5971
vn 0.8180 -0.0051 -0.5752
vn 0.8348 -0.0050 -0.5505
vn 0.8339 0.0003 -0.5520
vn 0.8178 0.0003 -0.5755
vn 0.7559 -0.6224 -0.2031
vn 0.8655 -0.0233 -0.5004
vn 0.9328 -0.2287 -0.2786
vn 0.9316 -0.0501 -0.3600
vn 0.8166 0.0039 -0.5772
vn 0.5594 -0.8289 0.0000
vn 0.6649 -0.7470 0.0000
vn 0.9631 -0.2691 0.0000
vn 0.9904 -0.1380 0.0000
vn 0.9104 -0.0030 -0.4137
vn 0.9102 0.0000 -0.4143
vn 1.0000 -0.0000 0.0000
vn 1.0000 0.0000 0.0008
vn 0.8329 0.0002 0.5535
vn 0.8010 -0.0000 0.5986
vn 0.7075 -0.0000 0.7067
vn 0.7077 -0.0000 0.7066
vn 0.8177 0.0004 0.5756
vn 0.9102 0.0000 0.4141
vn 0.9102 0.0000 0.4143
vn 0.8010 -0.0000 -0.5986
vn 0.8329 0.0002 -0.5535
vn 0.7075 -0.0000 -0.7067
vn 0.7077 -0.0000 -0.7066
vn 0.8177 0.0004 -0.5756
vn 0.9102 0.0000 -0.4141
vn 0.9986 -0.0520 0.0000
vn 0.9099 0.0013 0.4147
vn 0.9590 -0.0000 0.2834
vn 0.9674 0.0001 0.2533
vn 0.9674 -0.0050 -0.2533
vn 0.9590 -0.0057 -0.2834
vn 0.9725 0.0014 0.2329
# 237 vertex normals

vt 0.5875 0.9973 0.5130
vt 0.5878 0.9976 0.5130
vt 0.5892 0.9975 0.5403
vt 0.5891 0.9974 0.5403
vt 0.5886 0.9977 0.5130
vt 0.5896 0.9976 0.5403
vt 0.5895 0.9978 0.5130
vt 0.5902 0.9976 0.5403
vt 0.5906 0.9978 0.5130
vt 0.5906 0.9977 0.5403
vt 0.6047 0.9978 0.5133
vt 0.6047 0.9977 0.5450
vt 0.5909 0.9974 0.5642
vt 0.5908 0.9973 0.5636
vt 0.5910 0.9974 0.5646
vt 0.5914 0.9975 0.5644
vt 0.5917 0.9975 0.5641
vt 0.6047 0.9975 0.5750
vt 0.5926 0.9972 0.5809
vt 0.5926 0.9960 0.5807
vt 0.5908 0.9961 0.5633
vt 0.5927 0.9972 0.5808
vt 0.5928 0.9972 0.5803
vt 0.5929 0.9972 0.5800
vt 0.5930 0.9973 0.5796
vt 0.5876 0.2552 0.5130
vt 0.5875 0.5013 0.5130
vt 0.5885 0.5013 0.5403
vt 0.5882 0.2552 0.5403
vt 0.5895 0.5013 0.5629
vt 0.5889 0.2552 0.5629
vt 0.5896 0.2552 0.5798
vt 0.5906 0.5013 0.5798
vt 0.5913 0.5013 0.5922
vt 0.5900 0.2552 0.5922
vt 0.6171 0.9973 0.6936
vt 0.6047 0.9973 0.6816
vt 0.6171 0.9975 0.5747
vt 0.5937 0.9971 0.5922
vt 0.6047 0.9971 0.6896
vt 0.6047 0.9959 0.7107
vt 0.5937 0.9959 0.5922
vt 0.6468 0.9973 0.5130
vt 0.6452 0.9974 0.5403
vt 0.6450 0.9975 0.5403
vt 0.6465 0.9976 0.5130
vt 0.6447 0.9976 0.5403
vt 0.6456 0.9977 0.5130
vt 0.6440 0.9976 0.5403
vt 0.6447 0.9978 0.5130
vt 0.6436 0.9977 0.5403
vt 0.6437 0.9978 0.5130
vt 0.6295 0.9977 0.5450
vt 0.6295 0.9978 0.5133
vt 0.6434 0.9973 0.5636
vt 0.6434 0.9974 0.5642
vt 0.6432 0.9974 0.5646
vt 0.6428 0.9975 0.5644
vt 0.6426 0.9975 0.5641
vt 0.6295 0.9975 0.5750
vt 0.6435 0.9961 0.5633
vt 0.6416 0.9960 0.5807
vt 0.6416 0.9972 0.5809
vt 0.6415 0.9972 0.5808
vt 0.6415 0.9972 0.5803
vt 0.6414 0.9972 0.5800
vt 0.6412 0.9973 0.5796
vt 0.6104 0.2552 0.5403
vt 0.6226 0.5013 0.5403
vt 0.6235 0.5013 0.5130
vt 0.6110 0.2552 0.5130
vt 0.6097 0.2552 0.5629
vt 0.6215 0.5013 0.5629
vt 0.6086 0.2552 0.5922
vt 0.6197 0.5013 0.5922
vt 0.6204 0.5013 0.5799
vt 0.6090 0.2552 0.5798
vt 0.6295 0.9973 0.6816
vt 0.6406 0.9971 0.5922
vt 0.6295 0.9971 0.6896
vt 0.6406 0.9959 0.5922
vt 0.6295 0.9959 0.7107
vt 0.6171 0.9978 0.5132
vt 0.6171 0.9977 0.5448
vt 0.6171 0.9971 0.7018
vt 0.6171 0.9959 0.7347
vt 0.5993 0.2552 0.7560
vt 0.6055 0.5013 0.7560
vt 0.6130 0.5013 0.7107
vt 0.6042 0.2552 0.7107
vt 0.5926 0.9948 0.5804
vt 0.5926 0.9936 0.5800
vt 0.5908 0.9936 0.5630
vt 0.5908 0.9948 0.5631
vt 0.5875 0.9948 0.5130
vt 0.5875 0.9961 0.5130
vt 0.5891 0.9961 0.5403
vt 0.5891 0.9948 0.5403
vt 0.5937 0.9948 0.5922
vt 0.6047 0.9948 0.7107
vt 0.6047 0.9936 0.7107
vt 0.5937 0.9936 0.5922
vt 0.6435 0.9948 0.5631
vt 0.6435 0.9936 0.5630
vt 0.6417 0.9936 0.5800
vt 0.6417 0.9948 0.5804
vt 0.6452 0.9948 0.5403
vt 0.6452 0.9961 0.5403
vt 0.6468 0.9961 0.5130
vt 0.6468 0.9948 0.5130
vt 0.6405 0.9948 0.5922
vt 0.6405 0.9936 0.5922
vt 0.6295 0.9936 0.7107
vt 0.6295 0.9948 0.7107
vt 0.6171 0.9948 0.7560
vt 0.6171 0.9936 0.7560
vt 0.5875 0.9936 0.5130
vt 0.5891 0.9936 0.5403
vt 0.6452 0.9936 0.5403
vt 0.6468 0.9936 0.5130
vt 0.5919 0.7474 0.5799
vt 0.5905 0.7474 0.5629
vt 0.6014 0.7474 0.7107
vt 0.5980 0.5013 0.7107
vt 0.5928 0.7474 0.5922
vt 0.6315 0.7474 0.5629
vt 0.6301 0.7474 0.5799
vt 0.6292 0.7474 0.5922
vt 0.6206 0.7474 0.7107
vt 0.6110 0.7474 0.7560
vt 0.5874 0.0040 0.5129
vt 0.5877 0.0039 0.5403
vt 0.5878 0.0038 0.5403
vt 0.5875 0.0038 0.5129
vt 0.5878 0.0037 0.5403
vt 0.5876 0.0036 0.5129
vt 0.5880 0.0037 0.5403
vt 0.5878 0.0035 0.5129
vt 0.5880 0.0035 0.5129
vt 0.5909 0.0037 0.5450
vt 0.5909 0.0035 0.5132
vt 0.5881 0.0040 0.5635
vt 0.5881 0.0039 0.5642
vt 0.5881 0.0039 0.5646
vt 0.5882 0.0039 0.5643
vt 0.5883 0.0039 0.5641
vt 0.5909 0.0038 0.5846
vt 0.5881 0.0053 0.5632
vt 0.5884 0.0054 0.5807
vt 0.5884 0.0042 0.5846
vt 0.5885 0.0041 0.5848
vt 0.5885 0.0041 0.5845
vt 0.5885 0.0041 0.5842
vt 0.5885 0.0041 0.5837
vt 0.5874 0.0090 0.5129
vt 0.5877 0.0090 0.5403
vt 0.5877 0.0078 0.5403
vt 0.5874 0.0078 0.5129
vt 0.5881 0.0090 0.5628
vt 0.5881 0.0078 0.5630
vt 0.5887 0.0090 0.5922
vt 0.5887 0.0078 0.5922
vt 0.5884 0.0078 0.5800
vt 0.5884 0.0090 0.5797
vt 0.5934 0.0041 0.6827
vt 0.5934 0.0038 0.5843
vt 0.5909 0.0041 0.6708
vt 0.5887 0.0044 0.5939
vt 0.5909 0.0044 0.6913
vt 0.5887 0.0054 0.5922
vt 0.5909 0.0054 0.7107
vt 0.5994 0.0040 0.5129
vt 0.5993 0.0038 0.5129
vt 0.5990 0.0038 0.5403
vt 0.5990 0.0039 0.5403
vt 0.5991 0.0036 0.5129
vt 0.5989 0.0037 0.5403
vt 0.5989 0.0035 0.5129
vt 0.5988 0.0037 0.5403
vt 0.5987 0.0035 0.5129
vt 0.5987 0.0037 0.5403
vt 0.5959 0.0035 0.5132
vt 0.5959 0.0037 0.5450
vt 0.5987 0.0039 0.5642
vt 0.5987 0.0040 0.5635
vt 0.5986 0.0039 0.5646
vt 0.5986 0.0039 0.5643
vt 0.5985 0.0039 0.5641
vt 0.5959 0.0038 0.5846
vt 0.5983 0.0042 0.5846
vt 0.5983 0.0054 0.5807
vt 0.5987 0.0053 0.5632
vt 0.5983 0.0041 0.5848
vt 0.5983 0.0041 0.5845
vt 0.5983 0.0041 0.5842
vt 0.5982 0.0041 0.5837
vt 0.5994 0.0090 0.5129
vt 0.5994 0.0078 0.5129
vt 0.5990 0.0078 0.5403
vt 0.5990 0.0090 0.5403
vt 0.5987 0.0078 0.5630
vt 0.5987 0.0090 0.5628
vt 0.5981 0.0090 0.5922
vt 0.5983 0.0090 0.5797
vt 0.5983 0.0078 0.5800
vt 0.5981 0.0078 0.5922
vt 0.5959 0.0041 0.6708
vt 0.5981 0.0044 0.5939
vt 0.5959 0.0044 0.6913
vt 0.5959 0.0054 0.7107
vt 0.5981 0.0054 0.5922
vt 0.5934 0.0037 0.5448
vt 0.5934 0.0035 0.5132
vt 0.5934 0.0044 0.7035
vt 0.5934 0.0054 0.7346
vt 0.5959 0.0090 0.7107
vt 0.5959 0.0078 0.7107
vt 0.5934 0.0078 0.7560
vt 0.5934 0.0090 0.7560
vt 0.5884 0.0065 0.5804
vt 0.5881 0.0065 0.5631
vt 0.5874 0.0065 0.5129
vt 0.5877 0.0065 0.5403
vt 0.5877 0.0052 0.5403
vt 0.5874 0.0053 0.5129
vt 0.5887 0.0065 0.5922
vt 0.5909 0.0065 0.7107
vt 0.5909 0.0078 0.7107
vt 0.5987 0.0065 0.5631
vt 0.5983 0.0065 0.5804
vt 0.5990 0.0065 0.5403
vt 0.5994 0.0065 0.5129
vt 0.5994 0.0053 0.5129
vt 0.5990 0.0052 0.5403
vt 0.5981 0.0065 0.5922
vt 0.5959 0.0065 0.7107
vt 0.5934 0.0065 0.7560
vt 0.5909 0.0090 0.7107
vt 0.5880 0.7474 0.5130
vt 0.5892 0.7474 0.5403
vt 0.6328 0.7474 0.5403
vt 0.6340 0.7474 0.5130
vt 0.5944 0.2552 0.7107
# 243 texture coords

o Rectangle010
g Rectangle010
usemtl wire_115115115
s off
f 2208/2222/2145 2207/2221/2144 2206/2220/2143 2205/2219/2142 
f 2207/2221/2144 2210/2224/2147 2209/2223/2146 2206/2220/2143 
f 2210/2224/2147 2212/2226/2149 2211/2225/2148 2209/2223/2146 
f 2212/2226/2149 2214/2228/2151 2213/2227/2150 2211/2225/2148 
f 2214/2228/2151 2216/2230/2153 2215/2229/2152 2213/2227/2150 
f 2218/2232/2155 2217/2231/2154 2207/2221/2144 2208/2222/2145 
f 2217/2231/2154 2219/2233/2156 2210/2224/2147 2207/2221/2144 
f 2219/2233/2156 2220/2234/2157 2212/2226/2149 2210/2224/2147 
f 2220/2234/2157 2221/2235/2158 2214/2228/2151 2212/2226/2149 
f 2221/2235/2158 2222/2236/2159 2216/2230/2153 2214/2228/2151 
f 2225/2239/2162 2224/2238/2161 2223/2237/2160 2218/2232/2155 
f 2218/2232/2155 2223/2237/2160 2226/2240/2163 2217/2231/2154 
f 2217/2231/2154 2226/2240/2163 2227/2241/2164 2219/2233/2156 
f 2219/2233/2156 2227/2241/2164 2228/2242/2165 2220/2234/2157 
f 2220/2234/2157 2228/2242/2165 2229/2243/2166 2221/2235/2158 
f 2233/2247/2170 2232/2246/2169 2231/2245/2168 2230/2244/2167 
f 2235/2249/2172 2234/2248/2171 2232/2246/2169 2233/2247/2170 
s 1
f 2239/2253/2176 2238/2252/2175 2237/2251/2174 2236/2250/2173 
s off
f 2242/2256/2179 2222/2236/2159 2241/2255/2178 2240/2254/2177 
s 1
f 2243/2257/2180 2229/2243/2166 2228/2242/2165 2227/2241/2164 2226/2240/2163 2223/2237/2160 
f 2243/2257/2180 2244/2258/2181 2241/2255/2178 2229/2243/2166 
f 2246/2260/2183 2245/2259/2182 2244/2258/2181 2243/2257/2180 
s off
f 2250/2264/2187 2249/2263/2186 2248/2262/2185 2247/2261/2184 
f 2252/2266/2189 2251/2265/2188 2249/2263/2186 2250/2264/2187 
f 2254/2268/2191 2253/2267/2190 2251/2265/2188 2252/2266/2189 
f 2256/2270/2193 2255/2269/2192 2253/2267/2190 2254/2268/2191 
f 2258/2272/2195 2257/2271/2194 2255/2269/2192 2256/2270/2193 
f 2249/2263/2186 2260/2274/2197 2259/2273/2196 2248/2262/2185 
f 2251/2265/2188 2261/2275/2198 2260/2274/2197 2249/2263/2186 
f 2253/2267/2190 2262/2276/2199 2261/2275/2198 2251/2265/2188 
f 2255/2269/2192 2263/2277/2200 2262/2276/2199 2253/2267/2190 
f 2257/2271/2194 2264/2278/2201 2263/2277/2200 2255/2269/2192 
f 2267/2281/2204 2266/2280/2203 2265/2279/2202 2259/2273/2196 
f 2268/2282/2205 2267/2281/2204 2259/2273/2196 2260/2274/2197 
f 2269/2283/2206 2268/2282/2205 2260/2274/2197 2261/2275/2198 
f 2270/2284/2207 2269/2283/2206 2261/2275/2198 2262/2276/2199 
f 2271/2285/2208 2270/2284/2207 2262/2276/2199 2263/2277/2200 
f 2275/2289/2212 2274/2288/2211 2273/2287/2210 2272/2286/2209 
f 2272/2286/2209 2273/2287/2210 2277/2291/2214 2276/2290/2213 
s 1
f 2281/2295/2218 2280/2294/2217 2279/2293/2216 2278/2292/2215 
s off
f 2282/2296/2219 2264/2278/2201 2242/2256/2179 2240/2254/2177 
s 1
f 2268/2282/2205 2269/2283/2206 2270/2284/2207 2271/2285/2208 2283/2297/2220 2267/2281/2204 
f 2282/2296/2219 2284/2298/2221 2283/2297/2220 2271/2285/2208 
f 2284/2298/2221 2286/2300/2223 2285/2299/2222 2283/2297/2220 
s off
f 2216/2230/2153 2288/2302/2225 2287/2301/2224 2215/2229/2152 
f 2222/2236/2159 2242/2256/2179 2288/2302/2225 2216/2230/2153 
f 2222/2236/2159 2221/2235/2158 2229/2243/2166 2241/2255/2178 
s 1
f 2244/2258/2181 2289/2303/2226 2240/2254/2177 2241/2255/2178 
f 2245/2259/2182 2290/2304/2227 2289/2303/2226 2244/2258/2181 
s off
f 2258/2272/2195 2287/2301/2224 2288/2302/2225 2257/2271/2194 
f 2257/2271/2194 2288/2302/2225 2242/2256/2179 2264/2278/2201 
f 2282/2296/2219 2271/2285/2208 2263/2277/2200 2264/2278/2201 
s 1
f 2282/2296/2219 2240/2254/2177 2289/2303/2226 2284/2298/2221 
f 2294/2308/2231 2293/2307/2230 2292/2306/2229 2291/2305/2228 
s off
f 2298/2312/2235 2297/2311/2234 2296/2310/2233 2295/2309/2232 
f 2302/2316/2238 2301/2315/2237 2300/2314/2236 2299/2313/2236 
f 2298/2312/2235 2225/2239/2162 2301/2315/2237 2302/2316/2238 
s 1
f 2303/2317/2239 2246/2260/2183 2224/2238/2161 2295/2309/2232 
f 2303/2317/2239 2306/2320/2242 2305/2319/2241 2304/2318/2240 
s off
f 2310/2324/2246 2309/2323/2245 2308/2322/2244 2307/2321/2243 
f 2314/2328/2249 2313/2327/2249 2312/2326/2248 2311/2325/2247 
f 2311/2325/2247 2312/2326/2248 2265/2279/2202 2307/2321/2243 
s 1
f 2310/2324/2246 2266/2280/2203 2285/2299/2222 2315/2329/2250 
f 2318/2332/2253 2317/2331/2252 2316/2330/2251 2315/2329/2250 
f 2304/2318/2240 2305/2319/2241 2320/2334/2255 2319/2333/2254 
f 2318/2332/2253 2286/2300/2223 2290/2304/2227 2319/2333/2254 
s off
f 2322/2336/2257 2302/2316/2238 2299/2313/2236 2321/2335/2256 
f 2297/2311/2234 2298/2312/2235 2302/2316/2238 2322/2336/2257 
s 1
f 2306/2320/2242 2303/2317/2239 2295/2309/2232 2296/2310/2233 
s off
f 2324/2338/2259 2314/2328/2249 2311/2325/2247 2323/2337/2258 
f 2323/2337/2258 2311/2325/2247 2307/2321/2243 2308/2322/2244 
s 1
f 2309/2323/2245 2310/2324/2246 2315/2329/2250 2316/2330/2251 
f 2317/2331/2252 2318/2332/2253 2319/2333/2254 2320/2334/2255 
s off
f 2326/2340/2261 2234/2248/2171 2237/2251/2174 2325/2339/2260 
s 1
f 2329/2343/2264 2238/2252/2175 2328/2342/2263 2327/2341/2262 
s off
f 2331/2345/2266 2280/2294/2217 2277/2291/2214 2330/2344/2265 
s 1
f 2333/2347/2268 2293/2307/2230 2279/2293/2216 2332/2346/2267 
f 2327/2341/2262 2328/2342/2263 2292/2306/2229 2334/2348/2228 
s off
f 2225/2239/2162 2298/2312/2235 2295/2309/2232 2224/2238/2161 
s 1
f 2246/2260/2183 2303/2317/2239 2304/2318/2240 2245/2259/2182 
s off
f 2266/2280/2203 2310/2324/2246 2307/2321/2243 2265/2279/2202 
s 1
f 2286/2300/2223 2318/2332/2253 2315/2329/2250 2285/2299/2222 
f 2245/2259/2182 2304/2318/2240 2319/2333/2254 2290/2304/2227 
s off
f 2301/2315/2237 2208/2222/2145 2205/2219/2142 2300/2314/2236 
f 2225/2239/2162 2218/2232/2155 2208/2222/2145 2301/2315/2237 
s 1
f 2246/2260/2183 2243/2257/2180 2223/2237/2160 2224/2238/2161 
s off
f 2313/2327/2249 2247/2261/2184 2248/2262/2185 2312/2326/2248 
f 2312/2326/2248 2248/2262/2185 2259/2273/2196 2265/2279/2202 
s 1
f 2266/2280/2203 2267/2281/2204 2283/2297/2220 2285/2299/2222 
f 2286/2300/2223 2284/2298/2221 2289/2303/2226 2290/2304/2227 
s off
f 2338/2352/2272 2337/2351/2271 2336/2350/2270 2335/2349/2269 
f 2340/2354/2274 2339/2353/2273 2337/2351/2271 2338/2352/2272 
f 2342/2356/2276 2341/2355/2275 2339/2353/2273 2340/2354/2274 
f 2344/2357/2278 2343/2355/2277 2341/2355/2275 2342/2356/2276 
f 2346/2359/2280 2345/2358/2279 2343/2355/2277 2344/2357/2278 
f 2337/2351/2271 2348/2361/2282 2347/2360/2281 2336/2350/2270 
f 2339/2353/2273 2349/2362/2283 2348/2361/2282 2337/2351/2271 
f 2341/2355/2275 2350/2363/2284 2349/2362/2283 2339/2353/2273 
f 2343/2355/2277 2351/2364/2285 2350/2363/2284 2341/2355/2275 
f 2345/2358/2279 2352/2365/2286 2351/2364/2285 2343/2355/2277 
f 2355/2368/2289 2354/2367/2288 2353/2366/2287 2347/2360/2281 
f 2356/2369/2290 2355/2368/2289 2347/2360/2281 2348/2361/2282 
f 2357/2370/2291 2356/2369/2290 2348/2361/2282 2349/2362/2283 
f 2358/2371/2292 2357/2370/2291 2349/2362/2283 2350/2363/2284 
f 2359/2372/2293 2358/2371/2292 2350/2363/2284 2351/2364/2285 
f 2363/2376/2297 2362/2375/2296 2361/2374/2295 2360/2373/2294 
f 2362/2375/2296 2365/2378/2299 2364/2377/2298 2361/2374/2295 
s 1
f 2369/2382/2303 2368/2381/2302 2367/2380/2301 2366/2379/2300 
s off
f 2372/2385/2306 2352/2365/2286 2371/2384/2305 2370/2383/2304 
s 1
f 2356/2369/2290 2357/2370/2291 2358/2371/2292 2359/2372/2293 2373/2386/2307 2355/2368/2289 
f 2372/2385/2306 2374/2387/2308 2373/2386/2307 2359/2372/2293 
f 2374/2387/2308 2376/2389/2310 2375/2388/2309 2373/2386/2307 
s off
f 2380/2393/2314 2379/2392/2313 2378/2391/2312 2377/2390/2311 
f 2379/2392/2313 2382/2395/2316 2381/2394/2315 2378/2391/2312 
f 2382/2395/2316 2384/2397/2318 2383/2396/2317 2381/2394/2315 
f 2384/2397/2318 2386/2399/2320 2385/2398/2319 2383/2396/2317 
f 2386/2399/2320 2388/2401/2322 2387/2400/2321 2385/2398/2319 
f 2390/2403/2324 2389/2402/2323 2379/2392/2313 2380/2393/2314 
f 2389/2402/2323 2391/2404/2325 2382/2395/2316 2379/2392/2313 
f 2391/2404/2325 2392/2405/2326 2384/2397/2318 2382/2395/2316 
f 2392/2405/2326 2393/2406/2327 2386/2399/2320 2384/2397/2318 
f 2393/2406/2327 2394/2407/2328 2388/2401/2322 2386/2399/2320 
f 2397/2410/2331 2396/2409/2330 2395/2408/2329 2390/2403/2324 
f 2390/2403/2324 2395/2408/2329 2398/2411/2332 2389/2402/2323 
f 2389/2402/2323 2398/2411/2332 2399/2412/2333 2391/2404/2325 
f 2391/2404/2325 2399/2412/2333 2400/2413/2334 2392/2405/2326 
f 2392/2405/2326 2400/2413/2334 2401/2414/2335 2393/2406/2327 
f 2405/2418/2339 2404/2417/2338 2403/2416/2337 2402/2415/2336 
f 2407/2420/2341 2406/2419/2340 2404/2417/2338 2405/2418/2339 
s 1
f 2411/2424/2345 2410/2423/2344 2409/2422/2343 2408/2421/2342 
s off
f 2371/2384/2305 2394/2407/2328 2412/2425/2346 2370/2383/2304 
s 1
f 2413/2426/2347 2401/2414/2335 2400/2413/2334 2399/2412/2333 2398/2411/2332 2395/2408/2329 
f 2413/2426/2347 2414/2427/2348 2412/2425/2346 2401/2414/2335 
f 2416/2429/2350 2415/2428/2349 2414/2427/2348 2413/2426/2347 
s off
f 2418/2431/2352 2417/2430/2351 2345/2358/2279 2346/2359/2280 
f 2417/2430/2351 2371/2384/2305 2352/2365/2286 2345/2358/2279 
f 2359/2372/2293 2351/2364/2285 2352/2365/2286 2372/2385/2306 
s 1
f 2370/2383/2304 2419/2432/2353 2374/2387/2308 2372/2385/2306 
f 2419/2432/2353 2420/2433/2354 2376/2389/2310 2374/2387/2308 
s off
f 2417/2430/2351 2418/2431/2352 2387/2400/2321 2388/2401/2322 
f 2371/2384/2305 2417/2430/2351 2388/2401/2322 2394/2407/2328 
f 2393/2406/2327 2401/2414/2335 2412/2425/2346 2394/2407/2328 
s 1
f 2419/2432/2353 2370/2383/2304 2412/2425/2346 2414/2427/2348 
f 2424/2437/2358 2423/2436/2357 2422/2435/2356 2421/2434/2355 
s off
f 2368/2381/2302 2365/2378/2299 2426/2439/2360 2425/2438/2359 
f 2430/2443/2297 2429/2442/2362 2428/2441/2361 2427/2440/2297 
f 2429/2442/2362 2353/2366/2287 2426/2439/2360 2428/2441/2361 
s 1
f 2354/2367/2288 2375/2388/2309 2431/2444/2363 2425/2438/2359 
f 2433/2446/2365 2367/2380/2301 2431/2444/2363 2432/2445/2364 
s off
f 2406/2419/2340 2410/2423/2344 2435/2448/2367 2434/2447/2366 
f 2439/2452/2369 2438/2451/2337 2437/2450/2337 2436/2449/2368 
f 2397/2410/2331 2439/2452/2369 2436/2449/2368 2434/2447/2366 
s 1
f 2416/2429/2350 2396/2409/2330 2435/2448/2367 2440/2453/2370 
f 2411/2424/2345 2422/2435/2356 2441/2454/2371 2440/2453/2370 
f 2423/2436/2357 2433/2446/2365 2432/2445/2364 2442/2455/2372 
f 2420/2433/2354 2415/2428/2349 2441/2454/2371 2442/2455/2372 
s off
f 2427/2440/2297 2428/2441/2361 2362/2375/2296 2363/2376/2297 
f 2428/2441/2361 2426/2439/2360 2365/2378/2299 2362/2375/2296 
s 1
f 2425/2438/2359 2431/2444/2363 2367/2380/2301 2368/2381/2302 
s off
f 2436/2449/2368 2437/2450/2337 2403/2416/2337 2404/2417/2338 
f 2434/2447/2366 2436/2449/2368 2404/2417/2338 2406/2419/2340 
s 1
f 2440/2453/2370 2435/2448/2367 2410/2423/2344 2411/2424/2345 
f 2442/2455/2372 2441/2454/2371 2422/2435/2356 2423/2436/2357 
s off
f 2369/2382/2303 2364/2377/2298 2365/2378/2299 2368/2381/2302 
s 1
f 2443/2456/2373 2366/2379/2300 2367/2380/2301 2433/2446/2365 
s off
f 2407/2420/2341 2409/2422/2343 2410/2423/2344 2406/2419/2340 
s 1
f 2408/2421/2342 2421/2434/2355 2422/2435/2356 2411/2424/2345 
f 2424/2437/2358 2443/2456/2373 2433/2446/2365 2423/2436/2357 
s off
f 2425/2438/2359 2426/2439/2360 2353/2366/2287 2354/2367/2288 
s 1
f 2432/2445/2364 2431/2444/2363 2375/2388/2309 2376/2389/2310 
s off
f 2434/2447/2366 2435/2448/2367 2396/2409/2330 2397/2410/2331 
s 1
f 2440/2453/2370 2441/2454/2371 2415/2428/2349 2416/2429/2350 
f 2442/2455/2372 2432/2445/2364 2376/2389/2310 2420/2433/2354 
s off
f 2335/2349/2269 2336/2350/2270 2429/2442/2362 2430/2443/2297 
f 2336/2350/2270 2347/2360/2281 2353/2366/2287 2429/2442/2362 
s 1
f 2355/2368/2289 2373/2386/2307 2375/2388/2309 2354/2367/2288 
s off
f 2380/2393/2314 2377/2390/2311 2438/2451/2337 2439/2452/2369 
f 2390/2403/2324 2380/2393/2314 2439/2452/2369 2397/2410/2331 
s 1
f 2413/2426/2347 2395/2408/2329 2396/2409/2330 2416/2429/2350 
f 2419/2432/2353 2414/2427/2348 2415/2428/2349 2420/2433/2354 
s off
f 2445/2458/2375 2322/2336/2257 2321/2335/2256 2444/2457/2374 
f 2232/2246/2169 2445/2458/2375 2444/2457/2374 2231/2245/2168 
f 2230/2244/2167 2360/2373/2294 2361/2374/2295 2233/2247/2170 
f 2326/2340/2261 2297/2311/2234 2322/2336/2257 2445/2458/2375 
f 2234/2248/2171 2326/2340/2261 2445/2458/2375 2232/2246/2169 
f 2233/2247/2170 2361/2374/2295 2364/2377/2298 2235/2249/2172 
s 1
f 2329/2343/2264 2306/2320/2242 2296/2310/2233 2325/2339/2260 
f 2238/2252/2175 2329/2343/2264 2325/2339/2260 2237/2251/2174 
f 2236/2250/2173 2369/2382/2303 2366/2379/2300 2239/2253/2176 
s off
f 2447/2460/2377 2324/2338/2259 2323/2337/2258 2446/2459/2376 
f 2274/2288/2211 2447/2460/2377 2446/2459/2376 2273/2287/2210 
f 2272/2286/2209 2405/2418/2339 2402/2415/2336 2275/2289/2212 
f 2446/2459/2376 2323/2337/2258 2308/2322/2244 2330/2344/2265 
f 2273/2287/2210 2446/2459/2376 2330/2344/2265 2277/2291/2214 
f 2276/2290/2213 2407/2420/2341 2405/2418/2339 2272/2286/2209 
s 1
f 2331/2345/2266 2309/2323/2245 2316/2330/2251 2332/2346/2267 
f 2280/2294/2217 2331/2345/2266 2332/2346/2267 2279/2293/2216 
f 2278/2292/2215 2408/2421/2342 2409/2422/2343 2281/2295/2218 
f 2333/2347/2268 2317/2331/2252 2320/2334/2255 2334/2348/2228 
f 2293/2307/2230 2333/2347/2268 2334/2348/2228 2292/2306/2229 
f 2291/2305/2228 2424/2437/2358 2421/2434/2355 2294/2308/2231 
s off
f 2235/2249/2172 2364/2377/2298 2369/2382/2303 2236/2250/2173 
f 2234/2248/2171 2235/2249/2172 2236/2250/2173 2237/2251/2174 
f 2325/2339/2260 2296/2310/2233 2297/2311/2234 2326/2340/2261 
s 1
f 2239/2253/2176 2366/2379/2300 2443/2456/2373 2448/2461/2378 
f 2238/2252/2175 2239/2253/2176 2448/2461/2378 2328/2342/2263 
f 2327/2341/2262 2305/2319/2241 2306/2320/2242 2329/2343/2264 
s off
f 2281/2295/2218 2409/2422/2343 2407/2420/2341 2276/2290/2213 
f 2280/2294/2217 2281/2295/2218 2276/2290/2213 2277/2291/2214 
f 2330/2344/2265 2308/2322/2244 2309/2323/2245 2331/2345/2266 
s 1
f 2294/2308/2231 2421/2434/2355 2408/2421/2342 2278/2292/2215 
f 2293/2307/2230 2294/2308/2231 2278/2292/2215 2279/2293/2216 
f 2332/2346/2267 2316/2330/2251 2317/2331/2252 2333/2347/2268 
f 2448/2461/2378 2443/2456/2373 2424/2437/2358 2291/2305/2228 
f 2328/2342/2263 2448/2461/2378 2291/2305/2228 2292/2306/2229 
f 2334/2348/2228 2320/2334/2255 2305/2319/2241 2327/2341/2262 
# 216 polygons

#
# object Rectangle011
#

v  -892.8874 2823.4834 -567.8583
v  -892.8874 2824.0679 -568.2360
v  -892.3407 2823.9634 -569.9363
v  -892.3407 2823.6760 -569.7628
v  -892.8874 2824.5210 -569.2499
v  -892.3407 2824.1802 -570.3646
v  -892.8874 2824.7124 -570.3538
v  -892.3407 2824.3257 -571.1961
v  -892.8874 2824.8135 -571.5715
v  -892.3407 2824.3633 -571.6810
v  -892.8816 2824.8135 -588.5394
v  -892.2462 2824.3633 -588.5404
v  -891.8619 2823.5901 -571.9619
v  -891.8755 2823.4099 -571.8627
v  -891.8544 2823.6934 -572.1480
v  -891.8593 2823.7913 -572.6375
v  -891.8640 2823.8123 -572.9219
v  -891.6477 2823.8364 -588.5511
v  -891.5294 2822.9702 -574.0627
v  -891.5324 2819.6377 -574.0289
v  -891.8813 2819.8579 -571.8403
v  -891.5306 2823.0691 -574.1385
v  -891.5409 2823.1455 -574.2175
v  -891.5461 2823.1917 -574.3658
v  -891.5538 2823.2314 -574.5487
v  -892.8877 745.3562 -567.9952
v  -892.8876 1434.5444 -567.9525
v  -892.3409 1434.5449 -569.1076
v  -892.3411 745.3564 -568.7484
v  -891.8887 1434.5415 -570.3419
v  -891.8894 745.3547 -569.5515
v  -891.5516 745.3524 -570.3989
v  -891.5497 1434.5369 -571.6442
v  -891.3029 1434.5349 -572.4958
v  -891.3030 745.3516 -570.9585
v  -889.2749 2823.2407 -603.4440
v  -889.5138 2823.2363 -588.5651
v  -891.6519 2823.8384 -603.4440
v  -891.3027 2822.8174 -575.3134
v  -889.3550 2822.7981 -588.5717
v  -888.9324 2819.5505 -588.5718
v  -891.3027 2819.5601 -575.3235
v  -892.8873 2823.4834 -639.0296
v  -892.3407 2823.6760 -637.1252
v  -892.3407 2823.9634 -636.9517
v  -892.8873 2824.0679 -638.6519
v  -892.3407 2824.1802 -636.5233
v  -892.8873 2824.5210 -637.6381
v  -892.3407 2824.3257 -635.6918
v  -892.8873 2824.7124 -636.5342
v  -892.3407 2824.3633 -635.2069
v  -892.8873 2824.8135 -635.3164
v  -892.2462 2824.3633 -618.3473
v  -892.8816 2824.8135 -618.3482
v  -891.8755 2823.4099 -635.0253
v  -891.8619 2823.5901 -634.9261
v  -891.8544 2823.6934 -634.7399
v  -891.8593 2823.7913 -634.2505
v  -891.8640 2823.8123 -633.9660
v  -891.6477 2823.8364 -618.3367
v  -891.8813 2819.8579 -635.0476
v  -891.5324 2819.6377 -632.8590
v  -891.5293 2822.9702 -632.8253
v  -891.5306 2823.0691 -632.7494
v  -891.5409 2823.1455 -632.6704
v  -891.5461 2823.1917 -632.5222
v  -891.5538 2823.2314 -632.3392
v  -892.3411 745.3564 -595.3896
v  -892.3409 1434.5449 -609.9678
v  -892.8876 1434.5444 -611.1230
v  -892.8877 745.3562 -596.1428
v  -891.8894 745.3547 -594.5864
v  -891.8887 1434.5415 -608.7335
v  -891.3030 745.3514 -593.1794
v  -891.3029 1434.5349 -606.5796
v  -891.5497 1434.5369 -607.4313
v  -891.5516 745.3525 -593.7391
v  -889.5138 2823.2363 -618.3229
v  -891.3027 2822.8174 -631.5745
v  -889.3550 2822.7981 -618.3165
v  -891.3027 2819.5601 -631.5645
v  -888.9324 2819.5505 -618.3163
v  -892.8826 2824.8135 -603.4440
v  -892.2498 2824.3633 -603.4440
v  -889.1108 2822.7788 -603.4440
v  -888.4534 2819.5410 -603.4440
v  -888.0271 745.3516 -582.0690
v  -888.0270 1434.5349 -589.5377
v  -888.9326 1434.5349 -598.5588
v  -888.9327 745.3514 -587.9508
v  -891.5385 2816.3052 -573.9952
v  -891.5460 2812.9058 -573.9614
v  -891.8873 2812.9150 -571.8058
v  -891.8849 2816.3101 -571.8223
v  -892.8874 2816.3110 -567.8583
v  -892.8874 2819.8972 -567.8583
v  -892.3407 2819.9946 -569.7628
v  -892.3407 2816.3130 -569.7628
v  -891.3027 2816.3032 -575.3336
v  -888.9324 2816.3032 -588.5718
v  -888.9324 2812.9019 -588.5720
v  -891.3027 2812.9019 -575.3436
v  -891.8849 2816.3101 -635.0656
v  -891.8873 2812.9150 -635.0820
v  -891.5460 2812.9058 -632.9265
v  -891.5385 2816.3052 -632.8928
v  -892.3407 2816.3130 -637.1252
v  -892.3407 2819.9946 -637.1252
v  -892.8873 2819.8972 -639.0296
v  -892.8873 2816.3110 -639.0296
v  -891.3027 2816.3032 -631.5544
v  -891.3027 2812.9019 -631.5443
v  -888.9324 2812.9019 -618.3162
v  -888.9324 2816.3032 -618.3163
v  -888.0267 2816.3027 -603.4440
v  -888.0267 2812.9019 -603.4440
v  -892.8874 2812.9209 -567.8583
v  -892.3407 2812.9219 -569.7628
v  -892.3407 2812.9219 -637.1252
v  -892.8873 2812.9209 -639.0296
v  -891.5479 2123.7212 -573.1870
v  -891.8880 2123.7283 -571.5167
v  -888.9325 2123.7185 -584.5375
v  -888.9326 1434.5349 -580.5168
v  -891.3028 2123.7185 -574.2687
v  -891.8880 2123.7283 -620.6525
v  -891.5479 2123.7214 -618.9822
v  -891.3028 2123.7183 -617.9005
v  -888.9325 2123.7183 -607.6318
v  -888.0269 2123.7185 -596.0846
v  -892.8878 42.0632 -567.7844
v  -892.3412 41.8706 -568.1686
v  -892.3412 41.5834 -568.2036
v  -892.8878 41.4786 -567.8606
v  -892.3412 41.3666 -568.2900
v  -892.8878 41.0256 -568.0651
v  -892.3412 41.2211 -568.4578
v  -892.8878 40.8342 -568.2878
v  -892.3412 41.1835 -568.5555
v  -892.8878 40.7332 -568.5334
v  -892.2466 41.1835 -571.9568
v  -892.8820 40.7332 -571.9566
v  -891.8760 42.1367 -568.5922
v  -891.8624 41.9567 -568.6122
v  -891.8549 41.8534 -568.6498
v  -891.8598 41.7555 -568.7485
v  -891.8645 41.7346 -568.8059
v  -891.4556 41.4988 -571.9590
v  -891.8818 45.6890 -568.5877
v  -891.5328 45.9091 -569.0292
v  -891.4541 42.5766 -569.0361
v  -891.4514 42.4775 -569.0513
v  -891.4570 42.4010 -569.0673
v  -891.4634 42.3550 -569.0972
v  -891.4727 42.3151 -569.1341
v  -892.8878 56.1680 -567.7844
v  -892.3412 56.1680 -568.1686
v  -892.3412 52.6249 -568.1686
v  -892.8878 52.6258 -567.7844
v  -891.8901 56.1680 -568.5775
v  -891.8878 52.6316 -568.5807
v  -891.3032 56.1680 -569.2965
v  -891.3032 52.6447 -569.2945
v  -891.5464 52.6407 -569.0156
v  -891.5535 56.1680 -569.0088
v  -889.4927 42.3058 -574.9635
v  -891.4598 41.4966 -574.9635
v  -889.7316 42.3104 -571.9618
v  -891.2692 43.1107 -569.2884
v  -889.3215 43.1299 -571.9631
v  -891.3032 45.9865 -569.2904
v  -888.9329 45.9961 -571.9631
v  -892.8878 42.0632 -582.1426
v  -892.8878 41.4786 -582.0664
v  -892.3412 41.5834 -581.7234
v  -892.3412 41.8706 -581.7584
v  -892.8878 41.0256 -581.8619
v  -892.3412 41.3666 -581.6370
v  -892.8878 40.8342 -581.6392
v  -892.3412 41.2211 -581.4693
v  -892.8878 40.7332 -581.3936
v  -892.3412 41.1835 -581.3715
v  -892.8820 40.7332 -577.9703
v  -892.2466 41.1835 -577.9702
v  -891.8624 41.9567 -581.3148
v  -891.8760 42.1367 -581.3348
v  -891.8549 41.8534 -581.2772
v  -891.8598 41.7555 -581.1785
v  -891.8645 41.7346 -581.1211
v  -891.4556 41.4988 -577.9680
v  -891.4541 42.5766 -580.8909
v  -891.5328 45.9091 -580.8978
v  -891.8818 45.6890 -581.3393
v  -891.4514 42.4775 -580.8757
v  -891.4570 42.4010 -580.8597
v  -891.4634 42.3550 -580.8298
v  -891.4726 42.3151 -580.7929
v  -892.8878 56.1680 -582.1426
v  -892.8878 52.6258 -582.1426
v  -892.3412 52.6249 -581.7584
v  -892.3412 56.1680 -581.7584
v  -891.8878 52.6316 -581.3463
v  -891.8901 56.1680 -581.3495
v  -891.3032 56.1680 -580.6305
v  -891.5535 56.1680 -580.9182
v  -891.5464 52.6407 -580.9114
v  -891.3032 52.6447 -580.6325
v  -889.7316 42.3104 -577.9652
v  -891.2692 43.1107 -580.6386
v  -889.3215 43.1299 -577.9639
v  -888.9329 45.9961 -577.9639
v  -891.3032 45.9865 -580.6366
v  -892.2503 41.1835 -574.9635
v  -892.8831 40.7332 -574.9635
v  -889.0773 43.1490 -574.9635
v  -888.4539 46.0057 -574.9635
v  -888.9329 56.1680 -577.9639
v  -888.9329 52.6447 -577.9639
v  -888.0272 52.6448 -574.9635
v  -888.0272 56.1680 -574.9635
v  -891.5389 49.2416 -569.0224
v  -891.8854 49.2367 -568.5840
v  -892.8878 49.2357 -567.7844
v  -892.3412 49.2335 -568.1686
v  -892.3412 45.5521 -568.1686
v  -892.8878 45.6494 -567.7844
v  -891.3032 49.2434 -569.2924
v  -888.9329 49.2437 -571.9631
v  -888.9329 52.6447 -571.9632
v  -891.8854 49.2367 -581.3430
v  -891.5389 49.2416 -580.9046
v  -892.3412 49.2335 -581.7584
v  -892.8878 49.2357 -582.1426
v  -892.8878 45.6494 -582.1426
v  -892.3412 45.5521 -581.7584
v  -891.3032 49.2434 -580.6346
v  -888.9329 49.2437 -577.9639
v  -888.0272 49.2438 -574.9635
v  -888.9329 56.1680 -571.9632
v  -892.8875 2123.7327 -568.4549
v  -892.3408 2123.7334 -569.9336
v  -892.3408 2123.7334 -622.2356
v  -892.8875 2123.7327 -623.7143
v  -888.9327 745.3516 -576.1873
# 244 vertices

vn 0.9720 0.0541 0.2285
vn 0.9490 0.2147 0.2308
vn 0.9482 0.2522 0.1931
vn 0.9763 0.0679 0.2053
vn 0.8523 0.4895 0.1845
vn 0.8797 0.4566 0.1332
vn 0.7589 0.6438 0.0982
vn 0.8162 0.5736 0.0693
vn 0.7209 0.6923 0.0313
vn 0.7917 0.6102 0.0299
vn 0.6632 0.7484 0.0001
vn 0.7028 0.7114 0.0015
vn 0.9850 0.1029 0.1387
vn 0.9883 0.0120 0.1520
vn 0.9580 0.2719 0.0913
vn 0.9133 0.4053 0.0399
vn 0.8883 0.4590 0.0135
vn 0.5524 0.8336 0.0037
vn 0.9911 0.0480 0.1241
vn 0.9911 0.0003 0.1334
vn 0.9886 -0.0002 0.1503
vn 0.9918 -0.0415 -0.1208
vn 0.9827 0.1818 0.0361
vn 0.9923 0.1237 -0.0034
vn 0.9687 0.2341 0.0824
vn 0.8649 0.0001 0.5019
vn 0.9353 0.0001 0.3539
vn 0.9482 0.0003 0.3177
vn 0.8897 0.0003 0.4566
vn 0.9701 0.0003 0.2426
vn 0.9339 0.0005 0.3574
vn 0.9477 0.0006 0.3192
vn 0.9767 0.0004 0.2147
vn 0.9737 0.0005 0.2278
vn 0.9412 0.0008 0.3377
vn 0.7187 0.6953 0.0000
vn 0.7329 0.6787 0.0476
vn 0.5383 0.8427 0.0000
vn 0.9845 0.1255 0.1225
vn 0.9797 0.1903 0.0631
vn 0.9952 0.0515 0.0835
vn 0.9900 -0.0004 0.1410
vn 0.9720 0.0541 -0.2285
vn 0.9763 0.0679 -0.2053
vn 0.9482 0.2522 -0.1931
vn 0.9490 0.2147 -0.2308
vn 0.8797 0.4566 -0.1332
vn 0.8523 0.4895 -0.1845
vn 0.8162 0.5736 -0.0693
vn 0.7589 0.6438 -0.0982
vn 0.7917 0.6102 -0.0299
vn 0.7209 0.6923 -0.0313
vn 0.7028 0.7114 -0.0015
vn 0.6632 0.7484 -0.0001
vn 0.9883 0.0120 -0.1520
vn 0.9850 0.1029 -0.1387
vn 0.9580 0.2719 -0.0913
vn 0.9133 0.4053 -0.0399
vn 0.8883 0.4590 -0.0135
vn 0.5524 0.8336 -0.0037
vn 0.9886 -0.0002 -0.1503
vn 0.9911 0.0003 -0.1334
vn 0.9911 0.0480 -0.1240
vn 0.9918 -0.0415 0.1208
vn 0.9827 0.1818 -0.0361
vn 0.9923 0.1237 0.0034
vn 0.9687 0.2341 -0.0824
vn 0.8896 -0.0093 -0.4566
vn 0.9482 -0.0062 -0.3178
vn 0.9353 -0.0071 -0.3538
vn 0.8649 -0.0106 -0.5019
vn 0.9339 -0.0071 -0.3574
vn 0.9701 -0.0046 -0.2427
vn 0.9412 -0.0064 -0.3377
vn 0.9737 -0.0041 -0.2278
vn 0.9767 -0.0039 -0.2147
vn 0.9477 -0.0061 -0.3192
vn 0.7329 0.6787 -0.0476
vn 0.9845 0.1255 -0.1225
vn 0.9797 0.1903 -0.0631
vn 0.9900 -0.0004 -0.1410
vn 0.9952 0.0515 -0.0835
vn 0.6648 0.7471 0.0000
vn 0.7030 0.7112 0.0000
vn 0.9762 0.2170 0.0000
vn 0.9912 0.1325 0.0000
vn 1.0000 0.0000 0.0000
vn 1.0000 -0.0000 -0.0000
vn 0.9878 -0.0022 -0.1555
vn 0.9725 -0.0035 -0.2329
vn 0.9911 -0.0003 0.1330
vn 0.9912 -0.0001 0.1325
vn 0.9886 0.0001 0.1502
vn 0.9886 0.0001 0.1504
vn 0.9747 -0.0000 0.2237
vn 0.9800 -0.0000 0.1989
vn 0.9800 -0.0000 0.1990
vn 0.9901 -0.0004 0.1406
vn 0.9955 -0.0000 0.0953
vn 0.9955 0.0003 0.0952
vn 0.9901 -0.0001 0.1406
vn 0.9886 0.0001 -0.1504
vn 0.9886 -0.0015 -0.1504
vn 0.9912 -0.0016 -0.1324
vn 0.9911 -0.0003 -0.1330
vn 0.9800 -0.0000 -0.1990
vn 0.9800 -0.0000 -0.1989
vn 0.9747 -0.0000 -0.2237
vn 0.9901 -0.0004 -0.1406
vn 0.9901 -0.0016 -0.1406
vn 0.9954 -0.0007 -0.0956
vn 0.9955 -0.0000 -0.0953
vn 0.9986 0.0524 0.0000
vn 1.0000 -0.0000 -0.0002
vn 0.9747 -0.0001 0.2237
vn 0.9799 -0.0000 0.1993
vn 0.9799 -0.0022 -0.1994
vn 0.9747 -0.0025 -0.2237
vn 0.9855 0.0003 0.1695
vn 0.9814 0.0002 0.1919
vn 0.9925 0.0007 0.1223
vn 0.9878 0.0009 0.1554
vn 0.9837 0.0004 0.1799
vn 0.9814 -0.0037 -0.1919
vn 0.9855 -0.0031 -0.1695
vn 0.9837 -0.0033 -0.1799
vn 0.9925 -0.0018 -0.1222
vn 0.6502 -0.0383 0.7588
vn 0.7061 -0.0531 0.7061
vn 0.7128 -0.1810 0.6776
vn 0.6343 -0.2121 0.7434
vn 0.7378 -0.3826 0.5561
vn 0.6640 -0.4648 0.5857
vn 0.7675 -0.5478 0.3329
vn 0.6922 -0.6185 0.3718
vn 0.7754 -0.6174 0.1326
vn 0.7148 -0.6875 0.1282
vn 0.5589 -0.8292 0.0059
vn 0.6633 -0.7483 0.0004
vn 0.7778 -0.0110 0.6284
vn 0.8052 -0.0882 0.5865
vn 0.8555 -0.2612 0.4470
vn 0.8755 -0.4266 0.2271
vn 0.8692 -0.4794 0.1209
vn 0.4769 -0.8771 0.0573
vn 0.8011 0.0002 0.5985
vn 0.8308 0.0069 0.5566
vn 0.8494 -0.0240 0.5272
vn 0.9802 0.0309 -0.1955
vn 0.9739 -0.1326 0.1842
vn 0.9891 -0.1463 0.0167
vn 0.9184 -0.2423 0.3127
vn 0.6602 0.0001 0.7510
vn 0.7065 0.0003 0.7077
vn 0.7070 -0.0000 0.7072
vn 0.6602 -0.0000 0.7510
vn 0.8019 0.0004 0.5975
vn 0.8015 -0.0001 0.5979
vn 0.8180 0.0009 0.5752
vn 0.8178 0.0003 0.5755
vn 0.8339 0.0003 0.5520
vn 0.8349 0.0007 0.5504
vn 0.7477 -0.6641 0.0000
vn 0.4507 -0.8927 0.0000
vn 0.7559 -0.6224 0.2031
vn 0.8655 -0.0233 0.5004
vn 0.9328 -0.2287 0.2786
vn 0.8166 0.0039 0.5772
vn 0.9316 -0.0501 0.3600
vn 0.6502 -0.0383 -0.7588
vn 0.6343 -0.2121 -0.7434
vn 0.7128 -0.1810 -0.6776
vn 0.7061 -0.0531 -0.7061
vn 0.6640 -0.4648 -0.5857
vn 0.7378 -0.3826 -0.5561
vn 0.6922 -0.6185 -0.3718
vn 0.7675 -0.5478 -0.3329
vn 0.7148 -0.6875 -0.1282
vn 0.7754 -0.6174 -0.1326
vn 0.6633 -0.7483 -0.0004
vn 0.5589 -0.8292 -0.0059
vn 0.8052 -0.0882 -0.5865
vn 0.7778 -0.0110 -0.6284
vn 0.8555 -0.2612 -0.4470
vn 0.8755 -0.4266 -0.2271
vn 0.8692 -0.4794 -0.1209
vn 0.4769 -0.8771 -0.0573
vn 0.8494 -0.0240 -0.5272
vn 0.8308 0.0069 -0.5566
vn 0.8011 0.0002 -0.5985
vn 0.9802 0.0309 0.1955
vn 0.9739 -0.1326 -0.1842
vn 0.9891 -0.1463 -0.0167
vn 0.9184 -0.2423 -0.3127
vn 0.6602 -0.0077 -0.7510
vn 0.6602 -0.0000 -0.7511
vn 0.7070 -0.0000 -0.7072
vn 0.7067 -0.0070 -0.7075
vn 0.8015 -0.0001 -0.5979
vn 0.8021 -0.0058 -0.5971
vn 0.8180 -0.0051 -0.5752
vn 0.8348 -0.0050 -0.5505
vn 0.8339 0.0003 -0.5520
vn 0.8178 0.0003 -0.5755
vn 0.7559 -0.6224 -0.2031
vn 0.8655 -0.0233 -0.5004
vn 0.9328 -0.2287 -0.2786
vn 0.9316 -0.0501 -0.3600
vn 0.8166 0.0039 -0.5772
vn 0.5594 -0.8289 0.0000
vn 0.6649 -0.7470 0.0000
vn 0.9631 -0.2691 0.0000
vn 0.9904 -0.1380 0.0000
vn 0.9104 -0.0030 -0.4137
vn 0.9102 0.0000 -0.4143
vn 1.0000 -0.0000 0.0000
vn 1.0000 0.0000 0.0008
vn 0.8329 0.0002 0.5535
vn 0.8010 -0.0000 0.5986
vn 0.7075 -0.0000 0.7067
vn 0.7077 -0.0000 0.7066
vn 0.8177 0.0004 0.5756
vn 0.9102 0.0000 0.4141
vn 0.9102 0.0000 0.4143
vn 0.8010 -0.0000 -0.5986
vn 0.8329 0.0002 -0.5535
vn 0.7075 -0.0000 -0.7067
vn 0.7077 -0.0000 -0.7066
vn 0.8177 0.0004 -0.5756
vn 0.9102 0.0000 -0.4141
vn 0.9986 -0.0520 0.0000
vn 0.9099 0.0013 0.4147
vn 0.9590 -0.0000 0.2834
vn 0.9674 0.0001 0.2533
vn 0.9674 -0.0050 -0.2533
vn 0.9590 -0.0057 -0.2834
vn 0.9725 0.0014 0.2329
# 237 vertex normals

vt 0.6707 0.9973 0.5130
vt 0.6710 0.9976 0.5130
vt 0.6725 0.9975 0.5403
vt 0.6723 0.9974 0.5403
vt 0.6719 0.9977 0.5130
vt 0.6728 0.9976 0.5403
vt 0.6728 0.9978 0.5130
vt 0.6735 0.9976 0.5403
vt 0.6738 0.9978 0.5130
vt 0.6739 0.9977 0.5403
vt 0.6880 0.9978 0.5133
vt 0.6880 0.9977 0.5450
vt 0.6741 0.9974 0.5642
vt 0.6741 0.9973 0.5636
vt 0.6743 0.9974 0.5646
vt 0.6747 0.9975 0.5644
vt 0.6749 0.9975 0.5641
vt 0.6880 0.9975 0.5750
vt 0.6759 0.9972 0.5809
vt 0.6759 0.9960 0.5807
vt 0.6740 0.9961 0.5633
vt 0.6760 0.9972 0.5808
vt 0.6760 0.9972 0.5803
vt 0.6761 0.9972 0.5800
vt 0.6763 0.9973 0.5796
vt 0.6708 0.2552 0.5130
vt 0.6708 0.5013 0.5130
vt 0.6718 0.5013 0.5403
vt 0.6715 0.2552 0.5403
vt 0.6728 0.5013 0.5629
vt 0.6721 0.2552 0.5629
vt 0.6728 0.2552 0.5798
vt 0.6739 0.5013 0.5799
vt 0.6746 0.5013 0.5922
vt 0.6733 0.2552 0.5922
vt 0.7004 0.9973 0.6936
vt 0.6880 0.9973 0.6816
vt 0.7004 0.9975 0.5747
vt 0.6769 0.9971 0.5922
vt 0.6880 0.9971 0.6896
vt 0.6880 0.9959 0.7107
vt 0.6769 0.9959 0.5922
vt 0.7300 0.9973 0.5130
vt 0.7284 0.9974 0.5403
vt 0.7283 0.9975 0.5403
vt 0.7297 0.9976 0.5130
vt 0.7279 0.9976 0.5403
vt 0.7289 0.9977 0.5130
vt 0.7273 0.9976 0.5403
vt 0.7280 0.9978 0.5130
vt 0.7268 0.9977 0.5403
vt 0.7269 0.9978 0.5130
vt 0.7128 0.9977 0.5450
vt 0.7128 0.9978 0.5133
vt 0.7267 0.9973 0.5636
vt 0.7266 0.9974 0.5642
vt 0.7265 0.9974 0.5646
vt 0.7261 0.9975 0.5644
vt 0.7258 0.9975 0.5641
vt 0.7128 0.9975 0.5750
vt 0.7267 0.9961 0.5633
vt 0.7249 0.9960 0.5807
vt 0.7249 0.9972 0.5809
vt 0.7248 0.9972 0.5808
vt 0.7247 0.9972 0.5803
vt 0.7246 0.9972 0.5800
vt 0.7245 0.9973 0.5796
vt 0.6937 0.2552 0.5403
vt 0.7058 0.5013 0.5403
vt 0.7068 0.5013 0.5130
vt 0.6943 0.2552 0.5130
vt 0.6930 0.2552 0.5629
vt 0.7048 0.5013 0.5629
vt 0.6918 0.2552 0.5922
vt 0.7030 0.5013 0.5922
vt 0.7037 0.5013 0.5799
vt 0.6923 0.2552 0.5798
vt 0.7128 0.9973 0.6816
vt 0.7238 0.9971 0.5922
vt 0.7128 0.9971 0.6896
vt 0.7238 0.9959 0.5922
vt 0.7128 0.9959 0.7107
vt 0.7004 0.9978 0.5132
vt 0.7004 0.9977 0.5448
vt 0.7004 0.9971 0.7018
vt 0.7004 0.9959 0.7347
vt 0.6826 0.2552 0.7560
vt 0.6888 0.5013 0.7560
vt 0.6963 0.5013 0.7107
vt 0.6875 0.2552 0.7107
vt 0.6758 0.9948 0.5804
vt 0.6758 0.9936 0.5800
vt 0.6740 0.9936 0.5630
vt 0.6740 0.9948 0.5631
vt 0.6707 0.9948 0.5130
vt 0.6707 0.9961 0.5130
vt 0.6723 0.9961 0.5403
vt 0.6723 0.9948 0.5403
vt 0.6770 0.9948 0.5922
vt 0.6880 0.9948 0.7107
vt 0.6880 0.9936 0.7107
vt 0.6770 0.9936 0.5922
vt 0.7267 0.9948 0.5631
vt 0.7267 0.9936 0.5630
vt 0.7249 0.9936 0.5800
vt 0.7249 0.9948 0.5804
vt 0.7284 0.9948 0.5403
vt 0.7284 0.9961 0.5403
vt 0.7300 0.9961 0.5130
vt 0.7300 0.9948 0.5130
vt 0.7238 0.9948 0.5922
vt 0.7238 0.9936 0.5922
vt 0.7128 0.9936 0.7107
vt 0.7128 0.9948 0.7107
vt 0.7004 0.9948 0.7560
vt 0.7004 0.9936 0.7560
vt 0.6707 0.9936 0.5130
vt 0.6723 0.9936 0.5403
vt 0.7284 0.9936 0.5403
vt 0.7300 0.9936 0.5130
vt 0.6752 0.7474 0.5799
vt 0.6738 0.7474 0.5629
vt 0.6846 0.7474 0.7107
vt 0.6813 0.5013 0.7107
vt 0.6761 0.7474 0.5922
vt 0.7147 0.7474 0.5629
vt 0.7133 0.7474 0.5799
vt 0.7124 0.7474 0.5922
vt 0.7039 0.7474 0.7107
vt 0.6942 0.7474 0.7560
vt 0.6707 0.0040 0.5129
vt 0.6710 0.0039 0.5403
vt 0.6710 0.0038 0.5403
vt 0.6707 0.0038 0.5129
vt 0.6711 0.0037 0.5403
vt 0.6709 0.0036 0.5129
vt 0.6712 0.0037 0.5403
vt 0.6711 0.0035 0.5129
vt 0.6713 0.0037 0.5403
vt 0.6713 0.0035 0.5129
vt 0.6741 0.0037 0.5450
vt 0.6741 0.0035 0.5132
vt 0.6713 0.0040 0.5635
vt 0.6714 0.0039 0.5642
vt 0.6714 0.0039 0.5646
vt 0.6715 0.0039 0.5643
vt 0.6715 0.0039 0.5641
vt 0.6741 0.0038 0.5846
vt 0.6713 0.0053 0.5633
vt 0.6717 0.0054 0.5807
vt 0.6717 0.0042 0.5846
vt 0.6717 0.0041 0.5848
vt 0.6717 0.0041 0.5845
vt 0.6718 0.0041 0.5842
vt 0.6718 0.0041 0.5837
vt 0.6707 0.0090 0.5129
vt 0.6710 0.0090 0.5403
vt 0.6710 0.0078 0.5403
vt 0.6707 0.0078 0.5129
vt 0.6713 0.0090 0.5628
vt 0.6713 0.0078 0.5630
vt 0.6719 0.0090 0.5922
vt 0.6719 0.0078 0.5922
vt 0.6717 0.0078 0.5800
vt 0.6717 0.0090 0.5797
vt 0.6766 0.0041 0.6827
vt 0.6766 0.0038 0.5843
vt 0.6741 0.0041 0.6708
vt 0.6719 0.0044 0.5939
vt 0.6741 0.0044 0.6913
vt 0.6719 0.0054 0.5922
vt 0.6741 0.0054 0.7107
vt 0.6826 0.0040 0.5129
vt 0.6826 0.0038 0.5129
vt 0.6823 0.0038 0.5403
vt 0.6823 0.0039 0.5403
vt 0.6824 0.0036 0.5129
vt 0.6822 0.0037 0.5403
vt 0.6822 0.0035 0.5129
vt 0.6821 0.0037 0.5403
vt 0.6820 0.0035 0.5129
vt 0.6820 0.0037 0.5403
vt 0.6792 0.0035 0.5132
vt 0.6792 0.0037 0.5450
vt 0.6819 0.0039 0.5642
vt 0.6820 0.0040 0.5635
vt 0.6819 0.0039 0.5646
vt 0.6818 0.0039 0.5643
vt 0.6818 0.0039 0.5641
vt 0.6792 0.0038 0.5846
vt 0.6816 0.0042 0.5846
vt 0.6816 0.0054 0.5807
vt 0.6820 0.0053 0.5633
vt 0.6816 0.0041 0.5848
vt 0.6816 0.0041 0.5845
vt 0.6815 0.0041 0.5842
vt 0.6815 0.0041 0.5837
vt 0.6826 0.0090 0.5129
vt 0.6826 0.0078 0.5129
vt 0.6823 0.0078 0.5403
vt 0.6823 0.0090 0.5403
vt 0.6820 0.0078 0.5630
vt 0.6820 0.0090 0.5628
vt 0.6814 0.0090 0.5922
vt 0.6816 0.0090 0.5797
vt 0.6816 0.0078 0.5800
vt 0.6814 0.0078 0.5922
vt 0.6791 0.0041 0.6708
vt 0.6814 0.0044 0.5939
vt 0.6791 0.0044 0.6913
vt 0.6791 0.0054 0.7107
vt 0.6814 0.0054 0.5922
vt 0.6766 0.0037 0.5448
vt 0.6766 0.0035 0.5132
vt 0.6766 0.0044 0.7035
vt 0.6766 0.0054 0.7346
vt 0.6791 0.0090 0.7107
vt 0.6791 0.0078 0.7107
vt 0.6766 0.0078 0.7560
vt 0.6766 0.0090 0.7560
vt 0.6717 0.0065 0.5804
vt 0.6713 0.0065 0.5631
vt 0.6707 0.0065 0.5129
vt 0.6710 0.0065 0.5403
vt 0.6710 0.0052 0.5403
vt 0.6707 0.0053 0.5129
vt 0.6719 0.0065 0.5922
vt 0.6741 0.0065 0.7107
vt 0.6741 0.0078 0.7107
vt 0.6820 0.0065 0.5631
vt 0.6816 0.0065 0.5804
vt 0.6823 0.0065 0.5403
vt 0.6826 0.0065 0.5129
vt 0.6826 0.0053 0.5129
vt 0.6823 0.0052 0.5403
vt 0.6814 0.0065 0.5922
vt 0.6791 0.0065 0.7107
vt 0.6766 0.0065 0.7560
vt 0.6741 0.0090 0.7107
vt 0.6712 0.7474 0.5130
vt 0.6725 0.7474 0.5403
vt 0.7160 0.7474 0.5403
vt 0.7173 0.7474 0.5130
vt 0.6777 0.2552 0.7107
# 244 texture coords

o Rectangle011
g Rectangle011
usemtl wire_115115115
s off
f 2452/2465/2382 2451/2464/2381 2450/2463/2380 2449/2462/2379 
f 2451/2464/2381 2454/2467/2384 2453/2466/2383 2450/2463/2380 
f 2454/2467/2384 2456/2469/2386 2455/2468/2385 2453/2466/2383 
f 2456/2469/2386 2458/2471/2388 2457/2470/2387 2455/2468/2385 
f 2458/2471/2388 2460/2473/2390 2459/2472/2389 2457/2470/2387 
f 2462/2475/2392 2461/2474/2391 2451/2464/2381 2452/2465/2382 
f 2461/2474/2391 2463/2476/2393 2454/2467/2384 2451/2464/2381 
f 2463/2476/2393 2464/2477/2394 2456/2469/2386 2454/2467/2384 
f 2464/2477/2394 2465/2478/2395 2458/2471/2388 2456/2469/2386 
f 2465/2478/2395 2466/2479/2396 2460/2473/2390 2458/2471/2388 
f 2469/2482/2399 2468/2481/2398 2467/2480/2397 2462/2475/2392 
f 2462/2475/2392 2467/2480/2397 2470/2483/2400 2461/2474/2391 
f 2461/2474/2391 2470/2483/2400 2471/2484/2401 2463/2476/2393 
f 2463/2476/2393 2471/2484/2401 2472/2485/2402 2464/2477/2394 
f 2464/2477/2394 2472/2485/2402 2473/2486/2403 2465/2478/2395 
f 2477/2490/2407 2476/2489/2406 2475/2488/2405 2474/2487/2404 
f 2479/2492/2409 2478/2491/2408 2476/2489/2406 2477/2490/2407 
s 1
f 2483/2496/2413 2482/2495/2412 2481/2494/2411 2480/2493/2410 
s off
f 2486/2499/2416 2466/2479/2396 2485/2498/2415 2484/2497/2414 
s 1
f 2487/2500/2417 2473/2486/2403 2472/2485/2402 2471/2484/2401 2470/2483/2400 2467/2480/2397 
f 2487/2500/2417 2488/2501/2418 2485/2498/2415 2473/2486/2403 
f 2490/2503/2420 2489/2502/2419 2488/2501/2418 2487/2500/2417 
s off
f 2494/2507/2424 2493/2506/2423 2492/2505/2422 2491/2504/2421 
f 2496/2509/2426 2495/2508/2425 2493/2506/2423 2494/2507/2424 
f 2498/2511/2428 2497/2510/2427 2495/2508/2425 2496/2509/2426 
f 2500/2513/2430 2499/2512/2429 2497/2510/2427 2498/2511/2428 
f 2502/2515/2432 2501/2514/2431 2499/2512/2429 2500/2513/2430 
f 2493/2506/2423 2504/2517/2434 2503/2516/2433 2492/2505/2422 
f 2495/2508/2425 2505/2518/2435 2504/2517/2434 2493/2506/2423 
f 2497/2510/2427 2506/2519/2436 2505/2518/2435 2495/2508/2425 
f 2499/2512/2429 2507/2520/2437 2506/2519/2436 2497/2510/2427 
f 2501/2514/2431 2508/2521/2438 2507/2520/2437 2499/2512/2429 
f 2511/2524/2441 2510/2523/2440 2509/2522/2439 2503/2516/2433 
f 2512/2525/2442 2511/2524/2441 2503/2516/2433 2504/2517/2434 
f 2513/2526/2443 2512/2525/2442 2504/2517/2434 2505/2518/2435 
f 2514/2527/2444 2513/2526/2443 2505/2518/2435 2506/2519/2436 
f 2515/2528/2445 2514/2527/2444 2506/2519/2436 2507/2520/2437 
f 2519/2532/2449 2518/2531/2448 2517/2530/2447 2516/2529/2446 
f 2516/2529/2446 2517/2530/2447 2521/2534/2451 2520/2533/2450 
s 1
f 2525/2538/2455 2524/2537/2454 2523/2536/2453 2522/2535/2452 
s off
f 2526/2539/2456 2508/2521/2438 2486/2499/2416 2484/2497/2414 
s 1
f 2512/2525/2442 2513/2526/2443 2514/2527/2444 2515/2528/2445 2527/2540/2457 2511/2524/2441 
f 2526/2539/2456 2528/2541/2458 2527/2540/2457 2515/2528/2445 
f 2528/2541/2458 2530/2543/2460 2529/2542/2459 2527/2540/2457 
s off
f 2460/2473/2390 2532/2545/2462 2531/2544/2461 2459/2472/2389 
f 2466/2479/2396 2486/2499/2416 2532/2545/2462 2460/2473/2390 
f 2466/2479/2396 2465/2478/2395 2473/2486/2403 2485/2498/2415 
s 1
f 2488/2501/2418 2533/2546/2463 2484/2497/2414 2485/2498/2415 
f 2489/2502/2419 2534/2547/2464 2533/2546/2463 2488/2501/2418 
s off
f 2502/2515/2432 2531/2544/2461 2532/2545/2462 2501/2514/2431 
f 2501/2514/2431 2532/2545/2462 2486/2499/2416 2508/2521/2438 
f 2526/2539/2456 2515/2528/2445 2507/2520/2437 2508/2521/2438 
s 1
f 2526/2539/2456 2484/2497/2414 2533/2546/2463 2528/2541/2458 
f 2538/2551/2468 2537/2550/2467 2536/2549/2466 2535/2548/2465 
s off
f 2542/2555/2472 2541/2554/2471 2540/2553/2470 2539/2552/2469 
f 2546/2559/2475 2545/2558/2474 2544/2557/2473 2543/2556/2473 
f 2542/2555/2472 2469/2482/2399 2545/2558/2474 2546/2559/2475 
s 1
f 2547/2560/2476 2490/2503/2420 2468/2481/2398 2539/2552/2469 
f 2547/2560/2476 2550/2563/2479 2549/2562/2478 2548/2561/2477 
s off
f 2554/2567/2483 2553/2566/2482 2552/2565/2481 2551/2564/2480 
f 2558/2571/2486 2557/2570/2486 2556/2569/2485 2555/2568/2484 
f 2555/2568/2484 2556/2569/2485 2509/2522/2439 2551/2564/2480 
s 1
f 2554/2567/2483 2510/2523/2440 2529/2542/2459 2559/2572/2487 
f 2562/2575/2490 2561/2574/2489 2560/2573/2488 2559/2572/2487 
f 2548/2561/2477 2549/2562/2478 2564/2577/2492 2563/2576/2491 
f 2562/2575/2490 2530/2543/2460 2534/2547/2464 2563/2576/2491 
s off
f 2566/2579/2494 2546/2559/2475 2543/2556/2473 2565/2578/2493 
f 2541/2554/2471 2542/2555/2472 2546/2559/2475 2566/2579/2494 
s 1
f 2550/2563/2479 2547/2560/2476 2539/2552/2469 2540/2553/2470 
s off
f 2568/2581/2496 2558/2571/2486 2555/2568/2484 2567/2580/2495 
f 2567/2580/2495 2555/2568/2484 2551/2564/2480 2552/2565/2481 
s 1
f 2553/2566/2482 2554/2567/2483 2559/2572/2487 2560/2573/2488 
f 2561/2574/2489 2562/2575/2490 2563/2576/2491 2564/2577/2492 
s off
f 2570/2583/2498 2478/2491/2408 2481/2494/2411 2569/2582/2497 
s 1
f 2573/2586/2501 2482/2495/2412 2572/2585/2500 2571/2584/2499 
s off
f 2575/2588/2503 2524/2537/2454 2521/2534/2451 2574/2587/2502 
s 1
f 2577/2590/2505 2537/2550/2467 2523/2536/2453 2576/2589/2504 
f 2571/2584/2499 2572/2585/2500 2536/2549/2466 2578/2591/2465 
s off
f 2469/2482/2399 2542/2555/2472 2539/2552/2469 2468/2481/2398 
s 1
f 2490/2503/2420 2547/2560/2476 2548/2561/2477 2489/2502/2419 
s off
f 2510/2523/2440 2554/2567/2483 2551/2564/2480 2509/2522/2439 
s 1
f 2530/2543/2460 2562/2575/2490 2559/2572/2487 2529/2542/2459 
f 2489/2502/2419 2548/2561/2477 2563/2576/2491 2534/2547/2464 
s off
f 2545/2558/2474 2452/2465/2382 2449/2462/2379 2544/2557/2473 
f 2469/2482/2399 2462/2475/2392 2452/2465/2382 2545/2558/2474 
s 1
f 2490/2503/2420 2487/2500/2417 2467/2480/2397 2468/2481/2398 
s off
f 2557/2570/2486 2491/2504/2421 2492/2505/2422 2556/2569/2485 
f 2556/2569/2485 2492/2505/2422 2503/2516/2433 2509/2522/2439 
s 1
f 2510/2523/2440 2511/2524/2441 2527/2540/2457 2529/2542/2459 
f 2530/2543/2460 2528/2541/2458 2533/2546/2463 2534/2547/2464 
s off
f 2582/2595/2509 2581/2594/2508 2580/2593/2507 2579/2592/2506 
f 2584/2597/2511 2583/2596/2510 2581/2594/2508 2582/2595/2509 
f 2586/2599/2513 2585/2598/2512 2583/2596/2510 2584/2597/2511 
f 2588/2601/2515 2587/2600/2514 2585/2598/2512 2586/2599/2513 
f 2590/2603/2517 2589/2602/2516 2587/2600/2514 2588/2601/2515 
f 2581/2594/2508 2592/2605/2519 2591/2604/2518 2580/2593/2507 
f 2583/2596/2510 2593/2606/2520 2592/2605/2519 2581/2594/2508 
f 2585/2598/2512 2594/2607/2521 2593/2606/2520 2583/2596/2510 
f 2587/2600/2514 2595/2608/2522 2594/2607/2521 2585/2598/2512 
f 2589/2602/2516 2596/2609/2523 2595/2608/2522 2587/2600/2514 
f 2599/2612/2526 2598/2611/2525 2597/2610/2524 2591/2604/2518 
f 2600/2613/2527 2599/2612/2526 2591/2604/2518 2592/2605/2519 
f 2601/2614/2528 2600/2613/2527 2592/2605/2519 2593/2606/2520 
f 2602/2615/2529 2601/2614/2528 2593/2606/2520 2594/2607/2521 
f 2603/2616/2530 2602/2615/2529 2594/2607/2521 2595/2608/2522 
f 2607/2620/2534 2606/2619/2533 2605/2618/2532 2604/2617/2531 
f 2606/2619/2533 2609/2622/2536 2608/2621/2535 2605/2618/2532 
s 1
f 2613/2626/2540 2612/2625/2539 2611/2624/2538 2610/2623/2537 
s off
f 2616/2629/2543 2596/2609/2523 2615/2628/2542 2614/2627/2541 
s 1
f 2600/2613/2527 2601/2614/2528 2602/2615/2529 2603/2616/2530 2617/2630/2544 2599/2612/2526 
f 2616/2629/2543 2618/2631/2545 2617/2630/2544 2603/2616/2530 
f 2618/2631/2545 2620/2633/2547 2619/2632/2546 2617/2630/2544 
s off
f 2624/2637/2551 2623/2636/2550 2622/2635/2549 2621/2634/2548 
f 2623/2636/2550 2626/2639/2553 2625/2638/2552 2622/2635/2549 
f 2626/2639/2553 2628/2641/2555 2627/2640/2554 2625/2638/2552 
f 2628/2641/2555 2630/2643/2557 2629/2642/2556 2627/2640/2554 
f 2630/2643/2557 2632/2645/2559 2631/2644/2558 2629/2642/2556 
f 2634/2647/2561 2633/2646/2560 2623/2636/2550 2624/2637/2551 
f 2633/2646/2560 2635/2648/2562 2626/2639/2553 2623/2636/2550 
f 2635/2648/2562 2636/2649/2563 2628/2641/2555 2626/2639/2553 
f 2636/2649/2563 2637/2650/2564 2630/2643/2557 2628/2641/2555 
f 2637/2650/2564 2638/2651/2565 2632/2645/2559 2630/2643/2557 
f 2641/2654/2568 2640/2653/2567 2639/2652/2566 2634/2647/2561 
f 2634/2647/2561 2639/2652/2566 2642/2655/2569 2633/2646/2560 
f 2633/2646/2560 2642/2655/2569 2643/2656/2570 2635/2648/2562 
f 2635/2648/2562 2643/2656/2570 2644/2657/2571 2636/2649/2563 
f 2636/2649/2563 2644/2657/2571 2645/2658/2572 2637/2650/2564 
f 2649/2662/2576 2648/2661/2575 2647/2660/2574 2646/2659/2573 
f 2651/2664/2578 2650/2663/2577 2648/2661/2575 2649/2662/2576 
s 1
f 2655/2668/2582 2654/2667/2581 2653/2666/2580 2652/2665/2579 
s off
f 2615/2628/2542 2638/2651/2565 2656/2669/2583 2614/2627/2541 
s 1
f 2657/2670/2584 2645/2658/2572 2644/2657/2571 2643/2656/2570 2642/2655/2569 2639/2652/2566 
f 2657/2670/2584 2658/2671/2585 2656/2669/2583 2645/2658/2572 
f 2660/2673/2587 2659/2672/2586 2658/2671/2585 2657/2670/2584 
s off
f 2662/2675/2589 2661/2674/2588 2589/2602/2516 2590/2603/2517 
f 2661/2674/2588 2615/2628/2542 2596/2609/2523 2589/2602/2516 
f 2603/2616/2530 2595/2608/2522 2596/2609/2523 2616/2629/2543 
s 1
f 2614/2627/2541 2663/2676/2590 2618/2631/2545 2616/2629/2543 
f 2663/2676/2590 2664/2677/2591 2620/2633/2547 2618/2631/2545 
s off
f 2661/2674/2588 2662/2675/2589 2631/2644/2558 2632/2645/2559 
f 2615/2628/2542 2661/2674/2588 2632/2645/2559 2638/2651/2565 
f 2637/2650/2564 2645/2658/2572 2656/2669/2583 2638/2651/2565 
s 1
f 2663/2676/2590 2614/2627/2541 2656/2669/2583 2658/2671/2585 
f 2668/2681/2595 2667/2680/2594 2666/2679/2593 2665/2678/2592 
s off
f 2612/2625/2539 2609/2622/2536 2670/2683/2597 2669/2682/2596 
f 2674/2687/2534 2673/2686/2599 2672/2685/2598 2671/2684/2534 
f 2673/2686/2599 2597/2610/2524 2670/2683/2597 2672/2685/2598 
s 1
f 2598/2611/2525 2619/2632/2546 2675/2688/2600 2669/2682/2596 
f 2677/2690/2602 2611/2624/2538 2675/2688/2600 2676/2689/2601 
s off
f 2650/2663/2577 2654/2667/2581 2679/2692/2604 2678/2691/2603 
f 2683/2696/2606 2682/2695/2574 2681/2694/2574 2680/2693/2605 
f 2641/2654/2568 2683/2696/2606 2680/2693/2605 2678/2691/2603 
s 1
f 2660/2673/2587 2640/2653/2567 2679/2692/2604 2684/2697/2607 
f 2655/2668/2582 2666/2679/2593 2685/2698/2608 2684/2697/2607 
f 2667/2680/2594 2677/2690/2602 2676/2689/2601 2686/2699/2609 
f 2664/2677/2591 2659/2672/2586 2685/2698/2608 2686/2699/2609 
s off
f 2671/2684/2534 2672/2685/2598 2606/2619/2533 2607/2620/2534 
f 2672/2685/2598 2670/2683/2597 2609/2622/2536 2606/2619/2533 
s 1
f 2669/2682/2596 2675/2688/2600 2611/2624/2538 2612/2625/2539 
s off
f 2680/2693/2605 2681/2694/2574 2647/2660/2574 2648/2661/2575 
f 2678/2691/2603 2680/2693/2605 2648/2661/2575 2650/2663/2577 
s 1
f 2684/2697/2607 2679/2692/2604 2654/2667/2581 2655/2668/2582 
f 2686/2699/2609 2685/2698/2608 2666/2679/2593 2667/2680/2594 
s off
f 2613/2626/2540 2608/2621/2535 2609/2622/2536 2612/2625/2539 
s 1
f 2687/2700/2610 2610/2623/2537 2611/2624/2538 2677/2690/2602 
s off
f 2651/2664/2578 2653/2666/2580 2654/2667/2581 2650/2663/2577 
s 1
f 2652/2665/2579 2665/2678/2592 2666/2679/2593 2655/2668/2582 
f 2668/2681/2595 2687/2700/2610 2677/2690/2602 2667/2680/2594 
s off
f 2669/2682/2596 2670/2683/2597 2597/2610/2524 2598/2611/2525 
s 1
f 2676/2689/2601 2675/2688/2600 2619/2632/2546 2620/2633/2547 
s off
f 2678/2691/2603 2679/2692/2604 2640/2653/2567 2641/2654/2568 
s 1
f 2684/2697/2607 2685/2698/2608 2659/2672/2586 2660/2673/2587 
f 2686/2699/2609 2676/2689/2601 2620/2633/2547 2664/2677/2591 
s off
f 2579/2592/2506 2580/2593/2507 2673/2686/2599 2674/2687/2534 
f 2580/2593/2507 2591/2604/2518 2597/2610/2524 2673/2686/2599 
s 1
f 2599/2612/2526 2617/2630/2544 2619/2632/2546 2598/2611/2525 
s off
f 2624/2637/2551 2621/2634/2548 2682/2695/2574 2683/2696/2606 
f 2634/2647/2561 2624/2637/2551 2683/2696/2606 2641/2654/2568 
s 1
f 2657/2670/2584 2639/2652/2566 2640/2653/2567 2660/2673/2587 
f 2663/2676/2590 2658/2671/2585 2659/2672/2586 2664/2677/2591 
s off
f 2689/2702/2612 2566/2579/2494 2565/2578/2493 2688/2701/2611 
f 2476/2489/2406 2689/2702/2612 2688/2701/2611 2475/2488/2405 
f 2474/2487/2404 2604/2617/2531 2605/2618/2532 2477/2490/2407 
f 2570/2583/2498 2541/2554/2471 2566/2579/2494 2689/2702/2612 
f 2478/2491/2408 2570/2583/2498 2689/2702/2612 2476/2489/2406 
f 2477/2490/2407 2605/2618/2532 2608/2621/2535 2479/2492/2409 
s 1
f 2573/2586/2501 2550/2563/2479 2540/2553/2470 2569/2582/2497 
f 2482/2495/2412 2573/2586/2501 2569/2582/2497 2481/2494/2411 
f 2480/2493/2410 2613/2626/2540 2610/2623/2537 2483/2496/2413 
s off
f 2691/2704/2614 2568/2581/2496 2567/2580/2495 2690/2703/2613 
f 2518/2531/2448 2691/2704/2614 2690/2703/2613 2517/2530/2447 
f 2516/2529/2446 2649/2662/2576 2646/2659/2573 2519/2532/2449 
f 2690/2703/2613 2567/2580/2495 2552/2565/2481 2574/2587/2502 
f 2517/2530/2447 2690/2703/2613 2574/2587/2502 2521/2534/2451 
f 2520/2533/2450 2651/2664/2578 2649/2662/2576 2516/2529/2446 
s 1
f 2575/2588/2503 2553/2566/2482 2560/2573/2488 2576/2589/2504 
f 2524/2537/2454 2575/2588/2503 2576/2589/2504 2523/2536/2453 
f 2522/2535/2452 2652/2665/2579 2653/2666/2580 2525/2538/2455 
f 2577/2590/2505 2561/2574/2489 2564/2577/2492 2578/2591/2465 
f 2537/2550/2467 2577/2590/2505 2578/2591/2465 2536/2549/2466 
f 2535/2548/2465 2668/2681/2595 2665/2678/2592 2538/2551/2468 
s off
f 2479/2492/2409 2608/2621/2535 2613/2626/2540 2480/2493/2410 
f 2478/2491/2408 2479/2492/2409 2480/2493/2410 2481/2494/2411 
f 2569/2582/2497 2540/2553/2470 2541/2554/2471 2570/2583/2498 
s 1
f 2483/2496/2413 2610/2623/2537 2687/2700/2610 2692/2705/2615 
f 2482/2495/2412 2483/2496/2413 2692/2705/2615 2572/2585/2500 
f 2571/2584/2499 2549/2562/2478 2550/2563/2479 2573/2586/2501 
s off
f 2525/2538/2455 2653/2666/2580 2651/2664/2578 2520/2533/2450 
f 2524/2537/2454 2525/2538/2455 2520/2533/2450 2521/2534/2451 
f 2574/2587/2502 2552/2565/2481 2553/2566/2482 2575/2588/2503 
s 1
f 2538/2551/2468 2665/2678/2592 2652/2665/2579 2522/2535/2452 
f 2537/2550/2467 2538/2551/2468 2522/2535/2452 2523/2536/2453 
f 2576/2589/2504 2560/2573/2488 2561/2574/2489 2577/2590/2505 
f 2692/2705/2615 2687/2700/2610 2668/2681/2595 2535/2548/2465 
f 2572/2585/2500 2692/2705/2615 2535/2548/2465 2536/2549/2466 
f 2578/2591/2465 2564/2577/2492 2549/2562/2478 2571/2584/2499 
# 216 polygons

#
# object Rectangle012
#

v  -892.8874 2823.4834 -667.9365
v  -892.8874 2824.0679 -668.3141
v  -892.3407 2823.9634 -670.0144
v  -892.3407 2823.6760 -669.8409
v  -892.8874 2824.5210 -669.3280
v  -892.3407 2824.1802 -670.4427
v  -892.8874 2824.7124 -670.4319
v  -892.3407 2824.3257 -671.2742
v  -892.8874 2824.8135 -671.6497
v  -892.3407 2824.3633 -671.7592
v  -892.8816 2824.8135 -688.6176
v  -892.2462 2824.3633 -688.6185
v  -891.8619 2823.5901 -672.0400
v  -891.8755 2823.4099 -671.9409
v  -891.8544 2823.6934 -672.2261
v  -891.8593 2823.7913 -672.7156
v  -891.8640 2823.8123 -673.0001
v  -891.6477 2823.8364 -688.6293
v  -891.5294 2822.9702 -674.1408
v  -891.5324 2819.6377 -674.1071
v  -891.8813 2819.8579 -671.9185
v  -891.5306 2823.0691 -674.2167
v  -891.5409 2823.1455 -674.2957
v  -891.5461 2823.1917 -674.4439
v  -891.5538 2823.2314 -674.6268
v  -892.8877 745.3562 -668.0733
v  -892.8876 1434.5444 -668.0306
v  -892.3409 1434.5449 -669.1857
v  -892.3411 745.3564 -668.8265
v  -891.8887 1434.5415 -670.4200
v  -891.8894 745.3547 -669.6296
v  -891.5516 745.3524 -670.4770
v  -891.5497 1434.5369 -671.7223
v  -891.3029 1434.5349 -672.5740
v  -891.3030 745.3516 -671.0366
v  -889.2749 2823.2407 -703.5221
v  -889.5138 2823.2363 -688.6432
v  -891.6519 2823.8384 -703.5221
v  -891.3027 2822.8174 -675.3915
v  -889.3550 2822.7981 -688.6498
v  -888.9324 2819.5505 -688.6499
v  -891.3027 2819.5601 -675.4016
v  -892.8873 2823.4834 -739.1077
v  -892.3407 2823.6760 -737.2033
v  -892.3407 2823.9634 -737.0298
v  -892.8873 2824.0679 -738.7300
v  -892.3407 2824.1802 -736.6014
v  -892.8873 2824.5210 -737.7162
v  -892.3407 2824.3257 -735.7700
v  -892.8873 2824.7124 -736.6123
v  -892.3407 2824.3633 -735.2850
v  -892.8873 2824.8135 -735.3945
v  -892.2462 2824.3633 -718.4254
v  -892.8816 2824.8135 -718.4263
v  -891.8755 2823.4099 -735.1034
v  -891.8619 2823.5901 -735.0042
v  -891.8544 2823.6934 -734.8181
v  -891.8593 2823.7913 -734.3286
v  -891.8640 2823.8123 -734.0441
v  -891.6477 2823.8364 -718.4149
v  -891.8813 2819.8579 -735.1257
v  -891.5324 2819.6377 -732.9371
v  -891.5293 2822.9702 -732.9034
v  -891.5306 2823.0691 -732.8275
v  -891.5409 2823.1455 -732.7485
v  -891.5461 2823.1917 -732.6003
v  -891.5538 2823.2314 -732.4174
v  -892.3411 745.3564 -695.4677
v  -892.3409 1434.5449 -710.0460
v  -892.8876 1434.5444 -711.2011
v  -892.8877 745.3562 -696.2209
v  -891.8894 745.3547 -694.6646
v  -891.8887 1434.5415 -708.8116
v  -891.3030 745.3514 -693.2576
v  -891.3029 1434.5349 -706.6577
v  -891.5497 1434.5369 -707.5094
v  -891.5516 745.3525 -693.8172
v  -889.5138 2823.2363 -718.4011
v  -891.3027 2822.8174 -731.6526
v  -889.3550 2822.7981 -718.3946
v  -891.3027 2819.5601 -731.6426
v  -888.9324 2819.5505 -718.3945
v  -892.8826 2824.8135 -703.5221
v  -892.2498 2824.3633 -703.5221
v  -889.1108 2822.7788 -703.5221
v  -888.4534 2819.5410 -703.5221
v  -888.0271 745.3516 -682.1471
v  -888.0270 1434.5349 -689.6158
v  -888.9326 1434.5349 -698.6369
v  -888.9327 745.3514 -688.0289
v  -891.5385 2816.3052 -674.0733
v  -891.5460 2812.9058 -674.0395
v  -891.8873 2812.9150 -671.8840
v  -891.8849 2816.3101 -671.9005
v  -892.8874 2816.3110 -667.9365
v  -892.8874 2819.8972 -667.9365
v  -892.3407 2819.9946 -669.8409
v  -892.3407 2816.3130 -669.8409
v  -891.3027 2816.3032 -675.4117
v  -888.9324 2816.3032 -688.6500
v  -888.9324 2812.9019 -688.6501
v  -891.3027 2812.9019 -675.4218
v  -891.8849 2816.3101 -735.1437
v  -891.8873 2812.9150 -735.1602
v  -891.5460 2812.9058 -733.0046
v  -891.5385 2816.3052 -732.9709
v  -892.3407 2816.3130 -737.2033
v  -892.3407 2819.9946 -737.2033
v  -892.8873 2819.8972 -739.1077
v  -892.8873 2816.3110 -739.1077
v  -891.3027 2816.3032 -731.6325
v  -891.3027 2812.9019 -731.6224
v  -888.9324 2812.9019 -718.3943
v  -888.9324 2816.3032 -718.3944
v  -888.0267 2816.3027 -703.5221
v  -888.0267 2812.9019 -703.5221
v  -892.8874 2812.9209 -667.9365
v  -892.3407 2812.9219 -669.8409
v  -892.3407 2812.9219 -737.2033
v  -892.8873 2812.9209 -739.1077
v  -891.5479 2123.7212 -673.2651
v  -891.8880 2123.7283 -671.5948
v  -888.9325 2123.7185 -684.6157
v  -888.9326 1434.5349 -680.5949
v  -891.3028 2123.7185 -674.3468
v  -891.8880 2123.7283 -720.7306
v  -891.5479 2123.7214 -719.0604
v  -891.3028 2123.7183 -717.9786
v  -888.9325 2123.7183 -707.7099
v  -888.0269 2123.7185 -696.1627
v  -892.8878 42.0632 -667.8625
v  -892.3412 41.8706 -668.2467
v  -892.3412 41.5834 -668.2817
v  -892.8878 41.4786 -667.9387
v  -892.3412 41.3666 -668.3681
v  -892.8878 41.0256 -668.1432
v  -892.3412 41.2211 -668.5359
v  -892.8878 40.8342 -668.3659
v  -892.3412 41.1835 -668.6337
v  -892.8878 40.7332 -668.6116
v  -892.2466 41.1835 -672.0349
v  -892.8820 40.7332 -672.0347
v  -891.8760 42.1367 -668.6703
v  -891.8624 41.9567 -668.6903
v  -891.8549 41.8534 -668.7279
v  -891.8598 41.7555 -668.8267
v  -891.8645 41.7346 -668.8840
v  -891.4556 41.4988 -672.0371
v  -891.8818 45.6890 -668.6658
v  -891.5328 45.9091 -669.1074
v  -891.4541 42.5766 -669.1142
v  -891.4514 42.4775 -669.1295
v  -891.4570 42.4010 -669.1454
v  -891.4634 42.3550 -669.1753
v  -891.4727 42.3151 -669.2122
v  -892.8878 56.1680 -667.8625
v  -892.3412 56.1680 -668.2467
v  -892.3412 52.6249 -668.2467
v  -892.8878 52.6258 -667.8625
v  -891.8901 56.1680 -668.6556
v  -891.8878 52.6316 -668.6589
v  -891.3032 56.1680 -669.3746
v  -891.3032 52.6447 -669.3726
v  -891.5464 52.6407 -669.0938
v  -891.5535 56.1680 -669.0869
v  -889.4927 42.3058 -675.0416
v  -891.4598 41.4966 -675.0416
v  -889.7316 42.3104 -672.0399
v  -891.2692 43.1107 -669.3665
v  -889.3215 43.1299 -672.0413
v  -891.3032 45.9865 -669.3685
v  -888.9329 45.9961 -672.0413
v  -892.8878 42.0632 -682.2208
v  -892.8878 41.4786 -682.1445
v  -892.3412 41.5834 -681.8016
v  -892.3412 41.8706 -681.8365
v  -892.8878 41.0256 -681.9400
v  -892.3412 41.3666 -681.7151
v  -892.8878 40.8342 -681.7173
v  -892.3412 41.2211 -681.5474
v  -892.8878 40.7332 -681.4717
v  -892.3412 41.1835 -681.4496
v  -892.8820 40.7332 -678.0485
v  -892.2466 41.1835 -678.0483
v  -891.8624 41.9567 -681.3929
v  -891.8760 42.1367 -681.4129
v  -891.8549 41.8534 -681.3553
v  -891.8598 41.7555 -681.2566
v  -891.8645 41.7346 -681.1992
v  -891.4556 41.4988 -678.0461
v  -891.4541 42.5766 -680.9691
v  -891.5328 45.9091 -680.9759
v  -891.8818 45.6890 -681.4174
v  -891.4514 42.4775 -680.9538
v  -891.4570 42.4010 -680.9378
v  -891.4634 42.3550 -680.9080
v  -891.4726 42.3151 -680.8710
v  -892.8878 56.1680 -682.2208
v  -892.8878 52.6258 -682.2208
v  -892.3412 52.6249 -681.8365
v  -892.3412 56.1680 -681.8365
v  -891.8878 52.6316 -681.4244
v  -891.8901 56.1680 -681.4277
v  -891.3032 56.1680 -680.7086
v  -891.5535 56.1680 -680.9963
v  -891.5464 52.6407 -680.9895
v  -891.3032 52.6447 -680.7106
v  -889.7316 42.3104 -678.0433
v  -891.2692 43.1107 -680.7167
v  -889.3215 43.1299 -678.0421
v  -888.9329 45.9961 -678.0420
v  -891.3032 45.9865 -680.7147
v  -892.2503 41.1835 -675.0416
v  -892.8831 40.7332 -675.0416
v  -889.0773 43.1490 -675.0416
v  -888.4539 46.0057 -675.0416
v  -888.9329 56.1680 -678.0420
v  -888.9329 52.6447 -678.0420
v  -888.0272 52.6448 -675.0416
v  -888.0272 56.1680 -675.0416
v  -891.5389 49.2416 -669.1005
v  -891.8854 49.2367 -668.6622
v  -892.8878 49.2357 -667.8625
v  -892.3412 49.2335 -668.2467
v  -892.3412 45.5521 -668.2467
v  -892.8878 45.6494 -667.8625
v  -891.3032 49.2434 -669.3705
v  -888.9329 49.2437 -672.0413
v  -888.9329 52.6447 -672.0413
v  -891.8854 49.2367 -681.4211
v  -891.5389 49.2416 -680.9827
v  -892.3412 49.2335 -681.8365
v  -892.8878 49.2357 -682.2208
v  -892.8878 45.6494 -682.2208
v  -892.3412 45.5521 -681.8365
v  -891.3032 49.2434 -680.7127
v  -888.9329 49.2437 -678.0420
v  -888.0272 49.2438 -675.0416
v  -888.9329 56.1680 -672.0413
v  -892.8875 2123.7327 -668.5330
v  -892.3408 2123.7334 -670.0117
v  -892.3408 2123.7334 -722.3137
v  -892.8875 2123.7327 -723.7924
v  -888.9327 745.3516 -676.2654
# 244 vertices

vn 0.9720 0.0541 0.2285
vn 0.9490 0.2147 0.2308
vn 0.9482 0.2522 0.1931
vn 0.9763 0.0679 0.2053
vn 0.8523 0.4895 0.1845
vn 0.8797 0.4566 0.1332
vn 0.7589 0.6438 0.0982
vn 0.8162 0.5736 0.0693
vn 0.7209 0.6923 0.0313
vn 0.7917 0.6102 0.0299
vn 0.6632 0.7484 0.0001
vn 0.7028 0.7114 0.0015
vn 0.9850 0.1029 0.1387
vn 0.9883 0.0120 0.1520
vn 0.9580 0.2719 0.0913
vn 0.9133 0.4053 0.0399
vn 0.8883 0.4590 0.0135
vn 0.5524 0.8336 0.0037
vn 0.9911 0.0480 0.1241
vn 0.9911 0.0003 0.1334
vn 0.9886 -0.0002 0.1503
vn 0.9918 -0.0415 -0.1208
vn 0.9827 0.1818 0.0361
vn 0.9923 0.1237 -0.0034
vn 0.9687 0.2341 0.0824
vn 0.8649 0.0001 0.5019
vn 0.9353 0.0001 0.3539
vn 0.9482 0.0003 0.3177
vn 0.8897 0.0003 0.4566
vn 0.9701 0.0003 0.2426
vn 0.9339 0.0005 0.3574
vn 0.9477 0.0006 0.3192
vn 0.9767 0.0004 0.2147
vn 0.9737 0.0005 0.2278
vn 0.9412 0.0008 0.3377
vn 0.7187 0.6953 0.0000
vn 0.7329 0.6787 0.0476
vn 0.5383 0.8427 0.0000
vn 0.9845 0.1255 0.1225
vn 0.9797 0.1903 0.0631
vn 0.9952 0.0515 0.0835
vn 0.9900 -0.0004 0.1410
vn 0.9720 0.0541 -0.2285
vn 0.9763 0.0679 -0.2053
vn 0.9482 0.2522 -0.1931
vn 0.9490 0.2147 -0.2308
vn 0.8797 0.4566 -0.1332
vn 0.8523 0.4895 -0.1845
vn 0.8162 0.5736 -0.0693
vn 0.7589 0.6438 -0.0982
vn 0.7917 0.6102 -0.0299
vn 0.7209 0.6923 -0.0313
vn 0.7028 0.7114 -0.0015
vn 0.6632 0.7484 -0.0001
vn 0.9883 0.0120 -0.1520
vn 0.9850 0.1029 -0.1387
vn 0.9580 0.2719 -0.0913
vn 0.9133 0.4053 -0.0399
vn 0.8883 0.4590 -0.0135
vn 0.5524 0.8336 -0.0037
vn 0.9886 -0.0002 -0.1503
vn 0.9911 0.0003 -0.1334
vn 0.9911 0.0480 -0.1240
vn 0.9918 -0.0415 0.1208
vn 0.9827 0.1818 -0.0361
vn 0.9923 0.1237 0.0034
vn 0.9687 0.2341 -0.0824
vn 0.8896 -0.0093 -0.4566
vn 0.9482 -0.0062 -0.3178
vn 0.9353 -0.0071 -0.3538
vn 0.8649 -0.0106 -0.5019
vn 0.9339 -0.0071 -0.3574
vn 0.9701 -0.0046 -0.2427
vn 0.9412 -0.0064 -0.3377
vn 0.9737 -0.0041 -0.2278
vn 0.9767 -0.0039 -0.2147
vn 0.9477 -0.0061 -0.3192
vn 0.7329 0.6787 -0.0476
vn 0.9845 0.1255 -0.1225
vn 0.9797 0.1903 -0.0631
vn 0.9900 -0.0004 -0.1410
vn 0.9952 0.0515 -0.0835
vn 0.6648 0.7471 0.0000
vn 0.7030 0.7112 0.0000
vn 0.9762 0.2170 0.0000
vn 0.9912 0.1325 0.0000
vn 1.0000 0.0000 0.0000
vn 1.0000 -0.0000 -0.0000
vn 0.9878 -0.0022 -0.1555
vn 0.9725 -0.0035 -0.2329
vn 0.9911 -0.0003 0.1330
vn 0.9912 -0.0001 0.1325
vn 0.9886 0.0001 0.1502
vn 0.9886 0.0001 0.1504
vn 0.9747 -0.0000 0.2237
vn 0.9800 -0.0000 0.1989
vn 0.9800 -0.0000 0.1990
vn 0.9901 -0.0004 0.1406
vn 0.9955 -0.0000 0.0953
vn 0.9955 0.0003 0.0952
vn 0.9901 -0.0001 0.1406
vn 0.9886 0.0001 -0.1504
vn 0.9886 -0.0015 -0.1504
vn 0.9912 -0.0016 -0.1324
vn 0.9911 -0.0003 -0.1330
vn 0.9800 -0.0000 -0.1990
vn 0.9800 -0.0000 -0.1989
vn 0.9747 -0.0000 -0.2237
vn 0.9901 -0.0004 -0.1406
vn 0.9901 -0.0016 -0.1406
vn 0.9954 -0.0007 -0.0956
vn 0.9955 -0.0000 -0.0953
vn 0.9986 0.0524 0.0000
vn 1.0000 -0.0000 -0.0002
vn 0.9747 -0.0001 0.2237
vn 0.9799 -0.0000 0.1993
vn 0.9799 -0.0022 -0.1994
vn 0.9747 -0.0025 -0.2237
vn 0.9855 0.0003 0.1695
vn 0.9814 0.0002 0.1919
vn 0.9925 0.0007 0.1223
vn 0.9878 0.0009 0.1554
vn 0.9837 0.0004 0.1799
vn 0.9814 -0.0037 -0.1919
vn 0.9855 -0.0031 -0.1695
vn 0.9837 -0.0033 -0.1799
vn 0.9925 -0.0018 -0.1222
vn 0.6502 -0.0383 0.7588
vn 0.7061 -0.0531 0.7061
vn 0.7128 -0.1810 0.6776
vn 0.6343 -0.2121 0.7434
vn 0.7378 -0.3826 0.5561
vn 0.6640 -0.4648 0.5857
vn 0.7675 -0.5478 0.3329
vn 0.6922 -0.6185 0.3718
vn 0.7754 -0.6174 0.1326
vn 0.7148 -0.6875 0.1282
vn 0.5589 -0.8292 0.0059
vn 0.6633 -0.7483 0.0004
vn 0.7778 -0.0110 0.6284
vn 0.8052 -0.0882 0.5865
vn 0.8555 -0.2612 0.4470
vn 0.8755 -0.4266 0.2271
vn 0.8692 -0.4794 0.1209
vn 0.4769 -0.8771 0.0573
vn 0.8011 0.0002 0.5985
vn 0.8308 0.0069 0.5566
vn 0.8494 -0.0240 0.5272
vn 0.9802 0.0309 -0.1955
vn 0.9739 -0.1326 0.1842
vn 0.9891 -0.1463 0.0167
vn 0.9184 -0.2423 0.3127
vn 0.6602 0.0001 0.7510
vn 0.7065 0.0003 0.7077
vn 0.7070 -0.0000 0.7072
vn 0.6602 -0.0000 0.7510
vn 0.8019 0.0004 0.5975
vn 0.8015 -0.0001 0.5979
vn 0.8180 0.0009 0.5752
vn 0.8178 0.0003 0.5755
vn 0.8339 0.0003 0.5520
vn 0.8349 0.0007 0.5504
vn 0.7477 -0.6641 0.0000
vn 0.4507 -0.8927 0.0000
vn 0.7559 -0.6224 0.2031
vn 0.8655 -0.0233 0.5004
vn 0.9328 -0.2287 0.2786
vn 0.8166 0.0039 0.5772
vn 0.9316 -0.0501 0.3600
vn 0.6502 -0.0383 -0.7588
vn 0.6343 -0.2121 -0.7434
vn 0.7128 -0.1810 -0.6776
vn 0.7061 -0.0531 -0.7061
vn 0.6640 -0.4648 -0.5857
vn 0.7378 -0.3826 -0.5561
vn 0.6922 -0.6185 -0.3718
vn 0.7675 -0.5478 -0.3329
vn 0.7148 -0.6875 -0.1282
vn 0.7754 -0.6174 -0.1326
vn 0.6633 -0.7483 -0.0004
vn 0.5589 -0.8292 -0.0059
vn 0.8052 -0.0882 -0.5865
vn 0.7778 -0.0110 -0.6284
vn 0.8555 -0.2612 -0.4470
vn 0.8755 -0.4266 -0.2271
vn 0.8692 -0.4794 -0.1209
vn 0.4769 -0.8771 -0.0573
vn 0.8494 -0.0240 -0.5272
vn 0.8308 0.0069 -0.5566
vn 0.8011 0.0002 -0.5985
vn 0.9802 0.0309 0.1955
vn 0.9739 -0.1326 -0.1842
vn 0.9891 -0.1463 -0.0167
vn 0.9184 -0.2423 -0.3127
vn 0.6602 -0.0077 -0.7510
vn 0.6602 -0.0000 -0.7511
vn 0.7070 -0.0000 -0.7072
vn 0.7067 -0.0070 -0.7075
vn 0.8015 -0.0001 -0.5979
vn 0.8021 -0.0058 -0.5971
vn 0.8180 -0.0051 -0.5752
vn 0.8348 -0.0050 -0.5505
vn 0.8339 0.0003 -0.5520
vn 0.8178 0.0003 -0.5755
vn 0.7559 -0.6224 -0.2031
vn 0.8655 -0.0233 -0.5004
vn 0.9328 -0.2287 -0.2786
vn 0.9316 -0.0501 -0.3600
vn 0.8166 0.0039 -0.5772
vn 0.5594 -0.8289 0.0000
vn 0.6649 -0.7470 0.0000
vn 0.9631 -0.2691 0.0000
vn 0.9904 -0.1380 0.0000
vn 0.9104 -0.0030 -0.4137
vn 0.9102 0.0000 -0.4143
vn 1.0000 -0.0000 0.0000
vn 1.0000 0.0000 0.0008
vn 0.8329 0.0002 0.5535
vn 0.8010 -0.0000 0.5986
vn 0.7075 -0.0000 0.7067
vn 0.7077 -0.0000 0.7066
vn 0.8177 0.0004 0.5756
vn 0.9102 0.0000 0.4141
vn 0.9102 0.0000 0.4143
vn 0.8010 -0.0000 -0.5986
vn 0.8329 0.0002 -0.5535
vn 0.7075 -0.0000 -0.7067
vn 0.7077 -0.0000 -0.7066
vn 0.8177 0.0004 -0.5756
vn 0.9102 0.0000 -0.4141
vn 0.9986 -0.0520 0.0000
vn 0.9099 0.0013 0.4147
vn 0.9590 -0.0000 0.2834
vn 0.9674 0.0001 0.2533
vn 0.9674 -0.0050 -0.2533
vn 0.9590 -0.0057 -0.2834
vn 0.9725 0.0014 0.2329
# 237 vertex normals

vt 0.7541 0.9973 0.5130
vt 0.7544 0.9976 0.5130
vt 0.7559 0.9975 0.5403
vt 0.7557 0.9974 0.5403
vt 0.7553 0.9977 0.5130
vt 0.7562 0.9976 0.5403
vt 0.7562 0.9978 0.5130
vt 0.7569 0.9976 0.5403
vt 0.7572 0.9978 0.5130
vt 0.7573 0.9977 0.5403
vt 0.7714 0.9978 0.5133
vt 0.7714 0.9977 0.5450
vt 0.7575 0.9974 0.5642
vt 0.7575 0.9973 0.5636
vt 0.7577 0.9974 0.5646
vt 0.7581 0.9975 0.5644
vt 0.7583 0.9975 0.5641
vt 0.7714 0.9975 0.5750
vt 0.7593 0.9972 0.5809
vt 0.7593 0.9960 0.5807
vt 0.7574 0.9961 0.5633
vt 0.7594 0.9972 0.5808
vt 0.7594 0.9972 0.5803
vt 0.7595 0.9972 0.5800
vt 0.7597 0.9973 0.5796
vt 0.7542 0.2552 0.5130
vt 0.7542 0.5013 0.5130
vt 0.7552 0.5013 0.5403
vt 0.7549 0.2552 0.5403
vt 0.7562 0.5013 0.5629
vt 0.7555 0.2552 0.5629
vt 0.7562 0.2552 0.5798
vt 0.7573 0.5013 0.5799
vt 0.7580 0.5013 0.5922
vt 0.7567 0.2552 0.5922
vt 0.7838 0.9973 0.6936
vt 0.7714 0.9973 0.6816
vt 0.7838 0.9975 0.5747
vt 0.7603 0.9971 0.5922
vt 0.7714 0.9971 0.6896
vt 0.7714 0.9959 0.7107
vt 0.7603 0.9959 0.5922
vt 0.8134 0.9973 0.5130
vt 0.8118 0.9974 0.5403
vt 0.8117 0.9975 0.5403
vt 0.8131 0.9976 0.5130
vt 0.8113 0.9976 0.5403
vt 0.8123 0.9977 0.5130
vt 0.8107 0.9976 0.5403
vt 0.8114 0.9978 0.5130
vt 0.8102 0.9977 0.5403
vt 0.8103 0.9978 0.5130
vt 0.7962 0.9977 0.5450
vt 0.7962 0.9978 0.5133
vt 0.8101 0.9973 0.5636
vt 0.8100 0.9974 0.5642
vt 0.8099 0.9974 0.5646
vt 0.8095 0.9975 0.5644
vt 0.8092 0.9975 0.5641
vt 0.7962 0.9975 0.5750
vt 0.8101 0.9961 0.5633
vt 0.8083 0.9960 0.5807
vt 0.8083 0.9972 0.5809
vt 0.8082 0.9972 0.5808
vt 0.8081 0.9972 0.5803
vt 0.8080 0.9972 0.5800
vt 0.8079 0.9973 0.5797
vt 0.7771 0.2552 0.5403
vt 0.7892 0.5013 0.5403
vt 0.7902 0.5013 0.5130
vt 0.7777 0.2552 0.5130
vt 0.7764 0.2552 0.5629
vt 0.7882 0.5013 0.5629
vt 0.7752 0.2552 0.5922
vt 0.7864 0.5013 0.5922
vt 0.7871 0.5013 0.5799
vt 0.7757 0.2552 0.5798
vt 0.7962 0.9973 0.6817
vt 0.8072 0.9971 0.5922
vt 0.7962 0.9971 0.6896
vt 0.8072 0.9959 0.5922
vt 0.7962 0.9959 0.7107
vt 0.7838 0.9978 0.5132
vt 0.7838 0.9977 0.5448
vt 0.7838 0.9971 0.7018
vt 0.7838 0.9959 0.7347
vt 0.7660 0.2552 0.7560
vt 0.7722 0.5013 0.7560
vt 0.7797 0.5013 0.7107
vt 0.7709 0.2552 0.7107
vt 0.7592 0.9948 0.5804
vt 0.7592 0.9936 0.5800
vt 0.7574 0.9936 0.5630
vt 0.7574 0.9948 0.5631
vt 0.7541 0.9948 0.5130
vt 0.7541 0.9961 0.5130
vt 0.7557 0.9961 0.5403
vt 0.7557 0.9948 0.5403
vt 0.7604 0.9948 0.5922
vt 0.7714 0.9948 0.7107
vt 0.7714 0.9936 0.7107
vt 0.7604 0.9936 0.5922
vt 0.8101 0.9948 0.5631
vt 0.8101 0.9936 0.5630
vt 0.8083 0.9936 0.5800
vt 0.8083 0.9948 0.5804
vt 0.8118 0.9948 0.5403
vt 0.8118 0.9961 0.5403
vt 0.8134 0.9961 0.5130
vt 0.8134 0.9948 0.5130
vt 0.8072 0.9948 0.5922
vt 0.8072 0.9936 0.5922
vt 0.7962 0.9936 0.7107
vt 0.7962 0.9948 0.7107
vt 0.7838 0.9948 0.7560
vt 0.7838 0.9936 0.7560
vt 0.7541 0.9936 0.5130
vt 0.7557 0.9936 0.5403
vt 0.8118 0.9936 0.5403
vt 0.8134 0.9936 0.5130
vt 0.7586 0.7474 0.5799
vt 0.7572 0.7474 0.5629
vt 0.7680 0.7474 0.7107
vt 0.7647 0.5013 0.7107
vt 0.7595 0.7474 0.5922
vt 0.7981 0.7474 0.5629
vt 0.7967 0.7474 0.5799
vt 0.7958 0.7474 0.5922
vt 0.7873 0.7474 0.7107
vt 0.7776 0.7474 0.7560
vt 0.7541 0.0040 0.5129
vt 0.7544 0.0039 0.5403
vt 0.7544 0.0038 0.5403
vt 0.7541 0.0038 0.5129
vt 0.7545 0.0037 0.5403
vt 0.7543 0.0036 0.5129
vt 0.7546 0.0037 0.5403
vt 0.7545 0.0035 0.5129
vt 0.7547 0.0037 0.5403
vt 0.7547 0.0035 0.5129
vt 0.7575 0.0037 0.5450
vt 0.7575 0.0035 0.5132
vt 0.7547 0.0040 0.5635
vt 0.7548 0.0039 0.5642
vt 0.7548 0.0039 0.5646
vt 0.7549 0.0039 0.5643
vt 0.7549 0.0039 0.5641
vt 0.7575 0.0038 0.5846
vt 0.7547 0.0053 0.5633
vt 0.7551 0.0054 0.5807
vt 0.7551 0.0042 0.5846
vt 0.7551 0.0041 0.5848
vt 0.7551 0.0041 0.5845
vt 0.7552 0.0041 0.5842
vt 0.7552 0.0041 0.5837
vt 0.7541 0.0090 0.5129
vt 0.7544 0.0090 0.5403
vt 0.7544 0.0078 0.5403
vt 0.7541 0.0078 0.5129
vt 0.7547 0.0090 0.5628
vt 0.7547 0.0078 0.5630
vt 0.7553 0.0090 0.5922
vt 0.7553 0.0078 0.5922
vt 0.7551 0.0078 0.5800
vt 0.7551 0.0090 0.5797
vt 0.7600 0.0041 0.6827
vt 0.7600 0.0038 0.5843
vt 0.7575 0.0041 0.6708
vt 0.7553 0.0044 0.5939
vt 0.7575 0.0044 0.6913
vt 0.7553 0.0054 0.5922
vt 0.7575 0.0054 0.7107
vt 0.7660 0.0040 0.5129
vt 0.7660 0.0038 0.5129
vt 0.7657 0.0038 0.5403
vt 0.7657 0.0039 0.5403
vt 0.7658 0.0036 0.5129
vt 0.7656 0.0037 0.5403
vt 0.7656 0.0035 0.5129
vt 0.7655 0.0037 0.5403
vt 0.7654 0.0035 0.5129
vt 0.7654 0.0037 0.5403
vt 0.7626 0.0035 0.5132
vt 0.7626 0.0037 0.5450
vt 0.7653 0.0039 0.5642
vt 0.7654 0.0040 0.5635
vt 0.7653 0.0039 0.5646
vt 0.7652 0.0039 0.5643
vt 0.7652 0.0039 0.5641
vt 0.7625 0.0038 0.5846
vt 0.7650 0.0042 0.5846
vt 0.7650 0.0054 0.5807
vt 0.7654 0.0053 0.5633
vt 0.7650 0.0041 0.5848
vt 0.7650 0.0041 0.5845
vt 0.7649 0.0041 0.5842
vt 0.7649 0.0041 0.5837
vt 0.7660 0.0090 0.5129
vt 0.7660 0.0078 0.5129
vt 0.7657 0.0078 0.5403
vt 0.7657 0.0090 0.5403
vt 0.7654 0.0078 0.5630
vt 0.7654 0.0090 0.5628
vt 0.7648 0.0090 0.5922
vt 0.7650 0.0090 0.5797
vt 0.7650 0.0078 0.5800
vt 0.7648 0.0078 0.5922
vt 0.7625 0.0041 0.6708
vt 0.7648 0.0044 0.5939
vt 0.7625 0.0044 0.6913
vt 0.7625 0.0054 0.7107
vt 0.7648 0.0054 0.5922
vt 0.7600 0.0037 0.5448
vt 0.7600 0.0035 0.5132
vt 0.7600 0.0044 0.7035
vt 0.7600 0.0054 0.7346
vt 0.7625 0.0090 0.7107
vt 0.7625 0.0078 0.7107
vt 0.7600 0.0078 0.7560
vt 0.7600 0.0090 0.7560
vt 0.7551 0.0065 0.5804
vt 0.7547 0.0065 0.5631
vt 0.7541 0.0065 0.5129
vt 0.7544 0.0065 0.5403
vt 0.7544 0.0052 0.5403
vt 0.7541 0.0053 0.5129
vt 0.7553 0.0065 0.5922
vt 0.7575 0.0065 0.7107
vt 0.7575 0.0078 0.7107
vt 0.7654 0.0065 0.5631
vt 0.7650 0.0065 0.5804
vt 0.7657 0.0065 0.5403
vt 0.7660 0.0065 0.5129
vt 0.7660 0.0053 0.5129
vt 0.7657 0.0052 0.5403
vt 0.7648 0.0065 0.5922
vt 0.7625 0.0065 0.7107
vt 0.7600 0.0065 0.7560
vt 0.7575 0.0090 0.7107
vt 0.7546 0.7474 0.5130
vt 0.7559 0.7474 0.5403
vt 0.7994 0.7474 0.5403
vt 0.8007 0.7474 0.5130
vt 0.7611 0.2552 0.7107
# 244 texture coords

o Rectangle012
g Rectangle012
usemtl wire_115115115
s off
f 2696/2709/2619 2695/2708/2618 2694/2707/2617 2693/2706/2616 
f 2695/2708/2618 2698/2711/2621 2697/2710/2620 2694/2707/2617 
f 2698/2711/2621 2700/2713/2623 2699/2712/2622 2697/2710/2620 
f 2700/2713/2623 2702/2715/2625 2701/2714/2624 2699/2712/2622 
f 2702/2715/2625 2704/2717/2627 2703/2716/2626 2701/2714/2624 
f 2706/2719/2629 2705/2718/2628 2695/2708/2618 2696/2709/2619 
f 2705/2718/2628 2707/2720/2630 2698/2711/2621 2695/2708/2618 
f 2707/2720/2630 2708/2721/2631 2700/2713/2623 2698/2711/2621 
f 2708/2721/2631 2709/2722/2632 2702/2715/2625 2700/2713/2623 
f 2709/2722/2632 2710/2723/2633 2704/2717/2627 2702/2715/2625 
f 2713/2726/2636 2712/2725/2635 2711/2724/2634 2706/2719/2629 
f 2706/2719/2629 2711/2724/2634 2714/2727/2637 2705/2718/2628 
f 2705/2718/2628 2714/2727/2637 2715/2728/2638 2707/2720/2630 
f 2707/2720/2630 2715/2728/2638 2716/2729/2639 2708/2721/2631 
f 2708/2721/2631 2716/2729/2639 2717/2730/2640 2709/2722/2632 
f 2721/2734/2644 2720/2733/2643 2719/2732/2642 2718/2731/2641 
f 2723/2736/2646 2722/2735/2645 2720/2733/2643 2721/2734/2644 
s 1
f 2727/2740/2650 2726/2739/2649 2725/2738/2648 2724/2737/2647 
s off
f 2730/2743/2653 2710/2723/2633 2729/2742/2652 2728/2741/2651 
s 1
f 2731/2744/2654 2717/2730/2640 2716/2729/2639 2715/2728/2638 2714/2727/2637 2711/2724/2634 
f 2731/2744/2654 2732/2745/2655 2729/2742/2652 2717/2730/2640 
f 2734/2747/2657 2733/2746/2656 2732/2745/2655 2731/2744/2654 
s off
f 2738/2751/2661 2737/2750/2660 2736/2749/2659 2735/2748/2658 
f 2740/2753/2663 2739/2752/2662 2737/2750/2660 2738/2751/2661 
f 2742/2755/2665 2741/2754/2664 2739/2752/2662 2740/2753/2663 
f 2744/2757/2667 2743/2756/2666 2741/2754/2664 2742/2755/2665 
f 2746/2759/2669 2745/2758/2668 2743/2756/2666 2744/2757/2667 
f 2737/2750/2660 2748/2761/2671 2747/2760/2670 2736/2749/2659 
f 2739/2752/2662 2749/2762/2672 2748/2761/2671 2737/2750/2660 
f 2741/2754/2664 2750/2763/2673 2749/2762/2672 2739/2752/2662 
f 2743/2756/2666 2751/2764/2674 2750/2763/2673 2741/2754/2664 
f 2745/2758/2668 2752/2765/2675 2751/2764/2674 2743/2756/2666 
f 2755/2768/2678 2754/2767/2677 2753/2766/2676 2747/2760/2670 
f 2756/2769/2679 2755/2768/2678 2747/2760/2670 2748/2761/2671 
f 2757/2770/2680 2756/2769/2679 2748/2761/2671 2749/2762/2672 
f 2758/2771/2681 2757/2770/2680 2749/2762/2672 2750/2763/2673 
f 2759/2772/2682 2758/2771/2681 2750/2763/2673 2751/2764/2674 
f 2763/2776/2686 2762/2775/2685 2761/2774/2684 2760/2773/2683 
f 2760/2773/2683 2761/2774/2684 2765/2778/2688 2764/2777/2687 
s 1
f 2769/2782/2692 2768/2781/2691 2767/2780/2690 2766/2779/2689 
s off
f 2770/2783/2693 2752/2765/2675 2730/2743/2653 2728/2741/2651 
s 1
f 2756/2769/2679 2757/2770/2680 2758/2771/2681 2759/2772/2682 2771/2784/2694 2755/2768/2678 
f 2770/2783/2693 2772/2785/2695 2771/2784/2694 2759/2772/2682 
f 2772/2785/2695 2774/2787/2697 2773/2786/2696 2771/2784/2694 
s off
f 2704/2717/2627 2776/2789/2699 2775/2788/2698 2703/2716/2626 
f 2710/2723/2633 2730/2743/2653 2776/2789/2699 2704/2717/2627 
f 2710/2723/2633 2709/2722/2632 2717/2730/2640 2729/2742/2652 
s 1
f 2732/2745/2655 2777/2790/2700 2728/2741/2651 2729/2742/2652 
f 2733/2746/2656 2778/2791/2701 2777/2790/2700 2732/2745/2655 
s off
f 2746/2759/2669 2775/2788/2698 2776/2789/2699 2745/2758/2668 
f 2745/2758/2668 2776/2789/2699 2730/2743/2653 2752/2765/2675 
f 2770/2783/2693 2759/2772/2682 2751/2764/2674 2752/2765/2675 
s 1
f 2770/2783/2693 2728/2741/2651 2777/2790/2700 2772/2785/2695 
f 2782/2795/2705 2781/2794/2704 2780/2793/2703 2779/2792/2702 
s off
f 2786/2799/2709 2785/2798/2708 2784/2797/2707 2783/2796/2706 
f 2790/2803/2712 2789/2802/2711 2788/2801/2710 2787/2800/2710 
f 2786/2799/2709 2713/2726/2636 2789/2802/2711 2790/2803/2712 
s 1
f 2791/2804/2713 2734/2747/2657 2712/2725/2635 2783/2796/2706 
f 2791/2804/2713 2794/2807/2716 2793/2806/2715 2792/2805/2714 
s off
f 2798/2811/2720 2797/2810/2719 2796/2809/2718 2795/2808/2717 
f 2802/2815/2723 2801/2814/2723 2800/2813/2722 2799/2812/2721 
f 2799/2812/2721 2800/2813/2722 2753/2766/2676 2795/2808/2717 
s 1
f 2798/2811/2720 2754/2767/2677 2773/2786/2696 2803/2816/2724 
f 2806/2819/2727 2805/2818/2726 2804/2817/2725 2803/2816/2724 
f 2792/2805/2714 2793/2806/2715 2808/2821/2729 2807/2820/2728 
f 2806/2819/2727 2774/2787/2697 2778/2791/2701 2807/2820/2728 
s off
f 2810/2823/2731 2790/2803/2712 2787/2800/2710 2809/2822/2730 
f 2785/2798/2708 2786/2799/2709 2790/2803/2712 2810/2823/2731 
s 1
f 2794/2807/2716 2791/2804/2713 2783/2796/2706 2784/2797/2707 
s off
f 2812/2825/2733 2802/2815/2723 2799/2812/2721 2811/2824/2732 
f 2811/2824/2732 2799/2812/2721 2795/2808/2717 2796/2809/2718 
s 1
f 2797/2810/2719 2798/2811/2720 2803/2816/2724 2804/2817/2725 
f 2805/2818/2726 2806/2819/2727 2807/2820/2728 2808/2821/2729 
s off
f 2814/2827/2735 2722/2735/2645 2725/2738/2648 2813/2826/2734 
s 1
f 2817/2830/2738 2726/2739/2649 2816/2829/2737 2815/2828/2736 
s off
f 2819/2832/2740 2768/2781/2691 2765/2778/2688 2818/2831/2739 
s 1
f 2821/2834/2742 2781/2794/2704 2767/2780/2690 2820/2833/2741 
f 2815/2828/2736 2816/2829/2737 2780/2793/2703 2822/2835/2702 
s off
f 2713/2726/2636 2786/2799/2709 2783/2796/2706 2712/2725/2635 
s 1
f 2734/2747/2657 2791/2804/2713 2792/2805/2714 2733/2746/2656 
s off
f 2754/2767/2677 2798/2811/2720 2795/2808/2717 2753/2766/2676 
s 1
f 2774/2787/2697 2806/2819/2727 2803/2816/2724 2773/2786/2696 
f 2733/2746/2656 2792/2805/2714 2807/2820/2728 2778/2791/2701 
s off
f 2789/2802/2711 2696/2709/2619 2693/2706/2616 2788/2801/2710 
f 2713/2726/2636 2706/2719/2629 2696/2709/2619 2789/2802/2711 
s 1
f 2734/2747/2657 2731/2744/2654 2711/2724/2634 2712/2725/2635 
s off
f 2801/2814/2723 2735/2748/2658 2736/2749/2659 2800/2813/2722 
f 2800/2813/2722 2736/2749/2659 2747/2760/2670 2753/2766/2676 
s 1
f 2754/2767/2677 2755/2768/2678 2771/2784/2694 2773/2786/2696 
f 2774/2787/2697 2772/2785/2695 2777/2790/2700 2778/2791/2701 
s off
f 2826/2839/2746 2825/2838/2745 2824/2837/2744 2823/2836/2743 
f 2828/2841/2748 2827/2840/2747 2825/2838/2745 2826/2839/2746 
f 2830/2843/2750 2829/2842/2749 2827/2840/2747 2828/2841/2748 
f 2832/2845/2752 2831/2844/2751 2829/2842/2749 2830/2843/2750 
f 2834/2847/2754 2833/2846/2753 2831/2844/2751 2832/2845/2752 
f 2825/2838/2745 2836/2849/2756 2835/2848/2755 2824/2837/2744 
f 2827/2840/2747 2837/2850/2757 2836/2849/2756 2825/2838/2745 
f 2829/2842/2749 2838/2851/2758 2837/2850/2757 2827/2840/2747 
f 2831/2844/2751 2839/2852/2759 2838/2851/2758 2829/2842/2749 
f 2833/2846/2753 2840/2853/2760 2839/2852/2759 2831/2844/2751 
f 2843/2856/2763 2842/2855/2762 2841/2854/2761 2835/2848/2755 
f 2844/2857/2764 2843/2856/2763 2835/2848/2755 2836/2849/2756 
f 2845/2858/2765 2844/2857/2764 2836/2849/2756 2837/2850/2757 
f 2846/2859/2766 2845/2858/2765 2837/2850/2757 2838/2851/2758 
f 2847/2860/2767 2846/2859/2766 2838/2851/2758 2839/2852/2759 
f 2851/2864/2771 2850/2863/2770 2849/2862/2769 2848/2861/2768 
f 2850/2863/2770 2853/2866/2773 2852/2865/2772 2849/2862/2769 
s 1
f 2857/2870/2777 2856/2869/2776 2855/2868/2775 2854/2867/2774 
s off
f 2860/2873/2780 2840/2853/2760 2859/2872/2779 2858/2871/2778 
s 1
f 2844/2857/2764 2845/2858/2765 2846/2859/2766 2847/2860/2767 2861/2874/2781 2843/2856/2763 
f 2860/2873/2780 2862/2875/2782 2861/2874/2781 2847/2860/2767 
f 2862/2875/2782 2864/2877/2784 2863/2876/2783 2861/2874/2781 
s off
f 2868/2881/2788 2867/2880/2787 2866/2879/2786 2865/2878/2785 
f 2867/2880/2787 2870/2883/2790 2869/2882/2789 2866/2879/2786 
f 2870/2883/2790 2872/2885/2792 2871/2884/2791 2869/2882/2789 
f 2872/2885/2792 2874/2887/2794 2873/2886/2793 2871/2884/2791 
f 2874/2887/2794 2876/2889/2796 2875/2888/2795 2873/2886/2793 
f 2878/2891/2798 2877/2890/2797 2867/2880/2787 2868/2881/2788 
f 2877/2890/2797 2879/2892/2799 2870/2883/2790 2867/2880/2787 
f 2879/2892/2799 2880/2893/2800 2872/2885/2792 2870/2883/2790 
f 2880/2893/2800 2881/2894/2801 2874/2887/2794 2872/2885/2792 
f 2881/2894/2801 2882/2895/2802 2876/2889/2796 2874/2887/2794 
f 2885/2898/2805 2884/2897/2804 2883/2896/2803 2878/2891/2798 
f 2878/2891/2798 2883/2896/2803 2886/2899/2806 2877/2890/2797 
f 2877/2890/2797 2886/2899/2806 2887/2900/2807 2879/2892/2799 
f 2879/2892/2799 2887/2900/2807 2888/2901/2808 2880/2893/2800 
f 2880/2893/2800 2888/2901/2808 2889/2902/2809 2881/2894/2801 
f 2893/2906/2813 2892/2905/2812 2891/2904/2811 2890/2903/2810 
f 2895/2908/2815 2894/2907/2814 2892/2905/2812 2893/2906/2813 
s 1
f 2899/2912/2819 2898/2911/2818 2897/2910/2817 2896/2909/2816 
s off
f 2859/2872/2779 2882/2895/2802 2900/2913/2820 2858/2871/2778 
s 1
f 2901/2914/2821 2889/2902/2809 2888/2901/2808 2887/2900/2807 2886/2899/2806 2883/2896/2803 
f 2901/2914/2821 2902/2915/2822 2900/2913/2820 2889/2902/2809 
f 2904/2917/2824 2903/2916/2823 2902/2915/2822 2901/2914/2821 
s off
f 2906/2919/2826 2905/2918/2825 2833/2846/2753 2834/2847/2754 
f 2905/2918/2825 2859/2872/2779 2840/2853/2760 2833/2846/2753 
f 2847/2860/2767 2839/2852/2759 2840/2853/2760 2860/2873/2780 
s 1
f 2858/2871/2778 2907/2920/2827 2862/2875/2782 2860/2873/2780 
f 2907/2920/2827 2908/2921/2828 2864/2877/2784 2862/2875/2782 
s off
f 2905/2918/2825 2906/2919/2826 2875/2888/2795 2876/2889/2796 
f 2859/2872/2779 2905/2918/2825 2876/2889/2796 2882/2895/2802 
f 2881/2894/2801 2889/2902/2809 2900/2913/2820 2882/2895/2802 
s 1
f 2907/2920/2827 2858/2871/2778 2900/2913/2820 2902/2915/2822 
f 2912/2925/2832 2911/2924/2831 2910/2923/2830 2909/2922/2829 
s off
f 2856/2869/2776 2853/2866/2773 2914/2927/2834 2913/2926/2833 
f 2918/2931/2771 2917/2930/2836 2916/2929/2835 2915/2928/2771 
f 2917/2930/2836 2841/2854/2761 2914/2927/2834 2916/2929/2835 
s 1
f 2842/2855/2762 2863/2876/2783 2919/2932/2837 2913/2926/2833 
f 2921/2934/2839 2855/2868/2775 2919/2932/2837 2920/2933/2838 
s off
f 2894/2907/2814 2898/2911/2818 2923/2936/2841 2922/2935/2840 
f 2927/2940/2843 2926/2939/2811 2925/2938/2811 2924/2937/2842 
f 2885/2898/2805 2927/2940/2843 2924/2937/2842 2922/2935/2840 
s 1
f 2904/2917/2824 2884/2897/2804 2923/2936/2841 2928/2941/2844 
f 2899/2912/2819 2910/2923/2830 2929/2942/2845 2928/2941/2844 
f 2911/2924/2831 2921/2934/2839 2920/2933/2838 2930/2943/2846 
f 2908/2921/2828 2903/2916/2823 2929/2942/2845 2930/2943/2846 
s off
f 2915/2928/2771 2916/2929/2835 2850/2863/2770 2851/2864/2771 
f 2916/2929/2835 2914/2927/2834 2853/2866/2773 2850/2863/2770 
s 1
f 2913/2926/2833 2919/2932/2837 2855/2868/2775 2856/2869/2776 
s off
f 2924/2937/2842 2925/2938/2811 2891/2904/2811 2892/2905/2812 
f 2922/2935/2840 2924/2937/2842 2892/2905/2812 2894/2907/2814 
s 1
f 2928/2941/2844 2923/2936/2841 2898/2911/2818 2899/2912/2819 
f 2930/2943/2846 2929/2942/2845 2910/2923/2830 2911/2924/2831 
s off
f 2857/2870/2777 2852/2865/2772 2853/2866/2773 2856/2869/2776 
s 1
f 2931/2944/2847 2854/2867/2774 2855/2868/2775 2921/2934/2839 
s off
f 2895/2908/2815 2897/2910/2817 2898/2911/2818 2894/2907/2814 
s 1
f 2896/2909/2816 2909/2922/2829 2910/2923/2830 2899/2912/2819 
f 2912/2925/2832 2931/2944/2847 2921/2934/2839 2911/2924/2831 
s off
f 2913/2926/2833 2914/2927/2834 2841/2854/2761 2842/2855/2762 
s 1
f 2920/2933/2838 2919/2932/2837 2863/2876/2783 2864/2877/2784 
s off
f 2922/2935/2840 2923/2936/2841 2884/2897/2804 2885/2898/2805 
s 1
f 2928/2941/2844 2929/2942/2845 2903/2916/2823 2904/2917/2824 
f 2930/2943/2846 2920/2933/2838 2864/2877/2784 2908/2921/2828 
s off
f 2823/2836/2743 2824/2837/2744 2917/2930/2836 2918/2931/2771 
f 2824/2837/2744 2835/2848/2755 2841/2854/2761 2917/2930/2836 
s 1
f 2843/2856/2763 2861/2874/2781 2863/2876/2783 2842/2855/2762 
s off
f 2868/2881/2788 2865/2878/2785 2926/2939/2811 2927/2940/2843 
f 2878/2891/2798 2868/2881/2788 2927/2940/2843 2885/2898/2805 
s 1
f 2901/2914/2821 2883/2896/2803 2884/2897/2804 2904/2917/2824 
f 2907/2920/2827 2902/2915/2822 2903/2916/2823 2908/2921/2828 
s off
f 2933/2946/2849 2810/2823/2731 2809/2822/2730 2932/2945/2848 
f 2720/2733/2643 2933/2946/2849 2932/2945/2848 2719/2732/2642 
f 2718/2731/2641 2848/2861/2768 2849/2862/2769 2721/2734/2644 
f 2814/2827/2735 2785/2798/2708 2810/2823/2731 2933/2946/2849 
f 2722/2735/2645 2814/2827/2735 2933/2946/2849 2720/2733/2643 
f 2721/2734/2644 2849/2862/2769 2852/2865/2772 2723/2736/2646 
s 1
f 2817/2830/2738 2794/2807/2716 2784/2797/2707 2813/2826/2734 
f 2726/2739/2649 2817/2830/2738 2813/2826/2734 2725/2738/2648 
f 2724/2737/2647 2857/2870/2777 2854/2867/2774 2727/2740/2650 
s off
f 2935/2948/2851 2812/2825/2733 2811/2824/2732 2934/2947/2850 
f 2762/2775/2685 2935/2948/2851 2934/2947/2850 2761/2774/2684 
f 2760/2773/2683 2893/2906/2813 2890/2903/2810 2763/2776/2686 
f 2934/2947/2850 2811/2824/2732 2796/2809/2718 2818/2831/2739 
f 2761/2774/2684 2934/2947/2850 2818/2831/2739 2765/2778/2688 
f 2764/2777/2687 2895/2908/2815 2893/2906/2813 2760/2773/2683 
s 1
f 2819/2832/2740 2797/2810/2719 2804/2817/2725 2820/2833/2741 
f 2768/2781/2691 2819/2832/2740 2820/2833/2741 2767/2780/2690 
f 2766/2779/2689 2896/2909/2816 2897/2910/2817 2769/2782/2692 
f 2821/2834/2742 2805/2818/2726 2808/2821/2729 2822/2835/2702 
f 2781/2794/2704 2821/2834/2742 2822/2835/2702 2780/2793/2703 
f 2779/2792/2702 2912/2925/2832 2909/2922/2829 2782/2795/2705 
s off
f 2723/2736/2646 2852/2865/2772 2857/2870/2777 2724/2737/2647 
f 2722/2735/2645 2723/2736/2646 2724/2737/2647 2725/2738/2648 
f 2813/2826/2734 2784/2797/2707 2785/2798/2708 2814/2827/2735 
s 1
f 2727/2740/2650 2854/2867/2774 2931/2944/2847 2936/2949/2852 
f 2726/2739/2649 2727/2740/2650 2936/2949/2852 2816/2829/2737 
f 2815/2828/2736 2793/2806/2715 2794/2807/2716 2817/2830/2738 
s off
f 2769/2782/2692 2897/2910/2817 2895/2908/2815 2764/2777/2687 
f 2768/2781/2691 2769/2782/2692 2764/2777/2687 2765/2778/2688 
f 2818/2831/2739 2796/2809/2718 2797/2810/2719 2819/2832/2740 
s 1
f 2782/2795/2705 2909/2922/2829 2896/2909/2816 2766/2779/2689 
f 2781/2794/2704 2782/2795/2705 2766/2779/2689 2767/2780/2690 
f 2820/2833/2741 2804/2817/2725 2805/2818/2726 2821/2834/2742 
f 2936/2949/2852 2931/2944/2847 2912/2925/2832 2779/2792/2702 
f 2816/2829/2737 2936/2949/2852 2779/2792/2702 2780/2793/2703 
f 2822/2835/2702 2808/2821/2729 2793/2806/2715 2815/2828/2736 
# 216 polygons

#
# object Rectangle015
#

v  -892.8874 42.0632 -960.4123
v  -892.8874 41.4788 -960.0346
v  -892.3407 41.5833 -958.3344
v  -892.3407 41.8706 -958.5079
v  -892.8874 41.0256 -959.0208
v  -892.3407 41.3665 -957.9060
v  -892.8874 40.8342 -957.9169
v  -892.3407 41.2209 -957.0745
v  -892.8874 40.7332 -956.6991
v  -892.3407 41.1833 -956.5896
v  -892.8816 40.7332 -939.7312
v  -892.2462 41.1833 -939.7302
v  -891.8619 41.9565 -956.3088
v  -891.8755 42.1367 -956.4079
v  -891.8544 41.8533 -956.1226
v  -891.8593 41.7554 -955.6332
v  -891.8640 41.7344 -955.3487
v  -891.6477 41.7102 -939.7195
v  -891.5294 42.5764 -954.2079
v  -891.5324 45.9089 -954.2417
v  -891.8813 45.6887 -956.4303
v  -891.5306 42.4775 -954.1321
v  -891.5409 42.4011 -954.0531
v  -891.5461 42.3550 -953.9048
v  -891.5538 42.3152 -953.7219
v  -892.8877 2120.1904 -960.2756
v  -892.8876 1431.0022 -960.3183
v  -892.3409 1431.0017 -959.1631
v  -892.3411 2120.1902 -959.5225
v  -891.8887 1431.0051 -957.9288
v  -891.8894 2120.1919 -958.7193
v  -891.5516 2120.1943 -957.8719
v  -891.5497 1431.0098 -956.6266
v  -891.3029 1431.0117 -955.7749
v  -891.3030 2120.1951 -957.3123
v  -889.2749 42.3059 -924.8267
v  -889.5138 42.3103 -939.7055
v  -891.6519 41.7083 -924.8267
v  -891.3027 42.7292 -952.9572
v  -889.3550 42.7485 -939.6989
v  -888.9324 45.9961 -939.6989
v  -891.3027 45.9866 -952.9471
v  -892.8873 42.0632 -889.2410
v  -892.3407 41.8706 -891.1454
v  -892.3407 41.5833 -891.3190
v  -892.8873 41.4788 -889.6188
v  -892.3407 41.3665 -891.7473
v  -892.8873 41.0256 -890.6326
v  -892.3407 41.2209 -892.5788
v  -892.8873 40.8342 -891.7365
v  -892.3407 41.1833 -893.0637
v  -892.8873 40.7332 -892.9542
v  -892.2462 41.1833 -909.9233
v  -892.8816 40.7332 -909.9224
v  -891.8755 42.1367 -893.2454
v  -891.8619 41.9565 -893.3445
v  -891.8544 41.8533 -893.5307
v  -891.8593 41.7554 -894.0201
v  -891.8640 41.7344 -894.3046
v  -891.6477 41.7102 -909.9339
v  -891.8813 45.6887 -893.2230
v  -891.5323 45.9089 -895.4116
v  -891.5293 42.5764 -895.4454
v  -891.5306 42.4775 -895.5212
v  -891.5409 42.4011 -895.6002
v  -891.5461 42.3550 -895.7485
v  -891.5538 42.3152 -895.9314
v  -892.3411 2120.1902 -932.8812
v  -892.3409 1431.0017 -918.3029
v  -892.8876 1431.0022 -917.1478
v  -892.8877 2120.1904 -932.1281
v  -891.8894 2120.1919 -933.6844
v  -891.8887 1431.0051 -919.5372
v  -891.3030 2120.1953 -935.0914
v  -891.3029 1431.0117 -921.6912
v  -891.5497 1431.0098 -920.8395
v  -891.5516 2120.1941 -934.5317
v  -889.5138 42.3103 -909.9477
v  -891.3027 42.7292 -896.6961
v  -889.3550 42.7485 -909.9542
v  -891.3027 45.9866 -896.7062
v  -888.9324 45.9961 -909.9543
v  -892.8826 40.7332 -924.8267
v  -892.2498 41.1833 -924.8267
v  -889.1108 42.7678 -924.8267
v  -888.4534 46.0056 -924.8267
v  -888.0271 2120.1951 -946.2018
v  -888.0270 1431.0117 -938.7330
v  -888.9326 1431.0117 -929.7120
v  -888.9327 2120.1953 -940.3200
v  -891.5385 49.2415 -954.2755
v  -891.5460 52.6409 -954.3093
v  -891.8873 52.6316 -956.4648
v  -891.8849 49.2366 -956.4483
v  -892.8874 49.2356 -960.4123
v  -892.8874 45.6494 -960.4123
v  -892.3407 45.5520 -958.5079
v  -892.3407 49.2336 -958.5079
v  -891.3027 49.2434 -952.9371
v  -888.9324 49.2434 -939.6988
v  -888.9324 52.6448 -939.6987
v  -891.3027 52.6448 -952.9270
v  -891.8849 49.2366 -893.2050
v  -891.8873 52.6316 -893.1886
v  -891.5459 52.6409 -895.3441
v  -891.5385 49.2415 -895.3779
v  -892.3407 49.2336 -891.1454
v  -892.3407 45.5520 -891.1454
v  -892.8873 45.6494 -889.2410
v  -892.8873 49.2356 -889.2410
v  -891.3027 49.2434 -896.7162
v  -891.3027 52.6448 -896.7263
v  -888.9324 52.6448 -909.9545
v  -888.9324 49.2434 -909.9543
v  -888.0267 49.2439 -924.8267
v  -888.0267 52.6448 -924.8267
v  -892.8874 52.6257 -960.4123
v  -892.3407 52.6248 -958.5079
v  -892.3407 52.6248 -891.1454
v  -892.8873 52.6257 -889.2410
v  -891.5479 741.8254 -955.0837
v  -891.8880 741.8184 -956.7540
v  -888.9325 741.8281 -943.7332
v  -888.9326 1431.0117 -947.7540
v  -891.3028 741.8281 -954.0020
v  -891.8880 741.8184 -907.6182
v  -891.5479 741.8252 -909.2885
v  -891.3028 741.8284 -910.3702
v  -888.9325 741.8284 -920.6389
v  -888.0269 741.8281 -932.1861
v  -892.8878 2823.4834 -960.4865
v  -892.3412 2823.6760 -960.1023
v  -892.3412 2823.9631 -960.0673
v  -892.8878 2824.0681 -960.4103
v  -892.3412 2824.1799 -959.9809
v  -892.8878 2824.5210 -960.2057
v  -892.3412 2824.3254 -959.8131
v  -892.8878 2824.7124 -959.9831
v  -892.3412 2824.3630 -959.7153
v  -892.8878 2824.8135 -959.7374
v  -892.2466 2824.3630 -956.3141
v  -892.8820 2824.8135 -956.3143
v  -891.8760 2823.4099 -959.6786
v  -891.8624 2823.5901 -959.6587
v  -891.8549 2823.6931 -959.6211
v  -891.8598 2823.7910 -959.5223
v  -891.8645 2823.8120 -959.4650
v  -891.4556 2824.0479 -956.3119
v  -891.8818 2819.8577 -959.6832
v  -891.5328 2819.6375 -959.2416
v  -891.4541 2822.9700 -959.2348
v  -891.4514 2823.0691 -959.2195
v  -891.4570 2823.1458 -959.2036
v  -891.4634 2823.1917 -959.1737
v  -891.4727 2823.2314 -959.1368
v  -892.8878 2809.3787 -960.4865
v  -892.3412 2809.3787 -960.1023
v  -892.3412 2812.9216 -960.1023
v  -892.8878 2812.9209 -960.4865
v  -891.8901 2809.3787 -959.6934
v  -891.8878 2812.9150 -959.6901
v  -891.3032 2809.3787 -958.9744
v  -891.3032 2812.9019 -958.9764
v  -891.5464 2812.9060 -959.2552
v  -891.5535 2809.3787 -959.2621
v  -889.4927 2823.2410 -953.3074
v  -891.4598 2824.0500 -953.3074
v  -889.7316 2823.2363 -956.3091
v  -891.2692 2822.4360 -958.9825
v  -889.3215 2822.4167 -956.3077
v  -891.3032 2819.5603 -958.9805
v  -888.9329 2819.5505 -956.3077
v  -892.8878 2823.4834 -946.1282
v  -892.8878 2824.0681 -946.2045
v  -892.3412 2823.9631 -946.5474
v  -892.3412 2823.6760 -946.5125
v  -892.8878 2824.5210 -946.4090
v  -892.3412 2824.1799 -946.6339
v  -892.8878 2824.7124 -946.6317
v  -892.3412 2824.3254 -946.8016
v  -892.8878 2824.8135 -946.8773
v  -892.3412 2824.3630 -946.8994
v  -892.8820 2824.8135 -950.3005
v  -892.2466 2824.3630 -950.3007
v  -891.8624 2823.5901 -946.9561
v  -891.8760 2823.4099 -946.9361
v  -891.8549 2823.6931 -946.9937
v  -891.8598 2823.7910 -947.0924
v  -891.8645 2823.8120 -947.1498
v  -891.4556 2824.0479 -950.3029
v  -891.4541 2822.9700 -947.3799
v  -891.5328 2819.6375 -947.3731
v  -891.8818 2819.8577 -946.9316
v  -891.4514 2823.0691 -947.3952
v  -891.4570 2823.1458 -947.4112
v  -891.4634 2823.1917 -947.4410
v  -891.4726 2823.2314 -947.4780
v  -892.8878 2809.3787 -946.1282
v  -892.8878 2812.9209 -946.1282
v  -892.3412 2812.9216 -946.5125
v  -892.3412 2809.3787 -946.5125
v  -891.8878 2812.9150 -946.9246
v  -891.8901 2809.3787 -946.9213
v  -891.3032 2809.3787 -947.6404
v  -891.5535 2809.3787 -947.3527
v  -891.5464 2812.9060 -947.3595
v  -891.3032 2812.9021 -947.6384
v  -889.7316 2823.2363 -950.3057
v  -891.2692 2822.4360 -947.6323
v  -889.3215 2822.4167 -950.3069
v  -888.9329 2819.5505 -950.3070
v  -891.3032 2819.5603 -947.6343
v  -892.2503 2824.3630 -953.3074
v  -892.8831 2824.8135 -953.3074
v  -889.0773 2822.3977 -953.3074
v  -888.4539 2819.5410 -953.3074
v  -888.9329 2809.3787 -950.3070
v  -888.9329 2812.9021 -950.3070
v  -888.0272 2812.9019 -953.3074
v  -888.0272 2809.3787 -953.3074
v  -891.5389 2816.3049 -959.2485
v  -891.8854 2816.3101 -959.6868
v  -892.8878 2816.3110 -960.4865
v  -892.3412 2816.3130 -960.1023
v  -892.3412 2819.9946 -960.1023
v  -892.8878 2819.8972 -960.4865
v  -891.3032 2816.3032 -958.9785
v  -888.9329 2816.3030 -956.3077
v  -888.9329 2812.9019 -956.3077
v  -891.8854 2816.3101 -946.9279
v  -891.5389 2816.3049 -947.3663
v  -892.3412 2816.3130 -946.5125
v  -892.8878 2816.3110 -946.1282
v  -892.8878 2819.8972 -946.1282
v  -892.3412 2819.9946 -946.5125
v  -891.3032 2816.3032 -947.6363
v  -888.9329 2816.3030 -950.3070
v  -888.0272 2816.3030 -953.3074
v  -888.9329 2809.3787 -956.3077
v  -892.8875 741.8140 -959.8158
v  -892.3408 741.8132 -958.3371
v  -892.3408 741.8132 -906.0351
v  -892.8875 741.8140 -904.5564
v  -888.9327 2120.1951 -952.0836
# 244 vertices

vn 0.9720 -0.0541 -0.2285
vn 0.9490 -0.2147 -0.2308
vn 0.9482 -0.2522 -0.1931
vn 0.9763 -0.0679 -0.2053
vn 0.8523 -0.4895 -0.1845
vn 0.8797 -0.4566 -0.1332
vn 0.7589 -0.6438 -0.0982
vn 0.8162 -0.5736 -0.0693
vn 0.7209 -0.6923 -0.0313
vn 0.7917 -0.6102 -0.0299
vn 0.6632 -0.7484 -0.0001
vn 0.7028 -0.7114 -0.0015
vn 0.9850 -0.1029 -0.1387
vn 0.9883 -0.0120 -0.1520
vn 0.9580 -0.2719 -0.0913
vn 0.9133 -0.4053 -0.0399
vn 0.8883 -0.4590 -0.0135
vn 0.5524 -0.8336 -0.0037
vn 0.9911 -0.0480 -0.1241
vn 0.9911 -0.0003 -0.1334
vn 0.9886 0.0002 -0.1503
vn 0.9918 0.0415 0.1208
vn 0.9827 -0.1818 -0.0361
vn 0.9923 -0.1237 0.0034
vn 0.9687 -0.2341 -0.0824
vn 0.8649 -0.0001 -0.5019
vn 0.9353 -0.0001 -0.3539
vn 0.9482 -0.0003 -0.3177
vn 0.8897 -0.0003 -0.4566
vn 0.9701 -0.0003 -0.2426
vn 0.9339 -0.0005 -0.3574
vn 0.9477 -0.0006 -0.3192
vn 0.9767 -0.0004 -0.2147
vn 0.9737 -0.0005 -0.2278
vn 0.9412 -0.0008 -0.3377
vn 0.7187 -0.6953 -0.0000
vn 0.7329 -0.6787 -0.0476
vn 0.5383 -0.8427 -0.0000
vn 0.9845 -0.1255 -0.1225
vn 0.9797 -0.1903 -0.0631
vn 0.9952 -0.0515 -0.0835
vn 0.9900 0.0004 -0.1410
vn 0.9720 -0.0541 0.2285
vn 0.9763 -0.0679 0.2053
vn 0.9482 -0.2522 0.1931
vn 0.9490 -0.2147 0.2308
vn 0.8797 -0.4566 0.1332
vn 0.8523 -0.4895 0.1845
vn 0.8162 -0.5736 0.0693
vn 0.7589 -0.6438 0.0982
vn 0.7917 -0.6102 0.0299
vn 0.7209 -0.6923 0.0313
vn 0.7028 -0.7114 0.0015
vn 0.6632 -0.7484 0.0001
vn 0.9883 -0.0120 0.1520
vn 0.9850 -0.1029 0.1387
vn 0.9580 -0.2719 0.0913
vn 0.9133 -0.4053 0.0399
vn 0.8883 -0.4590 0.0135
vn 0.5524 -0.8336 0.0037
vn 0.9886 0.0002 0.1503
vn 0.9911 -0.0003 0.1334
vn 0.9911 -0.0480 0.1240
vn 0.9918 0.0415 -0.1208
vn 0.9827 -0.1818 0.0361
vn 0.9923 -0.1237 -0.0034
vn 0.9687 -0.2341 0.0824
vn 0.8896 0.0093 0.4566
vn 0.9482 0.0062 0.3178
vn 0.9353 0.0071 0.3538
vn 0.8649 0.0106 0.5019
vn 0.9339 0.0071 0.3574
vn 0.9701 0.0046 0.2427
vn 0.9412 0.0064 0.3377
vn 0.9737 0.0041 0.2278
vn 0.9767 0.0039 0.2147
vn 0.9477 0.0061 0.3192
vn 0.7329 -0.6787 0.0476
vn 0.9845 -0.1255 0.1225
vn 0.9797 -0.1903 0.0631
vn 0.9900 0.0004 0.1410
vn 0.9952 -0.0515 0.0835
vn 0.6648 -0.7471 -0.0000
vn 0.7030 -0.7112 -0.0000
vn 0.9762 -0.2170 -0.0000
vn 0.9912 -0.1325 -0.0000
vn 1.0000 -0.0000 -0.0000
vn 1.0000 0.0000 0.0000
vn 0.9878 0.0022 0.1555
vn 0.9725 0.0035 0.2329
vn 0.9911 0.0003 -0.1330
vn 0.9912 0.0001 -0.1325
vn 0.9886 -0.0001 -0.1502
vn 0.9886 -0.0001 -0.1504
vn 0.9747 0.0000 -0.2237
vn 0.9800 0.0000 -0.1989
vn 0.9800 0.0000 -0.1990
vn 0.9901 0.0004 -0.1406
vn 0.9955 0.0000 -0.0953
vn 0.9955 -0.0003 -0.0952
vn 0.9901 0.0001 -0.1406
vn 0.9886 -0.0001 0.1504
vn 0.9886 0.0015 0.1504
vn 0.9912 0.0016 0.1324
vn 0.9911 0.0003 0.1330
vn 0.9800 0.0000 0.1990
vn 0.9800 0.0000 0.1989
vn 0.9747 0.0000 0.2237
vn 0.9901 0.0004 0.1406
vn 0.9901 0.0016 0.1406
vn 0.9954 0.0007 0.0956
vn 0.9955 0.0000 0.0953
vn 0.9986 -0.0524 -0.0000
vn 1.0000 0.0000 0.0002
vn 0.9747 0.0001 -0.2237
vn 0.9799 0.0000 -0.1993
vn 0.9799 0.0022 0.1994
vn 0.9747 0.0025 0.2237
vn 0.9855 -0.0003 -0.1695
vn 0.9814 -0.0002 -0.1919
vn 0.9925 -0.0007 -0.1223
vn 0.9878 -0.0009 -0.1554
vn 0.9837 -0.0004 -0.1799
vn 0.9814 0.0037 0.1919
vn 0.9855 0.0031 0.1695
vn 0.9837 0.0033 0.1799
vn 0.9925 0.0018 0.1222
vn 0.6502 0.0383 -0.7588
vn 0.7061 0.0531 -0.7061
vn 0.7128 0.1810 -0.6776
vn 0.6343 0.2121 -0.7434
vn 0.7378 0.3826 -0.5561
vn 0.6640 0.4648 -0.5857
vn 0.7675 0.5478 -0.3329
vn 0.6922 0.6185 -0.3718
vn 0.7754 0.6174 -0.1326
vn 0.7148 0.6875 -0.1282
vn 0.5589 0.8292 -0.0059
vn 0.6633 0.7483 -0.0004
vn 0.7778 0.0110 -0.6284
vn 0.8052 0.0882 -0.5865
vn 0.8555 0.2612 -0.4470
vn 0.8755 0.4266 -0.2271
vn 0.8692 0.4794 -0.1209
vn 0.4769 0.8771 -0.0573
vn 0.8011 -0.0002 -0.5985
vn 0.8308 -0.0069 -0.5566
vn 0.8494 0.0240 -0.5272
vn 0.9802 -0.0309 0.1955
vn 0.9739 0.1326 -0.1842
vn 0.9891 0.1463 -0.0167
vn 0.9184 0.2423 -0.3127
vn 0.6602 -0.0001 -0.7510
vn 0.7065 -0.0003 -0.7077
vn 0.7070 0.0000 -0.7072
vn 0.6602 0.0000 -0.7510
vn 0.8019 -0.0004 -0.5975
vn 0.8015 0.0001 -0.5979
vn 0.8180 -0.0009 -0.5752
vn 0.8178 -0.0003 -0.5755
vn 0.8339 -0.0003 -0.5520
vn 0.8349 -0.0007 -0.5504
vn 0.7477 0.6641 -0.0000
vn 0.4507 0.8927 -0.0000
vn 0.7559 0.6224 -0.2031
vn 0.8655 0.0233 -0.5004
vn 0.9328 0.2287 -0.2786
vn 0.8166 -0.0039 -0.5772
vn 0.9316 0.0501 -0.3600
vn 0.6502 0.0383 0.7588
vn 0.6343 0.2121 0.7434
vn 0.7128 0.1810 0.6776
vn 0.7061 0.0531 0.7061
vn 0.6640 0.4648 0.5857
vn 0.7378 0.3826 0.5561
vn 0.6922 0.6185 0.3718
vn 0.7675 0.5478 0.3329
vn 0.7148 0.6875 0.1282
vn 0.7754 0.6174 0.1326
vn 0.6633 0.7483 0.0004
vn 0.5589 0.8292 0.0059
vn 0.8052 0.0882 0.5865
vn 0.7778 0.0110 0.6284
vn 0.8555 0.2612 0.4470
vn 0.8755 0.4266 0.2271
vn 0.8692 0.4794 0.1209
vn 0.4769 0.8771 0.0573
vn 0.8494 0.0240 0.5272
vn 0.8308 -0.0069 0.5566
vn 0.8011 -0.0002 0.5985
vn 0.9802 -0.0309 -0.1955
vn 0.9739 0.1326 0.1842
vn 0.9891 0.1463 0.0167
vn 0.9184 0.2423 0.3127
vn 0.6602 0.0077 0.7510
vn 0.6602 0.0000 0.7511
vn 0.7070 0.0000 0.7072
vn 0.7067 0.0070 0.7075
vn 0.8015 0.0001 0.5979
vn 0.8021 0.0058 0.5971
vn 0.8180 0.0051 0.5752
vn 0.8348 0.0050 0.5505
vn 0.8339 -0.0003 0.5520
vn 0.8178 -0.0003 0.5755
vn 0.7559 0.6224 0.2031
vn 0.8655 0.0233 0.5004
vn 0.9328 0.2287 0.2786
vn 0.9316 0.0501 0.3600
vn 0.8166 -0.0039 0.5772
vn 0.5594 0.8289 -0.0000
vn 0.6649 0.7470 -0.0000
vn 0.9631 0.2691 -0.0000
vn 0.9904 0.1380 -0.0000
vn 0.9104 0.0030 0.4137
vn 0.9102 -0.0000 0.4143
vn 1.0000 0.0000 -0.0000
vn 1.0000 -0.0000 -0.0008
vn 0.8329 -0.0002 -0.5535
vn 0.8010 0.0000 -0.5986
vn 0.7075 0.0000 -0.7067
vn 0.7077 0.0000 -0.7066
vn 0.8177 -0.0004 -0.5756
vn 0.9102 -0.0000 -0.4141
vn 0.9102 -0.0000 -0.4143
vn 0.8010 0.0000 0.5986
vn 0.8329 -0.0002 0.5535
vn 0.7075 0.0000 0.7067
vn 0.7077 0.0000 0.7066
vn 0.8177 -0.0004 0.5756
vn 0.9102 -0.0000 0.4141
vn 0.9986 0.0520 -0.0000
vn 0.9099 -0.0013 -0.4147
vn 0.9590 0.0000 -0.2834
vn 0.9674 -0.0001 -0.2533
vn 0.9674 0.0050 0.2533
vn 0.9590 0.0057 0.2834
vn 0.9725 -0.0014 -0.2329
# 237 vertex normals

vt 0.9979 0.0040 0.5130
vt 0.9975 0.0038 0.5130
vt 0.9961 0.0038 0.5403
vt 0.9963 0.0039 0.5403
vt 0.9967 0.0036 0.5130
vt 0.9958 0.0037 0.5403
vt 0.9958 0.0035 0.5130
vt 0.9951 0.0037 0.5403
vt 0.9948 0.0035 0.5130
vt 0.9947 0.0037 0.5403
vt 0.9806 0.0035 0.5133
vt 0.9806 0.0037 0.5450
vt 0.9944 0.0039 0.5642
vt 0.9945 0.0040 0.5636
vt 0.9943 0.0039 0.5646
vt 0.9939 0.0039 0.5644
vt 0.9936 0.0039 0.5641
vt 0.9806 0.0039 0.5750
vt 0.9927 0.0042 0.5809
vt 0.9927 0.0054 0.5807
vt 0.9945 0.0053 0.5633
vt 0.9926 0.0041 0.5808
vt 0.9926 0.0041 0.5803
vt 0.9924 0.0041 0.5800
vt 0.9923 0.0041 0.5797
vt 0.9977 0.7462 0.5130
vt 0.9978 0.5000 0.5130
vt 0.9968 0.5000 0.5403
vt 0.9971 0.7462 0.5403
vt 0.9958 0.5000 0.5629
vt 0.9964 0.7462 0.5629
vt 0.9957 0.7462 0.5798
vt 0.9947 0.5000 0.5799
vt 0.9940 0.5000 0.5922
vt 0.9953 0.7462 0.5922
vt 0.9682 0.0041 0.6936
vt 0.9806 0.0041 0.6817
vt 0.9682 0.0039 0.5747
vt 0.9916 0.0042 0.5922
vt 0.9806 0.0042 0.6896
vt 0.9806 0.0054 0.7107
vt 0.9916 0.0054 0.5922
vt 0.9385 0.0040 0.5130
vt 0.9401 0.0039 0.5403
vt 0.9403 0.0038 0.5403
vt 0.9389 0.0038 0.5130
vt 0.9406 0.0037 0.5403
vt 0.9397 0.0036 0.5130
vt 0.9413 0.0037 0.5403
vt 0.9406 0.0035 0.5130
vt 0.9417 0.0037 0.5403
vt 0.9416 0.0035 0.5130
vt 0.9558 0.0037 0.5450
vt 0.9558 0.0035 0.5133
vt 0.9419 0.0040 0.5636
vt 0.9420 0.0039 0.5642
vt 0.9421 0.0039 0.5646
vt 0.9425 0.0039 0.5644
vt 0.9428 0.0039 0.5641
vt 0.9558 0.0039 0.5750
vt 0.9419 0.0053 0.5633
vt 0.9437 0.0054 0.5807
vt 0.9437 0.0042 0.5809
vt 0.9438 0.0041 0.5808
vt 0.9438 0.0041 0.5803
vt 0.9440 0.0041 0.5800
vt 0.9441 0.0041 0.5797
vt 0.9749 0.7462 0.5403
vt 0.9628 0.5000 0.5403
vt 0.9618 0.5000 0.5130
vt 0.9743 0.7462 0.5130
vt 0.9756 0.7462 0.5629
vt 0.9638 0.5000 0.5629
vt 0.9768 0.7462 0.5922
vt 0.9656 0.5000 0.5922
vt 0.9649 0.5000 0.5799
vt 0.9763 0.7462 0.5798
vt 0.9558 0.0041 0.6817
vt 0.9448 0.0042 0.5922
vt 0.9558 0.0042 0.6896
vt 0.9448 0.0054 0.5922
vt 0.9558 0.0054 0.7107
vt 0.9682 0.0035 0.5132
vt 0.9682 0.0037 0.5449
vt 0.9682 0.0042 0.7018
vt 0.9682 0.0054 0.7347
vt 0.9860 0.7462 0.7560
vt 0.9798 0.5000 0.7560
vt 0.9723 0.5000 0.7107
vt 0.9811 0.7462 0.7107
vt 0.9927 0.0065 0.5804
vt 0.9928 0.0078 0.5800
vt 0.9946 0.0078 0.5630
vt 0.9946 0.0065 0.5631
vt 0.9979 0.0065 0.5130
vt 0.9979 0.0053 0.5130
vt 0.9963 0.0052 0.5403
vt 0.9963 0.0065 0.5403
vt 0.9916 0.0065 0.5922
vt 0.9806 0.0065 0.7107
vt 0.9806 0.0078 0.7107
vt 0.9916 0.0078 0.5922
vt 0.9418 0.0065 0.5631
vt 0.9418 0.0078 0.5630
vt 0.9436 0.0078 0.5800
vt 0.9437 0.0065 0.5804
vt 0.9401 0.0065 0.5403
vt 0.9401 0.0052 0.5403
vt 0.9385 0.0053 0.5130
vt 0.9385 0.0065 0.5130
vt 0.9448 0.0065 0.5922
vt 0.9448 0.0078 0.5922
vt 0.9558 0.0078 0.7107
vt 0.9558 0.0065 0.7107
vt 0.9682 0.0065 0.7560
vt 0.9682 0.0078 0.7560
vt 0.9979 0.0078 0.5130
vt 0.9963 0.0078 0.5403
vt 0.9401 0.0078 0.5403
vt 0.9385 0.0078 0.5130
vt 0.9934 0.2539 0.5800
vt 0.9948 0.2539 0.5629
vt 0.9840 0.2539 0.7107
vt 0.9873 0.5000 0.7107
vt 0.9925 0.2539 0.5922
vt 0.9539 0.2539 0.5629
vt 0.9553 0.2539 0.5800
vt 0.9562 0.2539 0.5922
vt 0.9647 0.2539 0.7107
vt 0.9743 0.2539 0.7560
vt 0.9979 0.9973 0.5130
vt 0.9976 0.9974 0.5403
vt 0.9976 0.9975 0.5403
vt 0.9979 0.9976 0.5130
vt 0.9975 0.9976 0.5403
vt 0.9977 0.9977 0.5130
vt 0.9974 0.9976 0.5403
vt 0.9975 0.9978 0.5130
vt 0.9973 0.9977 0.5403
vt 0.9973 0.9978 0.5130
vt 0.9944 0.9977 0.5450
vt 0.9944 0.9978 0.5132
vt 0.9972 0.9973 0.5635
vt 0.9972 0.9974 0.5642
vt 0.9972 0.9974 0.5646
vt 0.9971 0.9975 0.5644
vt 0.9971 0.9975 0.5641
vt 0.9944 0.9975 0.5846
vt 0.9972 0.9961 0.5633
vt 0.9969 0.9960 0.5807
vt 0.9969 0.9972 0.5846
vt 0.9969 0.9972 0.5848
vt 0.9968 0.9972 0.5845
vt 0.9968 0.9972 0.5842
vt 0.9968 0.9973 0.5837
vt 0.9979 0.9923 0.5130
vt 0.9976 0.9923 0.5403
vt 0.9976 0.9936 0.5403
vt 0.9979 0.9936 0.5130
vt 0.9973 0.9923 0.5628
vt 0.9973 0.9936 0.5630
vt 0.9967 0.9923 0.5922
vt 0.9967 0.9936 0.5922
vt 0.9969 0.9936 0.5800
vt 0.9969 0.9923 0.5797
vt 0.9919 0.9973 0.6827
vt 0.9919 0.9976 0.5844
vt 0.9944 0.9973 0.6708
vt 0.9967 0.9970 0.5939
vt 0.9944 0.9970 0.6913
vt 0.9967 0.9959 0.5922
vt 0.9944 0.9959 0.7107
vt 0.9860 0.9973 0.5130
vt 0.9860 0.9976 0.5130
vt 0.9863 0.9975 0.5403
vt 0.9863 0.9974 0.5403
vt 0.9862 0.9977 0.5130
vt 0.9864 0.9976 0.5403
vt 0.9864 0.9978 0.5130
vt 0.9865 0.9976 0.5403
vt 0.9866 0.9978 0.5130
vt 0.9866 0.9977 0.5403
vt 0.9894 0.9978 0.5132
vt 0.9894 0.9977 0.5450
vt 0.9866 0.9974 0.5642
vt 0.9866 0.9973 0.5635
vt 0.9867 0.9974 0.5646
vt 0.9868 0.9975 0.5644
vt 0.9868 0.9975 0.5641
vt 0.9894 0.9975 0.5846
vt 0.9870 0.9972 0.5846
vt 0.9870 0.9960 0.5807
vt 0.9866 0.9961 0.5633
vt 0.9870 0.9972 0.5848
vt 0.9870 0.9972 0.5845
vt 0.9870 0.9972 0.5842
vt 0.9871 0.9973 0.5837
vt 0.9860 0.9923 0.5130
vt 0.9860 0.9936 0.5130
vt 0.9863 0.9936 0.5403
vt 0.9863 0.9923 0.5403
vt 0.9866 0.9936 0.5630
vt 0.9866 0.9923 0.5628
vt 0.9872 0.9923 0.5922
vt 0.9870 0.9923 0.5797
vt 0.9870 0.9936 0.5800
vt 0.9872 0.9936 0.5922
vt 0.9894 0.9973 0.6708
vt 0.9872 0.9970 0.5939
vt 0.9894 0.9970 0.6913
vt 0.9894 0.9959 0.7107
vt 0.9872 0.9959 0.5922
vt 0.9919 0.9977 0.5448
vt 0.9919 0.9978 0.5132
vt 0.9919 0.9970 0.7035
vt 0.9919 0.9959 0.7347
vt 0.9894 0.9923 0.7107
vt 0.9894 0.9936 0.7107
vt 0.9919 0.9936 0.7560
vt 0.9919 0.9923 0.7560
vt 0.9969 0.9948 0.5804
vt 0.9972 0.9948 0.5631
vt 0.9979 0.9948 0.5130
vt 0.9976 0.9948 0.5403
vt 0.9976 0.9961 0.5403
vt 0.9979 0.9961 0.5130
vt 0.9967 0.9948 0.5922
vt 0.9944 0.9948 0.7107
vt 0.9944 0.9936 0.7107
vt 0.9866 0.9948 0.5631
vt 0.9870 0.9948 0.5804
vt 0.9863 0.9948 0.5403
vt 0.9860 0.9948 0.5130
vt 0.9860 0.9961 0.5130
vt 0.9863 0.9961 0.5403
vt 0.9872 0.9948 0.5922
vt 0.9894 0.9948 0.7107
vt 0.9919 0.9948 0.7560
vt 0.9944 0.9923 0.7107
vt 0.9974 0.2539 0.5130
vt 0.9961 0.2539 0.5403
vt 0.9525 0.2539 0.5403
vt 0.9513 0.2539 0.5130
vt 0.9909 0.7462 0.7107
# 244 texture coords

o Rectangle015
g Rectangle015
usemtl wire_115115115
s off
f 2940/2953/2856 2939/2952/2855 2938/2951/2854 2937/2950/2853 
f 2939/2952/2855 2942/2955/2858 2941/2954/2857 2938/2951/2854 
f 2942/2955/2858 2944/2957/2860 2943/2956/2859 2941/2954/2857 
f 2944/2957/2860 2946/2959/2862 2945/2958/2861 2943/2956/2859 
f 2946/2959/2862 2948/2961/2864 2947/2960/2863 2945/2958/2861 
f 2950/2963/2866 2949/2962/2865 2939/2952/2855 2940/2953/2856 
f 2949/2962/2865 2951/2964/2867 2942/2955/2858 2939/2952/2855 
f 2951/2964/2867 2952/2965/2868 2944/2957/2860 2942/2955/2858 
f 2952/2965/2868 2953/2966/2869 2946/2959/2862 2944/2957/2860 
f 2953/2966/2869 2954/2967/2870 2948/2961/2864 2946/2959/2862 
f 2957/2970/2873 2956/2969/2872 2955/2968/2871 2950/2963/2866 
f 2950/2963/2866 2955/2968/2871 2958/2971/2874 2949/2962/2865 
f 2949/2962/2865 2958/2971/2874 2959/2972/2875 2951/2964/2867 
f 2951/2964/2867 2959/2972/2875 2960/2973/2876 2952/2965/2868 
f 2952/2965/2868 2960/2973/2876 2961/2974/2877 2953/2966/2869 
f 2965/2978/2881 2964/2977/2880 2963/2976/2879 2962/2975/2878 
f 2967/2980/2883 2966/2979/2882 2964/2977/2880 2965/2978/2881 
s 1
f 2971/2984/2887 2970/2983/2886 2969/2982/2885 2968/2981/2884 
s off
f 2974/2987/2890 2954/2967/2870 2973/2986/2889 2972/2985/2888 
s 1
f 2975/2988/2891 2961/2974/2877 2960/2973/2876 2959/2972/2875 2958/2971/2874 2955/2968/2871 
f 2975/2988/2891 2976/2989/2892 2973/2986/2889 2961/2974/2877 
f 2978/2991/2894 2977/2990/2893 2976/2989/2892 2975/2988/2891 
s off
f 2982/2995/2898 2981/2994/2897 2980/2993/2896 2979/2992/2895 
f 2984/2997/2900 2983/2996/2899 2981/2994/2897 2982/2995/2898 
f 2986/2999/2902 2985/2998/2901 2983/2996/2899 2984/2997/2900 
f 2988/3001/2904 2987/3000/2903 2985/2998/2901 2986/2999/2902 
f 2990/3003/2906 2989/3002/2905 2987/3000/2903 2988/3001/2904 
f 2981/2994/2897 2992/3005/2908 2991/3004/2907 2980/2993/2896 
f 2983/2996/2899 2993/3006/2909 2992/3005/2908 2981/2994/2897 
f 2985/2998/2901 2994/3007/2910 2993/3006/2909 2983/2996/2899 
f 2987/3000/2903 2995/3008/2911 2994/3007/2910 2985/2998/2901 
f 2989/3002/2905 2996/3009/2912 2995/3008/2911 2987/3000/2903 
f 2999/3012/2915 2998/3011/2914 2997/3010/2913 2991/3004/2907 
f 3000/3013/2916 2999/3012/2915 2991/3004/2907 2992/3005/2908 
f 3001/3014/2917 3000/3013/2916 2992/3005/2908 2993/3006/2909 
f 3002/3015/2918 3001/3014/2917 2993/3006/2909 2994/3007/2910 
f 3003/3016/2919 3002/3015/2918 2994/3007/2910 2995/3008/2911 
f 3007/3020/2923 3006/3019/2922 3005/3018/2921 3004/3017/2920 
f 3004/3017/2920 3005/3018/2921 3009/3022/2925 3008/3021/2924 
s 1
f 3013/3026/2929 3012/3025/2928 3011/3024/2927 3010/3023/2926 
s off
f 3014/3027/2930 2996/3009/2912 2974/2987/2890 2972/2985/2888 
s 1
f 3000/3013/2916 3001/3014/2917 3002/3015/2918 3003/3016/2919 3015/3028/2931 2999/3012/2915 
f 3014/3027/2930 3016/3029/2932 3015/3028/2931 3003/3016/2919 
f 3016/3029/2932 3018/3031/2934 3017/3030/2933 3015/3028/2931 
s off
f 2948/2961/2864 3020/3033/2936 3019/3032/2935 2947/2960/2863 
f 2954/2967/2870 2974/2987/2890 3020/3033/2936 2948/2961/2864 
f 2954/2967/2870 2953/2966/2869 2961/2974/2877 2973/2986/2889 
s 1
f 2976/2989/2892 3021/3034/2937 2972/2985/2888 2973/2986/2889 
f 2977/2990/2893 3022/3035/2938 3021/3034/2937 2976/2989/2892 
s off
f 2990/3003/2906 3019/3032/2935 3020/3033/2936 2989/3002/2905 
f 2989/3002/2905 3020/3033/2936 2974/2987/2890 2996/3009/2912 
f 3014/3027/2930 3003/3016/2919 2995/3008/2911 2996/3009/2912 
s 1
f 3014/3027/2930 2972/2985/2888 3021/3034/2937 3016/3029/2932 
f 3026/3039/2942 3025/3038/2941 3024/3037/2940 3023/3036/2939 
s off
f 3030/3043/2946 3029/3042/2945 3028/3041/2944 3027/3040/2943 
f 3034/3047/2949 3033/3046/2948 3032/3045/2947 3031/3044/2947 
f 3030/3043/2946 2957/2970/2873 3033/3046/2948 3034/3047/2949 
s 1
f 3035/3048/2950 2978/2991/2894 2956/2969/2872 3027/3040/2943 
f 3035/3048/2950 3038/3051/2953 3037/3050/2952 3036/3049/2951 
s off
f 3042/3055/2957 3041/3054/2956 3040/3053/2955 3039/3052/2954 
f 3046/3059/2960 3045/3058/2960 3044/3057/2959 3043/3056/2958 
f 3043/3056/2958 3044/3057/2959 2997/3010/2913 3039/3052/2954 
s 1
f 3042/3055/2957 2998/3011/2914 3017/3030/2933 3047/3060/2961 
f 3050/3063/2964 3049/3062/2963 3048/3061/2962 3047/3060/2961 
f 3036/3049/2951 3037/3050/2952 3052/3065/2966 3051/3064/2965 
f 3050/3063/2964 3018/3031/2934 3022/3035/2938 3051/3064/2965 
s off
f 3054/3067/2968 3034/3047/2949 3031/3044/2947 3053/3066/2967 
f 3029/3042/2945 3030/3043/2946 3034/3047/2949 3054/3067/2968 
s 1
f 3038/3051/2953 3035/3048/2950 3027/3040/2943 3028/3041/2944 
s off
f 3056/3069/2970 3046/3059/2960 3043/3056/2958 3055/3068/2969 
f 3055/3068/2969 3043/3056/2958 3039/3052/2954 3040/3053/2955 
s 1
f 3041/3054/2956 3042/3055/2957 3047/3060/2961 3048/3061/2962 
f 3049/3062/2963 3050/3063/2964 3051/3064/2965 3052/3065/2966 
s off
f 3058/3071/2972 2966/2979/2882 2969/2982/2885 3057/3070/2971 
s 1
f 3061/3074/2975 2970/2983/2886 3060/3073/2974 3059/3072/2973 
s off
f 3063/3076/2977 3012/3025/2928 3009/3022/2925 3062/3075/2976 
s 1
f 3065/3078/2979 3025/3038/2941 3011/3024/2927 3064/3077/2978 
f 3059/3072/2973 3060/3073/2974 3024/3037/2940 3066/3079/2939 
s off
f 2957/2970/2873 3030/3043/2946 3027/3040/2943 2956/2969/2872 
s 1
f 2978/2991/2894 3035/3048/2950 3036/3049/2951 2977/2990/2893 
s off
f 2998/3011/2914 3042/3055/2957 3039/3052/2954 2997/3010/2913 
s 1
f 3018/3031/2934 3050/3063/2964 3047/3060/2961 3017/3030/2933 
f 2977/2990/2893 3036/3049/2951 3051/3064/2965 3022/3035/2938 
s off
f 3033/3046/2948 2940/2953/2856 2937/2950/2853 3032/3045/2947 
f 2957/2970/2873 2950/2963/2866 2940/2953/2856 3033/3046/2948 
s 1
f 2978/2991/2894 2975/2988/2891 2955/2968/2871 2956/2969/2872 
s off
f 3045/3058/2960 2979/2992/2895 2980/2993/2896 3044/3057/2959 
f 3044/3057/2959 2980/2993/2896 2991/3004/2907 2997/3010/2913 
s 1
f 2998/3011/2914 2999/3012/2915 3015/3028/2931 3017/3030/2933 
f 3018/3031/2934 3016/3029/2932 3021/3034/2937 3022/3035/2938 
s off
f 3070/3083/2983 3069/3082/2982 3068/3081/2981 3067/3080/2980 
f 3072/3085/2985 3071/3084/2984 3069/3082/2982 3070/3083/2983 
f 3074/3087/2987 3073/3086/2986 3071/3084/2984 3072/3085/2985 
f 3076/3089/2989 3075/3088/2988 3073/3086/2986 3074/3087/2987 
f 3078/3091/2991 3077/3090/2990 3075/3088/2988 3076/3089/2989 
f 3069/3082/2982 3080/3093/2993 3079/3092/2992 3068/3081/2981 
f 3071/3084/2984 3081/3094/2994 3080/3093/2993 3069/3082/2982 
f 3073/3086/2986 3082/3095/2995 3081/3094/2994 3071/3084/2984 
f 3075/3088/2988 3083/3096/2996 3082/3095/2995 3073/3086/2986 
f 3077/3090/2990 3084/3097/2997 3083/3096/2996 3075/3088/2988 
f 3087/3100/3000 3086/3099/2999 3085/3098/2998 3079/3092/2992 
f 3088/3101/3001 3087/3100/3000 3079/3092/2992 3080/3093/2993 
f 3089/3102/3002 3088/3101/3001 3080/3093/2993 3081/3094/2994 
f 3090/3103/3003 3089/3102/3002 3081/3094/2994 3082/3095/2995 
f 3091/3104/3004 3090/3103/3003 3082/3095/2995 3083/3096/2996 
f 3095/3108/3008 3094/3107/3007 3093/3106/3006 3092/3105/3005 
f 3094/3107/3007 3097/3110/3010 3096/3109/3009 3093/3106/3006 
s 1
f 3101/3114/3014 3100/3113/3013 3099/3112/3012 3098/3111/3011 
s off
f 3104/3117/3017 3084/3097/2997 3103/3116/3016 3102/3115/3015 
s 1
f 3088/3101/3001 3089/3102/3002 3090/3103/3003 3091/3104/3004 3105/3118/3018 3087/3100/3000 
f 3104/3117/3017 3106/3119/3019 3105/3118/3018 3091/3104/3004 
f 3106/3119/3019 3108/3121/3021 3107/3120/3020 3105/3118/3018 
s off
f 3112/3125/3025 3111/3124/3024 3110/3123/3023 3109/3122/3022 
f 3111/3124/3024 3114/3127/3027 3113/3126/3026 3110/3123/3023 
f 3114/3127/3027 3116/3129/3029 3115/3128/3028 3113/3126/3026 
f 3116/3129/3029 3118/3131/3031 3117/3130/3030 3115/3128/3028 
f 3118/3131/3031 3120/3133/3033 3119/3132/3032 3117/3130/3030 
f 3122/3135/3035 3121/3134/3034 3111/3124/3024 3112/3125/3025 
f 3121/3134/3034 3123/3136/3036 3114/3127/3027 3111/3124/3024 
f 3123/3136/3036 3124/3137/3037 3116/3129/3029 3114/3127/3027 
f 3124/3137/3037 3125/3138/3038 3118/3131/3031 3116/3129/3029 
f 3125/3138/3038 3126/3139/3039 3120/3133/3033 3118/3131/3031 
f 3129/3142/3042 3128/3141/3041 3127/3140/3040 3122/3135/3035 
f 3122/3135/3035 3127/3140/3040 3130/3143/3043 3121/3134/3034 
f 3121/3134/3034 3130/3143/3043 3131/3144/3044 3123/3136/3036 
f 3123/3136/3036 3131/3144/3044 3132/3145/3045 3124/3137/3037 
f 3124/3137/3037 3132/3145/3045 3133/3146/3046 3125/3138/3038 
f 3137/3150/3050 3136/3149/3049 3135/3148/3048 3134/3147/3047 
f 3139/3152/3052 3138/3151/3051 3136/3149/3049 3137/3150/3050 
s 1
f 3143/3156/3056 3142/3155/3055 3141/3154/3054 3140/3153/3053 
s off
f 3103/3116/3016 3126/3139/3039 3144/3157/3057 3102/3115/3015 
s 1
f 3145/3158/3058 3133/3146/3046 3132/3145/3045 3131/3144/3044 3130/3143/3043 3127/3140/3040 
f 3145/3158/3058 3146/3159/3059 3144/3157/3057 3133/3146/3046 
f 3148/3161/3061 3147/3160/3060 3146/3159/3059 3145/3158/3058 
s off
f 3150/3163/3063 3149/3162/3062 3077/3090/2990 3078/3091/2991 
f 3149/3162/3062 3103/3116/3016 3084/3097/2997 3077/3090/2990 
f 3091/3104/3004 3083/3096/2996 3084/3097/2997 3104/3117/3017 
s 1
f 3102/3115/3015 3151/3164/3064 3106/3119/3019 3104/3117/3017 
f 3151/3164/3064 3152/3165/3065 3108/3121/3021 3106/3119/3019 
s off
f 3149/3162/3062 3150/3163/3063 3119/3132/3032 3120/3133/3033 
f 3103/3116/3016 3149/3162/3062 3120/3133/3033 3126/3139/3039 
f 3125/3138/3038 3133/3146/3046 3144/3157/3057 3126/3139/3039 
s 1
f 3151/3164/3064 3102/3115/3015 3144/3157/3057 3146/3159/3059 
f 3156/3169/3069 3155/3168/3068 3154/3167/3067 3153/3166/3066 
s off
f 3100/3113/3013 3097/3110/3010 3158/3171/3071 3157/3170/3070 
f 3162/3175/3008 3161/3174/3073 3160/3173/3072 3159/3172/3008 
f 3161/3174/3073 3085/3098/2998 3158/3171/3071 3160/3173/3072 
s 1
f 3086/3099/2999 3107/3120/3020 3163/3176/3074 3157/3170/3070 
f 3165/3178/3076 3099/3112/3012 3163/3176/3074 3164/3177/3075 
s off
f 3138/3151/3051 3142/3155/3055 3167/3180/3078 3166/3179/3077 
f 3171/3184/3080 3170/3183/3048 3169/3182/3048 3168/3181/3079 
f 3129/3142/3042 3171/3184/3080 3168/3181/3079 3166/3179/3077 
s 1
f 3148/3161/3061 3128/3141/3041 3167/3180/3078 3172/3185/3081 
f 3143/3156/3056 3154/3167/3067 3173/3186/3082 3172/3185/3081 
f 3155/3168/3068 3165/3178/3076 3164/3177/3075 3174/3187/3083 
f 3152/3165/3065 3147/3160/3060 3173/3186/3082 3174/3187/3083 
s off
f 3159/3172/3008 3160/3173/3072 3094/3107/3007 3095/3108/3008 
f 3160/3173/3072 3158/3171/3071 3097/3110/3010 3094/3107/3007 
s 1
f 3157/3170/3070 3163/3176/3074 3099/3112/3012 3100/3113/3013 
s off
f 3168/3181/3079 3169/3182/3048 3135/3148/3048 3136/3149/3049 
f 3166/3179/3077 3168/3181/3079 3136/3149/3049 3138/3151/3051 
s 1
f 3172/3185/3081 3167/3180/3078 3142/3155/3055 3143/3156/3056 
f 3174/3187/3083 3173/3186/3082 3154/3167/3067 3155/3168/3068 
s off
f 3101/3114/3014 3096/3109/3009 3097/3110/3010 3100/3113/3013 
s 1
f 3175/3188/3084 3098/3111/3011 3099/3112/3012 3165/3178/3076 
s off
f 3139/3152/3052 3141/3154/3054 3142/3155/3055 3138/3151/3051 
s 1
f 3140/3153/3053 3153/3166/3066 3154/3167/3067 3143/3156/3056 
f 3156/3169/3069 3175/3188/3084 3165/3178/3076 3155/3168/3068 
s off
f 3157/3170/3070 3158/3171/3071 3085/3098/2998 3086/3099/2999 
s 1
f 3164/3177/3075 3163/3176/3074 3107/3120/3020 3108/3121/3021 
s off
f 3166/3179/3077 3167/3180/3078 3128/3141/3041 3129/3142/3042 
s 1
f 3172/3185/3081 3173/3186/3082 3147/3160/3060 3148/3161/3061 
f 3174/3187/3083 3164/3177/3075 3108/3121/3021 3152/3165/3065 
s off
f 3067/3080/2980 3068/3081/2981 3161/3174/3073 3162/3175/3008 
f 3068/3081/2981 3079/3092/2992 3085/3098/2998 3161/3174/3073 
s 1
f 3087/3100/3000 3105/3118/3018 3107/3120/3020 3086/3099/2999 
s off
f 3112/3125/3025 3109/3122/3022 3170/3183/3048 3171/3184/3080 
f 3122/3135/3035 3112/3125/3025 3171/3184/3080 3129/3142/3042 
s 1
f 3145/3158/3058 3127/3140/3040 3128/3141/3041 3148/3161/3061 
f 3151/3164/3064 3146/3159/3059 3147/3160/3060 3152/3165/3065 
s off
f 3177/3190/3086 3054/3067/2968 3053/3066/2967 3176/3189/3085 
f 2964/2977/2880 3177/3190/3086 3176/3189/3085 2963/2976/2879 
f 2962/2975/2878 3092/3105/3005 3093/3106/3006 2965/2978/2881 
f 3058/3071/2972 3029/3042/2945 3054/3067/2968 3177/3190/3086 
f 2966/2979/2882 3058/3071/2972 3177/3190/3086 2964/2977/2880 
f 2965/2978/2881 3093/3106/3006 3096/3109/3009 2967/2980/2883 
s 1
f 3061/3074/2975 3038/3051/2953 3028/3041/2944 3057/3070/2971 
f 2970/2983/2886 3061/3074/2975 3057/3070/2971 2969/2982/2885 
f 2968/2981/2884 3101/3114/3014 3098/3111/3011 2971/2984/2887 
s off
f 3179/3192/3088 3056/3069/2970 3055/3068/2969 3178/3191/3087 
f 3006/3019/2922 3179/3192/3088 3178/3191/3087 3005/3018/2921 
f 3004/3017/2920 3137/3150/3050 3134/3147/3047 3007/3020/2923 
f 3178/3191/3087 3055/3068/2969 3040/3053/2955 3062/3075/2976 
f 3005/3018/2921 3178/3191/3087 3062/3075/2976 3009/3022/2925 
f 3008/3021/2924 3139/3152/3052 3137/3150/3050 3004/3017/2920 
s 1
f 3063/3076/2977 3041/3054/2956 3048/3061/2962 3064/3077/2978 
f 3012/3025/2928 3063/3076/2977 3064/3077/2978 3011/3024/2927 
f 3010/3023/2926 3140/3153/3053 3141/3154/3054 3013/3026/2929 
f 3065/3078/2979 3049/3062/2963 3052/3065/2966 3066/3079/2939 
f 3025/3038/2941 3065/3078/2979 3066/3079/2939 3024/3037/2940 
f 3023/3036/2939 3156/3169/3069 3153/3166/3066 3026/3039/2942 
s off
f 2967/2980/2883 3096/3109/3009 3101/3114/3014 2968/2981/2884 
f 2966/2979/2882 2967/2980/2883 2968/2981/2884 2969/2982/2885 
f 3057/3070/2971 3028/3041/2944 3029/3042/2945 3058/3071/2972 
s 1
f 2971/2984/2887 3098/3111/3011 3175/3188/3084 3180/3193/3089 
f 2970/2983/2886 2971/2984/2887 3180/3193/3089 3060/3073/2974 
f 3059/3072/2973 3037/3050/2952 3038/3051/2953 3061/3074/2975 
s off
f 3013/3026/2929 3141/3154/3054 3139/3152/3052 3008/3021/2924 
f 3012/3025/2928 3013/3026/2929 3008/3021/2924 3009/3022/2925 
f 3062/3075/2976 3040/3053/2955 3041/3054/2956 3063/3076/2977 
s 1
f 3026/3039/2942 3153/3166/3066 3140/3153/3053 3010/3023/2926 
f 3025/3038/2941 3026/3039/2942 3010/3023/2926 3011/3024/2927 
f 3064/3077/2978 3048/3061/2962 3049/3062/2963 3065/3078/2979 
f 3180/3193/3089 3175/3188/3084 3156/3169/3069 3023/3036/2939 
f 3060/3073/2974 3180/3193/3089 3023/3036/2939 3024/3037/2940 
f 3066/3079/2939 3052/3065/2966 3037/3050/2952 3059/3072/2973 
# 216 polygons

#
# object Rectangle016
#

v  -892.8874 42.0632 -860.3967
v  -892.8874 41.4788 -860.0190
v  -892.3407 41.5833 -858.3187
v  -892.3407 41.8706 -858.4922
v  -892.8874 41.0256 -859.0051
v  -892.3407 41.3665 -857.8904
v  -892.8874 40.8342 -857.9012
v  -892.3407 41.2209 -857.0589
v  -892.8874 40.7332 -856.6835
v  -892.3407 41.1833 -856.5740
v  -892.8816 40.7332 -839.7156
v  -892.2462 41.1833 -839.7146
v  -891.8619 41.9565 -856.2932
v  -891.8755 42.1367 -856.3923
v  -891.8544 41.8533 -856.1070
v  -891.8593 41.7554 -855.6176
v  -891.8640 41.7344 -855.3331
v  -891.6477 41.7102 -839.7039
v  -891.5294 42.5764 -854.1923
v  -891.5324 45.9089 -854.2261
v  -891.8813 45.6887 -856.4147
v  -891.5306 42.4775 -854.1165
v  -891.5409 42.4011 -854.0375
v  -891.5461 42.3550 -853.8892
v  -891.5538 42.3152 -853.7063
v  -892.8877 2120.1904 -860.2600
v  -892.8876 1431.0022 -860.3027
v  -892.3409 1431.0017 -859.1475
v  -892.3411 2120.1902 -859.5068
v  -891.8887 1431.0051 -857.9132
v  -891.8894 2120.1919 -858.7037
v  -891.5516 2120.1943 -857.8563
v  -891.5497 1431.0098 -856.6110
v  -891.3029 1431.0117 -855.7593
v  -891.3030 2120.1951 -857.2967
v  -889.2749 42.3059 -824.8110
v  -889.5138 42.3103 -839.6899
v  -891.6519 41.7083 -824.8110
v  -891.3027 42.7292 -852.9416
v  -889.3550 42.7485 -839.6833
v  -888.9324 45.9961 -839.6832
v  -891.3027 45.9866 -852.9315
v  -892.8873 42.0632 -789.2254
v  -892.3407 41.8706 -791.1298
v  -892.3407 41.5833 -791.3033
v  -892.8873 41.4788 -789.6031
v  -892.3407 41.3665 -791.7317
v  -892.8873 41.0256 -790.6169
v  -892.3407 41.2209 -792.5632
v  -892.8873 40.8342 -791.7208
v  -892.3407 41.1833 -793.0481
v  -892.8873 40.7332 -792.9386
v  -892.2462 41.1833 -809.9077
v  -892.8816 40.7332 -809.9068
v  -891.8755 42.1367 -793.2297
v  -891.8619 41.9565 -793.3289
v  -891.8544 41.8533 -793.5151
v  -891.8593 41.7554 -794.0045
v  -891.8640 41.7344 -794.2890
v  -891.6477 41.7102 -809.9183
v  -891.8813 45.6887 -793.2074
v  -891.5323 45.9089 -795.3960
v  -891.5293 42.5764 -795.4297
v  -891.5306 42.4775 -795.5056
v  -891.5409 42.4011 -795.5846
v  -891.5461 42.3550 -795.7328
v  -891.5538 42.3152 -795.9158
v  -892.3411 2120.1902 -832.8656
v  -892.3409 1431.0017 -818.2873
v  -892.8876 1431.0022 -817.1321
v  -892.8877 2120.1904 -832.1124
v  -891.8894 2120.1919 -833.6688
v  -891.8887 1431.0051 -819.5216
v  -891.3030 2120.1953 -835.0757
v  -891.3029 1431.0117 -821.6756
v  -891.5497 1431.0098 -820.8239
v  -891.5516 2120.1941 -834.5161
v  -889.5138 42.3103 -809.9321
v  -891.3027 42.7292 -796.6805
v  -889.3550 42.7485 -809.9385
v  -891.3027 45.9866 -796.6906
v  -888.9324 45.9961 -809.9387
v  -892.8826 40.7332 -824.8110
v  -892.2498 41.1833 -824.8110
v  -889.1108 42.7678 -824.8110
v  -888.4534 46.0056 -824.8110
v  -888.0271 2120.1951 -846.1862
v  -888.0270 1431.0117 -838.7174
v  -888.9326 1431.0117 -829.6964
v  -888.9327 2120.1953 -840.3044
v  -891.5385 49.2415 -854.2598
v  -891.5460 52.6409 -854.2936
v  -891.8873 52.6316 -856.4492
v  -891.8849 49.2366 -856.4327
v  -892.8874 49.2356 -860.3967
v  -892.8874 45.6494 -860.3967
v  -892.3407 45.5520 -858.4922
v  -892.3407 49.2336 -858.4922
v  -891.3027 49.2434 -852.9214
v  -888.9324 49.2434 -839.6832
v  -888.9324 52.6448 -839.6830
v  -891.3027 52.6448 -852.9114
v  -891.8849 49.2366 -793.1894
v  -891.8873 52.6316 -793.1730
v  -891.5459 52.6409 -795.3285
v  -891.5385 49.2415 -795.3622
v  -892.3407 49.2336 -791.1298
v  -892.3407 45.5520 -791.1298
v  -892.8873 45.6494 -789.2254
v  -892.8873 49.2356 -789.2254
v  -891.3027 49.2434 -796.7006
v  -891.3027 52.6448 -796.7107
v  -888.9324 52.6448 -809.9388
v  -888.9324 49.2434 -809.9387
v  -888.0267 49.2439 -824.8110
v  -888.0267 52.6448 -824.8110
v  -892.8874 52.6257 -860.3967
v  -892.3407 52.6248 -858.4922
v  -892.3407 52.6248 -791.1298
v  -892.8873 52.6257 -789.2254
v  -891.5479 741.8254 -855.0681
v  -891.8880 741.8184 -856.7383
v  -888.9325 741.8281 -843.7175
v  -888.9326 1431.0117 -847.7383
v  -891.3028 741.8281 -853.9864
v  -891.8880 741.8184 -807.6026
v  -891.5479 741.8252 -809.2728
v  -891.3028 741.8284 -810.3546
v  -888.9325 741.8284 -820.6233
v  -888.0269 741.8281 -832.1705
v  -892.8878 2823.4834 -860.4709
v  -892.3412 2823.6760 -860.0867
v  -892.3412 2823.9631 -860.0517
v  -892.8878 2824.0681 -860.3947
v  -892.3412 2824.1799 -859.9653
v  -892.8878 2824.5210 -860.1901
v  -892.3412 2824.3254 -859.7975
v  -892.8878 2824.7124 -859.9675
v  -892.3412 2824.3630 -859.6997
v  -892.8878 2824.8135 -859.7218
v  -892.2466 2824.3630 -856.2985
v  -892.8820 2824.8135 -856.2986
v  -891.8760 2823.4099 -859.6630
v  -891.8624 2823.5901 -859.6431
v  -891.8549 2823.6931 -859.6055
v  -891.8598 2823.7910 -859.5067
v  -891.8645 2823.8120 -859.4493
v  -891.4556 2824.0479 -856.2963
v  -891.8818 2819.8577 -859.6675
v  -891.5328 2819.6375 -859.2260
v  -891.4541 2822.9700 -859.2192
v  -891.4514 2823.0691 -859.2039
v  -891.4570 2823.1458 -859.1880
v  -891.4634 2823.1917 -859.1581
v  -891.4727 2823.2314 -859.1212
v  -892.8878 2809.3787 -860.4709
v  -892.3412 2809.3787 -860.0867
v  -892.3412 2812.9216 -860.0867
v  -892.8878 2812.9209 -860.4709
v  -891.8901 2809.3787 -859.6778
v  -891.8878 2812.9150 -859.6745
v  -891.3032 2809.3787 -858.9587
v  -891.3032 2812.9019 -858.9608
v  -891.5464 2812.9060 -859.2396
v  -891.5535 2809.3787 -859.2465
v  -889.4927 2823.2410 -853.2917
v  -891.4598 2824.0500 -853.2917
v  -889.7316 2823.2363 -856.2935
v  -891.2692 2822.4360 -858.9669
v  -889.3215 2822.4167 -856.2921
v  -891.3032 2819.5603 -858.9648
v  -888.9329 2819.5505 -856.2921
v  -892.8878 2823.4834 -846.1126
v  -892.8878 2824.0681 -846.1888
v  -892.3412 2823.9631 -846.5318
v  -892.3412 2823.6760 -846.4968
v  -892.8878 2824.5210 -846.3934
v  -892.3412 2824.1799 -846.6182
v  -892.8878 2824.7124 -846.6160
v  -892.3412 2824.3254 -846.7860
v  -892.8878 2824.8135 -846.8617
v  -892.3412 2824.3630 -846.8838
v  -892.8820 2824.8135 -850.2849
v  -892.2466 2824.3630 -850.2851
v  -891.8624 2823.5901 -846.9404
v  -891.8760 2823.4099 -846.9205
v  -891.8549 2823.6931 -846.9780
v  -891.8598 2823.7910 -847.0768
v  -891.8645 2823.8120 -847.1342
v  -891.4556 2824.0479 -850.2872
v  -891.4541 2822.9700 -847.3643
v  -891.5328 2819.6375 -847.3575
v  -891.8818 2819.8577 -846.9160
v  -891.4514 2823.0691 -847.3796
v  -891.4570 2823.1458 -847.3956
v  -891.4634 2823.1917 -847.4254
v  -891.4726 2823.2314 -847.4623
v  -892.8878 2809.3787 -846.1126
v  -892.8878 2812.9209 -846.1126
v  -892.3412 2812.9216 -846.4968
v  -892.3412 2809.3787 -846.4968
v  -891.8878 2812.9150 -846.9090
v  -891.8901 2809.3787 -846.9057
v  -891.3032 2809.3787 -847.6248
v  -891.5535 2809.3787 -847.3370
v  -891.5464 2812.9060 -847.3439
v  -891.3032 2812.9021 -847.6227
v  -889.7316 2823.2363 -850.2900
v  -891.2692 2822.4360 -847.6166
v  -889.3215 2822.4167 -850.2913
v  -888.9329 2819.5505 -850.2914
v  -891.3032 2819.5603 -847.6187
v  -892.2503 2824.3630 -853.2917
v  -892.8831 2824.8135 -853.2917
v  -889.0773 2822.3977 -853.2917
v  -888.4539 2819.5410 -853.2917
v  -888.9329 2809.3787 -850.2914
v  -888.9329 2812.9021 -850.2914
v  -888.0272 2812.9019 -853.2917
v  -888.0272 2809.3787 -853.2917
v  -891.5389 2816.3049 -859.2328
v  -891.8854 2816.3101 -859.6712
v  -892.8878 2816.3110 -860.4709
v  -892.3412 2816.3130 -860.0867
v  -892.3412 2819.9946 -860.0867
v  -892.8878 2819.8972 -860.4709
v  -891.3032 2816.3032 -858.9628
v  -888.9329 2816.3030 -856.2921
v  -888.9329 2812.9019 -856.2921
v  -891.8854 2816.3101 -846.9123
v  -891.5389 2816.3049 -847.3506
v  -892.3412 2816.3130 -846.4968
v  -892.8878 2816.3110 -846.1126
v  -892.8878 2819.8972 -846.1126
v  -892.3412 2819.9946 -846.4968
v  -891.3032 2816.3032 -847.6207
v  -888.9329 2816.3030 -850.2914
v  -888.0272 2816.3030 -853.2917
v  -888.9329 2809.3787 -856.2921
v  -892.8875 741.8140 -859.8002
v  -892.3408 741.8132 -858.3215
v  -892.3408 741.8132 -806.0195
v  -892.8875 741.8140 -804.5408
v  -888.9327 2120.1951 -852.0679
# 244 vertices

vn 0.9720 -0.0541 -0.2285
vn 0.9490 -0.2147 -0.2308
vn 0.9482 -0.2522 -0.1931
vn 0.9763 -0.0679 -0.2053
vn 0.8523 -0.4895 -0.1845
vn 0.8797 -0.4566 -0.1332
vn 0.7589 -0.6438 -0.0982
vn 0.8162 -0.5736 -0.0693
vn 0.7209 -0.6923 -0.0313
vn 0.7917 -0.6102 -0.0299
vn 0.6632 -0.7484 -0.0001
vn 0.7028 -0.7114 -0.0015
vn 0.9850 -0.1029 -0.1387
vn 0.9883 -0.0120 -0.1520
vn 0.9580 -0.2719 -0.0913
vn 0.9133 -0.4053 -0.0399
vn 0.8883 -0.4590 -0.0135
vn 0.5524 -0.8336 -0.0037
vn 0.9911 -0.0480 -0.1241
vn 0.9911 -0.0003 -0.1334
vn 0.9886 0.0002 -0.1503
vn 0.9918 0.0415 0.1208
vn 0.9827 -0.1818 -0.0361
vn 0.9923 -0.1237 0.0034
vn 0.9687 -0.2341 -0.0824
vn 0.8649 -0.0001 -0.5019
vn 0.9353 -0.0001 -0.3539
vn 0.9482 -0.0003 -0.3177
vn 0.8897 -0.0003 -0.4566
vn 0.9701 -0.0003 -0.2426
vn 0.9339 -0.0005 -0.3574
vn 0.9477 -0.0006 -0.3192
vn 0.9767 -0.0004 -0.2147
vn 0.9737 -0.0005 -0.2278
vn 0.9412 -0.0008 -0.3377
vn 0.7187 -0.6953 -0.0000
vn 0.7329 -0.6787 -0.0476
vn 0.5383 -0.8427 -0.0000
vn 0.9845 -0.1255 -0.1225
vn 0.9797 -0.1903 -0.0631
vn 0.9952 -0.0515 -0.0835
vn 0.9900 0.0004 -0.1410
vn 0.9720 -0.0541 0.2285
vn 0.9763 -0.0679 0.2053
vn 0.9482 -0.2522 0.1931
vn 0.9490 -0.2147 0.2308
vn 0.8797 -0.4566 0.1332
vn 0.8523 -0.4895 0.1845
vn 0.8162 -0.5736 0.0693
vn 0.7589 -0.6438 0.0982
vn 0.7917 -0.6102 0.0299
vn 0.7209 -0.6923 0.0313
vn 0.7028 -0.7114 0.0015
vn 0.6632 -0.7484 0.0001
vn 0.9883 -0.0120 0.1520
vn 0.9850 -0.1029 0.1387
vn 0.9580 -0.2719 0.0913
vn 0.9133 -0.4053 0.0399
vn 0.8883 -0.4590 0.0135
vn 0.5524 -0.8336 0.0037
vn 0.9886 0.0002 0.1503
vn 0.9911 -0.0003 0.1334
vn 0.9911 -0.0480 0.1240
vn 0.9918 0.0415 -0.1208
vn 0.9827 -0.1818 0.0361
vn 0.9923 -0.1237 -0.0034
vn 0.9687 -0.2341 0.0824
vn 0.8896 0.0093 0.4566
vn 0.9482 0.0062 0.3178
vn 0.9353 0.0071 0.3538
vn 0.8649 0.0106 0.5019
vn 0.9339 0.0071 0.3574
vn 0.9701 0.0046 0.2427
vn 0.9412 0.0064 0.3377
vn 0.9737 0.0041 0.2278
vn 0.9767 0.0039 0.2147
vn 0.9477 0.0061 0.3192
vn 0.7329 -0.6787 0.0476
vn 0.9845 -0.1255 0.1225
vn 0.9797 -0.1903 0.0631
vn 0.9900 0.0004 0.1410
vn 0.9952 -0.0515 0.0835
vn 0.6648 -0.7471 -0.0000
vn 0.7030 -0.7112 -0.0000
vn 0.9762 -0.2170 -0.0000
vn 0.9912 -0.1325 -0.0000
vn 1.0000 -0.0000 -0.0000
vn 1.0000 0.0000 0.0000
vn 0.9878 0.0022 0.1555
vn 0.9725 0.0035 0.2329
vn 0.9911 0.0003 -0.1330
vn 0.9912 0.0001 -0.1325
vn 0.9886 -0.0001 -0.1502
vn 0.9886 -0.0001 -0.1504
vn 0.9747 0.0000 -0.2237
vn 0.9800 0.0000 -0.1989
vn 0.9800 0.0000 -0.1990
vn 0.9901 0.0004 -0.1406
vn 0.9955 0.0000 -0.0953
vn 0.9955 -0.0003 -0.0952
vn 0.9901 0.0001 -0.1406
vn 0.9886 -0.0001 0.1504
vn 0.9886 0.0015 0.1504
vn 0.9912 0.0016 0.1324
vn 0.9911 0.0003 0.1330
vn 0.9800 0.0000 0.1990
vn 0.9800 0.0000 0.1989
vn 0.9747 0.0000 0.2237
vn 0.9901 0.0004 0.1406
vn 0.9901 0.0016 0.1406
vn 0.9954 0.0007 0.0956
vn 0.9955 0.0000 0.0953
vn 0.9986 -0.0524 -0.0000
vn 1.0000 0.0000 0.0002
vn 0.9747 0.0001 -0.2237
vn 0.9799 0.0000 -0.1993
vn 0.9799 0.0022 0.1994
vn 0.9747 0.0025 0.2237
vn 0.9855 -0.0003 -0.1695
vn 0.9814 -0.0002 -0.1919
vn 0.9925 -0.0007 -0.1223
vn 0.9878 -0.0009 -0.1554
vn 0.9837 -0.0004 -0.1799
vn 0.9814 0.0037 0.1919
vn 0.9855 0.0031 0.1695
vn 0.9837 0.0033 0.1799
vn 0.9925 0.0018 0.1222
vn 0.6502 0.0383 -0.7588
vn 0.7061 0.0531 -0.7061
vn 0.7128 0.1810 -0.6776
vn 0.6343 0.2121 -0.7434
vn 0.7378 0.3826 -0.5561
vn 0.6640 0.4648 -0.5857
vn 0.7675 0.5478 -0.3329
vn 0.6922 0.6185 -0.3718
vn 0.7754 0.6174 -0.1326
vn 0.7148 0.6875 -0.1282
vn 0.5589 0.8292 -0.0059
vn 0.6633 0.7483 -0.0004
vn 0.7778 0.0110 -0.6284
vn 0.8052 0.0882 -0.5865
vn 0.8555 0.2612 -0.4470
vn 0.8755 0.4266 -0.2271
vn 0.8692 0.4794 -0.1209
vn 0.4769 0.8771 -0.0573
vn 0.8011 -0.0002 -0.5985
vn 0.8308 -0.0069 -0.5566
vn 0.8494 0.0240 -0.5272
vn 0.9802 -0.0309 0.1955
vn 0.9739 0.1326 -0.1842
vn 0.9891 0.1463 -0.0167
vn 0.9184 0.2423 -0.3127
vn 0.6602 -0.0001 -0.7510
vn 0.7065 -0.0003 -0.7077
vn 0.7070 0.0000 -0.7072
vn 0.6602 0.0000 -0.7510
vn 0.8019 -0.0004 -0.5975
vn 0.8015 0.0001 -0.5979
vn 0.8180 -0.0009 -0.5752
vn 0.8178 -0.0003 -0.5755
vn 0.8339 -0.0003 -0.5520
vn 0.8349 -0.0007 -0.5504
vn 0.7477 0.6641 -0.0000
vn 0.4507 0.8927 -0.0000
vn 0.7559 0.6224 -0.2031
vn 0.8655 0.0233 -0.5004
vn 0.9328 0.2287 -0.2786
vn 0.8166 -0.0039 -0.5772
vn 0.9316 0.0501 -0.3600
vn 0.6502 0.0383 0.7588
vn 0.6343 0.2121 0.7434
vn 0.7128 0.1810 0.6776
vn 0.7061 0.0531 0.7061
vn 0.6640 0.4648 0.5857
vn 0.7378 0.3826 0.5561
vn 0.6922 0.6185 0.3718
vn 0.7675 0.5478 0.3329
vn 0.7148 0.6875 0.1282
vn 0.7754 0.6174 0.1326
vn 0.6633 0.7483 0.0004
vn 0.5589 0.8292 0.0059
vn 0.8052 0.0882 0.5865
vn 0.7778 0.0110 0.6284
vn 0.8555 0.2612 0.4470
vn 0.8755 0.4266 0.2271
vn 0.8692 0.4794 0.1209
vn 0.4769 0.8771 0.0573
vn 0.8494 0.0240 0.5272
vn 0.8308 -0.0069 0.5566
vn 0.8011 -0.0002 0.5985
vn 0.9802 -0.0309 -0.1955
vn 0.9739 0.1326 0.1842
vn 0.9891 0.1463 0.0167
vn 0.9184 0.2423 0.3127
vn 0.6602 0.0077 0.7510
vn 0.6602 0.0000 0.7511
vn 0.7070 0.0000 0.7072
vn 0.7067 0.0070 0.7075
vn 0.8015 0.0001 0.5979
vn 0.8021 0.0058 0.5971
vn 0.8180 0.0051 0.5752
vn 0.8348 0.0050 0.5505
vn 0.8339 -0.0003 0.5520
vn 0.8178 -0.0003 0.5755
vn 0.7559 0.6224 0.2031
vn 0.8655 0.0233 0.5004
vn 0.9328 0.2287 0.2786
vn 0.9316 0.0501 0.3600
vn 0.8166 -0.0039 0.5772
vn 0.5594 0.8289 -0.0000
vn 0.6649 0.7470 -0.0000
vn 0.9631 0.2691 -0.0000
vn 0.9904 0.1380 -0.0000
vn 0.9104 0.0030 0.4137
vn 0.9102 -0.0000 0.4143
vn 1.0000 0.0000 -0.0000
vn 1.0000 -0.0000 -0.0008
vn 0.8329 -0.0002 -0.5535
vn 0.8010 0.0000 -0.5986
vn 0.7075 0.0000 -0.7067
vn 0.7077 0.0000 -0.7066
vn 0.8177 -0.0004 -0.5756
vn 0.9102 -0.0000 -0.4141
vn 0.9102 -0.0000 -0.4143
vn 0.8010 0.0000 0.5986
vn 0.8329 -0.0002 0.5535
vn 0.7075 0.0000 0.7067
vn 0.7077 0.0000 0.7066
vn 0.8177 -0.0004 0.5756
vn 0.9102 -0.0000 0.4141
vn 0.9986 0.0520 -0.0000
vn 0.9099 -0.0013 -0.4147
vn 0.9590 0.0000 -0.2834
vn 0.9674 -0.0001 -0.2533
vn 0.9674 0.0050 0.2533
vn 0.9590 0.0057 0.2834
vn 0.9725 -0.0014 -0.2329
# 237 vertex normals

vt 0.9145 0.0040 0.5130
vt 0.9142 0.0038 0.5130
vt 0.9128 0.0038 0.5403
vt 0.9129 0.0039 0.5403
vt 0.9133 0.0036 0.5130
vt 0.9124 0.0037 0.5403
vt 0.9124 0.0035 0.5130
vt 0.9117 0.0037 0.5403
vt 0.9114 0.0035 0.5130
vt 0.9113 0.0037 0.5403
vt 0.8973 0.0035 0.5133
vt 0.8973 0.0037 0.5450
vt 0.9111 0.0039 0.5642
vt 0.9112 0.0040 0.5636
vt 0.9109 0.0039 0.5646
vt 0.9105 0.0039 0.5644
vt 0.9103 0.0039 0.5641
vt 0.8973 0.0039 0.5750
vt 0.9093 0.0042 0.5809
vt 0.9094 0.0054 0.5807
vt 0.9112 0.0053 0.5633
vt 0.9093 0.0041 0.5808
vt 0.9092 0.0041 0.5803
vt 0.9091 0.0041 0.5800
vt 0.9089 0.0041 0.5797
vt 0.9144 0.7462 0.5130
vt 0.9144 0.5000 0.5130
vt 0.9135 0.5000 0.5403
vt 0.9138 0.7462 0.5403
vt 0.9124 0.5000 0.5629
vt 0.9131 0.7462 0.5629
vt 0.9124 0.7462 0.5798
vt 0.9114 0.5000 0.5799
vt 0.9106 0.5000 0.5922
vt 0.9119 0.7462 0.5922
vt 0.8849 0.0041 0.6936
vt 0.8973 0.0041 0.6817
vt 0.8849 0.0039 0.5747
vt 0.9083 0.0042 0.5922
vt 0.8972 0.0042 0.6896
vt 0.8972 0.0054 0.7107
vt 0.9083 0.0054 0.5922
vt 0.8552 0.0040 0.5130
vt 0.8568 0.0039 0.5403
vt 0.8569 0.0038 0.5403
vt 0.8555 0.0038 0.5130
vt 0.8573 0.0037 0.5403
vt 0.8564 0.0036 0.5130
vt 0.8580 0.0037 0.5403
vt 0.8573 0.0035 0.5130
vt 0.8584 0.0037 0.5403
vt 0.8583 0.0035 0.5130
vt 0.8724 0.0037 0.5450
vt 0.8724 0.0035 0.5133
vt 0.8585 0.0040 0.5636
vt 0.8586 0.0039 0.5642
vt 0.8588 0.0039 0.5646
vt 0.8592 0.0039 0.5644
vt 0.8594 0.0039 0.5641
vt 0.8724 0.0039 0.5750
vt 0.8585 0.0053 0.5633
vt 0.8603 0.0054 0.5807
vt 0.8604 0.0042 0.5809
vt 0.8604 0.0041 0.5808
vt 0.8605 0.0041 0.5803
vt 0.8606 0.0041 0.5800
vt 0.8608 0.0041 0.5797
vt 0.8916 0.7462 0.5403
vt 0.8794 0.5000 0.5403
vt 0.8785 0.5000 0.5130
vt 0.8909 0.7462 0.5130
vt 0.8922 0.7462 0.5629
vt 0.8804 0.5000 0.5629
vt 0.8934 0.7462 0.5922
vt 0.8822 0.5000 0.5922
vt 0.8815 0.5000 0.5799
vt 0.8929 0.7462 0.5798
vt 0.8725 0.0041 0.6817
vt 0.8614 0.0042 0.5922
vt 0.8725 0.0042 0.6896
vt 0.8614 0.0054 0.5922
vt 0.8725 0.0054 0.7107
vt 0.8849 0.0035 0.5132
vt 0.8849 0.0037 0.5449
vt 0.8849 0.0042 0.7018
vt 0.8849 0.0054 0.7347
vt 0.9027 0.7462 0.7560
vt 0.8964 0.5000 0.7560
vt 0.8889 0.5000 0.7107
vt 0.8978 0.7462 0.7107
vt 0.9094 0.0065 0.5804
vt 0.9094 0.0078 0.5800
vt 0.9112 0.0078 0.5630
vt 0.9112 0.0065 0.5631
vt 0.9145 0.0065 0.5130
vt 0.9145 0.0053 0.5130
vt 0.9129 0.0052 0.5403
vt 0.9129 0.0065 0.5403
vt 0.9083 0.0065 0.5922
vt 0.8972 0.0065 0.7107
vt 0.8972 0.0078 0.7107
vt 0.9083 0.0078 0.5922
vt 0.8585 0.0065 0.5631
vt 0.8585 0.0078 0.5630
vt 0.8603 0.0078 0.5800
vt 0.8603 0.0065 0.5804
vt 0.8568 0.0065 0.5403
vt 0.8568 0.0052 0.5403
vt 0.8552 0.0053 0.5130
vt 0.8552 0.0065 0.5130
vt 0.8614 0.0065 0.5922
vt 0.8614 0.0078 0.5922
vt 0.8725 0.0078 0.7107
vt 0.8725 0.0065 0.7107
vt 0.8849 0.0065 0.7560
vt 0.8849 0.0078 0.7560
vt 0.9145 0.0078 0.5130
vt 0.9129 0.0078 0.5403
vt 0.8568 0.0078 0.5403
vt 0.8552 0.0078 0.5130
vt 0.9101 0.2539 0.5799
vt 0.9115 0.2539 0.5629
vt 0.9006 0.2539 0.7107
vt 0.9040 0.5000 0.7107
vt 0.9092 0.2539 0.5922
vt 0.8705 0.2539 0.5629
vt 0.8719 0.2539 0.5799
vt 0.8728 0.2539 0.5922
vt 0.8814 0.2539 0.7107
vt 0.8910 0.2539 0.7560
vt 0.9146 0.9973 0.5130
vt 0.9142 0.9974 0.5403
vt 0.9142 0.9975 0.5403
vt 0.9145 0.9976 0.5130
vt 0.9141 0.9976 0.5403
vt 0.9143 0.9977 0.5130
vt 0.9140 0.9976 0.5403
vt 0.9142 0.9978 0.5130
vt 0.9139 0.9977 0.5403
vt 0.9139 0.9978 0.5130
vt 0.9111 0.9977 0.5450
vt 0.9111 0.9978 0.5132
vt 0.9139 0.9973 0.5635
vt 0.9139 0.9974 0.5642
vt 0.9138 0.9974 0.5646
vt 0.9138 0.9975 0.5644
vt 0.9137 0.9975 0.5641
vt 0.9111 0.9975 0.5846
vt 0.9139 0.9961 0.5633
vt 0.9135 0.9960 0.5807
vt 0.9135 0.9972 0.5846
vt 0.9135 0.9972 0.5848
vt 0.9135 0.9972 0.5845
vt 0.9135 0.9972 0.5842
vt 0.9134 0.9973 0.5837
vt 0.9146 0.9923 0.5130
vt 0.9142 0.9923 0.5403
vt 0.9142 0.9936 0.5403
vt 0.9146 0.9936 0.5130
vt 0.9139 0.9923 0.5628
vt 0.9139 0.9936 0.5630
vt 0.9133 0.9923 0.5922
vt 0.9133 0.9936 0.5922
vt 0.9135 0.9936 0.5800
vt 0.9135 0.9923 0.5797
vt 0.9086 0.9973 0.6827
vt 0.9086 0.9976 0.5844
vt 0.9111 0.9973 0.6708
vt 0.9133 0.9970 0.5939
vt 0.9111 0.9970 0.6913
vt 0.9133 0.9959 0.5922
vt 0.9111 0.9959 0.7107
vt 0.9026 0.9973 0.5130
vt 0.9027 0.9976 0.5130
vt 0.9030 0.9975 0.5403
vt 0.9029 0.9974 0.5403
vt 0.9028 0.9977 0.5130
vt 0.9030 0.9976 0.5403
vt 0.9030 0.9978 0.5130
vt 0.9032 0.9976 0.5403
vt 0.9032 0.9978 0.5130
vt 0.9032 0.9977 0.5403
vt 0.9061 0.9978 0.5132
vt 0.9061 0.9977 0.5450
vt 0.9033 0.9974 0.5642
vt 0.9033 0.9973 0.5635
vt 0.9033 0.9974 0.5646
vt 0.9034 0.9975 0.5644
vt 0.9035 0.9975 0.5641
vt 0.9061 0.9975 0.5846
vt 0.9036 0.9972 0.5846
vt 0.9036 0.9960 0.5807
vt 0.9033 0.9961 0.5633
vt 0.9037 0.9972 0.5848
vt 0.9037 0.9972 0.5845
vt 0.9037 0.9972 0.5842
vt 0.9037 0.9973 0.5837
vt 0.9026 0.9923 0.5130
vt 0.9026 0.9936 0.5130
vt 0.9029 0.9936 0.5403
vt 0.9029 0.9923 0.5403
vt 0.9033 0.9936 0.5630
vt 0.9033 0.9923 0.5628
vt 0.9039 0.9923 0.5922
vt 0.9036 0.9923 0.5797
vt 0.9036 0.9936 0.5800
vt 0.9039 0.9936 0.5922
vt 0.9061 0.9973 0.6708
vt 0.9039 0.9970 0.5939
vt 0.9061 0.9970 0.6913
vt 0.9061 0.9959 0.7107
vt 0.9039 0.9959 0.5922
vt 0.9086 0.9977 0.5448
vt 0.9086 0.9978 0.5132
vt 0.9086 0.9970 0.7035
vt 0.9086 0.9959 0.7347
vt 0.9061 0.9923 0.7107
vt 0.9061 0.9936 0.7107
vt 0.9086 0.9936 0.7560
vt 0.9086 0.9923 0.7560
vt 0.9135 0.9948 0.5804
vt 0.9139 0.9948 0.5631
vt 0.9146 0.9948 0.5130
vt 0.9142 0.9948 0.5403
vt 0.9142 0.9961 0.5403
vt 0.9146 0.9961 0.5130
vt 0.9133 0.9948 0.5922
vt 0.9111 0.9948 0.7107
vt 0.9111 0.9936 0.7107
vt 0.9033 0.9948 0.5631
vt 0.9036 0.9948 0.5804
vt 0.9029 0.9948 0.5403
vt 0.9026 0.9948 0.5130
vt 0.9026 0.9961 0.5130
vt 0.9029 0.9961 0.5403
vt 0.9039 0.9948 0.5922
vt 0.9061 0.9948 0.7107
vt 0.9086 0.9948 0.7560
vt 0.9111 0.9923 0.7107
vt 0.9140 0.2539 0.5130
vt 0.9128 0.2539 0.5403
vt 0.8692 0.2539 0.5403
vt 0.8680 0.2539 0.5130
vt 0.9076 0.7462 0.7107
# 244 texture coords

o Rectangle016
g Rectangle016
usemtl wire_115115115
s off
f 3184/3197/3093 3183/3196/3092 3182/3195/3091 3181/3194/3090 
f 3183/3196/3092 3186/3199/3095 3185/3198/3094 3182/3195/3091 
f 3186/3199/3095 3188/3201/3097 3187/3200/3096 3185/3198/3094 
f 3188/3201/3097 3190/3203/3099 3189/3202/3098 3187/3200/3096 
f 3190/3203/3099 3192/3205/3101 3191/3204/3100 3189/3202/3098 
f 3194/3207/3103 3193/3206/3102 3183/3196/3092 3184/3197/3093 
f 3193/3206/3102 3195/3208/3104 3186/3199/3095 3183/3196/3092 
f 3195/3208/3104 3196/3209/3105 3188/3201/3097 3186/3199/3095 
f 3196/3209/3105 3197/3210/3106 3190/3203/3099 3188/3201/3097 
f 3197/3210/3106 3198/3211/3107 3192/3205/3101 3190/3203/3099 
f 3201/3214/3110 3200/3213/3109 3199/3212/3108 3194/3207/3103 
f 3194/3207/3103 3199/3212/3108 3202/3215/3111 3193/3206/3102 
f 3193/3206/3102 3202/3215/3111 3203/3216/3112 3195/3208/3104 
f 3195/3208/3104 3203/3216/3112 3204/3217/3113 3196/3209/3105 
f 3196/3209/3105 3204/3217/3113 3205/3218/3114 3197/3210/3106 
f 3209/3222/3118 3208/3221/3117 3207/3220/3116 3206/3219/3115 
f 3211/3224/3120 3210/3223/3119 3208/3221/3117 3209/3222/3118 
s 1
f 3215/3228/3124 3214/3227/3123 3213/3226/3122 3212/3225/3121 
s off
f 3218/3231/3127 3198/3211/3107 3217/3230/3126 3216/3229/3125 
s 1
f 3219/3232/3128 3205/3218/3114 3204/3217/3113 3203/3216/3112 3202/3215/3111 3199/3212/3108 
f 3219/3232/3128 3220/3233/3129 3217/3230/3126 3205/3218/3114 
f 3222/3235/3131 3221/3234/3130 3220/3233/3129 3219/3232/3128 
s off
f 3226/3239/3135 3225/3238/3134 3224/3237/3133 3223/3236/3132 
f 3228/3241/3137 3227/3240/3136 3225/3238/3134 3226/3239/3135 
f 3230/3243/3139 3229/3242/3138 3227/3240/3136 3228/3241/3137 
f 3232/3245/3141 3231/3244/3140 3229/3242/3138 3230/3243/3139 
f 3234/3247/3143 3233/3246/3142 3231/3244/3140 3232/3245/3141 
f 3225/3238/3134 3236/3249/3145 3235/3248/3144 3224/3237/3133 
f 3227/3240/3136 3237/3250/3146 3236/3249/3145 3225/3238/3134 
f 3229/3242/3138 3238/3251/3147 3237/3250/3146 3227/3240/3136 
f 3231/3244/3140 3239/3252/3148 3238/3251/3147 3229/3242/3138 
f 3233/3246/3142 3240/3253/3149 3239/3252/3148 3231/3244/3140 
f 3243/3256/3152 3242/3255/3151 3241/3254/3150 3235/3248/3144 
f 3244/3257/3153 3243/3256/3152 3235/3248/3144 3236/3249/3145 
f 3245/3258/3154 3244/3257/3153 3236/3249/3145 3237/3250/3146 
f 3246/3259/3155 3245/3258/3154 3237/3250/3146 3238/3251/3147 
f 3247/3260/3156 3246/3259/3155 3238/3251/3147 3239/3252/3148 
f 3251/3264/3160 3250/3263/3159 3249/3262/3158 3248/3261/3157 
f 3248/3261/3157 3249/3262/3158 3253/3266/3162 3252/3265/3161 
s 1
f 3257/3270/3166 3256/3269/3165 3255/3268/3164 3254/3267/3163 
s off
f 3258/3271/3167 3240/3253/3149 3218/3231/3127 3216/3229/3125 
s 1
f 3244/3257/3153 3245/3258/3154 3246/3259/3155 3247/3260/3156 3259/3272/3168 3243/3256/3152 
f 3258/3271/3167 3260/3273/3169 3259/3272/3168 3247/3260/3156 
f 3260/3273/3169 3262/3275/3171 3261/3274/3170 3259/3272/3168 
s off
f 3192/3205/3101 3264/3277/3173 3263/3276/3172 3191/3204/3100 
f 3198/3211/3107 3218/3231/3127 3264/3277/3173 3192/3205/3101 
f 3198/3211/3107 3197/3210/3106 3205/3218/3114 3217/3230/3126 
s 1
f 3220/3233/3129 3265/3278/3174 3216/3229/3125 3217/3230/3126 
f 3221/3234/3130 3266/3279/3175 3265/3278/3174 3220/3233/3129 
s off
f 3234/3247/3143 3263/3276/3172 3264/3277/3173 3233/3246/3142 
f 3233/3246/3142 3264/3277/3173 3218/3231/3127 3240/3253/3149 
f 3258/3271/3167 3247/3260/3156 3239/3252/3148 3240/3253/3149 
s 1
f 3258/3271/3167 3216/3229/3125 3265/3278/3174 3260/3273/3169 
f 3270/3283/3179 3269/3282/3178 3268/3281/3177 3267/3280/3176 
s off
f 3274/3287/3183 3273/3286/3182 3272/3285/3181 3271/3284/3180 
f 3278/3291/3186 3277/3290/3185 3276/3289/3184 3275/3288/3184 
f 3274/3287/3183 3201/3214/3110 3277/3290/3185 3278/3291/3186 
s 1
f 3279/3292/3187 3222/3235/3131 3200/3213/3109 3271/3284/3180 
f 3279/3292/3187 3282/3295/3190 3281/3294/3189 3280/3293/3188 
s off
f 3286/3299/3194 3285/3298/3193 3284/3297/3192 3283/3296/3191 
f 3290/3303/3197 3289/3302/3197 3288/3301/3196 3287/3300/3195 
f 3287/3300/3195 3288/3301/3196 3241/3254/3150 3283/3296/3191 
s 1
f 3286/3299/3194 3242/3255/3151 3261/3274/3170 3291/3304/3198 
f 3294/3307/3201 3293/3306/3200 3292/3305/3199 3291/3304/3198 
f 3280/3293/3188 3281/3294/3189 3296/3309/3203 3295/3308/3202 
f 3294/3307/3201 3262/3275/3171 3266/3279/3175 3295/3308/3202 
s off
f 3298/3311/3205 3278/3291/3186 3275/3288/3184 3297/3310/3204 
f 3273/3286/3182 3274/3287/3183 3278/3291/3186 3298/3311/3205 
s 1
f 3282/3295/3190 3279/3292/3187 3271/3284/3180 3272/3285/3181 
s off
f 3300/3313/3207 3290/3303/3197 3287/3300/3195 3299/3312/3206 
f 3299/3312/3206 3287/3300/3195 3283/3296/3191 3284/3297/3192 
s 1
f 3285/3298/3193 3286/3299/3194 3291/3304/3198 3292/3305/3199 
f 3293/3306/3200 3294/3307/3201 3295/3308/3202 3296/3309/3203 
s off
f 3302/3315/3209 3210/3223/3119 3213/3226/3122 3301/3314/3208 
s 1
f 3305/3318/3212 3214/3227/3123 3304/3317/3211 3303/3316/3210 
s off
f 3307/3320/3214 3256/3269/3165 3253/3266/3162 3306/3319/3213 
s 1
f 3309/3322/3216 3269/3282/3178 3255/3268/3164 3308/3321/3215 
f 3303/3316/3210 3304/3317/3211 3268/3281/3177 3310/3323/3176 
s off
f 3201/3214/3110 3274/3287/3183 3271/3284/3180 3200/3213/3109 
s 1
f 3222/3235/3131 3279/3292/3187 3280/3293/3188 3221/3234/3130 
s off
f 3242/3255/3151 3286/3299/3194 3283/3296/3191 3241/3254/3150 
s 1
f 3262/3275/3171 3294/3307/3201 3291/3304/3198 3261/3274/3170 
f 3221/3234/3130 3280/3293/3188 3295/3308/3202 3266/3279/3175 
s off
f 3277/3290/3185 3184/3197/3093 3181/3194/3090 3276/3289/3184 
f 3201/3214/3110 3194/3207/3103 3184/3197/3093 3277/3290/3185 
s 1
f 3222/3235/3131 3219/3232/3128 3199/3212/3108 3200/3213/3109 
s off
f 3289/3302/3197 3223/3236/3132 3224/3237/3133 3288/3301/3196 
f 3288/3301/3196 3224/3237/3133 3235/3248/3144 3241/3254/3150 
s 1
f 3242/3255/3151 3243/3256/3152 3259/3272/3168 3261/3274/3170 
f 3262/3275/3171 3260/3273/3169 3265/3278/3174 3266/3279/3175 
s off
f 3314/3327/3220 3313/3326/3219 3312/3325/3218 3311/3324/3217 
f 3316/3329/3222 3315/3328/3221 3313/3326/3219 3314/3327/3220 
f 3318/3331/3224 3317/3330/3223 3315/3328/3221 3316/3329/3222 
f 3320/3333/3226 3319/3332/3225 3317/3330/3223 3318/3331/3224 
f 3322/3335/3228 3321/3334/3227 3319/3332/3225 3320/3333/3226 
f 3313/3326/3219 3324/3337/3230 3323/3336/3229 3312/3325/3218 
f 3315/3328/3221 3325/3338/3231 3324/3337/3230 3313/3326/3219 
f 3317/3330/3223 3326/3339/3232 3325/3338/3231 3315/3328/3221 
f 3319/3332/3225 3327/3340/3233 3326/3339/3232 3317/3330/3223 
f 3321/3334/3227 3328/3341/3234 3327/3340/3233 3319/3332/3225 
f 3331/3344/3237 3330/3343/3236 3329/3342/3235 3323/3336/3229 
f 3332/3345/3238 3331/3344/3237 3323/3336/3229 3324/3337/3230 
f 3333/3346/3239 3332/3345/3238 3324/3337/3230 3325/3338/3231 
f 3334/3347/3240 3333/3346/3239 3325/3338/3231 3326/3339/3232 
f 3335/3348/3241 3334/3347/3240 3326/3339/3232 3327/3340/3233 
f 3339/3352/3245 3338/3351/3244 3337/3350/3243 3336/3349/3242 
f 3338/3351/3244 3341/3354/3247 3340/3353/3246 3337/3350/3243 
s 1
f 3345/3358/3251 3344/3357/3250 3343/3356/3249 3342/3355/3248 
s off
f 3348/3361/3254 3328/3341/3234 3347/3360/3253 3346/3359/3252 
s 1
f 3332/3345/3238 3333/3346/3239 3334/3347/3240 3335/3348/3241 3349/3362/3255 3331/3344/3237 
f 3348/3361/3254 3350/3363/3256 3349/3362/3255 3335/3348/3241 
f 3350/3363/3256 3352/3365/3258 3351/3364/3257 3349/3362/3255 
s off
f 3356/3369/3262 3355/3368/3261 3354/3367/3260 3353/3366/3259 
f 3355/3368/3261 3358/3371/3264 3357/3370/3263 3354/3367/3260 
f 3358/3371/3264 3360/3373/3266 3359/3372/3265 3357/3370/3263 
f 3360/3373/3266 3362/3375/3268 3361/3374/3267 3359/3372/3265 
f 3362/3375/3268 3364/3377/3270 3363/3376/3269 3361/3374/3267 
f 3366/3379/3272 3365/3378/3271 3355/3368/3261 3356/3369/3262 
f 3365/3378/3271 3367/3380/3273 3358/3371/3264 3355/3368/3261 
f 3367/3380/3273 3368/3381/3274 3360/3373/3266 3358/3371/3264 
f 3368/3381/3274 3369/3382/3275 3362/3375/3268 3360/3373/3266 
f 3369/3382/3275 3370/3383/3276 3364/3377/3270 3362/3375/3268 
f 3373/3386/3279 3372/3385/3278 3371/3384/3277 3366/3379/3272 
f 3366/3379/3272 3371/3384/3277 3374/3387/3280 3365/3378/3271 
f 3365/3378/3271 3374/3387/3280 3375/3388/3281 3367/3380/3273 
f 3367/3380/3273 3375/3388/3281 3376/3389/3282 3368/3381/3274 
f 3368/3381/3274 3376/3389/3282 3377/3390/3283 3369/3382/3275 
f 3381/3394/3287 3380/3393/3286 3379/3392/3285 3378/3391/3284 
f 3383/3396/3289 3382/3395/3288 3380/3393/3286 3381/3394/3287 
s 1
f 3387/3400/3293 3386/3399/3292 3385/3398/3291 3384/3397/3290 
s off
f 3347/3360/3253 3370/3383/3276 3388/3401/3294 3346/3359/3252 
s 1
f 3389/3402/3295 3377/3390/3283 3376/3389/3282 3375/3388/3281 3374/3387/3280 3371/3384/3277 
f 3389/3402/3295 3390/3403/3296 3388/3401/3294 3377/3390/3283 
f 3392/3405/3298 3391/3404/3297 3390/3403/3296 3389/3402/3295 
s off
f 3394/3407/3300 3393/3406/3299 3321/3334/3227 3322/3335/3228 
f 3393/3406/3299 3347/3360/3253 3328/3341/3234 3321/3334/3227 
f 3335/3348/3241 3327/3340/3233 3328/3341/3234 3348/3361/3254 
s 1
f 3346/3359/3252 3395/3408/3301 3350/3363/3256 3348/3361/3254 
f 3395/3408/3301 3396/3409/3302 3352/3365/3258 3350/3363/3256 
s off
f 3393/3406/3299 3394/3407/3300 3363/3376/3269 3364/3377/3270 
f 3347/3360/3253 3393/3406/3299 3364/3377/3270 3370/3383/3276 
f 3369/3382/3275 3377/3390/3283 3388/3401/3294 3370/3383/3276 
s 1
f 3395/3408/3301 3346/3359/3252 3388/3401/3294 3390/3403/3296 
f 3400/3413/3306 3399/3412/3305 3398/3411/3304 3397/3410/3303 
s off
f 3344/3357/3250 3341/3354/3247 3402/3415/3308 3401/3414/3307 
f 3406/3419/3245 3405/3418/3310 3404/3417/3309 3403/3416/3245 
f 3405/3418/3310 3329/3342/3235 3402/3415/3308 3404/3417/3309 
s 1
f 3330/3343/3236 3351/3364/3257 3407/3420/3311 3401/3414/3307 
f 3409/3422/3313 3343/3356/3249 3407/3420/3311 3408/3421/3312 
s off
f 3382/3395/3288 3386/3399/3292 3411/3424/3315 3410/3423/3314 
f 3415/3428/3317 3414/3427/3285 3413/3426/3285 3412/3425/3316 
f 3373/3386/3279 3415/3428/3317 3412/3425/3316 3410/3423/3314 
s 1
f 3392/3405/3298 3372/3385/3278 3411/3424/3315 3416/3429/3318 
f 3387/3400/3293 3398/3411/3304 3417/3430/3319 3416/3429/3318 
f 3399/3412/3305 3409/3422/3313 3408/3421/3312 3418/3431/3320 
f 3396/3409/3302 3391/3404/3297 3417/3430/3319 3418/3431/3320 
s off
f 3403/3416/3245 3404/3417/3309 3338/3351/3244 3339/3352/3245 
f 3404/3417/3309 3402/3415/3308 3341/3354/3247 3338/3351/3244 
s 1
f 3401/3414/3307 3407/3420/3311 3343/3356/3249 3344/3357/3250 
s off
f 3412/3425/3316 3413/3426/3285 3379/3392/3285 3380/3393/3286 
f 3410/3423/3314 3412/3425/3316 3380/3393/3286 3382/3395/3288 
s 1
f 3416/3429/3318 3411/3424/3315 3386/3399/3292 3387/3400/3293 
f 3418/3431/3320 3417/3430/3319 3398/3411/3304 3399/3412/3305 
s off
f 3345/3358/3251 3340/3353/3246 3341/3354/3247 3344/3357/3250 
s 1
f 3419/3432/3321 3342/3355/3248 3343/3356/3249 3409/3422/3313 
s off
f 3383/3396/3289 3385/3398/3291 3386/3399/3292 3382/3395/3288 
s 1
f 3384/3397/3290 3397/3410/3303 3398/3411/3304 3387/3400/3293 
f 3400/3413/3306 3419/3432/3321 3409/3422/3313 3399/3412/3305 
s off
f 3401/3414/3307 3402/3415/3308 3329/3342/3235 3330/3343/3236 
s 1
f 3408/3421/3312 3407/3420/3311 3351/3364/3257 3352/3365/3258 
s off
f 3410/3423/3314 3411/3424/3315 3372/3385/3278 3373/3386/3279 
s 1
f 3416/3429/3318 3417/3430/3319 3391/3404/3297 3392/3405/3298 
f 3418/3431/3320 3408/3421/3312 3352/3365/3258 3396/3409/3302 
s off
f 3311/3324/3217 3312/3325/3218 3405/3418/3310 3406/3419/3245 
f 3312/3325/3218 3323/3336/3229 3329/3342/3235 3405/3418/3310 
s 1
f 3331/3344/3237 3349/3362/3255 3351/3364/3257 3330/3343/3236 
s off
f 3356/3369/3262 3353/3366/3259 3414/3427/3285 3415/3428/3317 
f 3366/3379/3272 3356/3369/3262 3415/3428/3317 3373/3386/3279 
s 1
f 3389/3402/3295 3371/3384/3277 3372/3385/3278 3392/3405/3298 
f 3395/3408/3301 3390/3403/3296 3391/3404/3297 3396/3409/3302 
s off
f 3421/3434/3323 3298/3311/3205 3297/3310/3204 3420/3433/3322 
f 3208/3221/3117 3421/3434/3323 3420/3433/3322 3207/3220/3116 
f 3206/3219/3115 3336/3349/3242 3337/3350/3243 3209/3222/3118 
f 3302/3315/3209 3273/3286/3182 3298/3311/3205 3421/3434/3323 
f 3210/3223/3119 3302/3315/3209 3421/3434/3323 3208/3221/3117 
f 3209/3222/3118 3337/3350/3243 3340/3353/3246 3211/3224/3120 
s 1
f 3305/3318/3212 3282/3295/3190 3272/3285/3181 3301/3314/3208 
f 3214/3227/3123 3305/3318/3212 3301/3314/3208 3213/3226/3122 
f 3212/3225/3121 3345/3358/3251 3342/3355/3248 3215/3228/3124 
s off
f 3423/3436/3325 3300/3313/3207 3299/3312/3206 3422/3435/3324 
f 3250/3263/3159 3423/3436/3325 3422/3435/3324 3249/3262/3158 
f 3248/3261/3157 3381/3394/3287 3378/3391/3284 3251/3264/3160 
f 3422/3435/3324 3299/3312/3206 3284/3297/3192 3306/3319/3213 
f 3249/3262/3158 3422/3435/3324 3306/3319/3213 3253/3266/3162 
f 3252/3265/3161 3383/3396/3289 3381/3394/3287 3248/3261/3157 
s 1
f 3307/3320/3214 3285/3298/3193 3292/3305/3199 3308/3321/3215 
f 3256/3269/3165 3307/3320/3214 3308/3321/3215 3255/3268/3164 
f 3254/3267/3163 3384/3397/3290 3385/3398/3291 3257/3270/3166 
f 3309/3322/3216 3293/3306/3200 3296/3309/3203 3310/3323/3176 
f 3269/3282/3178 3309/3322/3216 3310/3323/3176 3268/3281/3177 
f 3267/3280/3176 3400/3413/3306 3397/3410/3303 3270/3283/3179 
s off
f 3211/3224/3120 3340/3353/3246 3345/3358/3251 3212/3225/3121 
f 3210/3223/3119 3211/3224/3120 3212/3225/3121 3213/3226/3122 
f 3301/3314/3208 3272/3285/3181 3273/3286/3182 3302/3315/3209 
s 1
f 3215/3228/3124 3342/3355/3248 3419/3432/3321 3424/3437/3326 
f 3214/3227/3123 3215/3228/3124 3424/3437/3326 3304/3317/3211 
f 3303/3316/3210 3281/3294/3189 3282/3295/3190 3305/3318/3212 
s off
f 3257/3270/3166 3385/3398/3291 3383/3396/3289 3252/3265/3161 
f 3256/3269/3165 3257/3270/3166 3252/3265/3161 3253/3266/3162 
f 3306/3319/3213 3284/3297/3192 3285/3298/3193 3307/3320/3214 
s 1
f 3270/3283/3179 3397/3410/3303 3384/3397/3290 3254/3267/3163 
f 3269/3282/3178 3270/3283/3179 3254/3267/3163 3255/3268/3164 
f 3308/3321/3215 3292/3305/3199 3293/3306/3200 3309/3322/3216 
f 3424/3437/3326 3419/3432/3321 3400/3413/3306 3267/3280/3176 
f 3304/3317/3211 3424/3437/3326 3267/3280/3176 3268/3281/3177 
f 3310/3323/3176 3296/3309/3203 3281/3294/3189 3303/3316/3210 
# 216 polygons

#
# object Rectangle017
#

v  -892.8874 42.0632 -760.6779
v  -892.8874 41.4788 -760.3002
v  -892.3407 41.5833 -758.6000
v  -892.3407 41.8706 -758.7735
v  -892.8874 41.0256 -759.2864
v  -892.3407 41.3665 -758.1716
v  -892.8874 40.8342 -758.1825
v  -892.3407 41.2209 -757.3401
v  -892.8874 40.7332 -756.9647
v  -892.3407 41.1833 -756.8552
v  -892.8816 40.7332 -739.9968
v  -892.2462 41.1833 -739.9958
v  -891.8619 41.9565 -756.5744
v  -891.8755 42.1367 -756.6735
v  -891.8544 41.8533 -756.3882
v  -891.8593 41.7554 -755.8988
v  -891.8640 41.7344 -755.6143
v  -891.6477 41.7102 -739.9851
v  -891.5294 42.5764 -754.4736
v  -891.5324 45.9089 -754.5073
v  -891.8813 45.6887 -756.6959
v  -891.5306 42.4775 -754.3977
v  -891.5409 42.4011 -754.3187
v  -891.5461 42.3550 -754.1705
v  -891.5538 42.3152 -753.9875
v  -892.8877 2120.1904 -760.5413
v  -892.8876 1431.0022 -760.5839
v  -892.3409 1431.0017 -759.4288
v  -892.3411 2120.1902 -759.7881
v  -891.8887 1431.0051 -758.1945
v  -891.8894 2120.1919 -758.9849
v  -891.5516 2120.1943 -758.1376
v  -891.5497 1431.0098 -756.8922
v  -891.3029 1431.0117 -756.0405
v  -891.3030 2120.1951 -757.5779
v  -889.2749 42.3059 -725.0923
v  -889.5138 42.3103 -739.9711
v  -891.6519 41.7083 -725.0923
v  -891.3027 42.7292 -753.2228
v  -889.3550 42.7485 -739.9645
v  -888.9324 45.9961 -739.9645
v  -891.3027 45.9866 -753.2128
v  -892.8873 42.0632 -689.5067
v  -892.3407 41.8706 -691.4111
v  -892.3407 41.5833 -691.5846
v  -892.8873 41.4788 -689.8844
v  -892.3407 41.3665 -692.0129
v  -892.8873 41.0256 -690.8982
v  -892.3407 41.2209 -692.8444
v  -892.8873 40.8342 -692.0021
v  -892.3407 41.1833 -693.3293
v  -892.8873 40.7332 -693.2198
v  -892.2462 41.1833 -710.1890
v  -892.8816 40.7332 -710.1880
v  -891.8755 42.1367 -693.5110
v  -891.8619 41.9565 -693.6102
v  -891.8544 41.8533 -693.7963
v  -891.8593 41.7554 -694.2858
v  -891.8640 41.7344 -694.5703
v  -891.6477 41.7102 -710.1995
v  -891.8813 45.6887 -693.4886
v  -891.5323 45.9089 -695.6772
v  -891.5293 42.5764 -695.7110
v  -891.5306 42.4775 -695.7869
v  -891.5409 42.4011 -695.8658
v  -891.5461 42.3550 -696.0141
v  -891.5538 42.3152 -696.1970
v  -892.3411 2120.1902 -733.1469
v  -892.3409 1431.0017 -718.5685
v  -892.8876 1431.0022 -717.4134
v  -892.8877 2120.1904 -732.3937
v  -891.8894 2120.1919 -733.9500
v  -891.8887 1431.0051 -719.8029
v  -891.3030 2120.1953 -735.3570
v  -891.3029 1431.0117 -721.9568
v  -891.5497 1431.0098 -721.1051
v  -891.5516 2120.1941 -734.7974
v  -889.5138 42.3103 -710.2133
v  -891.3027 42.7292 -696.9617
v  -889.3550 42.7485 -710.2198
v  -891.3027 45.9866 -696.9718
v  -888.9324 45.9961 -710.2199
v  -892.8826 40.7332 -725.0923
v  -892.2498 41.1833 -725.0923
v  -889.1108 42.7678 -725.0923
v  -888.4534 46.0056 -725.0923
v  -888.0271 2120.1951 -746.4675
v  -888.0270 1431.0117 -738.9987
v  -888.9326 1431.0117 -729.9776
v  -888.9327 2120.1953 -740.5856
v  -891.5385 49.2415 -754.5411
v  -891.5460 52.6409 -754.5749
v  -891.8873 52.6316 -756.7304
v  -891.8849 49.2366 -756.7139
v  -892.8874 49.2356 -760.6779
v  -892.8874 45.6494 -760.6779
v  -892.3407 45.5520 -758.7735
v  -892.3407 49.2336 -758.7735
v  -891.3027 49.2434 -753.2027
v  -888.9324 49.2434 -739.9644
v  -888.9324 52.6448 -739.9643
v  -891.3027 52.6448 -753.1926
v  -891.8849 49.2366 -693.4706
v  -891.8873 52.6316 -693.4542
v  -891.5459 52.6409 -695.6097
v  -891.5385 49.2415 -695.6435
v  -892.3407 49.2336 -691.4111
v  -892.3407 45.5520 -691.4111
v  -892.8873 45.6494 -689.5067
v  -892.8873 49.2356 -689.5067
v  -891.3027 49.2434 -696.9819
v  -891.3027 52.6448 -696.9919
v  -888.9324 52.6448 -710.2201
v  -888.9324 49.2434 -710.2200
v  -888.0267 49.2439 -725.0923
v  -888.0267 52.6448 -725.0923
v  -892.8874 52.6257 -760.6779
v  -892.3407 52.6248 -758.7735
v  -892.3407 52.6248 -691.4111
v  -892.8873 52.6257 -689.5067
v  -891.5479 741.8254 -755.3494
v  -891.8880 741.8184 -757.0196
v  -888.9325 741.8281 -743.9988
v  -888.9326 1431.0117 -748.0196
v  -891.3028 741.8281 -754.2676
v  -891.8880 741.8184 -707.8839
v  -891.5479 741.8252 -709.5541
v  -891.3028 741.8284 -710.6358
v  -888.9325 741.8284 -720.9045
v  -888.0269 741.8281 -732.4517
v  -892.8878 2823.4834 -760.7521
v  -892.3412 2823.6760 -760.3679
v  -892.3412 2823.9631 -760.3329
v  -892.8878 2824.0681 -760.6759
v  -892.3412 2824.1799 -760.2465
v  -892.8878 2824.5210 -760.4714
v  -892.3412 2824.3254 -760.0787
v  -892.8878 2824.7124 -760.2487
v  -892.3412 2824.3630 -759.9810
v  -892.8878 2824.8135 -760.0031
v  -892.2466 2824.3630 -756.5797
v  -892.8820 2824.8135 -756.5799
v  -891.8760 2823.4099 -759.9443
v  -891.8624 2823.5901 -759.9243
v  -891.8549 2823.6931 -759.8867
v  -891.8598 2823.7910 -759.7880
v  -891.8645 2823.8120 -759.7306
v  -891.4556 2824.0479 -756.5775
v  -891.8818 2819.8577 -759.9488
v  -891.5328 2819.6375 -759.5073
v  -891.4541 2822.9700 -759.5004
v  -891.4514 2823.0691 -759.4852
v  -891.4570 2823.1458 -759.4692
v  -891.4634 2823.1917 -759.4393
v  -891.4727 2823.2314 -759.4024
v  -892.8878 2809.3787 -760.7521
v  -892.3412 2809.3787 -760.3679
v  -892.3412 2812.9216 -760.3679
v  -892.8878 2812.9209 -760.7521
v  -891.8901 2809.3787 -759.9590
v  -891.8878 2812.9150 -759.9557
v  -891.3032 2809.3787 -759.2400
v  -891.3032 2812.9019 -759.2420
v  -891.5464 2812.9060 -759.5209
v  -891.5535 2809.3787 -759.5277
v  -889.4927 2823.2410 -753.5730
v  -891.4598 2824.0500 -753.5730
v  -889.7316 2823.2363 -756.5747
v  -891.2692 2822.4360 -759.2481
v  -889.3215 2822.4167 -756.5734
v  -891.3032 2819.5603 -759.2461
v  -888.9329 2819.5505 -756.5734
v  -892.8878 2823.4834 -746.3939
v  -892.8878 2824.0681 -746.4701
v  -892.3412 2823.9631 -746.8130
v  -892.3412 2823.6760 -746.7781
v  -892.8878 2824.5210 -746.6746
v  -892.3412 2824.1799 -746.8995
v  -892.8878 2824.7124 -746.8973
v  -892.3412 2824.3254 -747.0673
v  -892.8878 2824.8135 -747.1429
v  -892.3412 2824.3630 -747.1650
v  -892.8820 2824.8135 -750.5662
v  -892.2466 2824.3630 -750.5663
v  -891.8624 2823.5901 -747.2217
v  -891.8760 2823.4099 -747.2017
v  -891.8549 2823.6931 -747.2593
v  -891.8598 2823.7910 -747.3580
v  -891.8645 2823.8120 -747.4154
v  -891.4556 2824.0479 -750.5685
v  -891.4541 2822.9700 -747.6456
v  -891.5328 2819.6375 -747.6387
v  -891.8818 2819.8577 -747.1972
v  -891.4514 2823.0691 -747.6608
v  -891.4570 2823.1458 -747.6768
v  -891.4634 2823.1917 -747.7067
v  -891.4726 2823.2314 -747.7436
v  -892.8878 2809.3787 -746.3939
v  -892.8878 2812.9209 -746.3939
v  -892.3412 2812.9216 -746.7781
v  -892.3412 2809.3787 -746.7781
v  -891.8878 2812.9150 -747.1902
v  -891.8901 2809.3787 -747.1870
v  -891.3032 2809.3787 -747.9060
v  -891.5535 2809.3787 -747.6183
v  -891.5464 2812.9060 -747.6251
v  -891.3032 2812.9021 -747.9040
v  -889.7316 2823.2363 -750.5713
v  -891.2692 2822.4360 -747.8979
v  -889.3215 2822.4167 -750.5726
v  -888.9329 2819.5505 -750.5726
v  -891.3032 2819.5603 -747.8999
v  -892.2503 2824.3630 -753.5730
v  -892.8831 2824.8135 -753.5730
v  -889.0773 2822.3977 -753.5730
v  -888.4539 2819.5410 -753.5730
v  -888.9329 2809.3787 -750.5726
v  -888.9329 2812.9021 -750.5726
v  -888.0272 2812.9019 -753.5730
v  -888.0272 2809.3787 -753.5730
v  -891.5389 2816.3049 -759.5141
v  -891.8854 2816.3101 -759.9525
v  -892.8878 2816.3110 -760.7521
v  -892.3412 2816.3130 -760.3679
v  -892.3412 2819.9946 -760.3679
v  -892.8878 2819.8972 -760.7521
v  -891.3032 2816.3032 -759.2441
v  -888.9329 2816.3030 -756.5734
v  -888.9329 2812.9019 -756.5733
v  -891.8854 2816.3101 -747.1935
v  -891.5389 2816.3049 -747.6319
v  -892.3412 2816.3130 -746.7781
v  -892.8878 2816.3110 -746.3939
v  -892.8878 2819.8972 -746.3939
v  -892.3412 2819.9946 -746.7781
v  -891.3032 2816.3032 -747.9019
v  -888.9329 2816.3030 -750.5726
v  -888.0272 2816.3030 -753.5730
v  -888.9329 2809.3787 -756.5733
v  -892.8875 741.8140 -760.0814
v  -892.3408 741.8132 -758.6027
v  -892.3408 741.8132 -706.3007
v  -892.8875 741.8140 -704.8220
v  -888.9327 2120.1951 -752.3492
# 244 vertices

vn 0.9720 -0.0541 -0.2285
vn 0.9490 -0.2147 -0.2308
vn 0.9482 -0.2522 -0.1931
vn 0.9763 -0.0679 -0.2053
vn 0.8523 -0.4895 -0.1845
vn 0.8797 -0.4566 -0.1332
vn 0.7589 -0.6438 -0.0982
vn 0.8162 -0.5736 -0.0693
vn 0.7209 -0.6923 -0.0313
vn 0.7917 -0.6102 -0.0299
vn 0.6632 -0.7484 -0.0001
vn 0.7028 -0.7114 -0.0015
vn 0.9850 -0.1029 -0.1387
vn 0.9883 -0.0120 -0.1520
vn 0.9580 -0.2719 -0.0913
vn 0.9133 -0.4053 -0.0399
vn 0.8883 -0.4590 -0.0135
vn 0.5524 -0.8336 -0.0037
vn 0.9911 -0.0480 -0.1241
vn 0.9911 -0.0003 -0.1334
vn 0.9886 0.0002 -0.1503
vn 0.9918 0.0415 0.1208
vn 0.9827 -0.1818 -0.0361
vn 0.9923 -0.1237 0.0034
vn 0.9687 -0.2341 -0.0824
vn 0.8649 -0.0001 -0.5019
vn 0.9353 -0.0001 -0.3539
vn 0.9482 -0.0003 -0.3177
vn 0.8897 -0.0003 -0.4566
vn 0.9701 -0.0003 -0.2426
vn 0.9339 -0.0005 -0.3574
vn 0.9477 -0.0006 -0.3192
vn 0.9767 -0.0004 -0.2147
vn 0.9737 -0.0005 -0.2278
vn 0.9412 -0.0008 -0.3377
vn 0.7187 -0.6953 -0.0000
vn 0.7329 -0.6787 -0.0476
vn 0.5383 -0.8427 -0.0000
vn 0.9845 -0.1255 -0.1225
vn 0.9797 -0.1903 -0.0631
vn 0.9952 -0.0515 -0.0835
vn 0.9900 0.0004 -0.1410
vn 0.9720 -0.0541 0.2285
vn 0.9763 -0.0679 0.2053
vn 0.9482 -0.2522 0.1931
vn 0.9490 -0.2147 0.2308
vn 0.8797 -0.4566 0.1332
vn 0.8523 -0.4895 0.1845
vn 0.8162 -0.5736 0.0693
vn 0.7589 -0.6438 0.0982
vn 0.7917 -0.6102 0.0299
vn 0.7209 -0.6923 0.0313
vn 0.7028 -0.7114 0.0015
vn 0.6632 -0.7484 0.0001
vn 0.9883 -0.0120 0.1520
vn 0.9850 -0.1029 0.1387
vn 0.9580 -0.2719 0.0913
vn 0.9133 -0.4053 0.0399
vn 0.8883 -0.4590 0.0135
vn 0.5524 -0.8336 0.0037
vn 0.9886 0.0002 0.1503
vn 0.9911 -0.0003 0.1334
vn 0.9911 -0.0480 0.1240
vn 0.9918 0.0415 -0.1208
vn 0.9827 -0.1818 0.0361
vn 0.9923 -0.1237 -0.0034
vn 0.9687 -0.2341 0.0824
vn 0.8896 0.0093 0.4566
vn 0.9482 0.0062 0.3178
vn 0.9353 0.0071 0.3538
vn 0.8649 0.0106 0.5019
vn 0.9339 0.0071 0.3574
vn 0.9701 0.0046 0.2427
vn 0.9412 0.0064 0.3377
vn 0.9737 0.0041 0.2278
vn 0.9767 0.0039 0.2147
vn 0.9477 0.0061 0.3192
vn 0.7329 -0.6787 0.0476
vn 0.9845 -0.1255 0.1225
vn 0.9797 -0.1903 0.0631
vn 0.9900 0.0004 0.1410
vn 0.9952 -0.0515 0.0835
vn 0.6648 -0.7471 -0.0000
vn 0.7030 -0.7112 -0.0000
vn 0.9762 -0.2170 -0.0000
vn 0.9912 -0.1325 -0.0000
vn 1.0000 -0.0000 -0.0000
vn 1.0000 0.0000 0.0000
vn 0.9878 0.0022 0.1555
vn 0.9725 0.0035 0.2329
vn 0.9911 0.0003 -0.1330
vn 0.9912 0.0001 -0.1325
vn 0.9886 -0.0001 -0.1502
vn 0.9886 -0.0001 -0.1504
vn 0.9747 0.0000 -0.2237
vn 0.9800 0.0000 -0.1989
vn 0.9800 0.0000 -0.1990
vn 0.9901 0.0004 -0.1406
vn 0.9955 0.0000 -0.0953
vn 0.9955 -0.0003 -0.0952
vn 0.9901 0.0001 -0.1406
vn 0.9886 -0.0001 0.1504
vn 0.9886 0.0015 0.1504
vn 0.9912 0.0016 0.1324
vn 0.9911 0.0003 0.1330
vn 0.9800 0.0000 0.1990
vn 0.9800 0.0000 0.1989
vn 0.9747 0.0000 0.2237
vn 0.9901 0.0004 0.1406
vn 0.9901 0.0016 0.1406
vn 0.9954 0.0007 0.0956
vn 0.9955 0.0000 0.0953
vn 0.9986 -0.0524 -0.0000
vn 1.0000 0.0000 0.0002
vn 0.9747 0.0001 -0.2237
vn 0.9799 0.0000 -0.1993
vn 0.9799 0.0022 0.1994
vn 0.9747 0.0025 0.2237
vn 0.9855 -0.0003 -0.1695
vn 0.9814 -0.0002 -0.1919
vn 0.9925 -0.0007 -0.1223
vn 0.9878 -0.0009 -0.1554
vn 0.9837 -0.0004 -0.1799
vn 0.9814 0.0037 0.1919
vn 0.9855 0.0031 0.1695
vn 0.9837 0.0033 0.1799
vn 0.9925 0.0018 0.1222
vn 0.6502 0.0383 -0.7588
vn 0.7061 0.0531 -0.7061
vn 0.7128 0.1810 -0.6776
vn 0.6343 0.2121 -0.7434
vn 0.7378 0.3826 -0.5561
vn 0.6640 0.4648 -0.5857
vn 0.7675 0.5478 -0.3329
vn 0.6922 0.6185 -0.3718
vn 0.7754 0.6174 -0.1326
vn 0.7148 0.6875 -0.1282
vn 0.5589 0.8292 -0.0059
vn 0.6633 0.7483 -0.0004
vn 0.7778 0.0110 -0.6284
vn 0.8052 0.0882 -0.5865
vn 0.8555 0.2612 -0.4470
vn 0.8755 0.4266 -0.2271
vn 0.8692 0.4794 -0.1209
vn 0.4769 0.8771 -0.0573
vn 0.8011 -0.0002 -0.5985
vn 0.8308 -0.0069 -0.5566
vn 0.8494 0.0240 -0.5272
vn 0.9802 -0.0309 0.1955
vn 0.9739 0.1326 -0.1842
vn 0.9891 0.1463 -0.0167
vn 0.9184 0.2423 -0.3127
vn 0.6602 -0.0001 -0.7510
vn 0.7065 -0.0003 -0.7077
vn 0.7070 0.0000 -0.7072
vn 0.6602 0.0000 -0.7510
vn 0.8019 -0.0004 -0.5975
vn 0.8015 0.0001 -0.5979
vn 0.8180 -0.0009 -0.5752
vn 0.8178 -0.0003 -0.5755
vn 0.8339 -0.0003 -0.5520
vn 0.8349 -0.0007 -0.5504
vn 0.7477 0.6641 -0.0000
vn 0.4507 0.8927 -0.0000
vn 0.7559 0.6224 -0.2031
vn 0.8655 0.0233 -0.5004
vn 0.9328 0.2287 -0.2786
vn 0.8166 -0.0039 -0.5772
vn 0.9316 0.0501 -0.3600
vn 0.6502 0.0383 0.7588
vn 0.6343 0.2121 0.7434
vn 0.7128 0.1810 0.6776
vn 0.7061 0.0531 0.7061
vn 0.6640 0.4648 0.5857
vn 0.7378 0.3826 0.5561
vn 0.6922 0.6185 0.3718
vn 0.7675 0.5478 0.3329
vn 0.7148 0.6875 0.1282
vn 0.7754 0.6174 0.1326
vn 0.6633 0.7483 0.0004
vn 0.5589 0.8292 0.0059
vn 0.8052 0.0882 0.5865
vn 0.7778 0.0110 0.6284
vn 0.8555 0.2612 0.4470
vn 0.8755 0.4266 0.2271
vn 0.8692 0.4794 0.1209
vn 0.4769 0.8771 0.0573
vn 0.8494 0.0240 0.5272
vn 0.8308 -0.0069 0.5566
vn 0.8011 -0.0002 0.5985
vn 0.9802 -0.0309 -0.1955
vn 0.9739 0.1326 0.1842
vn 0.9891 0.1463 0.0167
vn 0.9184 0.2423 0.3127
vn 0.6602 0.0077 0.7510
vn 0.6602 0.0000 0.7511
vn 0.7070 0.0000 0.7072
vn 0.7067 0.0070 0.7075
vn 0.8015 0.0001 0.5979
vn 0.8021 0.0058 0.5971
vn 0.8180 0.0051 0.5752
vn 0.8348 0.0050 0.5505
vn 0.8339 -0.0003 0.5520
vn 0.8178 -0.0003 0.5755
vn 0.7559 0.6224 0.2031
vn 0.8655 0.0233 0.5004
vn 0.9328 0.2287 0.2786
vn 0.9316 0.0501 0.3600
vn 0.8166 -0.0039 0.5772
vn 0.5594 0.8289 -0.0000
vn 0.6649 0.7470 -0.0000
vn 0.9631 0.2691 -0.0000
vn 0.9904 0.1380 -0.0000
vn 0.9104 0.0030 0.4137
vn 0.9102 -0.0000 0.4143
vn 1.0000 0.0000 -0.0000
vn 1.0000 -0.0000 -0.0008
vn 0.8329 -0.0002 -0.5535
vn 0.8010 0.0000 -0.5986
vn 0.7075 0.0000 -0.7067
vn 0.7077 0.0000 -0.7066
vn 0.8177 -0.0004 -0.5756
vn 0.9102 -0.0000 -0.4141
vn 0.9102 -0.0000 -0.4143
vn 0.8010 0.0000 0.5986
vn 0.8329 -0.0002 0.5535
vn 0.7075 0.0000 0.7067
vn 0.7077 0.0000 0.7066
vn 0.8177 -0.0004 0.5756
vn 0.9102 -0.0000 0.4141
vn 0.9986 0.0520 -0.0000
vn 0.9099 -0.0013 -0.4147
vn 0.9590 0.0000 -0.2834
vn 0.9674 -0.0001 -0.2533
vn 0.9674 0.0050 0.2533
vn 0.9590 0.0057 0.2834
vn 0.9725 -0.0014 -0.2329
# 237 vertex normals

vt 0.8314 0.0040 0.5130
vt 0.8311 0.0038 0.5130
vt 0.8297 0.0038 0.5403
vt 0.8298 0.0039 0.5403
vt 0.8302 0.0036 0.5130
vt 0.8293 0.0037 0.5403
vt 0.8293 0.0035 0.5130
vt 0.8286 0.0037 0.5403
vt 0.8283 0.0035 0.5130
vt 0.8282 0.0037 0.5403
vt 0.8142 0.0035 0.5133
vt 0.8142 0.0037 0.5450
vt 0.8280 0.0039 0.5642
vt 0.8281 0.0040 0.5636
vt 0.8278 0.0039 0.5646
vt 0.8274 0.0039 0.5644
vt 0.8272 0.0039 0.5641
vt 0.8142 0.0039 0.5750
vt 0.8262 0.0042 0.5809
vt 0.8263 0.0054 0.5807
vt 0.8281 0.0053 0.5633
vt 0.8262 0.0041 0.5808
vt 0.8261 0.0041 0.5803
vt 0.8260 0.0041 0.5800
vt 0.8258 0.0041 0.5796
vt 0.8313 0.7462 0.5130
vt 0.8313 0.5000 0.5130
vt 0.8304 0.5000 0.5403
vt 0.8307 0.7462 0.5403
vt 0.8293 0.5000 0.5629
vt 0.8300 0.7462 0.5629
vt 0.8293 0.7462 0.5798
vt 0.8283 0.5000 0.5799
vt 0.8275 0.5000 0.5922
vt 0.8288 0.7462 0.5922
vt 0.8018 0.0041 0.6936
vt 0.8142 0.0041 0.6817
vt 0.8018 0.0039 0.5747
vt 0.8252 0.0042 0.5922
vt 0.8141 0.0042 0.6896
vt 0.8141 0.0054 0.7107
vt 0.8252 0.0054 0.5922
vt 0.7721 0.0040 0.5130
vt 0.7737 0.0039 0.5403
vt 0.7738 0.0038 0.5403
vt 0.7724 0.0038 0.5130
vt 0.7742 0.0037 0.5403
vt 0.7733 0.0036 0.5130
vt 0.7749 0.0037 0.5403
vt 0.7742 0.0035 0.5130
vt 0.7753 0.0037 0.5403
vt 0.7752 0.0035 0.5130
vt 0.7893 0.0037 0.5450
vt 0.7893 0.0035 0.5133
vt 0.7754 0.0040 0.5636
vt 0.7755 0.0039 0.5642
vt 0.7757 0.0039 0.5646
vt 0.7761 0.0039 0.5644
vt 0.7763 0.0039 0.5641
vt 0.7893 0.0039 0.5750
vt 0.7754 0.0053 0.5633
vt 0.7772 0.0054 0.5807
vt 0.7773 0.0042 0.5809
vt 0.7773 0.0041 0.5808
vt 0.7774 0.0041 0.5803
vt 0.7775 0.0041 0.5800
vt 0.7777 0.0041 0.5797
vt 0.8085 0.7462 0.5403
vt 0.7963 0.5000 0.5403
vt 0.7954 0.5000 0.5130
vt 0.8078 0.7462 0.5130
vt 0.8091 0.7462 0.5629
vt 0.7973 0.5000 0.5629
vt 0.8103 0.7462 0.5922
vt 0.7991 0.5000 0.5922
vt 0.7984 0.5000 0.5799
vt 0.8098 0.7462 0.5798
vt 0.7894 0.0041 0.6817
vt 0.7783 0.0042 0.5922
vt 0.7894 0.0042 0.6896
vt 0.7783 0.0054 0.5922
vt 0.7894 0.0054 0.7107
vt 0.8018 0.0035 0.5132
vt 0.8018 0.0037 0.5449
vt 0.8018 0.0042 0.7018
vt 0.8018 0.0054 0.7347
vt 0.8196 0.7462 0.7560
vt 0.8133 0.5000 0.7560
vt 0.8058 0.5000 0.7107
vt 0.8147 0.7462 0.7107
vt 0.8263 0.0065 0.5804
vt 0.8263 0.0078 0.5800
vt 0.8281 0.0078 0.5630
vt 0.8281 0.0065 0.5631
vt 0.8314 0.0065 0.5130
vt 0.8314 0.0053 0.5130
vt 0.8298 0.0052 0.5403
vt 0.8298 0.0065 0.5403
vt 0.8252 0.0065 0.5922
vt 0.8141 0.0065 0.7107
vt 0.8141 0.0078 0.7107
vt 0.8252 0.0078 0.5922
vt 0.7754 0.0065 0.5631
vt 0.7754 0.0078 0.5630
vt 0.7772 0.0078 0.5800
vt 0.7772 0.0065 0.5804
vt 0.7737 0.0065 0.5403
vt 0.7737 0.0052 0.5403
vt 0.7721 0.0053 0.5130
vt 0.7721 0.0065 0.5130
vt 0.7783 0.0065 0.5922
vt 0.7783 0.0078 0.5922
vt 0.7894 0.0078 0.7107
vt 0.7894 0.0065 0.7107
vt 0.8018 0.0065 0.7560
vt 0.8018 0.0078 0.7560
vt 0.8314 0.0078 0.5130
vt 0.8298 0.0078 0.5403
vt 0.7737 0.0078 0.5403
vt 0.7721 0.0078 0.5130
vt 0.8270 0.2539 0.5799
vt 0.8284 0.2539 0.5629
vt 0.8175 0.2539 0.7107
vt 0.8209 0.5000 0.7107
vt 0.8261 0.2539 0.5922
vt 0.7874 0.2539 0.5629
vt 0.7888 0.2539 0.5799
vt 0.7897 0.2539 0.5922
vt 0.7983 0.2539 0.7107
vt 0.8079 0.2539 0.7560
vt 0.8315 0.9973 0.5129
vt 0.8312 0.9974 0.5403
vt 0.8311 0.9975 0.5403
vt 0.8314 0.9976 0.5129
vt 0.8310 0.9976 0.5403
vt 0.8312 0.9977 0.5129
vt 0.8309 0.9976 0.5403
vt 0.8311 0.9978 0.5129
vt 0.8308 0.9977 0.5403
vt 0.8308 0.9978 0.5129
vt 0.8280 0.9977 0.5450
vt 0.8280 0.9978 0.5132
vt 0.8308 0.9973 0.5635
vt 0.8308 0.9974 0.5642
vt 0.8307 0.9974 0.5646
vt 0.8307 0.9975 0.5644
vt 0.8306 0.9975 0.5641
vt 0.8280 0.9975 0.5846
vt 0.8308 0.9961 0.5633
vt 0.8304 0.9960 0.5807
vt 0.8304 0.9972 0.5846
vt 0.8304 0.9972 0.5848
vt 0.8304 0.9972 0.5845
vt 0.8304 0.9972 0.5842
vt 0.8303 0.9973 0.5837
vt 0.8315 0.9923 0.5130
vt 0.8312 0.9923 0.5403
vt 0.8312 0.9936 0.5403
vt 0.8315 0.9936 0.5130
vt 0.8308 0.9923 0.5628
vt 0.8308 0.9936 0.5630
vt 0.8302 0.9923 0.5922
vt 0.8302 0.9936 0.5922
vt 0.8304 0.9936 0.5800
vt 0.8305 0.9923 0.5797
vt 0.8255 0.9973 0.6827
vt 0.8255 0.9976 0.5844
vt 0.8280 0.9973 0.6708
vt 0.8302 0.9970 0.5939
vt 0.8280 0.9970 0.6913
vt 0.8302 0.9959 0.5922
vt 0.8280 0.9959 0.7107
vt 0.8195 0.9973 0.5130
vt 0.8196 0.9976 0.5130
vt 0.8199 0.9975 0.5403
vt 0.8198 0.9974 0.5403
vt 0.8197 0.9977 0.5130
vt 0.8199 0.9976 0.5403
vt 0.8199 0.9978 0.5130
vt 0.8201 0.9976 0.5403
vt 0.8201 0.9978 0.5130
vt 0.8201 0.9977 0.5403
vt 0.8230 0.9978 0.5132
vt 0.8230 0.9977 0.5450
vt 0.8202 0.9974 0.5642
vt 0.8202 0.9973 0.5635
vt 0.8202 0.9974 0.5646
vt 0.8203 0.9975 0.5644
vt 0.8204 0.9975 0.5641
vt 0.8230 0.9975 0.5846
vt 0.8205 0.9972 0.5846
vt 0.8205 0.9960 0.5807
vt 0.8202 0.9961 0.5633
vt 0.8206 0.9972 0.5848
vt 0.8206 0.9972 0.5845
vt 0.8206 0.9972 0.5842
vt 0.8206 0.9973 0.5837
vt 0.8195 0.9923 0.5130
vt 0.8195 0.9936 0.5130
vt 0.8198 0.9936 0.5403
vt 0.8198 0.9923 0.5403
vt 0.8202 0.9936 0.5630
vt 0.8202 0.9923 0.5628
vt 0.8208 0.9923 0.5922
vt 0.8205 0.9923 0.5797
vt 0.8205 0.9936 0.5800
vt 0.8208 0.9936 0.5922
vt 0.8230 0.9973 0.6708
vt 0.8208 0.9970 0.5939
vt 0.8230 0.9970 0.6913
vt 0.8230 0.9959 0.7107
vt 0.8208 0.9959 0.5922
vt 0.8255 0.9977 0.5448
vt 0.8255 0.9978 0.5132
vt 0.8255 0.9970 0.7035
vt 0.8255 0.9959 0.7346
vt 0.8230 0.9923 0.7107
vt 0.8230 0.9936 0.7107
vt 0.8255 0.9936 0.7560
vt 0.8255 0.9923 0.7560
vt 0.8304 0.9948 0.5804
vt 0.8308 0.9948 0.5631
vt 0.8315 0.9948 0.5130
vt 0.8312 0.9948 0.5403
vt 0.8312 0.9961 0.5403
vt 0.8315 0.9961 0.5130
vt 0.8302 0.9948 0.5922
vt 0.8280 0.9948 0.7107
vt 0.8280 0.9936 0.7107
vt 0.8202 0.9948 0.5631
vt 0.8205 0.9948 0.5804
vt 0.8198 0.9948 0.5403
vt 0.8195 0.9948 0.5130
vt 0.8195 0.9961 0.5130
vt 0.8198 0.9961 0.5403
vt 0.8208 0.9948 0.5922
vt 0.8230 0.9948 0.7107
vt 0.8255 0.9948 0.7560
vt 0.8280 0.9923 0.7107
vt 0.8309 0.2539 0.5130
vt 0.8297 0.2539 0.5403
vt 0.7861 0.2539 0.5403
vt 0.7849 0.2539 0.5130
vt 0.8245 0.7462 0.7107
# 244 texture coords

o Rectangle017
g Rectangle017
usemtl wire_115115115
s off
f 3428/3441/3330 3427/3440/3329 3426/3439/3328 3425/3438/3327 
f 3427/3440/3329 3430/3443/3332 3429/3442/3331 3426/3439/3328 
f 3430/3443/3332 3432/3445/3334 3431/3444/3333 3429/3442/3331 
f 3432/3445/3334 3434/3447/3336 3433/3446/3335 3431/3444/3333 
f 3434/3447/3336 3436/3449/3338 3435/3448/3337 3433/3446/3335 
f 3438/3451/3340 3437/3450/3339 3427/3440/3329 3428/3441/3330 
f 3437/3450/3339 3439/3452/3341 3430/3443/3332 3427/3440/3329 
f 3439/3452/3341 3440/3453/3342 3432/3445/3334 3430/3443/3332 
f 3440/3453/3342 3441/3454/3343 3434/3447/3336 3432/3445/3334 
f 3441/3454/3343 3442/3455/3344 3436/3449/3338 3434/3447/3336 
f 3445/3458/3347 3444/3457/3346 3443/3456/3345 3438/3451/3340 
f 3438/3451/3340 3443/3456/3345 3446/3459/3348 3437/3450/3339 
f 3437/3450/3339 3446/3459/3348 3447/3460/3349 3439/3452/3341 
f 3439/3452/3341 3447/3460/3349 3448/3461/3350 3440/3453/3342 
f 3440/3453/3342 3448/3461/3350 3449/3462/3351 3441/3454/3343 
f 3453/3466/3355 3452/3465/3354 3451/3464/3353 3450/3463/3352 
f 3455/3468/3357 3454/3467/3356 3452/3465/3354 3453/3466/3355 
s 1
f 3459/3472/3361 3458/3471/3360 3457/3470/3359 3456/3469/3358 
s off
f 3462/3475/3364 3442/3455/3344 3461/3474/3363 3460/3473/3362 
s 1
f 3463/3476/3365 3449/3462/3351 3448/3461/3350 3447/3460/3349 3446/3459/3348 3443/3456/3345 
f 3463/3476/3365 3464/3477/3366 3461/3474/3363 3449/3462/3351 
f 3466/3479/3368 3465/3478/3367 3464/3477/3366 3463/3476/3365 
s off
f 3470/3483/3372 3469/3482/3371 3468/3481/3370 3467/3480/3369 
f 3472/3485/3374 3471/3484/3373 3469/3482/3371 3470/3483/3372 
f 3474/3487/3376 3473/3486/3375 3471/3484/3373 3472/3485/3374 
f 3476/3489/3378 3475/3488/3377 3473/3486/3375 3474/3487/3376 
f 3478/3491/3380 3477/3490/3379 3475/3488/3377 3476/3489/3378 
f 3469/3482/3371 3480/3493/3382 3479/3492/3381 3468/3481/3370 
f 3471/3484/3373 3481/3494/3383 3480/3493/3382 3469/3482/3371 
f 3473/3486/3375 3482/3495/3384 3481/3494/3383 3471/3484/3373 
f 3475/3488/3377 3483/3496/3385 3482/3495/3384 3473/3486/3375 
f 3477/3490/3379 3484/3497/3386 3483/3496/3385 3475/3488/3377 
f 3487/3500/3389 3486/3499/3388 3485/3498/3387 3479/3492/3381 
f 3488/3501/3390 3487/3500/3389 3479/3492/3381 3480/3493/3382 
f 3489/3502/3391 3488/3501/3390 3480/3493/3382 3481/3494/3383 
f 3490/3503/3392 3489/3502/3391 3481/3494/3383 3482/3495/3384 
f 3491/3504/3393 3490/3503/3392 3482/3495/3384 3483/3496/3385 
f 3495/3508/3397 3494/3507/3396 3493/3506/3395 3492/3505/3394 
f 3492/3505/3394 3493/3506/3395 3497/3510/3399 3496/3509/3398 
s 1
f 3501/3514/3403 3500/3513/3402 3499/3512/3401 3498/3511/3400 
s off
f 3502/3515/3404 3484/3497/3386 3462/3475/3364 3460/3473/3362 
s 1
f 3488/3501/3390 3489/3502/3391 3490/3503/3392 3491/3504/3393 3503/3516/3405 3487/3500/3389 
f 3502/3515/3404 3504/3517/3406 3503/3516/3405 3491/3504/3393 
f 3504/3517/3406 3506/3519/3408 3505/3518/3407 3503/3516/3405 
s off
f 3436/3449/3338 3508/3521/3410 3507/3520/3409 3435/3448/3337 
f 3442/3455/3344 3462/3475/3364 3508/3521/3410 3436/3449/3338 
f 3442/3455/3344 3441/3454/3343 3449/3462/3351 3461/3474/3363 
s 1
f 3464/3477/3366 3509/3522/3411 3460/3473/3362 3461/3474/3363 
f 3465/3478/3367 3510/3523/3412 3509/3522/3411 3464/3477/3366 
s off
f 3478/3491/3380 3507/3520/3409 3508/3521/3410 3477/3490/3379 
f 3477/3490/3379 3508/3521/3410 3462/3475/3364 3484/3497/3386 
f 3502/3515/3404 3491/3504/3393 3483/3496/3385 3484/3497/3386 
s 1
f 3502/3515/3404 3460/3473/3362 3509/3522/3411 3504/3517/3406 
f 3514/3527/3416 3513/3526/3415 3512/3525/3414 3511/3524/3413 
s off
f 3518/3531/3420 3517/3530/3419 3516/3529/3418 3515/3528/3417 
f 3522/3535/3423 3521/3534/3422 3520/3533/3421 3519/3532/3421 
f 3518/3531/3420 3445/3458/3347 3521/3534/3422 3522/3535/3423 
s 1
f 3523/3536/3424 3466/3479/3368 3444/3457/3346 3515/3528/3417 
f 3523/3536/3424 3526/3539/3427 3525/3538/3426 3524/3537/3425 
s off
f 3530/3543/3431 3529/3542/3430 3528/3541/3429 3527/3540/3428 
f 3534/3547/3434 3533/3546/3434 3532/3545/3433 3531/3544/3432 
f 3531/3544/3432 3532/3545/3433 3485/3498/3387 3527/3540/3428 
s 1
f 3530/3543/3431 3486/3499/3388 3505/3518/3407 3535/3548/3435 
f 3538/3551/3438 3537/3550/3437 3536/3549/3436 3535/3548/3435 
f 3524/3537/3425 3525/3538/3426 3540/3553/3440 3539/3552/3439 
f 3538/3551/3438 3506/3519/3408 3510/3523/3412 3539/3552/3439 
s off
f 3542/3555/3442 3522/3535/3423 3519/3532/3421 3541/3554/3441 
f 3517/3530/3419 3518/3531/3420 3522/3535/3423 3542/3555/3442 
s 1
f 3526/3539/3427 3523/3536/3424 3515/3528/3417 3516/3529/3418 
s off
f 3544/3557/3444 3534/3547/3434 3531/3544/3432 3543/3556/3443 
f 3543/3556/3443 3531/3544/3432 3527/3540/3428 3528/3541/3429 
s 1
f 3529/3542/3430 3530/3543/3431 3535/3548/3435 3536/3549/3436 
f 3537/3550/3437 3538/3551/3438 3539/3552/3439 3540/3553/3440 
s off
f 3546/3559/3446 3454/3467/3356 3457/3470/3359 3545/3558/3445 
s 1
f 3549/3562/3449 3458/3471/3360 3548/3561/3448 3547/3560/3447 
s off
f 3551/3564/3451 3500/3513/3402 3497/3510/3399 3550/3563/3450 
s 1
f 3553/3566/3453 3513/3526/3415 3499/3512/3401 3552/3565/3452 
f 3547/3560/3447 3548/3561/3448 3512/3525/3414 3554/3567/3413 
s off
f 3445/3458/3347 3518/3531/3420 3515/3528/3417 3444/3457/3346 
s 1
f 3466/3479/3368 3523/3536/3424 3524/3537/3425 3465/3478/3367 
s off
f 3486/3499/3388 3530/3543/3431 3527/3540/3428 3485/3498/3387 
s 1
f 3506/3519/3408 3538/3551/3438 3535/3548/3435 3505/3518/3407 
f 3465/3478/3367 3524/3537/3425 3539/3552/3439 3510/3523/3412 
s off
f 3521/3534/3422 3428/3441/3330 3425/3438/3327 3520/3533/3421 
f 3445/3458/3347 3438/3451/3340 3428/3441/3330 3521/3534/3422 
s 1
f 3466/3479/3368 3463/3476/3365 3443/3456/3345 3444/3457/3346 
s off
f 3533/3546/3434 3467/3480/3369 3468/3481/3370 3532/3545/3433 
f 3532/3545/3433 3468/3481/3370 3479/3492/3381 3485/3498/3387 
s 1
f 3486/3499/3388 3487/3500/3389 3503/3516/3405 3505/3518/3407 
f 3506/3519/3408 3504/3517/3406 3509/3522/3411 3510/3523/3412 
s off
f 3558/3571/3457 3557/3570/3456 3556/3569/3455 3555/3568/3454 
f 3560/3573/3459 3559/3572/3458 3557/3570/3456 3558/3571/3457 
f 3562/3575/3461 3561/3574/3460 3559/3572/3458 3560/3573/3459 
f 3564/3577/3463 3563/3576/3462 3561/3574/3460 3562/3575/3461 
f 3566/3579/3465 3565/3578/3464 3563/3576/3462 3564/3577/3463 
f 3557/3570/3456 3568/3581/3467 3567/3580/3466 3556/3569/3455 
f 3559/3572/3458 3569/3582/3468 3568/3581/3467 3557/3570/3456 
f 3561/3574/3460 3570/3583/3469 3569/3582/3468 3559/3572/3458 
f 3563/3576/3462 3571/3584/3470 3570/3583/3469 3561/3574/3460 
f 3565/3578/3464 3572/3585/3471 3571/3584/3470 3563/3576/3462 
f 3575/3588/3474 3574/3587/3473 3573/3586/3472 3567/3580/3466 
f 3576/3589/3475 3575/3588/3474 3567/3580/3466 3568/3581/3467 
f 3577/3590/3476 3576/3589/3475 3568/3581/3467 3569/3582/3468 
f 3578/3591/3477 3577/3590/3476 3569/3582/3468 3570/3583/3469 
f 3579/3592/3478 3578/3591/3477 3570/3583/3469 3571/3584/3470 
f 3583/3596/3482 3582/3595/3481 3581/3594/3480 3580/3593/3479 
f 3582/3595/3481 3585/3598/3484 3584/3597/3483 3581/3594/3480 
s 1
f 3589/3602/3488 3588/3601/3487 3587/3600/3486 3586/3599/3485 
s off
f 3592/3605/3491 3572/3585/3471 3591/3604/3490 3590/3603/3489 
s 1
f 3576/3589/3475 3577/3590/3476 3578/3591/3477 3579/3592/3478 3593/3606/3492 3575/3588/3474 
f 3592/3605/3491 3594/3607/3493 3593/3606/3492 3579/3592/3478 
f 3594/3607/3493 3596/3609/3495 3595/3608/3494 3593/3606/3492 
s off
f 3600/3613/3499 3599/3612/3498 3598/3611/3497 3597/3610/3496 
f 3599/3612/3498 3602/3615/3501 3601/3614/3500 3598/3611/3497 
f 3602/3615/3501 3604/3617/3503 3603/3616/3502 3601/3614/3500 
f 3604/3617/3503 3606/3619/3505 3605/3618/3504 3603/3616/3502 
f 3606/3619/3505 3608/3621/3507 3607/3620/3506 3605/3618/3504 
f 3610/3623/3509 3609/3622/3508 3599/3612/3498 3600/3613/3499 
f 3609/3622/3508 3611/3624/3510 3602/3615/3501 3599/3612/3498 
f 3611/3624/3510 3612/3625/3511 3604/3617/3503 3602/3615/3501 
f 3612/3625/3511 3613/3626/3512 3606/3619/3505 3604/3617/3503 
f 3613/3626/3512 3614/3627/3513 3608/3621/3507 3606/3619/3505 
f 3617/3630/3516 3616/3629/3515 3615/3628/3514 3610/3623/3509 
f 3610/3623/3509 3615/3628/3514 3618/3631/3517 3609/3622/3508 
f 3609/3622/3508 3618/3631/3517 3619/3632/3518 3611/3624/3510 
f 3611/3624/3510 3619/3632/3518 3620/3633/3519 3612/3625/3511 
f 3612/3625/3511 3620/3633/3519 3621/3634/3520 3613/3626/3512 
f 3625/3638/3524 3624/3637/3523 3623/3636/3522 3622/3635/3521 
f 3627/3640/3526 3626/3639/3525 3624/3637/3523 3625/3638/3524 
s 1
f 3631/3644/3530 3630/3643/3529 3629/3642/3528 3628/3641/3527 
s off
f 3591/3604/3490 3614/3627/3513 3632/3645/3531 3590/3603/3489 
s 1
f 3633/3646/3532 3621/3634/3520 3620/3633/3519 3619/3632/3518 3618/3631/3517 3615/3628/3514 
f 3633/3646/3532 3634/3647/3533 3632/3645/3531 3621/3634/3520 
f 3636/3649/3535 3635/3648/3534 3634/3647/3533 3633/3646/3532 
s off
f 3638/3651/3537 3637/3650/3536 3565/3578/3464 3566/3579/3465 
f 3637/3650/3536 3591/3604/3490 3572/3585/3471 3565/3578/3464 
f 3579/3592/3478 3571/3584/3470 3572/3585/3471 3592/3605/3491 
s 1
f 3590/3603/3489 3639/3652/3538 3594/3607/3493 3592/3605/3491 
f 3639/3652/3538 3640/3653/3539 3596/3609/3495 3594/3607/3493 
s off
f 3637/3650/3536 3638/3651/3537 3607/3620/3506 3608/3621/3507 
f 3591/3604/3490 3637/3650/3536 3608/3621/3507 3614/3627/3513 
f 3613/3626/3512 3621/3634/3520 3632/3645/3531 3614/3627/3513 
s 1
f 3639/3652/3538 3590/3603/3489 3632/3645/3531 3634/3647/3533 
f 3644/3657/3543 3643/3656/3542 3642/3655/3541 3641/3654/3540 
s off
f 3588/3601/3487 3585/3598/3484 3646/3659/3545 3645/3658/3544 
f 3650/3663/3482 3649/3662/3547 3648/3661/3546 3647/3660/3482 
f 3649/3662/3547 3573/3586/3472 3646/3659/3545 3648/3661/3546 
s 1
f 3574/3587/3473 3595/3608/3494 3651/3664/3548 3645/3658/3544 
f 3653/3666/3550 3587/3600/3486 3651/3664/3548 3652/3665/3549 
s off
f 3626/3639/3525 3630/3643/3529 3655/3668/3552 3654/3667/3551 
f 3659/3672/3554 3658/3671/3522 3657/3670/3522 3656/3669/3553 
f 3617/3630/3516 3659/3672/3554 3656/3669/3553 3654/3667/3551 
s 1
f 3636/3649/3535 3616/3629/3515 3655/3668/3552 3660/3673/3555 
f 3631/3644/3530 3642/3655/3541 3661/3674/3556 3660/3673/3555 
f 3643/3656/3542 3653/3666/3550 3652/3665/3549 3662/3675/3557 
f 3640/3653/3539 3635/3648/3534 3661/3674/3556 3662/3675/3557 
s off
f 3647/3660/3482 3648/3661/3546 3582/3595/3481 3583/3596/3482 
f 3648/3661/3546 3646/3659/3545 3585/3598/3484 3582/3595/3481 
s 1
f 3645/3658/3544 3651/3664/3548 3587/3600/3486 3588/3601/3487 
s off
f 3656/3669/3553 3657/3670/3522 3623/3636/3522 3624/3637/3523 
f 3654/3667/3551 3656/3669/3553 3624/3637/3523 3626/3639/3525 
s 1
f 3660/3673/3555 3655/3668/3552 3630/3643/3529 3631/3644/3530 
f 3662/3675/3557 3661/3674/3556 3642/3655/3541 3643/3656/3542 
s off
f 3589/3602/3488 3584/3597/3483 3585/3598/3484 3588/3601/3487 
s 1
f 3663/3676/3558 3586/3599/3485 3587/3600/3486 3653/3666/3550 
s off
f 3627/3640/3526 3629/3642/3528 3630/3643/3529 3626/3639/3525 
s 1
f 3628/3641/3527 3641/3654/3540 3642/3655/3541 3631/3644/3530 
f 3644/3657/3543 3663/3676/3558 3653/3666/3550 3643/3656/3542 
s off
f 3645/3658/3544 3646/3659/3545 3573/3586/3472 3574/3587/3473 
s 1
f 3652/3665/3549 3651/3664/3548 3595/3608/3494 3596/3609/3495 
s off
f 3654/3667/3551 3655/3668/3552 3616/3629/3515 3617/3630/3516 
s 1
f 3660/3673/3555 3661/3674/3556 3635/3648/3534 3636/3649/3535 
f 3662/3675/3557 3652/3665/3549 3596/3609/3495 3640/3653/3539 
s off
f 3555/3568/3454 3556/3569/3455 3649/3662/3547 3650/3663/3482 
f 3556/3569/3455 3567/3580/3466 3573/3586/3472 3649/3662/3547 
s 1
f 3575/3588/3474 3593/3606/3492 3595/3608/3494 3574/3587/3473 
s off
f 3600/3613/3499 3597/3610/3496 3658/3671/3522 3659/3672/3554 
f 3610/3623/3509 3600/3613/3499 3659/3672/3554 3617/3630/3516 
s 1
f 3633/3646/3532 3615/3628/3514 3616/3629/3515 3636/3649/3535 
f 3639/3652/3538 3634/3647/3533 3635/3648/3534 3640/3653/3539 
s off
f 3665/3678/3560 3542/3555/3442 3541/3554/3441 3664/3677/3559 
f 3452/3465/3354 3665/3678/3560 3664/3677/3559 3451/3464/3353 
f 3450/3463/3352 3580/3593/3479 3581/3594/3480 3453/3466/3355 
f 3546/3559/3446 3517/3530/3419 3542/3555/3442 3665/3678/3560 
f 3454/3467/3356 3546/3559/3446 3665/3678/3560 3452/3465/3354 
f 3453/3466/3355 3581/3594/3480 3584/3597/3483 3455/3468/3357 
s 1
f 3549/3562/3449 3526/3539/3427 3516/3529/3418 3545/3558/3445 
f 3458/3471/3360 3549/3562/3449 3545/3558/3445 3457/3470/3359 
f 3456/3469/3358 3589/3602/3488 3586/3599/3485 3459/3472/3361 
s off
f 3667/3680/3562 3544/3557/3444 3543/3556/3443 3666/3679/3561 
f 3494/3507/3396 3667/3680/3562 3666/3679/3561 3493/3506/3395 
f 3492/3505/3394 3625/3638/3524 3622/3635/3521 3495/3508/3397 
f 3666/3679/3561 3543/3556/3443 3528/3541/3429 3550/3563/3450 
f 3493/3506/3395 3666/3679/3561 3550/3563/3450 3497/3510/3399 
f 3496/3509/3398 3627/3640/3526 3625/3638/3524 3492/3505/3394 
s 1
f 3551/3564/3451 3529/3542/3430 3536/3549/3436 3552/3565/3452 
f 3500/3513/3402 3551/3564/3451 3552/3565/3452 3499/3512/3401 
f 3498/3511/3400 3628/3641/3527 3629/3642/3528 3501/3514/3403 
f 3553/3566/3453 3537/3550/3437 3540/3553/3440 3554/3567/3413 
f 3513/3526/3415 3553/3566/3453 3554/3567/3413 3512/3525/3414 
f 3511/3524/3413 3644/3657/3543 3641/3654/3540 3514/3527/3416 
s off
f 3455/3468/3357 3584/3597/3483 3589/3602/3488 3456/3469/3358 
f 3454/3467/3356 3455/3468/3357 3456/3469/3358 3457/3470/3359 
f 3545/3558/3445 3516/3529/3418 3517/3530/3419 3546/3559/3446 
s 1
f 3459/3472/3361 3586/3599/3485 3663/3676/3558 3668/3681/3563 
f 3458/3471/3360 3459/3472/3361 3668/3681/3563 3548/3561/3448 
f 3547/3560/3447 3525/3538/3426 3526/3539/3427 3549/3562/3449 
s off
f 3501/3514/3403 3629/3642/3528 3627/3640/3526 3496/3509/3398 
f 3500/3513/3402 3501/3514/3403 3496/3509/3398 3497/3510/3399 
f 3550/3563/3450 3528/3541/3429 3529/3542/3430 3551/3564/3451 
s 1
f 3514/3527/3416 3641/3654/3540 3628/3641/3527 3498/3511/3400 
f 3513/3526/3415 3514/3527/3416 3498/3511/3400 3499/3512/3401 
f 3552/3565/3452 3536/3549/3436 3537/3550/3437 3553/3566/3453 
f 3668/3681/3563 3663/3676/3558 3644/3657/3543 3511/3524/3413 
f 3548/3561/3448 3668/3681/3563 3511/3524/3413 3512/3525/3414 
f 3554/3567/3413 3540/3553/3440 3525/3538/3426 3547/3560/3447 
# 216 polygons

#
# object Rectangle018
#

v  -892.8874 42.0632 -660.6232
v  -892.8874 41.4788 -660.2455
v  -892.3407 41.5833 -658.5453
v  -892.3407 41.8706 -658.7188
v  -892.8874 41.0256 -659.2317
v  -892.3407 41.3665 -658.1169
v  -892.8874 40.8342 -658.1278
v  -892.3407 41.2209 -657.2855
v  -892.8874 40.7332 -656.9100
v  -892.3407 41.1833 -656.8005
v  -892.8816 40.7332 -639.9421
v  -892.2462 41.1833 -639.9412
v  -891.8619 41.9565 -656.5197
v  -891.8755 42.1367 -656.6188
v  -891.8544 41.8533 -656.3336
v  -891.8593 41.7554 -655.8441
v  -891.8640 41.7344 -655.5596
v  -891.6477 41.7102 -639.9304
v  -891.5294 42.5764 -654.4189
v  -891.5324 45.9089 -654.4526
v  -891.8813 45.6887 -656.6412
v  -891.5306 42.4775 -654.3430
v  -891.5409 42.4011 -654.2640
v  -891.5461 42.3550 -654.1158
v  -891.5538 42.3152 -653.9329
v  -892.8877 2120.1904 -660.4866
v  -892.8876 1431.0022 -660.5292
v  -892.3409 1431.0017 -659.3741
v  -892.3411 2120.1902 -659.7334
v  -891.8887 1431.0051 -658.1398
v  -891.8894 2120.1919 -658.9302
v  -891.5516 2120.1943 -658.0829
v  -891.5497 1431.0098 -656.8375
v  -891.3029 1431.0117 -655.9858
v  -891.3030 2120.1951 -657.5233
v  -889.2749 42.3059 -625.0376
v  -889.5138 42.3103 -639.9164
v  -891.6519 41.7083 -625.0376
v  -891.3027 42.7292 -653.1682
v  -889.3550 42.7485 -639.9099
v  -888.9324 45.9961 -639.9098
v  -891.3027 45.9866 -653.1581
v  -892.8873 42.0632 -589.4520
v  -892.3407 41.8706 -591.3564
v  -892.3407 41.5833 -591.5299
v  -892.8873 41.4788 -589.8297
v  -892.3407 41.3665 -591.9583
v  -892.8873 41.0256 -590.8435
v  -892.3407 41.2209 -592.7897
v  -892.8873 40.8342 -591.9474
v  -892.3407 41.1833 -593.2747
v  -892.8873 40.7332 -593.1652
v  -892.2462 41.1833 -610.1343
v  -892.8816 40.7332 -610.1334
v  -891.8755 42.1367 -593.4563
v  -891.8619 41.9565 -593.5555
v  -891.8544 41.8533 -593.7416
v  -891.8593 41.7554 -594.2311
v  -891.8640 41.7344 -594.5156
v  -891.6477 41.7102 -610.1448
v  -891.8813 45.6887 -593.4340
v  -891.5323 45.9089 -595.6226
v  -891.5293 42.5764 -595.6563
v  -891.5306 42.4775 -595.7322
v  -891.5409 42.4011 -595.8112
v  -891.5461 42.3550 -595.9594
v  -891.5538 42.3152 -596.1423
v  -892.3411 2120.1902 -633.0922
v  -892.3409 1431.0017 -618.5139
v  -892.8876 1431.0022 -617.3587
v  -892.8877 2120.1904 -632.3390
v  -891.8894 2120.1919 -633.8953
v  -891.8887 1431.0051 -619.7482
v  -891.3030 2120.1953 -635.3023
v  -891.3029 1431.0117 -621.9022
v  -891.5497 1431.0098 -621.0504
v  -891.5516 2120.1941 -634.7427
v  -889.5138 42.3103 -610.1586
v  -891.3027 42.7292 -596.9070
v  -889.3550 42.7485 -610.1651
v  -891.3027 45.9866 -596.9171
v  -888.9324 45.9961 -610.1652
v  -892.8826 40.7332 -625.0376
v  -892.2498 41.1833 -625.0376
v  -889.1108 42.7678 -625.0376
v  -888.4534 46.0056 -625.0376
v  -888.0271 2120.1951 -646.4128
v  -888.0270 1431.0117 -638.9440
v  -888.9326 1431.0117 -629.9229
v  -888.9327 2120.1953 -640.5309
v  -891.5385 49.2415 -654.4864
v  -891.5460 52.6409 -654.5202
v  -891.8873 52.6316 -656.6757
v  -891.8849 49.2366 -656.6592
v  -892.8874 49.2356 -660.6232
v  -892.8874 45.6494 -660.6232
v  -892.3407 45.5520 -658.7188
v  -892.3407 49.2336 -658.7188
v  -891.3027 49.2434 -653.1480
v  -888.9324 49.2434 -639.9097
v  -888.9324 52.6448 -639.9096
v  -891.3027 52.6448 -653.1379
v  -891.8849 49.2366 -593.4160
v  -891.8873 52.6316 -593.3995
v  -891.5459 52.6409 -595.5551
v  -891.5385 49.2415 -595.5888
v  -892.3407 49.2336 -591.3564
v  -892.3407 45.5520 -591.3564
v  -892.8873 45.6494 -589.4520
v  -892.8873 49.2356 -589.4520
v  -891.3027 49.2434 -596.9272
v  -891.3027 52.6448 -596.9373
v  -888.9324 52.6448 -610.1654
v  -888.9324 49.2434 -610.1653
v  -888.0267 49.2439 -625.0376
v  -888.0267 52.6448 -625.0376
v  -892.8874 52.6257 -660.6232
v  -892.3407 52.6248 -658.7188
v  -892.3407 52.6248 -591.3564
v  -892.8873 52.6257 -589.4520
v  -891.5479 741.8254 -655.2947
v  -891.8880 741.8184 -656.9649
v  -888.9325 741.8281 -643.9441
v  -888.9326 1431.0117 -647.9649
v  -891.3028 741.8281 -654.2130
v  -891.8880 741.8184 -607.8292
v  -891.5479 741.8252 -609.4994
v  -891.3028 741.8284 -610.5811
v  -888.9325 741.8284 -620.8499
v  -888.0269 741.8281 -632.3970
v  -892.8878 2823.4834 -660.6974
v  -892.3412 2823.6760 -660.3132
v  -892.3412 2823.9631 -660.2783
v  -892.8878 2824.0681 -660.6212
v  -892.3412 2824.1799 -660.1918
v  -892.8878 2824.5210 -660.4167
v  -892.3412 2824.3254 -660.0240
v  -892.8878 2824.7124 -660.1940
v  -892.3412 2824.3630 -659.9263
v  -892.8878 2824.8135 -659.9484
v  -892.2466 2824.3630 -656.5250
v  -892.8820 2824.8135 -656.5252
v  -891.8760 2823.4099 -659.8896
v  -891.8624 2823.5901 -659.8696
v  -891.8549 2823.6931 -659.8320
v  -891.8598 2823.7910 -659.7333
v  -891.8645 2823.8120 -659.6759
v  -891.4556 2824.0479 -656.5228
v  -891.8818 2819.8577 -659.8941
v  -891.5328 2819.6375 -659.4526
v  -891.4541 2822.9700 -659.4457
v  -891.4514 2823.0691 -659.4305
v  -891.4570 2823.1458 -659.4146
v  -891.4634 2823.1917 -659.3846
v  -891.4727 2823.2314 -659.3477
v  -892.8878 2809.3787 -660.6974
v  -892.3412 2809.3787 -660.3132
v  -892.3412 2812.9216 -660.3132
v  -892.8878 2812.9209 -660.6974
v  -891.8901 2809.3787 -659.9044
v  -891.8878 2812.9150 -659.9011
v  -891.3032 2809.3787 -659.1853
v  -891.3032 2812.9019 -659.1873
v  -891.5464 2812.9060 -659.4662
v  -891.5535 2809.3787 -659.4730
v  -889.4927 2823.2410 -653.5183
v  -891.4598 2824.0500 -653.5183
v  -889.7316 2823.2363 -656.5200
v  -891.2692 2822.4360 -659.1934
v  -889.3215 2822.4167 -656.5187
v  -891.3032 2819.5603 -659.1914
v  -888.9329 2819.5505 -656.5187
v  -892.8878 2823.4834 -646.3392
v  -892.8878 2824.0681 -646.4154
v  -892.3412 2823.9631 -646.7584
v  -892.3412 2823.6760 -646.7234
v  -892.8878 2824.5210 -646.6199
v  -892.3412 2824.1799 -646.8448
v  -892.8878 2824.7124 -646.8426
v  -892.3412 2824.3254 -647.0126
v  -892.8878 2824.8135 -647.0883
v  -892.3412 2824.3630 -647.1104
v  -892.8820 2824.8135 -650.5115
v  -892.2466 2824.3630 -650.5117
v  -891.8624 2823.5901 -647.1670
v  -891.8760 2823.4099 -647.1470
v  -891.8549 2823.6931 -647.2046
v  -891.8598 2823.7910 -647.3033
v  -891.8645 2823.8120 -647.3607
v  -891.4556 2824.0479 -650.5138
v  -891.4541 2822.9700 -647.5909
v  -891.5328 2819.6375 -647.5840
v  -891.8818 2819.8577 -647.1425
v  -891.4514 2823.0691 -647.6061
v  -891.4570 2823.1458 -647.6221
v  -891.4634 2823.1917 -647.6520
v  -891.4726 2823.2314 -647.6889
v  -892.8878 2809.3787 -646.3392
v  -892.8878 2812.9209 -646.3392
v  -892.3412 2812.9216 -646.7234
v  -892.3412 2809.3787 -646.7234
v  -891.8878 2812.9150 -647.1356
v  -891.8901 2809.3787 -647.1323
v  -891.3032 2809.3787 -647.8513
v  -891.5535 2809.3787 -647.5636
v  -891.5464 2812.9060 -647.5704
v  -891.3032 2812.9021 -647.8493
v  -889.7316 2823.2363 -650.5166
v  -891.2692 2822.4360 -647.8432
v  -889.3215 2822.4167 -650.5179
v  -888.9329 2819.5505 -650.5179
v  -891.3032 2819.5603 -647.8452
v  -892.2503 2824.3630 -653.5183
v  -892.8831 2824.8135 -653.5183
v  -889.0773 2822.3977 -653.5183
v  -888.4539 2819.5410 -653.5183
v  -888.9329 2809.3787 -650.5179
v  -888.9329 2812.9021 -650.5179
v  -888.0272 2812.9019 -653.5183
v  -888.0272 2809.3787 -653.5183
v  -891.5389 2816.3049 -659.4594
v  -891.8854 2816.3101 -659.8978
v  -892.8878 2816.3110 -660.6974
v  -892.3412 2816.3130 -660.3132
v  -892.3412 2819.9946 -660.3132
v  -892.8878 2819.8972 -660.6974
v  -891.3032 2816.3032 -659.1894
v  -888.9329 2816.3030 -656.5187
v  -888.9329 2812.9019 -656.5186
v  -891.8854 2816.3101 -647.1389
v  -891.5389 2816.3049 -647.5772
v  -892.3412 2816.3130 -646.7234
v  -892.8878 2816.3110 -646.3392
v  -892.8878 2819.8972 -646.3392
v  -892.3412 2819.9946 -646.7234
v  -891.3032 2816.3032 -647.8472
v  -888.9329 2816.3030 -650.5179
v  -888.0272 2816.3030 -653.5183
v  -888.9329 2809.3787 -656.5186
v  -892.8875 741.8140 -660.0267
v  -892.3408 741.8132 -658.5480
v  -892.3408 741.8132 -606.2460
v  -892.8875 741.8140 -604.7673
v  -888.9327 2120.1951 -652.2945
# 244 vertices

vn 0.9720 -0.0541 -0.2285
vn 0.9490 -0.2147 -0.2308
vn 0.9482 -0.2522 -0.1931
vn 0.9763 -0.0679 -0.2053
vn 0.8523 -0.4895 -0.1845
vn 0.8797 -0.4566 -0.1332
vn 0.7589 -0.6438 -0.0982
vn 0.8162 -0.5736 -0.0693
vn 0.7209 -0.6923 -0.0313
vn 0.7917 -0.6102 -0.0299
vn 0.6632 -0.7484 -0.0001
vn 0.7028 -0.7114 -0.0015
vn 0.9850 -0.1029 -0.1387
vn 0.9883 -0.0120 -0.1520
vn 0.9580 -0.2719 -0.0913
vn 0.9133 -0.4053 -0.0399
vn 0.8883 -0.4590 -0.0135
vn 0.5524 -0.8336 -0.0037
vn 0.9911 -0.0480 -0.1241
vn 0.9911 -0.0003 -0.1334
vn 0.9886 0.0002 -0.1503
vn 0.9918 0.0415 0.1208
vn 0.9827 -0.1818 -0.0361
vn 0.9923 -0.1237 0.0034
vn 0.9687 -0.2341 -0.0824
vn 0.8649 -0.0001 -0.5019
vn 0.9353 -0.0001 -0.3539
vn 0.9482 -0.0003 -0.3177
vn 0.8897 -0.0003 -0.4566
vn 0.9701 -0.0003 -0.2426
vn 0.9339 -0.0005 -0.3574
vn 0.9477 -0.0006 -0.3192
vn 0.9767 -0.0004 -0.2147
vn 0.9737 -0.0005 -0.2278
vn 0.9412 -0.0008 -0.3377
vn 0.7187 -0.6953 -0.0000
vn 0.7329 -0.6787 -0.0476
vn 0.5383 -0.8427 -0.0000
vn 0.9845 -0.1255 -0.1225
vn 0.9797 -0.1903 -0.0631
vn 0.9952 -0.0515 -0.0835
vn 0.9900 0.0004 -0.1410
vn 0.9720 -0.0541 0.2285
vn 0.9763 -0.0679 0.2053
vn 0.9482 -0.2522 0.1931
vn 0.9490 -0.2147 0.2308
vn 0.8797 -0.4566 0.1332
vn 0.8523 -0.4895 0.1845
vn 0.8162 -0.5736 0.0693
vn 0.7589 -0.6438 0.0982
vn 0.7917 -0.6102 0.0299
vn 0.7209 -0.6923 0.0313
vn 0.7028 -0.7114 0.0015
vn 0.6632 -0.7484 0.0001
vn 0.9883 -0.0120 0.1520
vn 0.9850 -0.1029 0.1387
vn 0.9580 -0.2719 0.0913
vn 0.9133 -0.4053 0.0399
vn 0.8883 -0.4590 0.0135
vn 0.5524 -0.8336 0.0037
vn 0.9886 0.0002 0.1503
vn 0.9911 -0.0003 0.1334
vn 0.9911 -0.0480 0.1240
vn 0.9918 0.0415 -0.1208
vn 0.9827 -0.1818 0.0361
vn 0.9923 -0.1237 -0.0034
vn 0.9687 -0.2341 0.0824
vn 0.8896 0.0093 0.4566
vn 0.9482 0.0062 0.3178
vn 0.9353 0.0071 0.3538
vn 0.8649 0.0106 0.5019
vn 0.9339 0.0071 0.3574
vn 0.9701 0.0046 0.2427
vn 0.9412 0.0064 0.3377
vn 0.9737 0.0041 0.2278
vn 0.9767 0.0039 0.2147
vn 0.9477 0.0061 0.3192
vn 0.7329 -0.6787 0.0476
vn 0.9845 -0.1255 0.1225
vn 0.9797 -0.1903 0.0631
vn 0.9900 0.0004 0.1410
vn 0.9952 -0.0515 0.0835
vn 0.6648 -0.7471 -0.0000
vn 0.7030 -0.7112 -0.0000
vn 0.9762 -0.2170 -0.0000
vn 0.9912 -0.1325 -0.0000
vn 1.0000 -0.0000 -0.0000
vn 1.0000 0.0000 0.0000
vn 0.9878 0.0022 0.1555
vn 0.9725 0.0035 0.2329
vn 0.9911 0.0003 -0.1330
vn 0.9912 0.0001 -0.1325
vn 0.9886 -0.0001 -0.1502
vn 0.9886 -0.0001 -0.1504
vn 0.9747 0.0000 -0.2237
vn 0.9800 0.0000 -0.1989
vn 0.9800 0.0000 -0.1990
vn 0.9901 0.0004 -0.1406
vn 0.9955 0.0000 -0.0953
vn 0.9955 -0.0003 -0.0952
vn 0.9901 0.0001 -0.1406
vn 0.9886 -0.0001 0.1504
vn 0.9886 0.0015 0.1504
vn 0.9912 0.0016 0.1324
vn 0.9911 0.0003 0.1330
vn 0.9800 0.0000 0.1990
vn 0.9800 0.0000 0.1989
vn 0.9747 0.0000 0.2237
vn 0.9901 0.0004 0.1406
vn 0.9901 0.0016 0.1406
vn 0.9954 0.0007 0.0956
vn 0.9955 0.0000 0.0953
vn 0.9986 -0.0524 -0.0000
vn 1.0000 0.0000 0.0002
vn 0.9747 0.0001 -0.2237
vn 0.9799 0.0000 -0.1993
vn 0.9799 0.0022 0.1994
vn 0.9747 0.0025 0.2237
vn 0.9855 -0.0003 -0.1695
vn 0.9814 -0.0002 -0.1919
vn 0.9925 -0.0007 -0.1223
vn 0.9878 -0.0009 -0.1554
vn 0.9837 -0.0004 -0.1799
vn 0.9814 0.0037 0.1919
vn 0.9855 0.0031 0.1695
vn 0.9837 0.0033 0.1799
vn 0.9925 0.0018 0.1222
vn 0.6502 0.0383 -0.7588
vn 0.7061 0.0531 -0.7061
vn 0.7128 0.1810 -0.6776
vn 0.6343 0.2121 -0.7434
vn 0.7378 0.3826 -0.5561
vn 0.6640 0.4648 -0.5857
vn 0.7675 0.5478 -0.3329
vn 0.6922 0.6185 -0.3718
vn 0.7754 0.6174 -0.1326
vn 0.7148 0.6875 -0.1282
vn 0.5589 0.8292 -0.0059
vn 0.6633 0.7483 -0.0004
vn 0.7778 0.0110 -0.6284
vn 0.8052 0.0882 -0.5865
vn 0.8555 0.2612 -0.4470
vn 0.8755 0.4266 -0.2271
vn 0.8692 0.4794 -0.1209
vn 0.4769 0.8771 -0.0573
vn 0.8011 -0.0002 -0.5985
vn 0.8308 -0.0069 -0.5566
vn 0.8494 0.0240 -0.5272
vn 0.9802 -0.0309 0.1955
vn 0.9739 0.1326 -0.1842
vn 0.9891 0.1463 -0.0167
vn 0.9184 0.2423 -0.3127
vn 0.6602 -0.0001 -0.7510
vn 0.7065 -0.0003 -0.7077
vn 0.7070 0.0000 -0.7072
vn 0.6602 0.0000 -0.7510
vn 0.8019 -0.0004 -0.5975
vn 0.8015 0.0001 -0.5979
vn 0.8180 -0.0009 -0.5752
vn 0.8178 -0.0003 -0.5755
vn 0.8339 -0.0003 -0.5520
vn 0.8349 -0.0007 -0.5504
vn 0.7477 0.6641 -0.0000
vn 0.4507 0.8927 -0.0000
vn 0.7559 0.6224 -0.2031
vn 0.8655 0.0233 -0.5004
vn 0.9328 0.2287 -0.2786
vn 0.8166 -0.0039 -0.5772
vn 0.9316 0.0501 -0.3600
vn 0.6502 0.0383 0.7588
vn 0.6343 0.2121 0.7434
vn 0.7128 0.1810 0.6776
vn 0.7061 0.0531 0.7061
vn 0.6640 0.4648 0.5857
vn 0.7378 0.3826 0.5561
vn 0.6922 0.6185 0.3718
vn 0.7675 0.5478 0.3329
vn 0.7148 0.6875 0.1282
vn 0.7754 0.6174 0.1326
vn 0.6633 0.7483 0.0004
vn 0.5589 0.8292 0.0059
vn 0.8052 0.0882 0.5865
vn 0.7778 0.0110 0.6284
vn 0.8555 0.2612 0.4470
vn 0.8755 0.4266 0.2271
vn 0.8692 0.4794 0.1209
vn 0.4769 0.8771 0.0573
vn 0.8494 0.0240 0.5272
vn 0.8308 -0.0069 0.5566
vn 0.8011 -0.0002 0.5985
vn 0.9802 -0.0309 -0.1955
vn 0.9739 0.1326 0.1842
vn 0.9891 0.1463 0.0167
vn 0.9184 0.2423 0.3127
vn 0.6602 0.0077 0.7510
vn 0.6602 0.0000 0.7511
vn 0.7070 0.0000 0.7072
vn 0.7067 0.0070 0.7075
vn 0.8015 0.0001 0.5979
vn 0.8021 0.0058 0.5971
vn 0.8180 0.0051 0.5752
vn 0.8348 0.0050 0.5505
vn 0.8339 -0.0003 0.5520
vn 0.8178 -0.0003 0.5755
vn 0.7559 0.6224 0.2031
vn 0.8655 0.0233 0.5004
vn 0.9328 0.2287 0.2786
vn 0.9316 0.0501 0.3600
vn 0.8166 -0.0039 0.5772
vn 0.5594 0.8289 -0.0000
vn 0.6649 0.7470 -0.0000
vn 0.9631 0.2691 -0.0000
vn 0.9904 0.1380 -0.0000
vn 0.9104 0.0030 0.4137
vn 0.9102 -0.0000 0.4143
vn 1.0000 0.0000 -0.0000
vn 1.0000 -0.0000 -0.0008
vn 0.8329 -0.0002 -0.5535
vn 0.8010 0.0000 -0.5986
vn 0.7075 0.0000 -0.7067
vn 0.7077 0.0000 -0.7066
vn 0.8177 -0.0004 -0.5756
vn 0.9102 -0.0000 -0.4141
vn 0.9102 -0.0000 -0.4143
vn 0.8010 0.0000 0.5986
vn 0.8329 -0.0002 0.5535
vn 0.7075 0.0000 0.7067
vn 0.7077 0.0000 0.7066
vn 0.8177 -0.0004 0.5756
vn 0.9102 -0.0000 0.4141
vn 0.9986 0.0520 -0.0000
vn 0.9099 -0.0013 -0.4147
vn 0.9590 0.0000 -0.2834
vn 0.9674 -0.0001 -0.2533
vn 0.9674 0.0050 0.2533
vn 0.9590 0.0057 0.2834
vn 0.9725 -0.0014 -0.2329
# 237 vertex normals

vt 0.7480 0.0040 0.5130
vt 0.7477 0.0038 0.5130
vt 0.7463 0.0038 0.5403
vt 0.7464 0.0039 0.5403
vt 0.7469 0.0036 0.5130
vt 0.7459 0.0037 0.5403
vt 0.7460 0.0035 0.5130
vt 0.7452 0.0037 0.5403
vt 0.7449 0.0035 0.5130
vt 0.7448 0.0037 0.5403
vt 0.7308 0.0035 0.5133
vt 0.7308 0.0037 0.5450
vt 0.7446 0.0039 0.5642
vt 0.7447 0.0040 0.5636
vt 0.7445 0.0039 0.5646
vt 0.7440 0.0039 0.5644
vt 0.7438 0.0039 0.5641
vt 0.7308 0.0039 0.5750
vt 0.7429 0.0042 0.5809
vt 0.7429 0.0054 0.5807
vt 0.7447 0.0053 0.5633
vt 0.7428 0.0041 0.5808
vt 0.7427 0.0041 0.5803
vt 0.7426 0.0041 0.5800
vt 0.7425 0.0041 0.5796
vt 0.7479 0.7462 0.5130
vt 0.7480 0.5000 0.5130
vt 0.7470 0.5000 0.5403
vt 0.7473 0.7462 0.5403
vt 0.7460 0.5000 0.5629
vt 0.7466 0.7462 0.5629
vt 0.7459 0.7462 0.5798
vt 0.7449 0.5000 0.5799
vt 0.7442 0.5000 0.5922
vt 0.7454 0.7462 0.5922
vt 0.7184 0.0041 0.6936
vt 0.7308 0.0041 0.6816
vt 0.7184 0.0039 0.5747
vt 0.7418 0.0042 0.5922
vt 0.7308 0.0042 0.6896
vt 0.7308 0.0054 0.7107
vt 0.7418 0.0054 0.5922
vt 0.6887 0.0040 0.5130
vt 0.6903 0.0039 0.5403
vt 0.6905 0.0038 0.5403
vt 0.6890 0.0038 0.5130
vt 0.6908 0.0037 0.5403
vt 0.6899 0.0036 0.5130
vt 0.6915 0.0037 0.5403
vt 0.6908 0.0035 0.5130
vt 0.6919 0.0037 0.5403
vt 0.6918 0.0035 0.5130
vt 0.7060 0.0037 0.5450
vt 0.7060 0.0035 0.5133
vt 0.6921 0.0040 0.5636
vt 0.6921 0.0039 0.5642
vt 0.6923 0.0039 0.5646
vt 0.6927 0.0039 0.5644
vt 0.6929 0.0039 0.5641
vt 0.7060 0.0039 0.5750
vt 0.6920 0.0053 0.5633
vt 0.6939 0.0054 0.5807
vt 0.6939 0.0042 0.5809
vt 0.6940 0.0041 0.5808
vt 0.6940 0.0041 0.5803
vt 0.6941 0.0041 0.5800
vt 0.6943 0.0041 0.5796
vt 0.7251 0.7462 0.5403
vt 0.7129 0.5000 0.5403
vt 0.7120 0.5000 0.5130
vt 0.7245 0.7462 0.5130
vt 0.7258 0.7462 0.5629
vt 0.7140 0.5000 0.5629
vt 0.7269 0.7462 0.5922
vt 0.7158 0.5000 0.5922
vt 0.7151 0.5000 0.5799
vt 0.7265 0.7462 0.5798
vt 0.7060 0.0041 0.6816
vt 0.6949 0.0042 0.5922
vt 0.7060 0.0042 0.6896
vt 0.6949 0.0054 0.5922
vt 0.7060 0.0054 0.7107
vt 0.7184 0.0035 0.5132
vt 0.7184 0.0037 0.5448
vt 0.7184 0.0042 0.7018
vt 0.7184 0.0054 0.7347
vt 0.7362 0.7462 0.7560
vt 0.7300 0.5000 0.7560
vt 0.7224 0.5000 0.7107
vt 0.7313 0.7462 0.7107
vt 0.7429 0.0065 0.5804
vt 0.7429 0.0078 0.5800
vt 0.7447 0.0078 0.5630
vt 0.7447 0.0065 0.5631
vt 0.7480 0.0065 0.5130
vt 0.7480 0.0053 0.5130
vt 0.7464 0.0052 0.5403
vt 0.7464 0.0065 0.5403
vt 0.7418 0.0065 0.5922
vt 0.7308 0.0065 0.7107
vt 0.7308 0.0078 0.7107
vt 0.7418 0.0078 0.5922
vt 0.6920 0.0065 0.5631
vt 0.6920 0.0078 0.5630
vt 0.6938 0.0078 0.5800
vt 0.6938 0.0065 0.5804
vt 0.6903 0.0065 0.5403
vt 0.6903 0.0052 0.5403
vt 0.6887 0.0053 0.5130
vt 0.6887 0.0065 0.5130
vt 0.6950 0.0065 0.5922
vt 0.6950 0.0078 0.5922
vt 0.7060 0.0078 0.7107
vt 0.7060 0.0065 0.7107
vt 0.7184 0.0065 0.7560
vt 0.7184 0.0078 0.7560
vt 0.7480 0.0078 0.5130
vt 0.7464 0.0078 0.5403
vt 0.6903 0.0078 0.5403
vt 0.6887 0.0078 0.5130
vt 0.7436 0.2539 0.5799
vt 0.7450 0.2539 0.5629
vt 0.7341 0.2539 0.7107
vt 0.7375 0.5000 0.7107
vt 0.7427 0.2539 0.5922
vt 0.7040 0.2539 0.5629
vt 0.7054 0.2539 0.5799
vt 0.7063 0.2539 0.5922
vt 0.7149 0.2539 0.7107
vt 0.7245 0.2539 0.7560
vt 0.7481 0.9973 0.5129
vt 0.7478 0.9974 0.5403
vt 0.7477 0.9975 0.5403
vt 0.7480 0.9976 0.5129
vt 0.7477 0.9976 0.5403
vt 0.7479 0.9977 0.5129
vt 0.7475 0.9976 0.5403
vt 0.7477 0.9978 0.5129
vt 0.7474 0.9977 0.5403
vt 0.7475 0.9978 0.5129
vt 0.7446 0.9977 0.5450
vt 0.7446 0.9978 0.5132
vt 0.7474 0.9973 0.5635
vt 0.7474 0.9974 0.5642
vt 0.7474 0.9974 0.5646
vt 0.7473 0.9975 0.5643
vt 0.7472 0.9975 0.5641
vt 0.7446 0.9975 0.5846
vt 0.7474 0.9961 0.5633
vt 0.7471 0.9960 0.5807
vt 0.7470 0.9972 0.5846
vt 0.7470 0.9972 0.5848
vt 0.7470 0.9972 0.5845
vt 0.7470 0.9972 0.5842
vt 0.7470 0.9973 0.5837
vt 0.7481 0.9923 0.5129
vt 0.7478 0.9923 0.5403
vt 0.7478 0.9936 0.5403
vt 0.7481 0.9936 0.5129
vt 0.7474 0.9923 0.5628
vt 0.7474 0.9936 0.5630
vt 0.7468 0.9923 0.5922
vt 0.7468 0.9936 0.5922
vt 0.7471 0.9936 0.5800
vt 0.7471 0.9923 0.5797
vt 0.7421 0.9973 0.6827
vt 0.7421 0.9976 0.5843
vt 0.7446 0.9973 0.6708
vt 0.7468 0.9970 0.5939
vt 0.7446 0.9970 0.6913
vt 0.7468 0.9959 0.5922
vt 0.7446 0.9959 0.7107
vt 0.7361 0.9973 0.5129
vt 0.7362 0.9976 0.5129
vt 0.7365 0.9975 0.5403
vt 0.7364 0.9974 0.5403
vt 0.7364 0.9977 0.5129
vt 0.7365 0.9976 0.5403
vt 0.7365 0.9978 0.5129
vt 0.7367 0.9976 0.5403
vt 0.7368 0.9978 0.5129
vt 0.7368 0.9977 0.5403
vt 0.7396 0.9978 0.5132
vt 0.7396 0.9977 0.5450
vt 0.7368 0.9974 0.5642
vt 0.7368 0.9973 0.5635
vt 0.7368 0.9974 0.5646
vt 0.7369 0.9975 0.5643
vt 0.7370 0.9975 0.5641
vt 0.7396 0.9975 0.5846
vt 0.7372 0.9972 0.5846
vt 0.7372 0.9960 0.5807
vt 0.7368 0.9961 0.5633
vt 0.7372 0.9972 0.5848
vt 0.7372 0.9972 0.5845
vt 0.7372 0.9972 0.5842
vt 0.7373 0.9973 0.5837
vt 0.7361 0.9923 0.5129
vt 0.7361 0.9936 0.5129
vt 0.7364 0.9936 0.5403
vt 0.7364 0.9923 0.5403
vt 0.7368 0.9936 0.5630
vt 0.7368 0.9923 0.5628
vt 0.7374 0.9923 0.5922
vt 0.7371 0.9923 0.5797
vt 0.7372 0.9936 0.5800
vt 0.7374 0.9936 0.5922
vt 0.7396 0.9973 0.6708
vt 0.7374 0.9970 0.5939
vt 0.7396 0.9970 0.6913
vt 0.7396 0.9959 0.7107
vt 0.7374 0.9959 0.5922
vt 0.7421 0.9977 0.5448
vt 0.7421 0.9978 0.5132
vt 0.7421 0.9970 0.7035
vt 0.7421 0.9959 0.7346
vt 0.7396 0.9923 0.7107
vt 0.7396 0.9936 0.7107
vt 0.7421 0.9936 0.7560
vt 0.7421 0.9923 0.7560
vt 0.7471 0.9948 0.5804
vt 0.7474 0.9948 0.5631
vt 0.7481 0.9948 0.5129
vt 0.7478 0.9948 0.5403
vt 0.7478 0.9961 0.5403
vt 0.7481 0.9961 0.5129
vt 0.7468 0.9948 0.5922
vt 0.7446 0.9948 0.7107
vt 0.7446 0.9936 0.7107
vt 0.7368 0.9948 0.5631
vt 0.7372 0.9948 0.5804
vt 0.7364 0.9948 0.5403
vt 0.7361 0.9948 0.5129
vt 0.7361 0.9961 0.5129
vt 0.7364 0.9961 0.5403
vt 0.7374 0.9948 0.5922
vt 0.7396 0.9948 0.7107
vt 0.7421 0.9948 0.7560
vt 0.7446 0.9923 0.7107
vt 0.7475 0.2539 0.5130
vt 0.7463 0.2539 0.5403
vt 0.7027 0.2539 0.5403
vt 0.7015 0.2539 0.5130
vt 0.7411 0.7462 0.7107
# 244 texture coords

o Rectangle018
g Rectangle018
usemtl wire_115115115
s off
f 3672/3685/3567 3671/3684/3566 3670/3683/3565 3669/3682/3564 
f 3671/3684/3566 3674/3687/3569 3673/3686/3568 3670/3683/3565 
f 3674/3687/3569 3676/3689/3571 3675/3688/3570 3673/3686/3568 
f 3676/3689/3571 3678/3691/3573 3677/3690/3572 3675/3688/3570 
f 3678/3691/3573 3680/3693/3575 3679/3692/3574 3677/3690/3572 
f 3682/3695/3577 3681/3694/3576 3671/3684/3566 3672/3685/3567 
f 3681/3694/3576 3683/3696/3578 3674/3687/3569 3671/3684/3566 
f 3683/3696/3578 3684/3697/3579 3676/3689/3571 3674/3687/3569 
f 3684/3697/3579 3685/3698/3580 3678/3691/3573 3676/3689/3571 
f 3685/3698/3580 3686/3699/3581 3680/3693/3575 3678/3691/3573 
f 3689/3702/3584 3688/3701/3583 3687/3700/3582 3682/3695/3577 
f 3682/3695/3577 3687/3700/3582 3690/3703/3585 3681/3694/3576 
f 3681/3694/3576 3690/3703/3585 3691/3704/3586 3683/3696/3578 
f 3683/3696/3578 3691/3704/3586 3692/3705/3587 3684/3697/3579 
f 3684/3697/3579 3692/3705/3587 3693/3706/3588 3685/3698/3580 
f 3697/3710/3592 3696/3709/3591 3695/3708/3590 3694/3707/3589 
f 3699/3712/3594 3698/3711/3593 3696/3709/3591 3697/3710/3592 
s 1
f 3703/3716/3598 3702/3715/3597 3701/3714/3596 3700/3713/3595 
s off
f 3706/3719/3601 3686/3699/3581 3705/3718/3600 3704/3717/3599 
s 1
f 3707/3720/3602 3693/3706/3588 3692/3705/3587 3691/3704/3586 3690/3703/3585 3687/3700/3582 
f 3707/3720/3602 3708/3721/3603 3705/3718/3600 3693/3706/3588 
f 3710/3723/3605 3709/3722/3604 3708/3721/3603 3707/3720/3602 
s off
f 3714/3727/3609 3713/3726/3608 3712/3725/3607 3711/3724/3606 
f 3716/3729/3611 3715/3728/3610 3713/3726/3608 3714/3727/3609 
f 3718/3731/3613 3717/3730/3612 3715/3728/3610 3716/3729/3611 
f 3720/3733/3615 3719/3732/3614 3717/3730/3612 3718/3731/3613 
f 3722/3735/3617 3721/3734/3616 3719/3732/3614 3720/3733/3615 
f 3713/3726/3608 3724/3737/3619 3723/3736/3618 3712/3725/3607 
f 3715/3728/3610 3725/3738/3620 3724/3737/3619 3713/3726/3608 
f 3717/3730/3612 3726/3739/3621 3725/3738/3620 3715/3728/3610 
f 3719/3732/3614 3727/3740/3622 3726/3739/3621 3717/3730/3612 
f 3721/3734/3616 3728/3741/3623 3727/3740/3622 3719/3732/3614 
f 3731/3744/3626 3730/3743/3625 3729/3742/3624 3723/3736/3618 
f 3732/3745/3627 3731/3744/3626 3723/3736/3618 3724/3737/3619 
f 3733/3746/3628 3732/3745/3627 3724/3737/3619 3725/3738/3620 
f 3734/3747/3629 3733/3746/3628 3725/3738/3620 3726/3739/3621 
f 3735/3748/3630 3734/3747/3629 3726/3739/3621 3727/3740/3622 
f 3739/3752/3634 3738/3751/3633 3737/3750/3632 3736/3749/3631 
f 3736/3749/3631 3737/3750/3632 3741/3754/3636 3740/3753/3635 
s 1
f 3745/3758/3640 3744/3757/3639 3743/3756/3638 3742/3755/3637 
s off
f 3746/3759/3641 3728/3741/3623 3706/3719/3601 3704/3717/3599 
s 1
f 3732/3745/3627 3733/3746/3628 3734/3747/3629 3735/3748/3630 3747/3760/3642 3731/3744/3626 
f 3746/3759/3641 3748/3761/3643 3747/3760/3642 3735/3748/3630 
f 3748/3761/3643 3750/3763/3645 3749/3762/3644 3747/3760/3642 
s off
f 3680/3693/3575 3752/3765/3647 3751/3764/3646 3679/3692/3574 
f 3686/3699/3581 3706/3719/3601 3752/3765/3647 3680/3693/3575 
f 3686/3699/3581 3685/3698/3580 3693/3706/3588 3705/3718/3600 
s 1
f 3708/3721/3603 3753/3766/3648 3704/3717/3599 3705/3718/3600 
f 3709/3722/3604 3754/3767/3649 3753/3766/3648 3708/3721/3603 
s off
f 3722/3735/3617 3751/3764/3646 3752/3765/3647 3721/3734/3616 
f 3721/3734/3616 3752/3765/3647 3706/3719/3601 3728/3741/3623 
f 3746/3759/3641 3735/3748/3630 3727/3740/3622 3728/3741/3623 
s 1
f 3746/3759/3641 3704/3717/3599 3753/3766/3648 3748/3761/3643 
f 3758/3771/3653 3757/3770/3652 3756/3769/3651 3755/3768/3650 
s off
f 3762/3775/3657 3761/3774/3656 3760/3773/3655 3759/3772/3654 
f 3766/3779/3660 3765/3778/3659 3764/3777/3658 3763/3776/3658 
f 3762/3775/3657 3689/3702/3584 3765/3778/3659 3766/3779/3660 
s 1
f 3767/3780/3661 3710/3723/3605 3688/3701/3583 3759/3772/3654 
f 3767/3780/3661 3770/3783/3664 3769/3782/3663 3768/3781/3662 
s off
f 3774/3787/3668 3773/3786/3667 3772/3785/3666 3771/3784/3665 
f 3778/3791/3671 3777/3790/3671 3776/3789/3670 3775/3788/3669 
f 3775/3788/3669 3776/3789/3670 3729/3742/3624 3771/3784/3665 
s 1
f 3774/3787/3668 3730/3743/3625 3749/3762/3644 3779/3792/3672 
f 3782/3795/3675 3781/3794/3674 3780/3793/3673 3779/3792/3672 
f 3768/3781/3662 3769/3782/3663 3784/3797/3677 3783/3796/3676 
f 3782/3795/3675 3750/3763/3645 3754/3767/3649 3783/3796/3676 
s off
f 3786/3799/3679 3766/3779/3660 3763/3776/3658 3785/3798/3678 
f 3761/3774/3656 3762/3775/3657 3766/3779/3660 3786/3799/3679 
s 1
f 3770/3783/3664 3767/3780/3661 3759/3772/3654 3760/3773/3655 
s off
f 3788/3801/3681 3778/3791/3671 3775/3788/3669 3787/3800/3680 
f 3787/3800/3680 3775/3788/3669 3771/3784/3665 3772/3785/3666 
s 1
f 3773/3786/3667 3774/3787/3668 3779/3792/3672 3780/3793/3673 
f 3781/3794/3674 3782/3795/3675 3783/3796/3676 3784/3797/3677 
s off
f 3790/3803/3683 3698/3711/3593 3701/3714/3596 3789/3802/3682 
s 1
f 3793/3806/3686 3702/3715/3597 3792/3805/3685 3791/3804/3684 
s off
f 3795/3808/3688 3744/3757/3639 3741/3754/3636 3794/3807/3687 
s 1
f 3797/3810/3690 3757/3770/3652 3743/3756/3638 3796/3809/3689 
f 3791/3804/3684 3792/3805/3685 3756/3769/3651 3798/3811/3650 
s off
f 3689/3702/3584 3762/3775/3657 3759/3772/3654 3688/3701/3583 
s 1
f 3710/3723/3605 3767/3780/3661 3768/3781/3662 3709/3722/3604 
s off
f 3730/3743/3625 3774/3787/3668 3771/3784/3665 3729/3742/3624 
s 1
f 3750/3763/3645 3782/3795/3675 3779/3792/3672 3749/3762/3644 
f 3709/3722/3604 3768/3781/3662 3783/3796/3676 3754/3767/3649 
s off
f 3765/3778/3659 3672/3685/3567 3669/3682/3564 3764/3777/3658 
f 3689/3702/3584 3682/3695/3577 3672/3685/3567 3765/3778/3659 
s 1
f 3710/3723/3605 3707/3720/3602 3687/3700/3582 3688/3701/3583 
s off
f 3777/3790/3671 3711/3724/3606 3712/3725/3607 3776/3789/3670 
f 3776/3789/3670 3712/3725/3607 3723/3736/3618 3729/3742/3624 
s 1
f 3730/3743/3625 3731/3744/3626 3747/3760/3642 3749/3762/3644 
f 3750/3763/3645 3748/3761/3643 3753/3766/3648 3754/3767/3649 
s off
f 3802/3815/3694 3801/3814/3693 3800/3813/3692 3799/3812/3691 
f 3804/3817/3696 3803/3816/3695 3801/3814/3693 3802/3815/3694 
f 3806/3819/3698 3805/3818/3697 3803/3816/3695 3804/3817/3696 
f 3808/3821/3700 3807/3820/3699 3805/3818/3697 3806/3819/3698 
f 3810/3823/3702 3809/3822/3701 3807/3820/3699 3808/3821/3700 
f 3801/3814/3693 3812/3825/3704 3811/3824/3703 3800/3813/3692 
f 3803/3816/3695 3813/3826/3705 3812/3825/3704 3801/3814/3693 
f 3805/3818/3697 3814/3827/3706 3813/3826/3705 3803/3816/3695 
f 3807/3820/3699 3815/3828/3707 3814/3827/3706 3805/3818/3697 
f 3809/3822/3701 3816/3829/3708 3815/3828/3707 3807/3820/3699 
f 3819/3832/3711 3818/3831/3710 3817/3830/3709 3811/3824/3703 
f 3820/3833/3712 3819/3832/3711 3811/3824/3703 3812/3825/3704 
f 3821/3834/3713 3820/3833/3712 3812/3825/3704 3813/3826/3705 
f 3822/3835/3714 3821/3834/3713 3813/3826/3705 3814/3827/3706 
f 3823/3836/3715 3822/3835/3714 3814/3827/3706 3815/3828/3707 
f 3827/3840/3719 3826/3839/3718 3825/3838/3717 3824/3837/3716 
f 3826/3839/3718 3829/3842/3721 3828/3841/3720 3825/3838/3717 
s 1
f 3833/3846/3725 3832/3845/3724 3831/3844/3723 3830/3843/3722 
s off
f 3836/3849/3728 3816/3829/3708 3835/3848/3727 3834/3847/3726 
s 1
f 3820/3833/3712 3821/3834/3713 3822/3835/3714 3823/3836/3715 3837/3850/3729 3819/3832/3711 
f 3836/3849/3728 3838/3851/3730 3837/3850/3729 3823/3836/3715 
f 3838/3851/3730 3840/3853/3732 3839/3852/3731 3837/3850/3729 
s off
f 3844/3857/3736 3843/3856/3735 3842/3855/3734 3841/3854/3733 
f 3843/3856/3735 3846/3859/3738 3845/3858/3737 3842/3855/3734 
f 3846/3859/3738 3848/3861/3740 3847/3860/3739 3845/3858/3737 
f 3848/3861/3740 3850/3863/3742 3849/3862/3741 3847/3860/3739 
f 3850/3863/3742 3852/3865/3744 3851/3864/3743 3849/3862/3741 
f 3854/3867/3746 3853/3866/3745 3843/3856/3735 3844/3857/3736 
f 3853/3866/3745 3855/3868/3747 3846/3859/3738 3843/3856/3735 
f 3855/3868/3747 3856/3869/3748 3848/3861/3740 3846/3859/3738 
f 3856/3869/3748 3857/3870/3749 3850/3863/3742 3848/3861/3740 
f 3857/3870/3749 3858/3871/3750 3852/3865/3744 3850/3863/3742 
f 3861/3874/3753 3860/3873/3752 3859/3872/3751 3854/3867/3746 
f 3854/3867/3746 3859/3872/3751 3862/3875/3754 3853/3866/3745 
f 3853/3866/3745 3862/3875/3754 3863/3876/3755 3855/3868/3747 
f 3855/3868/3747 3863/3876/3755 3864/3877/3756 3856/3869/3748 
f 3856/3869/3748 3864/3877/3756 3865/3878/3757 3857/3870/3749 
f 3869/3882/3761 3868/3881/3760 3867/3880/3759 3866/3879/3758 
f 3871/3884/3763 3870/3883/3762 3868/3881/3760 3869/3882/3761 
s 1
f 3875/3888/3767 3874/3887/3766 3873/3886/3765 3872/3885/3764 
s off
f 3835/3848/3727 3858/3871/3750 3876/3889/3768 3834/3847/3726 
s 1
f 3877/3890/3769 3865/3878/3757 3864/3877/3756 3863/3876/3755 3862/3875/3754 3859/3872/3751 
f 3877/3890/3769 3878/3891/3770 3876/3889/3768 3865/3878/3757 
f 3880/3893/3772 3879/3892/3771 3878/3891/3770 3877/3890/3769 
s off
f 3882/3895/3774 3881/3894/3773 3809/3822/3701 3810/3823/3702 
f 3881/3894/3773 3835/3848/3727 3816/3829/3708 3809/3822/3701 
f 3823/3836/3715 3815/3828/3707 3816/3829/3708 3836/3849/3728 
s 1
f 3834/3847/3726 3883/3896/3775 3838/3851/3730 3836/3849/3728 
f 3883/3896/3775 3884/3897/3776 3840/3853/3732 3838/3851/3730 
s off
f 3881/3894/3773 3882/3895/3774 3851/3864/3743 3852/3865/3744 
f 3835/3848/3727 3881/3894/3773 3852/3865/3744 3858/3871/3750 
f 3857/3870/3749 3865/3878/3757 3876/3889/3768 3858/3871/3750 
s 1
f 3883/3896/3775 3834/3847/3726 3876/3889/3768 3878/3891/3770 
f 3888/3901/3780 3887/3900/3779 3886/3899/3778 3885/3898/3777 
s off
f 3832/3845/3724 3829/3842/3721 3890/3903/3782 3889/3902/3781 
f 3894/3907/3719 3893/3906/3784 3892/3905/3783 3891/3904/3719 
f 3893/3906/3784 3817/3830/3709 3890/3903/3782 3892/3905/3783 
s 1
f 3818/3831/3710 3839/3852/3731 3895/3908/3785 3889/3902/3781 
f 3897/3910/3787 3831/3844/3723 3895/3908/3785 3896/3909/3786 
s off
f 3870/3883/3762 3874/3887/3766 3899/3912/3789 3898/3911/3788 
f 3903/3916/3791 3902/3915/3759 3901/3914/3759 3900/3913/3790 
f 3861/3874/3753 3903/3916/3791 3900/3913/3790 3898/3911/3788 
s 1
f 3880/3893/3772 3860/3873/3752 3899/3912/3789 3904/3917/3792 
f 3875/3888/3767 3886/3899/3778 3905/3918/3793 3904/3917/3792 
f 3887/3900/3779 3897/3910/3787 3896/3909/3786 3906/3919/3794 
f 3884/3897/3776 3879/3892/3771 3905/3918/3793 3906/3919/3794 
s off
f 3891/3904/3719 3892/3905/3783 3826/3839/3718 3827/3840/3719 
f 3892/3905/3783 3890/3903/3782 3829/3842/3721 3826/3839/3718 
s 1
f 3889/3902/3781 3895/3908/3785 3831/3844/3723 3832/3845/3724 
s off
f 3900/3913/3790 3901/3914/3759 3867/3880/3759 3868/3881/3760 
f 3898/3911/3788 3900/3913/3790 3868/3881/3760 3870/3883/3762 
s 1
f 3904/3917/3792 3899/3912/3789 3874/3887/3766 3875/3888/3767 
f 3906/3919/3794 3905/3918/3793 3886/3899/3778 3887/3900/3779 
s off
f 3833/3846/3725 3828/3841/3720 3829/3842/3721 3832/3845/3724 
s 1
f 3907/3920/3795 3830/3843/3722 3831/3844/3723 3897/3910/3787 
s off
f 3871/3884/3763 3873/3886/3765 3874/3887/3766 3870/3883/3762 
s 1
f 3872/3885/3764 3885/3898/3777 3886/3899/3778 3875/3888/3767 
f 3888/3901/3780 3907/3920/3795 3897/3910/3787 3887/3900/3779 
s off
f 3889/3902/3781 3890/3903/3782 3817/3830/3709 3818/3831/3710 
s 1
f 3896/3909/3786 3895/3908/3785 3839/3852/3731 3840/3853/3732 
s off
f 3898/3911/3788 3899/3912/3789 3860/3873/3752 3861/3874/3753 
s 1
f 3904/3917/3792 3905/3918/3793 3879/3892/3771 3880/3893/3772 
f 3906/3919/3794 3896/3909/3786 3840/3853/3732 3884/3897/3776 
s off
f 3799/3812/3691 3800/3813/3692 3893/3906/3784 3894/3907/3719 
f 3800/3813/3692 3811/3824/3703 3817/3830/3709 3893/3906/3784 
s 1
f 3819/3832/3711 3837/3850/3729 3839/3852/3731 3818/3831/3710 
s off
f 3844/3857/3736 3841/3854/3733 3902/3915/3759 3903/3916/3791 
f 3854/3867/3746 3844/3857/3736 3903/3916/3791 3861/3874/3753 
s 1
f 3877/3890/3769 3859/3872/3751 3860/3873/3752 3880/3893/3772 
f 3883/3896/3775 3878/3891/3770 3879/3892/3771 3884/3897/3776 
s off
f 3909/3922/3797 3786/3799/3679 3785/3798/3678 3908/3921/3796 
f 3696/3709/3591 3909/3922/3797 3908/3921/3796 3695/3708/3590 
f 3694/3707/3589 3824/3837/3716 3825/3838/3717 3697/3710/3592 
f 3790/3803/3683 3761/3774/3656 3786/3799/3679 3909/3922/3797 
f 3698/3711/3593 3790/3803/3683 3909/3922/3797 3696/3709/3591 
f 3697/3710/3592 3825/3838/3717 3828/3841/3720 3699/3712/3594 
s 1
f 3793/3806/3686 3770/3783/3664 3760/3773/3655 3789/3802/3682 
f 3702/3715/3597 3793/3806/3686 3789/3802/3682 3701/3714/3596 
f 3700/3713/3595 3833/3846/3725 3830/3843/3722 3703/3716/3598 
s off
f 3911/3924/3799 3788/3801/3681 3787/3800/3680 3910/3923/3798 
f 3738/3751/3633 3911/3924/3799 3910/3923/3798 3737/3750/3632 
f 3736/3749/3631 3869/3882/3761 3866/3879/3758 3739/3752/3634 
f 3910/3923/3798 3787/3800/3680 3772/3785/3666 3794/3807/3687 
f 3737/3750/3632 3910/3923/3798 3794/3807/3687 3741/3754/3636 
f 3740/3753/3635 3871/3884/3763 3869/3882/3761 3736/3749/3631 
s 1
f 3795/3808/3688 3773/3786/3667 3780/3793/3673 3796/3809/3689 
f 3744/3757/3639 3795/3808/3688 3796/3809/3689 3743/3756/3638 
f 3742/3755/3637 3872/3885/3764 3873/3886/3765 3745/3758/3640 
f 3797/3810/3690 3781/3794/3674 3784/3797/3677 3798/3811/3650 
f 3757/3770/3652 3797/3810/3690 3798/3811/3650 3756/3769/3651 
f 3755/3768/3650 3888/3901/3780 3885/3898/3777 3758/3771/3653 
s off
f 3699/3712/3594 3828/3841/3720 3833/3846/3725 3700/3713/3595 
f 3698/3711/3593 3699/3712/3594 3700/3713/3595 3701/3714/3596 
f 3789/3802/3682 3760/3773/3655 3761/3774/3656 3790/3803/3683 
s 1
f 3703/3716/3598 3830/3843/3722 3907/3920/3795 3912/3925/3800 
f 3702/3715/3597 3703/3716/3598 3912/3925/3800 3792/3805/3685 
f 3791/3804/3684 3769/3782/3663 3770/3783/3664 3793/3806/3686 
s off
f 3745/3758/3640 3873/3886/3765 3871/3884/3763 3740/3753/3635 
f 3744/3757/3639 3745/3758/3640 3740/3753/3635 3741/3754/3636 
f 3794/3807/3687 3772/3785/3666 3773/3786/3667 3795/3808/3688 
s 1
f 3758/3771/3653 3885/3898/3777 3872/3885/3764 3742/3755/3637 
f 3757/3770/3652 3758/3771/3653 3742/3755/3637 3743/3756/3638 
f 3796/3809/3689 3780/3793/3673 3781/3794/3674 3797/3810/3690 
f 3912/3925/3800 3907/3920/3795 3888/3901/3780 3755/3768/3650 
f 3792/3805/3685 3912/3925/3800 3755/3768/3650 3756/3769/3651 
f 3798/3811/3650 3784/3797/3677 3769/3782/3663 3791/3804/3684 
# 216 polygons

#
# object Rectangle019
#

v  -892.8874 42.0632 -560.5998
v  -892.8874 41.4788 -560.2221
v  -892.3407 41.5833 -558.5219
v  -892.3407 41.8706 -558.6954
v  -892.8874 41.0256 -559.2083
v  -892.3407 41.3665 -558.0935
v  -892.8874 40.8342 -558.1044
v  -892.3407 41.2209 -557.2620
v  -892.8874 40.7332 -556.8866
v  -892.3407 41.1833 -556.7771
v  -892.8816 40.7332 -539.9187
v  -892.2462 41.1833 -539.9177
v  -891.8619 41.9565 -556.4963
v  -891.8755 42.1367 -556.5954
v  -891.8544 41.8533 -556.3101
v  -891.8593 41.7554 -555.8207
v  -891.8640 41.7344 -555.5362
v  -891.6477 41.7102 -539.9070
v  -891.5294 42.5764 -554.3954
v  -891.5324 45.9089 -554.4292
v  -891.8813 45.6887 -556.6178
v  -891.5306 42.4775 -554.3196
v  -891.5409 42.4011 -554.2406
v  -891.5461 42.3550 -554.0923
v  -891.5538 42.3152 -553.9094
v  -892.8877 2120.1904 -560.4631
v  -892.8876 1431.0022 -560.5058
v  -892.3409 1431.0017 -559.3506
v  -892.3411 2120.1902 -559.7100
v  -891.8887 1431.0051 -558.1163
v  -891.8894 2120.1919 -558.9068
v  -891.5516 2120.1943 -558.0594
v  -891.5497 1431.0098 -556.8141
v  -891.3029 1431.0117 -555.9624
v  -891.3030 2120.1951 -557.4998
v  -889.2749 42.3059 -525.0142
v  -889.5138 42.3103 -539.8930
v  -891.6519 41.7083 -525.0142
v  -891.3027 42.7292 -553.1447
v  -889.3550 42.7485 -539.8864
v  -888.9324 45.9961 -539.8864
v  -891.3027 45.9866 -553.1346
v  -892.8873 42.0632 -489.4285
v  -892.3407 41.8706 -491.3330
v  -892.3407 41.5833 -491.5065
v  -892.8873 41.4788 -489.8062
v  -892.3407 41.3665 -491.9348
v  -892.8873 41.0256 -490.8201
v  -892.3407 41.2209 -492.7663
v  -892.8873 40.8342 -491.9240
v  -892.3407 41.1833 -493.2512
v  -892.8873 40.7332 -493.1417
v  -892.2462 41.1833 -510.1108
v  -892.8816 40.7332 -510.1099
v  -891.8755 42.1367 -493.4329
v  -891.8619 41.9565 -493.5320
v  -891.8544 41.8533 -493.7182
v  -891.8593 41.7554 -494.2076
v  -891.8640 41.7344 -494.4922
v  -891.6477 41.7102 -510.1214
v  -891.8813 45.6887 -493.4105
v  -891.5323 45.9089 -495.5991
v  -891.5293 42.5764 -495.6329
v  -891.5306 42.4775 -495.7087
v  -891.5409 42.4011 -495.7878
v  -891.5461 42.3550 -495.9360
v  -891.5538 42.3152 -496.1189
v  -892.3411 2120.1902 -533.0687
v  -892.3409 1431.0017 -518.4904
v  -892.8876 1431.0022 -517.3353
v  -892.8877 2120.1904 -532.3156
v  -891.8894 2120.1919 -533.8719
v  -891.8887 1431.0051 -519.7247
v  -891.3030 2120.1953 -535.2789
v  -891.3029 1431.0117 -521.8787
v  -891.5497 1431.0098 -521.0270
v  -891.5516 2120.1941 -534.7192
v  -889.5138 42.3103 -510.1352
v  -891.3027 42.7292 -496.8836
v  -889.3550 42.7485 -510.1417
v  -891.3027 45.9866 -496.8937
v  -888.9324 45.9961 -510.1418
v  -892.8826 40.7332 -525.0142
v  -892.2498 41.1833 -525.0142
v  -889.1108 42.7678 -525.0142
v  -888.4534 46.0056 -525.0142
v  -888.0271 2120.1951 -546.3893
v  -888.0270 1431.0117 -538.9205
v  -888.9326 1431.0117 -529.8995
v  -888.9327 2120.1953 -540.5075
v  -891.5385 49.2415 -554.4630
v  -891.5460 52.6409 -554.4968
v  -891.8873 52.6316 -556.6523
v  -891.8849 49.2366 -556.6358
v  -892.8874 49.2356 -560.5998
v  -892.8874 45.6494 -560.5998
v  -892.3407 45.5520 -558.6954
v  -892.3407 49.2336 -558.6954
v  -891.3027 49.2434 -553.1246
v  -888.9324 49.2434 -539.8863
v  -888.9324 52.6448 -539.8862
v  -891.3027 52.6448 -553.1145
v  -891.8849 49.2366 -493.3925
v  -891.8873 52.6316 -493.3761
v  -891.5459 52.6409 -495.5316
v  -891.5385 49.2415 -495.5653
v  -892.3407 49.2336 -491.3330
v  -892.3407 45.5520 -491.3330
v  -892.8873 45.6494 -489.4285
v  -892.8873 49.2356 -489.4285
v  -891.3027 49.2434 -496.9037
v  -891.3027 52.6448 -496.9138
v  -888.9324 52.6448 -510.1419
v  -888.9324 49.2434 -510.1418
v  -888.0267 49.2439 -525.0142
v  -888.0267 52.6448 -525.0142
v  -892.8874 52.6257 -560.5998
v  -892.3407 52.6248 -558.6954
v  -892.3407 52.6248 -491.3330
v  -892.8873 52.6257 -489.4285
v  -891.5479 741.8254 -555.2712
v  -891.8880 741.8184 -556.9415
v  -888.9325 741.8281 -543.9207
v  -888.9326 1431.0117 -547.9415
v  -891.3028 741.8281 -554.1895
v  -891.8880 741.8184 -507.8057
v  -891.5479 741.8252 -509.4760
v  -891.3028 741.8284 -510.5577
v  -888.9325 741.8284 -520.8264
v  -888.0269 741.8281 -532.3736
v  -892.8878 2823.4834 -560.6740
v  -892.3412 2823.6760 -560.2898
v  -892.3412 2823.9631 -560.2548
v  -892.8878 2824.0681 -560.5978
v  -892.3412 2824.1799 -560.1684
v  -892.8878 2824.5210 -560.3932
v  -892.3412 2824.3254 -560.0006
v  -892.8878 2824.7124 -560.1706
v  -892.3412 2824.3630 -559.9028
v  -892.8878 2824.8135 -559.9249
v  -892.2466 2824.3630 -556.5016
v  -892.8820 2824.8135 -556.5018
v  -891.8760 2823.4099 -559.8661
v  -891.8624 2823.5901 -559.8462
v  -891.8549 2823.6931 -559.8086
v  -891.8598 2823.7910 -559.7098
v  -891.8645 2823.8120 -559.6525
v  -891.4556 2824.0479 -556.4994
v  -891.8818 2819.8577 -559.8707
v  -891.5328 2819.6375 -559.4291
v  -891.4541 2822.9700 -559.4223
v  -891.4514 2823.0691 -559.4070
v  -891.4570 2823.1458 -559.3911
v  -891.4634 2823.1917 -559.3612
v  -891.4727 2823.2314 -559.3243
v  -892.8878 2809.3787 -560.6740
v  -892.3412 2809.3787 -560.2898
v  -892.3412 2812.9216 -560.2898
v  -892.8878 2812.9209 -560.6740
v  -891.8901 2809.3787 -559.8809
v  -891.8878 2812.9150 -559.8776
v  -891.3032 2809.3787 -559.1619
v  -891.3032 2812.9019 -559.1639
v  -891.5464 2812.9060 -559.4427
v  -891.5535 2809.3787 -559.4496
v  -889.4927 2823.2410 -553.4949
v  -891.4598 2824.0500 -553.4949
v  -889.7316 2823.2363 -556.4966
v  -891.2692 2822.4360 -559.1700
v  -889.3215 2822.4167 -556.4952
v  -891.3032 2819.5603 -559.1680
v  -888.9329 2819.5505 -556.4952
v  -892.8878 2823.4834 -546.3157
v  -892.8878 2824.0681 -546.3920
v  -892.3412 2823.9631 -546.7349
v  -892.3412 2823.6760 -546.7000
v  -892.8878 2824.5210 -546.5965
v  -892.3412 2824.1799 -546.8214
v  -892.8878 2824.7124 -546.8192
v  -892.3412 2824.3254 -546.9891
v  -892.8878 2824.8135 -547.0648
v  -892.3412 2824.3630 -547.0869
v  -892.8820 2824.8135 -550.4880
v  -892.2466 2824.3630 -550.4882
v  -891.8624 2823.5901 -547.1436
v  -891.8760 2823.4099 -547.1236
v  -891.8549 2823.6931 -547.1812
v  -891.8598 2823.7910 -547.2799
v  -891.8645 2823.8120 -547.3373
v  -891.4556 2824.0479 -550.4904
v  -891.4541 2822.9700 -547.5674
v  -891.5328 2819.6375 -547.5606
v  -891.8818 2819.8577 -547.1191
v  -891.4514 2823.0691 -547.5827
v  -891.4570 2823.1458 -547.5987
v  -891.4634 2823.1917 -547.6285
v  -891.4726 2823.2314 -547.6655
v  -892.8878 2809.3787 -546.3157
v  -892.8878 2812.9209 -546.3157
v  -892.3412 2812.9216 -546.7000
v  -892.3412 2809.3787 -546.7000
v  -891.8878 2812.9150 -547.1121
v  -891.8901 2809.3787 -547.1088
v  -891.3032 2809.3787 -547.8279
v  -891.5535 2809.3787 -547.5402
v  -891.5464 2812.9060 -547.5470
v  -891.3032 2812.9021 -547.8259
v  -889.7316 2823.2363 -550.4932
v  -891.2692 2822.4360 -547.8198
v  -889.3215 2822.4167 -550.4944
v  -888.9329 2819.5505 -550.4945
v  -891.3032 2819.5603 -547.8218
v  -892.2503 2824.3630 -553.4949
v  -892.8831 2824.8135 -553.4949
v  -889.0773 2822.3977 -553.4949
v  -888.4539 2819.5410 -553.4949
v  -888.9329 2809.3787 -550.4945
v  -888.9329 2812.9021 -550.4945
v  -888.0272 2812.9019 -553.4949
v  -888.0272 2809.3787 -553.4949
v  -891.5389 2816.3049 -559.4360
v  -891.8854 2816.3101 -559.8743
v  -892.8878 2816.3110 -560.6740
v  -892.3412 2816.3130 -560.2898
v  -892.3412 2819.9946 -560.2898
v  -892.8878 2819.8972 -560.6740
v  -891.3032 2816.3032 -559.1660
v  -888.9329 2816.3030 -556.4952
v  -888.9329 2812.9019 -556.4952
v  -891.8854 2816.3101 -547.1154
v  -891.5389 2816.3049 -547.5538
v  -892.3412 2816.3130 -546.7000
v  -892.8878 2816.3110 -546.3157
v  -892.8878 2819.8972 -546.3157
v  -892.3412 2819.9946 -546.7000
v  -891.3032 2816.3032 -547.8238
v  -888.9329 2816.3030 -550.4945
v  -888.0272 2816.3030 -553.4949
v  -888.9329 2809.3787 -556.4952
v  -892.8875 741.8140 -560.0033
v  -892.3408 741.8132 -558.5246
v  -892.3408 741.8132 -506.2226
v  -892.8875 741.8140 -504.7439
v  -888.9327 2120.1951 -552.2711
# 244 vertices

vn 0.9720 -0.0541 -0.2285
vn 0.9490 -0.2147 -0.2308
vn 0.9482 -0.2522 -0.1931
vn 0.9763 -0.0679 -0.2053
vn 0.8523 -0.4895 -0.1845
vn 0.8797 -0.4566 -0.1332
vn 0.7589 -0.6438 -0.0982
vn 0.8162 -0.5736 -0.0693
vn 0.7209 -0.6923 -0.0313
vn 0.7917 -0.6102 -0.0299
vn 0.6632 -0.7484 -0.0001
vn 0.7028 -0.7114 -0.0015
vn 0.9850 -0.1029 -0.1387
vn 0.9883 -0.0120 -0.1520
vn 0.9580 -0.2719 -0.0913
vn 0.9133 -0.4053 -0.0399
vn 0.8883 -0.4590 -0.0135
vn 0.5524 -0.8336 -0.0037
vn 0.9911 -0.0480 -0.1241
vn 0.9911 -0.0003 -0.1334
vn 0.9886 0.0002 -0.1503
vn 0.9918 0.0415 0.1208
vn 0.9827 -0.1818 -0.0361
vn 0.9923 -0.1237 0.0034
vn 0.9687 -0.2341 -0.0824
vn 0.8649 -0.0001 -0.5019
vn 0.9353 -0.0001 -0.3539
vn 0.9482 -0.0003 -0.3177
vn 0.8897 -0.0003 -0.4566
vn 0.9701 -0.0003 -0.2426
vn 0.9339 -0.0005 -0.3574
vn 0.9477 -0.0006 -0.3192
vn 0.9767 -0.0004 -0.2147
vn 0.9737 -0.0005 -0.2278
vn 0.9412 -0.0008 -0.3377
vn 0.7187 -0.6953 -0.0000
vn 0.7329 -0.6787 -0.0476
vn 0.5383 -0.8427 -0.0000
vn 0.9845 -0.1255 -0.1225
vn 0.9797 -0.1903 -0.0631
vn 0.9952 -0.0515 -0.0835
vn 0.9900 0.0004 -0.1410
vn 0.9720 -0.0541 0.2285
vn 0.9763 -0.0679 0.2053
vn 0.9482 -0.2522 0.1931
vn 0.9490 -0.2147 0.2308
vn 0.8797 -0.4566 0.1332
vn 0.8523 -0.4895 0.1845
vn 0.8162 -0.5736 0.0693
vn 0.7589 -0.6438 0.0982
vn 0.7917 -0.6102 0.0299
vn 0.7209 -0.6923 0.0313
vn 0.7028 -0.7114 0.0015
vn 0.6632 -0.7484 0.0001
vn 0.9883 -0.0120 0.1520
vn 0.9850 -0.1029 0.1387
vn 0.9580 -0.2719 0.0913
vn 0.9133 -0.4053 0.0399
vn 0.8883 -0.4590 0.0135
vn 0.5524 -0.8336 0.0037
vn 0.9886 0.0002 0.1503
vn 0.9911 -0.0003 0.1334
vn 0.9911 -0.0480 0.1240
vn 0.9918 0.0415 -0.1208
vn 0.9827 -0.1818 0.0361
vn 0.9923 -0.1237 -0.0034
vn 0.9687 -0.2341 0.0824
vn 0.8896 0.0093 0.4566
vn 0.9482 0.0062 0.3178
vn 0.9353 0.0071 0.3538
vn 0.8649 0.0106 0.5019
vn 0.9339 0.0071 0.3574
vn 0.9701 0.0046 0.2427
vn 0.9412 0.0064 0.3377
vn 0.9737 0.0041 0.2278
vn 0.9767 0.0039 0.2147
vn 0.9477 0.0061 0.3192
vn 0.7329 -0.6787 0.0476
vn 0.9845 -0.1255 0.1225
vn 0.9797 -0.1903 0.0631
vn 0.9900 0.0004 0.1410
vn 0.9952 -0.0515 0.0835
vn 0.6648 -0.7471 -0.0000
vn 0.7030 -0.7112 -0.0000
vn 0.9762 -0.2170 -0.0000
vn 0.9912 -0.1325 -0.0000
vn 1.0000 -0.0000 -0.0000
vn 1.0000 0.0000 0.0000
vn 0.9878 0.0022 0.1555
vn 0.9725 0.0035 0.2329
vn 0.9911 0.0003 -0.1330
vn 0.9912 0.0001 -0.1325
vn 0.9886 -0.0001 -0.1502
vn 0.9886 -0.0001 -0.1504
vn 0.9747 0.0000 -0.2237
vn 0.9800 0.0000 -0.1989
vn 0.9800 0.0000 -0.1990
vn 0.9901 0.0004 -0.1406
vn 0.9955 0.0000 -0.0953
vn 0.9955 -0.0003 -0.0952
vn 0.9901 0.0001 -0.1406
vn 0.9886 -0.0001 0.1504
vn 0.9886 0.0015 0.1504
vn 0.9912 0.0016 0.1324
vn 0.9911 0.0003 0.1330
vn 0.9800 0.0000 0.1990
vn 0.9800 0.0000 0.1989
vn 0.9747 0.0000 0.2237
vn 0.9901 0.0004 0.1406
vn 0.9901 0.0016 0.1406
vn 0.9954 0.0007 0.0956
vn 0.9955 0.0000 0.0953
vn 0.9986 -0.0524 -0.0000
vn 1.0000 0.0000 0.0002
vn 0.9747 0.0001 -0.2237
vn 0.9799 0.0000 -0.1993
vn 0.9799 0.0022 0.1994
vn 0.9747 0.0025 0.2237
vn 0.9855 -0.0003 -0.1695
vn 0.9814 -0.0002 -0.1919
vn 0.9925 -0.0007 -0.1223
vn 0.9878 -0.0009 -0.1554
vn 0.9837 -0.0004 -0.1799
vn 0.9814 0.0037 0.1919
vn 0.9855 0.0031 0.1695
vn 0.9837 0.0033 0.1799
vn 0.9925 0.0018 0.1222
vn 0.6502 0.0383 -0.7588
vn 0.7061 0.0531 -0.7061
vn 0.7128 0.1810 -0.6776
vn 0.6343 0.2121 -0.7434
vn 0.7378 0.3826 -0.5561
vn 0.6640 0.4648 -0.5857
vn 0.7675 0.5478 -0.3329
vn 0.6922 0.6185 -0.3718
vn 0.7754 0.6174 -0.1326
vn 0.7148 0.6875 -0.1282
vn 0.5589 0.8292 -0.0059
vn 0.6633 0.7483 -0.0004
vn 0.7778 0.0110 -0.6284
vn 0.8052 0.0882 -0.5865
vn 0.8555 0.2612 -0.4470
vn 0.8755 0.4266 -0.2271
vn 0.8692 0.4794 -0.1209
vn 0.4769 0.8771 -0.0573
vn 0.8011 -0.0002 -0.5985
vn 0.8308 -0.0069 -0.5566
vn 0.8494 0.0240 -0.5272
vn 0.9802 -0.0309 0.1955
vn 0.9739 0.1326 -0.1842
vn 0.9891 0.1463 -0.0167
vn 0.9184 0.2423 -0.3127
vn 0.6602 -0.0001 -0.7510
vn 0.7065 -0.0003 -0.7077
vn 0.7070 0.0000 -0.7072
vn 0.6602 0.0000 -0.7510
vn 0.8019 -0.0004 -0.5975
vn 0.8015 0.0001 -0.5979
vn 0.8180 -0.0009 -0.5752
vn 0.8178 -0.0003 -0.5755
vn 0.8339 -0.0003 -0.5520
vn 0.8349 -0.0007 -0.5504
vn 0.7477 0.6641 -0.0000
vn 0.4507 0.8927 -0.0000
vn 0.7559 0.6224 -0.2031
vn 0.8655 0.0233 -0.5004
vn 0.9328 0.2287 -0.2786
vn 0.8166 -0.0039 -0.5772
vn 0.9316 0.0501 -0.3600
vn 0.6502 0.0383 0.7588
vn 0.6343 0.2121 0.7434
vn 0.7128 0.1810 0.6776
vn 0.7061 0.0531 0.7061
vn 0.6640 0.4648 0.5857
vn 0.7378 0.3826 0.5561
vn 0.6922 0.6185 0.3718
vn 0.7675 0.5478 0.3329
vn 0.7148 0.6875 0.1282
vn 0.7754 0.6174 0.1326
vn 0.6633 0.7483 0.0004
vn 0.5589 0.8292 0.0059
vn 0.8052 0.0882 0.5865
vn 0.7778 0.0110 0.6284
vn 0.8555 0.2612 0.4470
vn 0.8755 0.4266 0.2271
vn 0.8692 0.4794 0.1209
vn 0.4769 0.8771 0.0573
vn 0.8494 0.0240 0.5272
vn 0.8308 -0.0069 0.5566
vn 0.8011 -0.0002 0.5985
vn 0.9802 -0.0309 -0.1955
vn 0.9739 0.1326 0.1842
vn 0.9891 0.1463 0.0167
vn 0.9184 0.2423 0.3127
vn 0.6602 0.0077 0.7510
vn 0.6602 0.0000 0.7511
vn 0.7070 0.0000 0.7072
vn 0.7067 0.0070 0.7075
vn 0.8015 0.0001 0.5979
vn 0.8021 0.0058 0.5971
vn 0.8180 0.0051 0.5752
vn 0.8348 0.0050 0.5505
vn 0.8339 -0.0003 0.5520
vn 0.8178 -0.0003 0.5755
vn 0.7559 0.6224 0.2031
vn 0.8655 0.0233 0.5004
vn 0.9328 0.2287 0.2786
vn 0.9316 0.0501 0.3600
vn 0.8166 -0.0039 0.5772
vn 0.5594 0.8289 -0.0000
vn 0.6649 0.7470 -0.0000
vn 0.9631 0.2691 -0.0000
vn 0.9904 0.1380 -0.0000
vn 0.9104 0.0030 0.4137
vn 0.9102 -0.0000 0.4143
vn 1.0000 0.0000 -0.0000
vn 1.0000 -0.0000 -0.0008
vn 0.8329 -0.0002 -0.5535
vn 0.8010 0.0000 -0.5986
vn 0.7075 0.0000 -0.7067
vn 0.7077 0.0000 -0.7066
vn 0.8177 -0.0004 -0.5756
vn 0.9102 -0.0000 -0.4141
vn 0.9102 -0.0000 -0.4143
vn 0.8010 0.0000 0.5986
vn 0.8329 -0.0002 0.5535
vn 0.7075 0.0000 0.7067
vn 0.7077 0.0000 0.7066
vn 0.8177 -0.0004 0.5756
vn 0.9102 -0.0000 0.4141
vn 0.9986 0.0520 -0.0000
vn 0.9099 -0.0013 -0.4147
vn 0.9590 0.0000 -0.2834
vn 0.9674 -0.0001 -0.2533
vn 0.9674 0.0050 0.2533
vn 0.9590 0.0057 0.2834
vn 0.9725 -0.0014 -0.2329
# 237 vertex normals

vt 0.6647 0.0040 0.5130
vt 0.6644 0.0038 0.5130
vt 0.6629 0.0038 0.5403
vt 0.6631 0.0039 0.5403
vt 0.6635 0.0036 0.5130
vt 0.6626 0.0037 0.5403
vt 0.6626 0.0035 0.5130
vt 0.6619 0.0037 0.5403
vt 0.6616 0.0035 0.5130
vt 0.6615 0.0037 0.5403
vt 0.6474 0.0035 0.5133
vt 0.6474 0.0037 0.5450
vt 0.6613 0.0039 0.5642
vt 0.6613 0.0040 0.5636
vt 0.6611 0.0039 0.5646
vt 0.6607 0.0039 0.5644
vt 0.6605 0.0039 0.5641
vt 0.6474 0.0039 0.5750
vt 0.6595 0.0042 0.5809
vt 0.6595 0.0054 0.5807
vt 0.6614 0.0053 0.5633
vt 0.6594 0.0041 0.5808
vt 0.6594 0.0041 0.5803
vt 0.6593 0.0041 0.5800
vt 0.6591 0.0041 0.5796
vt 0.6646 0.7462 0.5130
vt 0.6646 0.5000 0.5130
vt 0.6636 0.5000 0.5403
vt 0.6639 0.7462 0.5403
vt 0.6626 0.5000 0.5629
vt 0.6633 0.7462 0.5629
vt 0.6626 0.7462 0.5798
vt 0.6615 0.5000 0.5799
vt 0.6608 0.5000 0.5922
vt 0.6621 0.7462 0.5922
vt 0.6350 0.0041 0.6936
vt 0.6474 0.0041 0.6816
vt 0.6350 0.0039 0.5747
vt 0.6585 0.0042 0.5922
vt 0.6474 0.0042 0.6896
vt 0.6474 0.0054 0.7107
vt 0.6585 0.0054 0.5922
vt 0.6054 0.0040 0.5130
vt 0.6070 0.0039 0.5403
vt 0.6071 0.0038 0.5403
vt 0.6057 0.0038 0.5130
vt 0.6075 0.0037 0.5403
vt 0.6065 0.0036 0.5130
vt 0.6081 0.0037 0.5403
vt 0.6074 0.0035 0.5130
vt 0.6086 0.0037 0.5403
vt 0.6085 0.0035 0.5130
vt 0.6226 0.0037 0.5450
vt 0.6226 0.0035 0.5133
vt 0.6087 0.0040 0.5636
vt 0.6088 0.0039 0.5642
vt 0.6089 0.0039 0.5646
vt 0.6094 0.0039 0.5644
vt 0.6096 0.0039 0.5641
vt 0.6226 0.0039 0.5750
vt 0.6087 0.0053 0.5633
vt 0.6105 0.0054 0.5807
vt 0.6105 0.0042 0.5809
vt 0.6106 0.0041 0.5808
vt 0.6107 0.0041 0.5803
vt 0.6108 0.0041 0.5800
vt 0.6109 0.0041 0.5796
vt 0.6417 0.7462 0.5403
vt 0.6296 0.5000 0.5403
vt 0.6286 0.5000 0.5130
vt 0.6411 0.7462 0.5130
vt 0.6424 0.7462 0.5629
vt 0.6306 0.5000 0.5629
vt 0.6436 0.7462 0.5922
vt 0.6324 0.5000 0.5922
vt 0.6317 0.5000 0.5799
vt 0.6431 0.7462 0.5798
vt 0.6226 0.0041 0.6816
vt 0.6116 0.0042 0.5922
vt 0.6226 0.0042 0.6896
vt 0.6116 0.0054 0.5922
vt 0.6226 0.0054 0.7107
vt 0.6350 0.0035 0.5132
vt 0.6350 0.0037 0.5448
vt 0.6350 0.0042 0.7018
vt 0.6350 0.0054 0.7347
vt 0.6528 0.7462 0.7560
vt 0.6466 0.5000 0.7560
vt 0.6391 0.5000 0.7107
vt 0.6479 0.7462 0.7107
vt 0.6596 0.0065 0.5804
vt 0.6596 0.0078 0.5800
vt 0.6614 0.0078 0.5630
vt 0.6614 0.0065 0.5631
vt 0.6647 0.0065 0.5130
vt 0.6647 0.0053 0.5130
vt 0.6631 0.0052 0.5403
vt 0.6631 0.0065 0.5403
vt 0.6584 0.0065 0.5922
vt 0.6474 0.0065 0.7107
vt 0.6474 0.0078 0.7107
vt 0.6584 0.0078 0.5922
vt 0.6087 0.0065 0.5631
vt 0.6087 0.0078 0.5630
vt 0.6105 0.0078 0.5800
vt 0.6105 0.0065 0.5804
vt 0.6070 0.0065 0.5403
vt 0.6070 0.0052 0.5403
vt 0.6054 0.0053 0.5130
vt 0.6054 0.0065 0.5130
vt 0.6116 0.0065 0.5922
vt 0.6116 0.0078 0.5922
vt 0.6226 0.0078 0.7107
vt 0.6226 0.0065 0.7107
vt 0.6350 0.0065 0.7560
vt 0.6350 0.0078 0.7560
vt 0.6647 0.0078 0.5130
vt 0.6631 0.0078 0.5403
vt 0.6070 0.0078 0.5403
vt 0.6054 0.0078 0.5130
vt 0.6602 0.2539 0.5799
vt 0.6616 0.2539 0.5629
vt 0.6508 0.2539 0.7107
vt 0.6541 0.5000 0.7107
vt 0.6593 0.2539 0.5922
vt 0.6207 0.2539 0.5629
vt 0.6221 0.2539 0.5799
vt 0.6230 0.2539 0.5922
vt 0.6315 0.2539 0.7107
vt 0.6412 0.2539 0.7560
vt 0.6647 0.9973 0.5129
vt 0.6644 0.9974 0.5403
vt 0.6644 0.9975 0.5403
vt 0.6647 0.9976 0.5129
vt 0.6643 0.9976 0.5403
vt 0.6645 0.9977 0.5129
vt 0.6642 0.9976 0.5403
vt 0.6643 0.9978 0.5129
vt 0.6641 0.9977 0.5403
vt 0.6641 0.9978 0.5129
vt 0.6613 0.9977 0.5450
vt 0.6613 0.9978 0.5132
vt 0.6641 0.9973 0.5635
vt 0.6640 0.9974 0.5642
vt 0.6640 0.9974 0.5646
vt 0.6639 0.9975 0.5643
vt 0.6639 0.9975 0.5641
vt 0.6613 0.9975 0.5846
vt 0.6641 0.9961 0.5632
vt 0.6637 0.9960 0.5807
vt 0.6637 0.9972 0.5846
vt 0.6637 0.9972 0.5848
vt 0.6637 0.9972 0.5845
vt 0.6636 0.9972 0.5842
vt 0.6636 0.9973 0.5837
vt 0.6647 0.9923 0.5129
vt 0.6644 0.9923 0.5403
vt 0.6644 0.9936 0.5403
vt 0.6647 0.9936 0.5129
vt 0.6641 0.9923 0.5628
vt 0.6641 0.9936 0.5630
vt 0.6635 0.9923 0.5922
vt 0.6635 0.9936 0.5922
vt 0.6637 0.9936 0.5800
vt 0.6637 0.9923 0.5797
vt 0.6588 0.9973 0.6827
vt 0.6588 0.9976 0.5843
vt 0.6613 0.9973 0.6708
vt 0.6635 0.9970 0.5939
vt 0.6613 0.9970 0.6913
vt 0.6635 0.9959 0.5922
vt 0.6613 0.9959 0.7107
vt 0.6528 0.9973 0.5129
vt 0.6528 0.9976 0.5129
vt 0.6531 0.9975 0.5403
vt 0.6531 0.9974 0.5403
vt 0.6530 0.9977 0.5129
vt 0.6532 0.9976 0.5403
vt 0.6532 0.9978 0.5129
vt 0.6533 0.9976 0.5403
vt 0.6534 0.9978 0.5129
vt 0.6534 0.9977 0.5403
vt 0.6563 0.9978 0.5132
vt 0.6563 0.9977 0.5450
vt 0.6535 0.9974 0.5642
vt 0.6534 0.9973 0.5635
vt 0.6535 0.9974 0.5646
vt 0.6536 0.9975 0.5643
vt 0.6536 0.9975 0.5641
vt 0.6563 0.9975 0.5846
vt 0.6538 0.9972 0.5846
vt 0.6538 0.9960 0.5807
vt 0.6534 0.9961 0.5633
vt 0.6538 0.9972 0.5848
vt 0.6538 0.9972 0.5845
vt 0.6539 0.9972 0.5842
vt 0.6539 0.9973 0.5837
vt 0.6528 0.9923 0.5129
vt 0.6528 0.9936 0.5129
vt 0.6531 0.9936 0.5403
vt 0.6531 0.9923 0.5403
vt 0.6534 0.9936 0.5630
vt 0.6534 0.9923 0.5628
vt 0.6540 0.9923 0.5922
vt 0.6538 0.9923 0.5797
vt 0.6538 0.9936 0.5800
vt 0.6540 0.9936 0.5922
vt 0.6563 0.9973 0.6708
vt 0.6540 0.9970 0.5939
vt 0.6563 0.9970 0.6913
vt 0.6563 0.9959 0.7107
vt 0.6540 0.9959 0.5922
vt 0.6588 0.9977 0.5448
vt 0.6588 0.9978 0.5132
vt 0.6588 0.9970 0.7035
vt 0.6588 0.9959 0.7346
vt 0.6563 0.9923 0.7107
vt 0.6563 0.9936 0.7107
vt 0.6588 0.9936 0.7560
vt 0.6588 0.9923 0.7560
vt 0.6637 0.9948 0.5804
vt 0.6641 0.9948 0.5631
vt 0.6647 0.9948 0.5129
vt 0.6644 0.9948 0.5403
vt 0.6644 0.9961 0.5403
vt 0.6647 0.9961 0.5129
vt 0.6635 0.9948 0.5922
vt 0.6613 0.9948 0.7107
vt 0.6613 0.9936 0.7107
vt 0.6534 0.9948 0.5631
vt 0.6538 0.9948 0.5804
vt 0.6531 0.9948 0.5403
vt 0.6528 0.9948 0.5129
vt 0.6528 0.9961 0.5129
vt 0.6531 0.9961 0.5403
vt 0.6540 0.9948 0.5922
vt 0.6563 0.9948 0.7107
vt 0.6588 0.9948 0.7560
vt 0.6613 0.9923 0.7107
vt 0.6642 0.2539 0.5130
vt 0.6629 0.2539 0.5403
vt 0.6194 0.2539 0.5403
vt 0.6181 0.2539 0.5130
vt 0.6577 0.7462 0.7107
# 244 texture coords

o Rectangle019
g Rectangle019
usemtl wire_115115115
s off
f 3916/3929/3804 3915/3928/3803 3914/3927/3802 3913/3926/3801 
f 3915/3928/3803 3918/3931/3806 3917/3930/3805 3914/3927/3802 
f 3918/3931/3806 3920/3933/3808 3919/3932/3807 3917/3930/3805 
f 3920/3933/3808 3922/3935/3810 3921/3934/3809 3919/3932/3807 
f 3922/3935/3810 3924/3937/3812 3923/3936/3811 3921/3934/3809 
f 3926/3939/3814 3925/3938/3813 3915/3928/3803 3916/3929/3804 
f 3925/3938/3813 3927/3940/3815 3918/3931/3806 3915/3928/3803 
f 3927/3940/3815 3928/3941/3816 3920/3933/3808 3918/3931/3806 
f 3928/3941/3816 3929/3942/3817 3922/3935/3810 3920/3933/3808 
f 3929/3942/3817 3930/3943/3818 3924/3937/3812 3922/3935/3810 
f 3933/3946/3821 3932/3945/3820 3931/3944/3819 3926/3939/3814 
f 3926/3939/3814 3931/3944/3819 3934/3947/3822 3925/3938/3813 
f 3925/3938/3813 3934/3947/3822 3935/3948/3823 3927/3940/3815 
f 3927/3940/3815 3935/3948/3823 3936/3949/3824 3928/3941/3816 
f 3928/3941/3816 3936/3949/3824 3937/3950/3825 3929/3942/3817 
f 3941/3954/3829 3940/3953/3828 3939/3952/3827 3938/3951/3826 
f 3943/3956/3831 3942/3955/3830 3940/3953/3828 3941/3954/3829 
s 1
f 3947/3960/3835 3946/3959/3834 3945/3958/3833 3944/3957/3832 
s off
f 3950/3963/3838 3930/3943/3818 3949/3962/3837 3948/3961/3836 
s 1
f 3951/3964/3839 3937/3950/3825 3936/3949/3824 3935/3948/3823 3934/3947/3822 3931/3944/3819 
f 3951/3964/3839 3952/3965/3840 3949/3962/3837 3937/3950/3825 
f 3954/3967/3842 3953/3966/3841 3952/3965/3840 3951/3964/3839 
s off
f 3958/3971/3846 3957/3970/3845 3956/3969/3844 3955/3968/3843 
f 3960/3973/3848 3959/3972/3847 3957/3970/3845 3958/3971/3846 
f 3962/3975/3850 3961/3974/3849 3959/3972/3847 3960/3973/3848 
f 3964/3977/3852 3963/3976/3851 3961/3974/3849 3962/3975/3850 
f 3966/3979/3854 3965/3978/3853 3963/3976/3851 3964/3977/3852 
f 3957/3970/3845 3968/3981/3856 3967/3980/3855 3956/3969/3844 
f 3959/3972/3847 3969/3982/3857 3968/3981/3856 3957/3970/3845 
f 3961/3974/3849 3970/3983/3858 3969/3982/3857 3959/3972/3847 
f 3963/3976/3851 3971/3984/3859 3970/3983/3858 3961/3974/3849 
f 3965/3978/3853 3972/3985/3860 3971/3984/3859 3963/3976/3851 
f 3975/3988/3863 3974/3987/3862 3973/3986/3861 3967/3980/3855 
f 3976/3989/3864 3975/3988/3863 3967/3980/3855 3968/3981/3856 
f 3977/3990/3865 3976/3989/3864 3968/3981/3856 3969/3982/3857 
f 3978/3991/3866 3977/3990/3865 3969/3982/3857 3970/3983/3858 
f 3979/3992/3867 3978/3991/3866 3970/3983/3858 3971/3984/3859 
f 3983/3996/3871 3982/3995/3870 3981/3994/3869 3980/3993/3868 
f 3980/3993/3868 3981/3994/3869 3985/3998/3873 3984/3997/3872 
s 1
f 3989/4002/3877 3988/4001/3876 3987/4000/3875 3986/3999/3874 
s off
f 3990/4003/3878 3972/3985/3860 3950/3963/3838 3948/3961/3836 
s 1
f 3976/3989/3864 3977/3990/3865 3978/3991/3866 3979/3992/3867 3991/4004/3879 3975/3988/3863 
f 3990/4003/3878 3992/4005/3880 3991/4004/3879 3979/3992/3867 
f 3992/4005/3880 3994/4007/3882 3993/4006/3881 3991/4004/3879 
s off
f 3924/3937/3812 3996/4009/3884 3995/4008/3883 3923/3936/3811 
f 3930/3943/3818 3950/3963/3838 3996/4009/3884 3924/3937/3812 
f 3930/3943/3818 3929/3942/3817 3937/3950/3825 3949/3962/3837 
s 1
f 3952/3965/3840 3997/4010/3885 3948/3961/3836 3949/3962/3837 
f 3953/3966/3841 3998/4011/3886 3997/4010/3885 3952/3965/3840 
s off
f 3966/3979/3854 3995/4008/3883 3996/4009/3884 3965/3978/3853 
f 3965/3978/3853 3996/4009/3884 3950/3963/3838 3972/3985/3860 
f 3990/4003/3878 3979/3992/3867 3971/3984/3859 3972/3985/3860 
s 1
f 3990/4003/3878 3948/3961/3836 3997/4010/3885 3992/4005/3880 
f 4002/4015/3890 4001/4014/3889 4000/4013/3888 3999/4012/3887 
s off
f 4006/4019/3894 4005/4018/3893 4004/4017/3892 4003/4016/3891 
f 4010/4023/3897 4009/4022/3896 4008/4021/3895 4007/4020/3895 
f 4006/4019/3894 3933/3946/3821 4009/4022/3896 4010/4023/3897 
s 1
f 4011/4024/3898 3954/3967/3842 3932/3945/3820 4003/4016/3891 
f 4011/4024/3898 4014/4027/3901 4013/4026/3900 4012/4025/3899 
s off
f 4018/4031/3905 4017/4030/3904 4016/4029/3903 4015/4028/3902 
f 4022/4035/3908 4021/4034/3908 4020/4033/3907 4019/4032/3906 
f 4019/4032/3906 4020/4033/3907 3973/3986/3861 4015/4028/3902 
s 1
f 4018/4031/3905 3974/3987/3862 3993/4006/3881 4023/4036/3909 
f 4026/4039/3912 4025/4038/3911 4024/4037/3910 4023/4036/3909 
f 4012/4025/3899 4013/4026/3900 4028/4041/3914 4027/4040/3913 
f 4026/4039/3912 3994/4007/3882 3998/4011/3886 4027/4040/3913 
s off
f 4030/4043/3916 4010/4023/3897 4007/4020/3895 4029/4042/3915 
f 4005/4018/3893 4006/4019/3894 4010/4023/3897 4030/4043/3916 
s 1
f 4014/4027/3901 4011/4024/3898 4003/4016/3891 4004/4017/3892 
s off
f 4032/4045/3918 4022/4035/3908 4019/4032/3906 4031/4044/3917 
f 4031/4044/3917 4019/4032/3906 4015/4028/3902 4016/4029/3903 
s 1
f 4017/4030/3904 4018/4031/3905 4023/4036/3909 4024/4037/3910 
f 4025/4038/3911 4026/4039/3912 4027/4040/3913 4028/4041/3914 
s off
f 4034/4047/3920 3942/3955/3830 3945/3958/3833 4033/4046/3919 
s 1
f 4037/4050/3923 3946/3959/3834 4036/4049/3922 4035/4048/3921 
s off
f 4039/4052/3925 3988/4001/3876 3985/3998/3873 4038/4051/3924 
s 1
f 4041/4054/3927 4001/4014/3889 3987/4000/3875 4040/4053/3926 
f 4035/4048/3921 4036/4049/3922 4000/4013/3888 4042/4055/3887 
s off
f 3933/3946/3821 4006/4019/3894 4003/4016/3891 3932/3945/3820 
s 1
f 3954/3967/3842 4011/4024/3898 4012/4025/3899 3953/3966/3841 
s off
f 3974/3987/3862 4018/4031/3905 4015/4028/3902 3973/3986/3861 
s 1
f 3994/4007/3882 4026/4039/3912 4023/4036/3909 3993/4006/3881 
f 3953/3966/3841 4012/4025/3899 4027/4040/3913 3998/4011/3886 
s off
f 4009/4022/3896 3916/3929/3804 3913/3926/3801 4008/4021/3895 
f 3933/3946/3821 3926/3939/3814 3916/3929/3804 4009/4022/3896 
s 1
f 3954/3967/3842 3951/3964/3839 3931/3944/3819 3932/3945/3820 
s off
f 4021/4034/3908 3955/3968/3843 3956/3969/3844 4020/4033/3907 
f 4020/4033/3907 3956/3969/3844 3967/3980/3855 3973/3986/3861 
s 1
f 3974/3987/3862 3975/3988/3863 3991/4004/3879 3993/4006/3881 
f 3994/4007/3882 3992/4005/3880 3997/4010/3885 3998/4011/3886 
s off
f 4046/4059/3931 4045/4058/3930 4044/4057/3929 4043/4056/3928 
f 4048/4061/3933 4047/4060/3932 4045/4058/3930 4046/4059/3931 
f 4050/4063/3935 4049/4062/3934 4047/4060/3932 4048/4061/3933 
f 4052/4065/3937 4051/4064/3936 4049/4062/3934 4050/4063/3935 
f 4054/4067/3939 4053/4066/3938 4051/4064/3936 4052/4065/3937 
f 4045/4058/3930 4056/4069/3941 4055/4068/3940 4044/4057/3929 
f 4047/4060/3932 4057/4070/3942 4056/4069/3941 4045/4058/3930 
f 4049/4062/3934 4058/4071/3943 4057/4070/3942 4047/4060/3932 
f 4051/4064/3936 4059/4072/3944 4058/4071/3943 4049/4062/3934 
f 4053/4066/3938 4060/4073/3945 4059/4072/3944 4051/4064/3936 
f 4063/4076/3948 4062/4075/3947 4061/4074/3946 4055/4068/3940 
f 4064/4077/3949 4063/4076/3948 4055/4068/3940 4056/4069/3941 
f 4065/4078/3950 4064/4077/3949 4056/4069/3941 4057/4070/3942 
f 4066/4079/3951 4065/4078/3950 4057/4070/3942 4058/4071/3943 
f 4067/4080/3952 4066/4079/3951 4058/4071/3943 4059/4072/3944 
f 4071/4084/3956 4070/4083/3955 4069/4082/3954 4068/4081/3953 
f 4070/4083/3955 4073/4086/3958 4072/4085/3957 4069/4082/3954 
s 1
f 4077/4090/3962 4076/4089/3961 4075/4088/3960 4074/4087/3959 
s off
f 4080/4093/3965 4060/4073/3945 4079/4092/3964 4078/4091/3963 
s 1
f 4064/4077/3949 4065/4078/3950 4066/4079/3951 4067/4080/3952 4081/4094/3966 4063/4076/3948 
f 4080/4093/3965 4082/4095/3967 4081/4094/3966 4067/4080/3952 
f 4082/4095/3967 4084/4097/3969 4083/4096/3968 4081/4094/3966 
s off
f 4088/4101/3973 4087/4100/3972 4086/4099/3971 4085/4098/3970 
f 4087/4100/3972 4090/4103/3975 4089/4102/3974 4086/4099/3971 
f 4090/4103/3975 4092/4105/3977 4091/4104/3976 4089/4102/3974 
f 4092/4105/3977 4094/4107/3979 4093/4106/3978 4091/4104/3976 
f 4094/4107/3979 4096/4109/3981 4095/4108/3980 4093/4106/3978 
f 4098/4111/3983 4097/4110/3982 4087/4100/3972 4088/4101/3973 
f 4097/4110/3982 4099/4112/3984 4090/4103/3975 4087/4100/3972 
f 4099/4112/3984 4100/4113/3985 4092/4105/3977 4090/4103/3975 
f 4100/4113/3985 4101/4114/3986 4094/4107/3979 4092/4105/3977 
f 4101/4114/3986 4102/4115/3987 4096/4109/3981 4094/4107/3979 
f 4105/4118/3990 4104/4117/3989 4103/4116/3988 4098/4111/3983 
f 4098/4111/3983 4103/4116/3988 4106/4119/3991 4097/4110/3982 
f 4097/4110/3982 4106/4119/3991 4107/4120/3992 4099/4112/3984 
f 4099/4112/3984 4107/4120/3992 4108/4121/3993 4100/4113/3985 
f 4100/4113/3985 4108/4121/3993 4109/4122/3994 4101/4114/3986 
f 4113/4126/3998 4112/4125/3997 4111/4124/3996 4110/4123/3995 
f 4115/4128/4000 4114/4127/3999 4112/4125/3997 4113/4126/3998 
s 1
f 4119/4132/4004 4118/4131/4003 4117/4130/4002 4116/4129/4001 
s off
f 4079/4092/3964 4102/4115/3987 4120/4133/4005 4078/4091/3963 
s 1
f 4121/4134/4006 4109/4122/3994 4108/4121/3993 4107/4120/3992 4106/4119/3991 4103/4116/3988 
f 4121/4134/4006 4122/4135/4007 4120/4133/4005 4109/4122/3994 
f 4124/4137/4009 4123/4136/4008 4122/4135/4007 4121/4134/4006 
s off
f 4126/4139/4011 4125/4138/4010 4053/4066/3938 4054/4067/3939 
f 4125/4138/4010 4079/4092/3964 4060/4073/3945 4053/4066/3938 
f 4067/4080/3952 4059/4072/3944 4060/4073/3945 4080/4093/3965 
s 1
f 4078/4091/3963 4127/4140/4012 4082/4095/3967 4080/4093/3965 
f 4127/4140/4012 4128/4141/4013 4084/4097/3969 4082/4095/3967 
s off
f 4125/4138/4010 4126/4139/4011 4095/4108/3980 4096/4109/3981 
f 4079/4092/3964 4125/4138/4010 4096/4109/3981 4102/4115/3987 
f 4101/4114/3986 4109/4122/3994 4120/4133/4005 4102/4115/3987 
s 1
f 4127/4140/4012 4078/4091/3963 4120/4133/4005 4122/4135/4007 
f 4132/4145/4017 4131/4144/4016 4130/4143/4015 4129/4142/4014 
s off
f 4076/4089/3961 4073/4086/3958 4134/4147/4019 4133/4146/4018 
f 4138/4151/3956 4137/4150/4021 4136/4149/4020 4135/4148/3956 
f 4137/4150/4021 4061/4074/3946 4134/4147/4019 4136/4149/4020 
s 1
f 4062/4075/3947 4083/4096/3968 4139/4152/4022 4133/4146/4018 
f 4141/4154/4024 4075/4088/3960 4139/4152/4022 4140/4153/4023 
s off
f 4114/4127/3999 4118/4131/4003 4143/4156/4026 4142/4155/4025 
f 4147/4160/4028 4146/4159/3996 4145/4158/3996 4144/4157/4027 
f 4105/4118/3990 4147/4160/4028 4144/4157/4027 4142/4155/4025 
s 1
f 4124/4137/4009 4104/4117/3989 4143/4156/4026 4148/4161/4029 
f 4119/4132/4004 4130/4143/4015 4149/4162/4030 4148/4161/4029 
f 4131/4144/4016 4141/4154/4024 4140/4153/4023 4150/4163/4031 
f 4128/4141/4013 4123/4136/4008 4149/4162/4030 4150/4163/4031 
s off
f 4135/4148/3956 4136/4149/4020 4070/4083/3955 4071/4084/3956 
f 4136/4149/4020 4134/4147/4019 4073/4086/3958 4070/4083/3955 
s 1
f 4133/4146/4018 4139/4152/4022 4075/4088/3960 4076/4089/3961 
s off
f 4144/4157/4027 4145/4158/3996 4111/4124/3996 4112/4125/3997 
f 4142/4155/4025 4144/4157/4027 4112/4125/3997 4114/4127/3999 
s 1
f 4148/4161/4029 4143/4156/4026 4118/4131/4003 4119/4132/4004 
f 4150/4163/4031 4149/4162/4030 4130/4143/4015 4131/4144/4016 
s off
f 4077/4090/3962 4072/4085/3957 4073/4086/3958 4076/4089/3961 
s 1
f 4151/4164/4032 4074/4087/3959 4075/4088/3960 4141/4154/4024 
s off
f 4115/4128/4000 4117/4130/4002 4118/4131/4003 4114/4127/3999 
s 1
f 4116/4129/4001 4129/4142/4014 4130/4143/4015 4119/4132/4004 
f 4132/4145/4017 4151/4164/4032 4141/4154/4024 4131/4144/4016 
s off
f 4133/4146/4018 4134/4147/4019 4061/4074/3946 4062/4075/3947 
s 1
f 4140/4153/4023 4139/4152/4022 4083/4096/3968 4084/4097/3969 
s off
f 4142/4155/4025 4143/4156/4026 4104/4117/3989 4105/4118/3990 
s 1
f 4148/4161/4029 4149/4162/4030 4123/4136/4008 4124/4137/4009 
f 4150/4163/4031 4140/4153/4023 4084/4097/3969 4128/4141/4013 
s off
f 4043/4056/3928 4044/4057/3929 4137/4150/4021 4138/4151/3956 
f 4044/4057/3929 4055/4068/3940 4061/4074/3946 4137/4150/4021 
s 1
f 4063/4076/3948 4081/4094/3966 4083/4096/3968 4062/4075/3947 
s off
f 4088/4101/3973 4085/4098/3970 4146/4159/3996 4147/4160/4028 
f 4098/4111/3983 4088/4101/3973 4147/4160/4028 4105/4118/3990 
s 1
f 4121/4134/4006 4103/4116/3988 4104/4117/3989 4124/4137/4009 
f 4127/4140/4012 4122/4135/4007 4123/4136/4008 4128/4141/4013 
s off
f 4153/4166/4034 4030/4043/3916 4029/4042/3915 4152/4165/4033 
f 3940/3953/3828 4153/4166/4034 4152/4165/4033 3939/3952/3827 
f 3938/3951/3826 4068/4081/3953 4069/4082/3954 3941/3954/3829 
f 4034/4047/3920 4005/4018/3893 4030/4043/3916 4153/4166/4034 
f 3942/3955/3830 4034/4047/3920 4153/4166/4034 3940/3953/3828 
f 3941/3954/3829 4069/4082/3954 4072/4085/3957 3943/3956/3831 
s 1
f 4037/4050/3923 4014/4027/3901 4004/4017/3892 4033/4046/3919 
f 3946/3959/3834 4037/4050/3923 4033/4046/3919 3945/3958/3833 
f 3944/3957/3832 4077/4090/3962 4074/4087/3959 3947/3960/3835 
s off
f 4155/4168/4036 4032/4045/3918 4031/4044/3917 4154/4167/4035 
f 3982/3995/3870 4155/4168/4036 4154/4167/4035 3981/3994/3869 
f 3980/3993/3868 4113/4126/3998 4110/4123/3995 3983/3996/3871 
f 4154/4167/4035 4031/4044/3917 4016/4029/3903 4038/4051/3924 
f 3981/3994/3869 4154/4167/4035 4038/4051/3924 3985/3998/3873 
f 3984/3997/3872 4115/4128/4000 4113/4126/3998 3980/3993/3868 
s 1
f 4039/4052/3925 4017/4030/3904 4024/4037/3910 4040/4053/3926 
f 3988/4001/3876 4039/4052/3925 4040/4053/3926 3987/4000/3875 
f 3986/3999/3874 4116/4129/4001 4117/4130/4002 3989/4002/3877 
f 4041/4054/3927 4025/4038/3911 4028/4041/3914 4042/4055/3887 
f 4001/4014/3889 4041/4054/3927 4042/4055/3887 4000/4013/3888 
f 3999/4012/3887 4132/4145/4017 4129/4142/4014 4002/4015/3890 
s off
f 3943/3956/3831 4072/4085/3957 4077/4090/3962 3944/3957/3832 
f 3942/3955/3830 3943/3956/3831 3944/3957/3832 3945/3958/3833 
f 4033/4046/3919 4004/4017/3892 4005/4018/3893 4034/4047/3920 
s 1
f 3947/3960/3835 4074/4087/3959 4151/4164/4032 4156/4169/4037 
f 3946/3959/3834 3947/3960/3835 4156/4169/4037 4036/4049/3922 
f 4035/4048/3921 4013/4026/3900 4014/4027/3901 4037/4050/3923 
s off
f 3989/4002/3877 4117/4130/4002 4115/4128/4000 3984/3997/3872 
f 3988/4001/3876 3989/4002/3877 3984/3997/3872 3985/3998/3873 
f 4038/4051/3924 4016/4029/3903 4017/4030/3904 4039/4052/3925 
s 1
f 4002/4015/3890 4129/4142/4014 4116/4129/4001 3986/3999/3874 
f 4001/4014/3889 4002/4015/3890 3986/3999/3874 3987/4000/3875 
f 4040/4053/3926 4024/4037/3910 4025/4038/3911 4041/4054/3927 
f 4156/4169/4037 4151/4164/4032 4132/4145/4017 3999/4012/3887 
f 4036/4049/3922 4156/4169/4037 3999/4012/3887 4000/4013/3888 
f 4042/4055/3887 4028/4041/3914 4013/4026/3900 4035/4048/3921 
# 216 polygons

#
# object Rectangle020
#

v  -892.8874 42.0632 -460.5998
v  -892.8874 41.4788 -460.2220
v  -892.3407 41.5833 -458.5218
v  -892.3407 41.8706 -458.6953
v  -892.8874 41.0256 -459.2082
v  -892.3407 41.3665 -458.0935
v  -892.8874 40.8342 -458.1043
v  -892.3407 41.2209 -457.2620
v  -892.8874 40.7332 -456.8866
v  -892.3407 41.1833 -456.7771
v  -892.8816 40.7332 -439.9186
v  -892.2462 41.1833 -439.9177
v  -891.8619 41.9565 -456.4962
v  -891.8755 42.1367 -456.5954
v  -891.8544 41.8533 -456.3101
v  -891.8593 41.7554 -455.8206
v  -891.8640 41.7344 -455.5361
v  -891.6477 41.7102 -439.9070
v  -891.5294 42.5764 -454.3954
v  -891.5324 45.9089 -454.4292
v  -891.8813 45.6887 -456.6178
v  -891.5306 42.4775 -454.3195
v  -891.5409 42.4011 -454.2405
v  -891.5461 42.3550 -454.0923
v  -891.5538 42.3152 -453.9094
v  -892.8877 2120.1904 -460.4631
v  -892.8876 1431.0022 -460.5058
v  -892.3409 1431.0017 -459.3506
v  -892.3411 2120.1902 -459.7099
v  -891.8887 1431.0051 -458.1163
v  -891.8894 2120.1919 -458.9068
v  -891.5516 2120.1943 -458.0594
v  -891.5497 1431.0098 -456.8141
v  -891.3029 1431.0117 -455.9623
v  -891.3030 2120.1951 -457.4998
v  -889.2749 42.3059 -425.0141
v  -889.5138 42.3103 -439.8930
v  -891.6519 41.7083 -425.0141
v  -891.3027 42.7292 -453.1447
v  -889.3550 42.7485 -439.8864
v  -888.9324 45.9961 -439.8863
v  -891.3027 45.9866 -453.1346
v  -892.8873 42.0632 -389.4285
v  -892.3407 41.8706 -391.3329
v  -892.3407 41.5833 -391.5064
v  -892.8873 41.4788 -389.8062
v  -892.3407 41.3665 -391.9348
v  -892.8873 41.0256 -390.8200
v  -892.3407 41.2209 -392.7662
v  -892.8873 40.8342 -391.9240
v  -892.3407 41.1833 -393.2512
v  -892.8873 40.7332 -393.1417
v  -892.2462 41.1833 -410.1108
v  -892.8816 40.7332 -410.1099
v  -891.8755 42.1367 -393.4329
v  -891.8619 41.9565 -393.5320
v  -891.8544 41.8533 -393.7181
v  -891.8593 41.7554 -394.2076
v  -891.8640 41.7344 -394.4921
v  -891.6477 41.7102 -410.1214
v  -891.8813 45.6887 -393.4105
v  -891.5323 45.9089 -395.5991
v  -891.5293 42.5764 -395.6328
v  -891.5306 42.4775 -395.7087
v  -891.5409 42.4011 -395.7877
v  -891.5461 42.3550 -395.9360
v  -891.5538 42.3152 -396.1188
v  -892.3411 2120.1902 -433.0687
v  -892.3409 1431.0017 -418.4904
v  -892.8876 1431.0022 -417.3352
v  -892.8877 2120.1904 -432.3155
v  -891.8894 2120.1919 -433.8719
v  -891.8887 1431.0051 -419.7247
v  -891.3030 2120.1953 -435.2789
v  -891.3029 1431.0117 -421.8787
v  -891.5497 1431.0098 -421.0269
v  -891.5516 2120.1941 -434.7192
v  -889.5138 42.3103 -410.1352
v  -891.3027 42.7292 -396.8836
v  -889.3550 42.7485 -410.1417
v  -891.3027 45.9866 -396.8937
v  -888.9324 45.9961 -410.1417
v  -892.8826 40.7332 -425.0141
v  -892.2498 41.1833 -425.0141
v  -889.1108 42.7678 -425.0141
v  -888.4534 46.0056 -425.0141
v  -888.0271 2120.1951 -446.3893
v  -888.0270 1431.0117 -438.9205
v  -888.9326 1431.0117 -429.8994
v  -888.9327 2120.1953 -440.5075
v  -891.5385 49.2415 -454.4630
v  -891.5460 52.6409 -454.4967
v  -891.8873 52.6316 -456.6522
v  -891.8849 49.2366 -456.6358
v  -892.8874 49.2356 -460.5998
v  -892.8874 45.6494 -460.5998
v  -892.3407 45.5520 -458.6953
v  -892.3407 49.2336 -458.6953
v  -891.3027 49.2434 -453.1245
v  -888.9324 49.2434 -439.8862
v  -888.9324 52.6448 -439.8862
v  -891.3027 52.6448 -453.1145
v  -891.8849 49.2366 -393.3925
v  -891.8873 52.6316 -393.3760
v  -891.5459 52.6409 -395.5316
v  -891.5385 49.2415 -395.5653
v  -892.3407 49.2336 -391.3329
v  -892.3407 45.5520 -391.3329
v  -892.8873 45.6494 -389.4285
v  -892.8873 49.2356 -389.4285
v  -891.3027 49.2434 -396.9037
v  -891.3027 52.6448 -396.9138
v  -888.9324 52.6448 -410.1419
v  -888.9324 49.2434 -410.1418
v  -888.0267 49.2439 -425.0141
v  -888.0267 52.6448 -425.0141
v  -892.8874 52.6257 -460.5998
v  -892.3407 52.6248 -458.6953
v  -892.3407 52.6248 -391.3329
v  -892.8873 52.6257 -389.4285
v  -891.5479 741.8254 -455.2712
v  -891.8880 741.8184 -456.9414
v  -888.9325 741.8281 -443.9206
v  -888.9326 1431.0117 -447.9414
v  -891.3028 741.8281 -454.1895
v  -891.8880 741.8184 -407.8057
v  -891.5479 741.8252 -409.4759
v  -891.3028 741.8284 -410.5576
v  -888.9325 741.8284 -420.8264
v  -888.0269 741.8281 -432.3736
v  -892.8878 2823.4834 -460.6740
v  -892.3412 2823.6760 -460.2898
v  -892.3412 2823.9631 -460.2548
v  -892.8878 2824.0681 -460.5978
v  -892.3412 2824.1799 -460.1683
v  -892.8878 2824.5210 -460.3932
v  -892.3412 2824.3254 -460.0006
v  -892.8878 2824.7124 -460.1705
v  -892.3412 2824.3630 -459.9028
v  -892.8878 2824.8135 -459.9249
v  -892.2466 2824.3630 -456.5015
v  -892.8820 2824.8135 -456.5017
v  -891.8760 2823.4099 -459.8661
v  -891.8624 2823.5901 -459.8461
v  -891.8549 2823.6931 -459.8086
v  -891.8598 2823.7910 -459.7098
v  -891.8645 2823.8120 -459.6524
v  -891.4556 2824.0479 -456.4994
v  -891.8818 2819.8577 -459.8706
v  -891.5328 2819.6375 -459.4291
v  -891.4541 2822.9700 -459.4223
v  -891.4514 2823.0691 -459.4070
v  -891.4570 2823.1458 -459.3911
v  -891.4634 2823.1917 -459.3611
v  -891.4727 2823.2314 -459.3242
v  -892.8878 2809.3787 -460.6740
v  -892.3412 2809.3787 -460.2898
v  -892.3412 2812.9216 -460.2898
v  -892.8878 2812.9209 -460.6740
v  -891.8901 2809.3787 -459.8809
v  -891.8878 2812.9150 -459.8776
v  -891.3032 2809.3787 -459.1618
v  -891.3032 2812.9019 -459.1639
v  -891.5464 2812.9060 -459.4427
v  -891.5535 2809.3787 -459.4496
v  -889.4927 2823.2410 -453.4948
v  -891.4598 2824.0500 -453.4948
v  -889.7316 2823.2363 -456.4966
v  -891.2692 2822.4360 -459.1700
v  -889.3215 2822.4167 -456.4952
v  -891.3032 2819.5603 -459.1679
v  -888.9329 2819.5505 -456.4952
v  -892.8878 2823.4834 -446.3157
v  -892.8878 2824.0681 -446.3919
v  -892.3412 2823.9631 -446.7349
v  -892.3412 2823.6760 -446.6999
v  -892.8878 2824.5210 -446.5964
v  -892.3412 2824.1799 -446.8213
v  -892.8878 2824.7124 -446.8192
v  -892.3412 2824.3254 -446.9891
v  -892.8878 2824.8135 -447.0648
v  -892.3412 2824.3630 -447.0869
v  -892.8820 2824.8135 -450.4880
v  -892.2466 2824.3630 -450.4882
v  -891.8624 2823.5901 -447.1436
v  -891.8760 2823.4099 -447.1236
v  -891.8549 2823.6931 -447.1811
v  -891.8598 2823.7910 -447.2798
v  -891.8645 2823.8120 -447.3373
v  -891.4556 2824.0479 -450.4904
v  -891.4541 2822.9700 -447.5674
v  -891.5328 2819.6375 -447.5606
v  -891.8818 2819.8577 -447.1190
v  -891.4514 2823.0691 -447.5827
v  -891.4570 2823.1458 -447.5986
v  -891.4634 2823.1917 -447.6285
v  -891.4726 2823.2314 -447.6654
v  -892.8878 2809.3787 -446.3157
v  -892.8878 2812.9209 -446.3157
v  -892.3412 2812.9216 -446.6999
v  -892.3412 2809.3787 -446.6999
v  -891.8878 2812.9150 -447.1121
v  -891.8901 2809.3787 -447.1088
v  -891.3032 2809.3787 -447.8279
v  -891.5535 2809.3787 -447.5401
v  -891.5464 2812.9060 -447.5470
v  -891.3032 2812.9021 -447.8258
v  -889.7316 2823.2363 -450.4931
v  -891.2692 2822.4360 -447.8197
v  -889.3215 2822.4167 -450.4944
v  -888.9329 2819.5505 -450.4944
v  -891.3032 2819.5603 -447.8217
v  -892.2503 2824.3630 -453.4948
v  -892.8831 2824.8135 -453.4948
v  -889.0773 2822.3977 -453.4948
v  -888.4539 2819.5410 -453.4948
v  -888.9329 2809.3787 -450.4945
v  -888.9329 2812.9021 -450.4945
v  -888.0272 2812.9019 -453.4948
v  -888.0272 2809.3787 -453.4948
v  -891.5389 2816.3049 -459.4359
v  -891.8854 2816.3101 -459.8743
v  -892.8878 2816.3110 -460.6740
v  -892.3412 2816.3130 -460.2898
v  -892.3412 2819.9946 -460.2898
v  -892.8878 2819.8972 -460.6740
v  -891.3032 2816.3032 -459.1659
v  -888.9329 2816.3030 -456.4952
v  -888.9329 2812.9019 -456.4951
v  -891.8854 2816.3101 -447.1154
v  -891.5389 2816.3049 -447.5538
v  -892.3412 2816.3130 -446.6999
v  -892.8878 2816.3110 -446.3157
v  -892.8878 2819.8972 -446.3157
v  -892.3412 2819.9946 -446.6999
v  -891.3032 2816.3032 -447.8238
v  -888.9329 2816.3030 -450.4945
v  -888.0272 2816.3030 -453.4948
v  -888.9329 2809.3787 -456.4951
v  -892.8875 741.8140 -460.0032
v  -892.3408 741.8132 -458.5246
v  -892.3408 741.8132 -406.2226
v  -892.8875 741.8140 -404.7439
v  -888.9327 2120.1951 -452.2711
# 244 vertices

vn 0.9720 -0.0541 -0.2285
vn 0.9490 -0.2147 -0.2308
vn 0.9482 -0.2522 -0.1931
vn 0.9763 -0.0679 -0.2053
vn 0.8523 -0.4895 -0.1845
vn 0.8797 -0.4566 -0.1332
vn 0.7589 -0.6438 -0.0982
vn 0.8162 -0.5736 -0.0693
vn 0.7209 -0.6923 -0.0313
vn 0.7917 -0.6102 -0.0299
vn 0.6632 -0.7484 -0.0001
vn 0.7028 -0.7114 -0.0015
vn 0.9850 -0.1029 -0.1387
vn 0.9883 -0.0120 -0.1520
vn 0.9580 -0.2719 -0.0913
vn 0.9133 -0.4053 -0.0399
vn 0.8883 -0.4590 -0.0135
vn 0.5524 -0.8336 -0.0037
vn 0.9911 -0.0480 -0.1241
vn 0.9911 -0.0003 -0.1334
vn 0.9886 0.0002 -0.1503
vn 0.9918 0.0415 0.1208
vn 0.9827 -0.1818 -0.0361
vn 0.9923 -0.1237 0.0034
vn 0.9687 -0.2341 -0.0824
vn 0.8649 -0.0001 -0.5019
vn 0.9353 -0.0001 -0.3539
vn 0.9482 -0.0003 -0.3177
vn 0.8897 -0.0003 -0.4566
vn 0.9701 -0.0003 -0.2426
vn 0.9339 -0.0005 -0.3574
vn 0.9477 -0.0006 -0.3192
vn 0.9767 -0.0004 -0.2147
vn 0.9737 -0.0005 -0.2278
vn 0.9412 -0.0008 -0.3377
vn 0.7187 -0.6953 -0.0000
vn 0.7329 -0.6787 -0.0476
vn 0.5383 -0.8427 -0.0000
vn 0.9845 -0.1255 -0.1225
vn 0.9797 -0.1903 -0.0631
vn 0.9952 -0.0515 -0.0835
vn 0.9900 0.0004 -0.1410
vn 0.9720 -0.0541 0.2285
vn 0.9763 -0.0679 0.2053
vn 0.9482 -0.2522 0.1931
vn 0.9490 -0.2147 0.2308
vn 0.8797 -0.4566 0.1332
vn 0.8523 -0.4895 0.1845
vn 0.8162 -0.5736 0.0693
vn 0.7589 -0.6438 0.0982
vn 0.7917 -0.6102 0.0299
vn 0.7209 -0.6923 0.0313
vn 0.7028 -0.7114 0.0015
vn 0.6632 -0.7484 0.0001
vn 0.9883 -0.0120 0.1520
vn 0.9850 -0.1029 0.1387
vn 0.9580 -0.2719 0.0913
vn 0.9133 -0.4053 0.0399
vn 0.8883 -0.4590 0.0135
vn 0.5524 -0.8336 0.0037
vn 0.9886 0.0002 0.1503
vn 0.9911 -0.0003 0.1334
vn 0.9911 -0.0480 0.1240
vn 0.9918 0.0415 -0.1208
vn 0.9827 -0.1818 0.0361
vn 0.9923 -0.1237 -0.0034
vn 0.9687 -0.2341 0.0824
vn 0.8896 0.0093 0.4566
vn 0.9482 0.0062 0.3178
vn 0.9353 0.0071 0.3538
vn 0.8649 0.0106 0.5019
vn 0.9339 0.0071 0.3574
vn 0.9701 0.0046 0.2427
vn 0.9412 0.0064 0.3377
vn 0.9737 0.0041 0.2278
vn 0.9767 0.0039 0.2147
vn 0.9477 0.0061 0.3192
vn 0.7329 -0.6787 0.0476
vn 0.9845 -0.1255 0.1225
vn 0.9797 -0.1903 0.0631
vn 0.9900 0.0004 0.1410
vn 0.9952 -0.0515 0.0835
vn 0.6648 -0.7471 -0.0000
vn 0.7030 -0.7112 -0.0000
vn 0.9762 -0.2170 -0.0000
vn 0.9912 -0.1325 -0.0000
vn 1.0000 -0.0000 -0.0000
vn 1.0000 0.0000 0.0000
vn 0.9878 0.0022 0.1555
vn 0.9725 0.0035 0.2329
vn 0.9911 0.0003 -0.1330
vn 0.9912 0.0001 -0.1325
vn 0.9886 -0.0001 -0.1502
vn 0.9886 -0.0001 -0.1504
vn 0.9747 0.0000 -0.2237
vn 0.9800 0.0000 -0.1989
vn 0.9800 0.0000 -0.1990
vn 0.9901 0.0004 -0.1406
vn 0.9955 0.0000 -0.0953
vn 0.9955 -0.0003 -0.0952
vn 0.9901 0.0001 -0.1406
vn 0.9886 -0.0001 0.1504
vn 0.9886 0.0015 0.1504
vn 0.9912 0.0016 0.1324
vn 0.9911 0.0003 0.1330
vn 0.9800 0.0000 0.1990
vn 0.9800 0.0000 0.1989
vn 0.9747 0.0000 0.2237
vn 0.9901 0.0004 0.1406
vn 0.9901 0.0016 0.1406
vn 0.9954 0.0007 0.0956
vn 0.9955 0.0000 0.0953
vn 0.9986 -0.0524 -0.0000
vn 1.0000 0.0000 0.0002
vn 0.9747 0.0001 -0.2237
vn 0.9799 0.0000 -0.1993
vn 0.9799 0.0022 0.1994
vn 0.9747 0.0025 0.2237
vn 0.9855 -0.0003 -0.1695
vn 0.9814 -0.0002 -0.1919
vn 0.9925 -0.0007 -0.1223
vn 0.9878 -0.0009 -0.1554
vn 0.9837 -0.0004 -0.1799
vn 0.9814 0.0037 0.1919
vn 0.9855 0.0031 0.1695
vn 0.9837 0.0033 0.1799
vn 0.9925 0.0018 0.1222
vn 0.6502 0.0383 -0.7588
vn 0.7061 0.0531 -0.7061
vn 0.7128 0.1810 -0.6776
vn 0.6343 0.2121 -0.7434
vn 0.7378 0.3826 -0.5561
vn 0.6640 0.4648 -0.5857
vn 0.7675 0.5478 -0.3329
vn 0.6922 0.6185 -0.3718
vn 0.7754 0.6174 -0.1326
vn 0.7148 0.6875 -0.1282
vn 0.5589 0.8292 -0.0059
vn 0.6633 0.7483 -0.0004
vn 0.7778 0.0110 -0.6284
vn 0.8052 0.0882 -0.5865
vn 0.8555 0.2612 -0.4470
vn 0.8755 0.4266 -0.2271
vn 0.8692 0.4794 -0.1209
vn 0.4769 0.8771 -0.0573
vn 0.8011 -0.0002 -0.5985
vn 0.8308 -0.0069 -0.5566
vn 0.8494 0.0240 -0.5272
vn 0.9802 -0.0309 0.1955
vn 0.9739 0.1326 -0.1842
vn 0.9891 0.1463 -0.0167
vn 0.9184 0.2423 -0.3127
vn 0.6602 -0.0001 -0.7510
vn 0.7065 -0.0003 -0.7077
vn 0.7070 0.0000 -0.7072
vn 0.6602 0.0000 -0.7510
vn 0.8019 -0.0004 -0.5975
vn 0.8015 0.0001 -0.5979
vn 0.8180 -0.0009 -0.5752
vn 0.8178 -0.0003 -0.5755
vn 0.8339 -0.0003 -0.5520
vn 0.8349 -0.0007 -0.5504
vn 0.7477 0.6641 -0.0000
vn 0.4507 0.8927 -0.0000
vn 0.7559 0.6224 -0.2031
vn 0.8655 0.0233 -0.5004
vn 0.9328 0.2287 -0.2786
vn 0.8166 -0.0039 -0.5772
vn 0.9316 0.0501 -0.3600
vn 0.6502 0.0383 0.7588
vn 0.6343 0.2121 0.7434
vn 0.7128 0.1810 0.6776
vn 0.7061 0.0531 0.7061
vn 0.6640 0.4648 0.5857
vn 0.7378 0.3826 0.5561
vn 0.6922 0.6185 0.3718
vn 0.7675 0.5478 0.3329
vn 0.7148 0.6875 0.1282
vn 0.7754 0.6174 0.1326
vn 0.6633 0.7483 0.0004
vn 0.5589 0.8292 0.0059
vn 0.8052 0.0882 0.5865
vn 0.7778 0.0110 0.6284
vn 0.8555 0.2612 0.4470
vn 0.8755 0.4266 0.2271
vn 0.8692 0.4794 0.1209
vn 0.4769 0.8771 0.0573
vn 0.8494 0.0240 0.5272
vn 0.8308 -0.0069 0.5566
vn 0.8011 -0.0002 0.5985
vn 0.9802 -0.0309 -0.1955
vn 0.9739 0.1326 0.1842
vn 0.9891 0.1463 0.0167
vn 0.9184 0.2423 0.3127
vn 0.6602 0.0077 0.7510
vn 0.6602 0.0000 0.7511
vn 0.7070 0.0000 0.7072
vn 0.7067 0.0070 0.7075
vn 0.8015 0.0001 0.5979
vn 0.8021 0.0058 0.5971
vn 0.8180 0.0051 0.5752
vn 0.8348 0.0050 0.5505
vn 0.8339 -0.0003 0.5520
vn 0.8178 -0.0003 0.5755
vn 0.7559 0.6224 0.2031
vn 0.8655 0.0233 0.5004
vn 0.9328 0.2287 0.2786
vn 0.9316 0.0501 0.3600
vn 0.8166 -0.0039 0.5772
vn 0.5594 0.8289 -0.0000
vn 0.6649 0.7470 -0.0000
vn 0.9631 0.2691 -0.0000
vn 0.9904 0.1380 -0.0000
vn 0.9104 0.0030 0.4137
vn 0.9102 -0.0000 0.4143
vn 1.0000 0.0000 -0.0000
vn 1.0000 -0.0000 -0.0008
vn 0.8329 -0.0002 -0.5535
vn 0.8010 0.0000 -0.5986
vn 0.7075 0.0000 -0.7067
vn 0.7077 0.0000 -0.7066
vn 0.8177 -0.0004 -0.5756
vn 0.9102 -0.0000 -0.4141
vn 0.9102 -0.0000 -0.4143
vn 0.8010 0.0000 0.5986
vn 0.8329 -0.0002 0.5535
vn 0.7075 0.0000 0.7067
vn 0.7077 0.0000 0.7066
vn 0.8177 -0.0004 0.5756
vn 0.9102 -0.0000 0.4141
vn 0.9986 0.0520 -0.0000
vn 0.9099 -0.0013 -0.4147
vn 0.9590 0.0000 -0.2834
vn 0.9674 -0.0001 -0.2533
vn 0.9674 0.0050 0.2533
vn 0.9590 0.0057 0.2834
vn 0.9725 -0.0014 -0.2329
# 237 vertex normals

vt 0.5813 0.0040 0.5130
vt 0.5810 0.0038 0.5130
vt 0.5796 0.0038 0.5403
vt 0.5798 0.0039 0.5403
vt 0.5802 0.0036 0.5130
vt 0.5793 0.0037 0.5403
vt 0.5793 0.0035 0.5130
vt 0.5786 0.0037 0.5403
vt 0.5782 0.0035 0.5130
vt 0.5782 0.0037 0.5403
vt 0.5641 0.0035 0.5133
vt 0.5641 0.0037 0.5450
vt 0.5779 0.0039 0.5642
vt 0.5780 0.0040 0.5636
vt 0.5778 0.0039 0.5646
vt 0.5774 0.0039 0.5644
vt 0.5771 0.0039 0.5641
vt 0.5641 0.0039 0.5750
vt 0.5762 0.0042 0.5809
vt 0.5762 0.0054 0.5807
vt 0.5780 0.0053 0.5633
vt 0.5761 0.0041 0.5808
vt 0.5760 0.0041 0.5803
vt 0.5759 0.0041 0.5800
vt 0.5758 0.0041 0.5796
vt 0.5812 0.7462 0.5130
vt 0.5813 0.5000 0.5130
vt 0.5803 0.5000 0.5403
vt 0.5806 0.7462 0.5403
vt 0.5793 0.5000 0.5629
vt 0.5799 0.7462 0.5629
vt 0.5792 0.7462 0.5798
vt 0.5782 0.5000 0.5798
vt 0.5775 0.5000 0.5922
vt 0.5788 0.7462 0.5922
vt 0.5517 0.0041 0.6936
vt 0.5641 0.0041 0.6816
vt 0.5517 0.0039 0.5747
vt 0.5751 0.0042 0.5922
vt 0.5641 0.0042 0.6896
vt 0.5641 0.0054 0.7107
vt 0.5751 0.0054 0.5922
vt 0.5220 0.0040 0.5130
vt 0.5236 0.0039 0.5403
vt 0.5238 0.0038 0.5403
vt 0.5223 0.0038 0.5130
vt 0.5241 0.0037 0.5403
vt 0.5232 0.0036 0.5130
vt 0.5248 0.0037 0.5403
vt 0.5241 0.0035 0.5130
vt 0.5252 0.0037 0.5403
vt 0.5251 0.0035 0.5130
vt 0.5393 0.0037 0.5450
vt 0.5393 0.0035 0.5133
vt 0.5254 0.0040 0.5636
vt 0.5255 0.0039 0.5642
vt 0.5256 0.0039 0.5646
vt 0.5260 0.0039 0.5644
vt 0.5263 0.0039 0.5641
vt 0.5393 0.0039 0.5750
vt 0.5254 0.0053 0.5633
vt 0.5272 0.0054 0.5807
vt 0.5272 0.0042 0.5809
vt 0.5273 0.0041 0.5808
vt 0.5273 0.0041 0.5803
vt 0.5275 0.0041 0.5800
vt 0.5276 0.0041 0.5796
vt 0.5584 0.7462 0.5403
vt 0.5463 0.5000 0.5403
vt 0.5453 0.5000 0.5130
vt 0.5578 0.7462 0.5130
vt 0.5591 0.7462 0.5629
vt 0.5473 0.5000 0.5629
vt 0.5602 0.7462 0.5922
vt 0.5491 0.5000 0.5922
vt 0.5484 0.5000 0.5798
vt 0.5598 0.7462 0.5798
vt 0.5393 0.0041 0.6816
vt 0.5282 0.0042 0.5922
vt 0.5393 0.0042 0.6896
vt 0.5283 0.0054 0.5922
vt 0.5393 0.0054 0.7107
vt 0.5517 0.0035 0.5132
vt 0.5517 0.0037 0.5448
vt 0.5517 0.0042 0.7018
vt 0.5517 0.0054 0.7347
vt 0.5695 0.7462 0.7560
vt 0.5633 0.5000 0.7560
vt 0.5558 0.5000 0.7107
vt 0.5646 0.7462 0.7107
vt 0.5762 0.0065 0.5804
vt 0.5763 0.0078 0.5800
vt 0.5781 0.0078 0.5630
vt 0.5780 0.0065 0.5631
vt 0.5813 0.0065 0.5130
vt 0.5813 0.0053 0.5130
vt 0.5798 0.0052 0.5403
vt 0.5798 0.0065 0.5403
vt 0.5751 0.0065 0.5922
vt 0.5641 0.0065 0.7107
vt 0.5641 0.0078 0.7107
vt 0.5751 0.0078 0.5922
vt 0.5253 0.0065 0.5631
vt 0.5253 0.0078 0.5630
vt 0.5271 0.0078 0.5800
vt 0.5271 0.0065 0.5804
vt 0.5236 0.0065 0.5403
vt 0.5236 0.0052 0.5403
vt 0.5220 0.0053 0.5130
vt 0.5220 0.0065 0.5130
vt 0.5283 0.0065 0.5922
vt 0.5283 0.0078 0.5922
vt 0.5393 0.0078 0.7107
vt 0.5393 0.0065 0.7107
vt 0.5517 0.0065 0.7560
vt 0.5517 0.0078 0.7560
vt 0.5813 0.0078 0.5130
vt 0.5798 0.0078 0.5403
vt 0.5236 0.0078 0.5403
vt 0.5220 0.0078 0.5130
vt 0.5769 0.2539 0.5799
vt 0.5783 0.2539 0.5629
vt 0.5674 0.2539 0.7107
vt 0.5708 0.5000 0.7107
vt 0.5760 0.2539 0.5922
vt 0.5373 0.2539 0.5629
vt 0.5387 0.2539 0.5799
vt 0.5396 0.2539 0.5922
vt 0.5482 0.2539 0.7107
vt 0.5578 0.2539 0.7560
vt 0.5814 0.9973 0.5129
vt 0.5811 0.9974 0.5403
vt 0.5811 0.9975 0.5403
vt 0.5813 0.9976 0.5129
vt 0.5810 0.9976 0.5403
vt 0.5812 0.9977 0.5129
vt 0.5808 0.9976 0.5403
vt 0.5810 0.9978 0.5129
vt 0.5808 0.9977 0.5403
vt 0.5808 0.9978 0.5129
vt 0.5779 0.9977 0.5450
vt 0.5779 0.9978 0.5132
vt 0.5807 0.9973 0.5635
vt 0.5807 0.9974 0.5642
vt 0.5807 0.9974 0.5646
vt 0.5806 0.9975 0.5643
vt 0.5806 0.9975 0.5641
vt 0.5779 0.9975 0.5846
vt 0.5807 0.9961 0.5632
vt 0.5804 0.9960 0.5807
vt 0.5804 0.9972 0.5846
vt 0.5804 0.9972 0.5848
vt 0.5803 0.9972 0.5845
vt 0.5803 0.9972 0.5842
vt 0.5803 0.9973 0.5837
vt 0.5814 0.9923 0.5129
vt 0.5811 0.9923 0.5403
vt 0.5811 0.9936 0.5403
vt 0.5814 0.9936 0.5129
vt 0.5807 0.9923 0.5628
vt 0.5807 0.9936 0.5630
vt 0.5801 0.9923 0.5922
vt 0.5801 0.9936 0.5922
vt 0.5804 0.9936 0.5800
vt 0.5804 0.9923 0.5797
vt 0.5754 0.9973 0.6827
vt 0.5754 0.9976 0.5843
vt 0.5779 0.9973 0.6708
vt 0.5802 0.9970 0.5939
vt 0.5779 0.9970 0.6913
vt 0.5802 0.9959 0.5922
vt 0.5779 0.9959 0.7107
vt 0.5694 0.9973 0.5129
vt 0.5695 0.9976 0.5129
vt 0.5698 0.9975 0.5403
vt 0.5698 0.9974 0.5403
vt 0.5697 0.9977 0.5129
vt 0.5699 0.9976 0.5403
vt 0.5699 0.9978 0.5129
vt 0.5700 0.9976 0.5403
vt 0.5701 0.9978 0.5129
vt 0.5701 0.9977 0.5403
vt 0.5729 0.9978 0.5132
vt 0.5729 0.9977 0.5450
vt 0.5701 0.9974 0.5642
vt 0.5701 0.9973 0.5635
vt 0.5702 0.9974 0.5646
vt 0.5702 0.9975 0.5643
vt 0.5703 0.9975 0.5641
vt 0.5729 0.9975 0.5846
vt 0.5705 0.9972 0.5846
vt 0.5705 0.9960 0.5807
vt 0.5701 0.9961 0.5632
vt 0.5705 0.9972 0.5848
vt 0.5705 0.9972 0.5845
vt 0.5705 0.9972 0.5842
vt 0.5706 0.9973 0.5837
vt 0.5694 0.9923 0.5129
vt 0.5694 0.9936 0.5129
vt 0.5698 0.9936 0.5403
vt 0.5698 0.9923 0.5403
vt 0.5701 0.9936 0.5630
vt 0.5701 0.9923 0.5628
vt 0.5707 0.9923 0.5922
vt 0.5705 0.9923 0.5797
vt 0.5705 0.9936 0.5800
vt 0.5707 0.9936 0.5922
vt 0.5729 0.9973 0.6708
vt 0.5707 0.9970 0.5939
vt 0.5729 0.9970 0.6913
vt 0.5729 0.9959 0.7107
vt 0.5707 0.9959 0.5922
vt 0.5754 0.9977 0.5448
vt 0.5754 0.9978 0.5132
vt 0.5754 0.9970 0.7035
vt 0.5754 0.9959 0.7346
vt 0.5729 0.9923 0.7107
vt 0.5729 0.9936 0.7107
vt 0.5754 0.9936 0.7560
vt 0.5754 0.9923 0.7560
vt 0.5804 0.9948 0.5804
vt 0.5807 0.9948 0.5631
vt 0.5814 0.9948 0.5129
vt 0.5811 0.9948 0.5403
vt 0.5811 0.9961 0.5403
vt 0.5814 0.9961 0.5129
vt 0.5801 0.9948 0.5922
vt 0.5779 0.9948 0.7107
vt 0.5779 0.9936 0.7107
vt 0.5701 0.9948 0.5631
vt 0.5705 0.9948 0.5804
vt 0.5698 0.9948 0.5403
vt 0.5694 0.9948 0.5129
vt 0.5694 0.9961 0.5129
vt 0.5698 0.9961 0.5403
vt 0.5707 0.9948 0.5922
vt 0.5729 0.9948 0.7107
vt 0.5754 0.9948 0.7560
vt 0.5779 0.9923 0.7107
vt 0.5808 0.2539 0.5130
vt 0.5796 0.2539 0.5403
vt 0.5360 0.2539 0.5403
vt 0.5348 0.2539 0.5130
vt 0.5744 0.7462 0.7107
# 244 texture coords

o Rectangle020
g Rectangle020
usemtl wire_115115115
s off
f 4160/4173/4041 4159/4172/4040 4158/4171/4039 4157/4170/4038 
f 4159/4172/4040 4162/4175/4043 4161/4174/4042 4158/4171/4039 
f 4162/4175/4043 4164/4177/4045 4163/4176/4044 4161/4174/4042 
f 4164/4177/4045 4166/4179/4047 4165/4178/4046 4163/4176/4044 
f 4166/4179/4047 4168/4181/4049 4167/4180/4048 4165/4178/4046 
f 4170/4183/4051 4169/4182/4050 4159/4172/4040 4160/4173/4041 
f 4169/4182/4050 4171/4184/4052 4162/4175/4043 4159/4172/4040 
f 4171/4184/4052 4172/4185/4053 4164/4177/4045 4162/4175/4043 
f 4172/4185/4053 4173/4186/4054 4166/4179/4047 4164/4177/4045 
f 4173/4186/4054 4174/4187/4055 4168/4181/4049 4166/4179/4047 
f 4177/4190/4058 4176/4189/4057 4175/4188/4056 4170/4183/4051 
f 4170/4183/4051 4175/4188/4056 4178/4191/4059 4169/4182/4050 
f 4169/4182/4050 4178/4191/4059 4179/4192/4060 4171/4184/4052 
f 4171/4184/4052 4179/4192/4060 4180/4193/4061 4172/4185/4053 
f 4172/4185/4053 4180/4193/4061 4181/4194/4062 4173/4186/4054 
f 4185/4198/4066 4184/4197/4065 4183/4196/4064 4182/4195/4063 
f 4187/4200/4068 4186/4199/4067 4184/4197/4065 4185/4198/4066 
s 1
f 4191/4204/4072 4190/4203/4071 4189/4202/4070 4188/4201/4069 
s off
f 4194/4207/4075 4174/4187/4055 4193/4206/4074 4192/4205/4073 
s 1
f 4195/4208/4076 4181/4194/4062 4180/4193/4061 4179/4192/4060 4178/4191/4059 4175/4188/4056 
f 4195/4208/4076 4196/4209/4077 4193/4206/4074 4181/4194/4062 
f 4198/4211/4079 4197/4210/4078 4196/4209/4077 4195/4208/4076 
s off
f 4202/4215/4083 4201/4214/4082 4200/4213/4081 4199/4212/4080 
f 4204/4217/4085 4203/4216/4084 4201/4214/4082 4202/4215/4083 
f 4206/4219/4087 4205/4218/4086 4203/4216/4084 4204/4217/4085 
f 4208/4221/4089 4207/4220/4088 4205/4218/4086 4206/4219/4087 
f 4210/4223/4091 4209/4222/4090 4207/4220/4088 4208/4221/4089 
f 4201/4214/4082 4212/4225/4093 4211/4224/4092 4200/4213/4081 
f 4203/4216/4084 4213/4226/4094 4212/4225/4093 4201/4214/4082 
f 4205/4218/4086 4214/4227/4095 4213/4226/4094 4203/4216/4084 
f 4207/4220/4088 4215/4228/4096 4214/4227/4095 4205/4218/4086 
f 4209/4222/4090 4216/4229/4097 4215/4228/4096 4207/4220/4088 
f 4219/4232/4100 4218/4231/4099 4217/4230/4098 4211/4224/4092 
f 4220/4233/4101 4219/4232/4100 4211/4224/4092 4212/4225/4093 
f 4221/4234/4102 4220/4233/4101 4212/4225/4093 4213/4226/4094 
f 4222/4235/4103 4221/4234/4102 4213/4226/4094 4214/4227/4095 
f 4223/4236/4104 4222/4235/4103 4214/4227/4095 4215/4228/4096 
f 4227/4240/4108 4226/4239/4107 4225/4238/4106 4224/4237/4105 
f 4224/4237/4105 4225/4238/4106 4229/4242/4110 4228/4241/4109 
s 1
f 4233/4246/4114 4232/4245/4113 4231/4244/4112 4230/4243/4111 
s off
f 4234/4247/4115 4216/4229/4097 4194/4207/4075 4192/4205/4073 
s 1
f 4220/4233/4101 4221/4234/4102 4222/4235/4103 4223/4236/4104 4235/4248/4116 4219/4232/4100 
f 4234/4247/4115 4236/4249/4117 4235/4248/4116 4223/4236/4104 
f 4236/4249/4117 4238/4251/4119 4237/4250/4118 4235/4248/4116 
s off
f 4168/4181/4049 4240/4253/4121 4239/4252/4120 4167/4180/4048 
f 4174/4187/4055 4194/4207/4075 4240/4253/4121 4168/4181/4049 
f 4174/4187/4055 4173/4186/4054 4181/4194/4062 4193/4206/4074 
s 1
f 4196/4209/4077 4241/4254/4122 4192/4205/4073 4193/4206/4074 
f 4197/4210/4078 4242/4255/4123 4241/4254/4122 4196/4209/4077 
s off
f 4210/4223/4091 4239/4252/4120 4240/4253/4121 4209/4222/4090 
f 4209/4222/4090 4240/4253/4121 4194/4207/4075 4216/4229/4097 
f 4234/4247/4115 4223/4236/4104 4215/4228/4096 4216/4229/4097 
s 1
f 4234/4247/4115 4192/4205/4073 4241/4254/4122 4236/4249/4117 
f 4246/4259/4127 4245/4258/4126 4244/4257/4125 4243/4256/4124 
s off
f 4250/4263/4131 4249/4262/4130 4248/4261/4129 4247/4260/4128 
f 4254/4267/4134 4253/4266/4133 4252/4265/4132 4251/4264/4132 
f 4250/4263/4131 4177/4190/4058 4253/4266/4133 4254/4267/4134 
s 1
f 4255/4268/4135 4198/4211/4079 4176/4189/4057 4247/4260/4128 
f 4255/4268/4135 4258/4271/4138 4257/4270/4137 4256/4269/4136 
s off
f 4262/4275/4142 4261/4274/4141 4260/4273/4140 4259/4272/4139 
f 4266/4279/4145 4265/4278/4145 4264/4277/4144 4263/4276/4143 
f 4263/4276/4143 4264/4277/4144 4217/4230/4098 4259/4272/4139 
s 1
f 4262/4275/4142 4218/4231/4099 4237/4250/4118 4267/4280/4146 
f 4270/4283/4149 4269/4282/4148 4268/4281/4147 4267/4280/4146 
f 4256/4269/4136 4257/4270/4137 4272/4285/4151 4271/4284/4150 
f 4270/4283/4149 4238/4251/4119 4242/4255/4123 4271/4284/4150 
s off
f 4274/4287/4153 4254/4267/4134 4251/4264/4132 4273/4286/4152 
f 4249/4262/4130 4250/4263/4131 4254/4267/4134 4274/4287/4153 
s 1
f 4258/4271/4138 4255/4268/4135 4247/4260/4128 4248/4261/4129 
s off
f 4276/4289/4155 4266/4279/4145 4263/4276/4143 4275/4288/4154 
f 4275/4288/4154 4263/4276/4143 4259/4272/4139 4260/4273/4140 
s 1
f 4261/4274/4141 4262/4275/4142 4267/4280/4146 4268/4281/4147 
f 4269/4282/4148 4270/4283/4149 4271/4284/4150 4272/4285/4151 
s off
f 4278/4291/4157 4186/4199/4067 4189/4202/4070 4277/4290/4156 
s 1
f 4281/4294/4160 4190/4203/4071 4280/4293/4159 4279/4292/4158 
s off
f 4283/4296/4162 4232/4245/4113 4229/4242/4110 4282/4295/4161 
s 1
f 4285/4298/4164 4245/4258/4126 4231/4244/4112 4284/4297/4163 
f 4279/4292/4158 4280/4293/4159 4244/4257/4125 4286/4299/4124 
s off
f 4177/4190/4058 4250/4263/4131 4247/4260/4128 4176/4189/4057 
s 1
f 4198/4211/4079 4255/4268/4135 4256/4269/4136 4197/4210/4078 
s off
f 4218/4231/4099 4262/4275/4142 4259/4272/4139 4217/4230/4098 
s 1
f 4238/4251/4119 4270/4283/4149 4267/4280/4146 4237/4250/4118 
f 4197/4210/4078 4256/4269/4136 4271/4284/4150 4242/4255/4123 
s off
f 4253/4266/4133 4160/4173/4041 4157/4170/4038 4252/4265/4132 
f 4177/4190/4058 4170/4183/4051 4160/4173/4041 4253/4266/4133 
s 1
f 4198/4211/4079 4195/4208/4076 4175/4188/4056 4176/4189/4057 
s off
f 4265/4278/4145 4199/4212/4080 4200/4213/4081 4264/4277/4144 
f 4264/4277/4144 4200/4213/4081 4211/4224/4092 4217/4230/4098 
s 1
f 4218/4231/4099 4219/4232/4100 4235/4248/4116 4237/4250/4118 
f 4238/4251/4119 4236/4249/4117 4241/4254/4122 4242/4255/4123 
s off
f 4290/4303/4168 4289/4302/4167 4288/4301/4166 4287/4300/4165 
f 4292/4305/4170 4291/4304/4169 4289/4302/4167 4290/4303/4168 
f 4294/4307/4172 4293/4306/4171 4291/4304/4169 4292/4305/4170 
f 4296/4309/4174 4295/4308/4173 4293/4306/4171 4294/4307/4172 
f 4298/4311/4176 4297/4310/4175 4295/4308/4173 4296/4309/4174 
f 4289/4302/4167 4300/4313/4178 4299/4312/4177 4288/4301/4166 
f 4291/4304/4169 4301/4314/4179 4300/4313/4178 4289/4302/4167 
f 4293/4306/4171 4302/4315/4180 4301/4314/4179 4291/4304/4169 
f 4295/4308/4173 4303/4316/4181 4302/4315/4180 4293/4306/4171 
f 4297/4310/4175 4304/4317/4182 4303/4316/4181 4295/4308/4173 
f 4307/4320/4185 4306/4319/4184 4305/4318/4183 4299/4312/4177 
f 4308/4321/4186 4307/4320/4185 4299/4312/4177 4300/4313/4178 
f 4309/4322/4187 4308/4321/4186 4300/4313/4178 4301/4314/4179 
f 4310/4323/4188 4309/4322/4187 4301/4314/4179 4302/4315/4180 
f 4311/4324/4189 4310/4323/4188 4302/4315/4180 4303/4316/4181 
f 4315/4328/4193 4314/4327/4192 4313/4326/4191 4312/4325/4190 
f 4314/4327/4192 4317/4330/4195 4316/4329/4194 4313/4326/4191 
s 1
f 4321/4334/4199 4320/4333/4198 4319/4332/4197 4318/4331/4196 
s off
f 4324/4337/4202 4304/4317/4182 4323/4336/4201 4322/4335/4200 
s 1
f 4308/4321/4186 4309/4322/4187 4310/4323/4188 4311/4324/4189 4325/4338/4203 4307/4320/4185 
f 4324/4337/4202 4326/4339/4204 4325/4338/4203 4311/4324/4189 
f 4326/4339/4204 4328/4341/4206 4327/4340/4205 4325/4338/4203 
s off
f 4332/4345/4210 4331/4344/4209 4330/4343/4208 4329/4342/4207 
f 4331/4344/4209 4334/4347/4212 4333/4346/4211 4330/4343/4208 
f 4334/4347/4212 4336/4349/4214 4335/4348/4213 4333/4346/4211 
f 4336/4349/4214 4338/4351/4216 4337/4350/4215 4335/4348/4213 
f 4338/4351/4216 4340/4353/4218 4339/4352/4217 4337/4350/4215 
f 4342/4355/4220 4341/4354/4219 4331/4344/4209 4332/4345/4210 
f 4341/4354/4219 4343/4356/4221 4334/4347/4212 4331/4344/4209 
f 4343/4356/4221 4344/4357/4222 4336/4349/4214 4334/4347/4212 
f 4344/4357/4222 4345/4358/4223 4338/4351/4216 4336/4349/4214 
f 4345/4358/4223 4346/4359/4224 4340/4353/4218 4338/4351/4216 
f 4349/4362/4227 4348/4361/4226 4347/4360/4225 4342/4355/4220 
f 4342/4355/4220 4347/4360/4225 4350/4363/4228 4341/4354/4219 
f 4341/4354/4219 4350/4363/4228 4351/4364/4229 4343/4356/4221 
f 4343/4356/4221 4351/4364/4229 4352/4365/4230 4344/4357/4222 
f 4344/4357/4222 4352/4365/4230 4353/4366/4231 4345/4358/4223 
f 4357/4370/4235 4356/4369/4234 4355/4368/4233 4354/4367/4232 
f 4359/4372/4237 4358/4371/4236 4356/4369/4234 4357/4370/4235 
s 1
f 4363/4376/4241 4362/4375/4240 4361/4374/4239 4360/4373/4238 
s off
f 4323/4336/4201 4346/4359/4224 4364/4377/4242 4322/4335/4200 
s 1
f 4365/4378/4243 4353/4366/4231 4352/4365/4230 4351/4364/4229 4350/4363/4228 4347/4360/4225 
f 4365/4378/4243 4366/4379/4244 4364/4377/4242 4353/4366/4231 
f 4368/4381/4246 4367/4380/4245 4366/4379/4244 4365/4378/4243 
s off
f 4370/4383/4248 4369/4382/4247 4297/4310/4175 4298/4311/4176 
f 4369/4382/4247 4323/4336/4201 4304/4317/4182 4297/4310/4175 
f 4311/4324/4189 4303/4316/4181 4304/4317/4182 4324/4337/4202 
s 1
f 4322/4335/4200 4371/4384/4249 4326/4339/4204 4324/4337/4202 
f 4371/4384/4249 4372/4385/4250 4328/4341/4206 4326/4339/4204 
s off
f 4369/4382/4247 4370/4383/4248 4339/4352/4217 4340/4353/4218 
f 4323/4336/4201 4369/4382/4247 4340/4353/4218 4346/4359/4224 
f 4345/4358/4223 4353/4366/4231 4364/4377/4242 4346/4359/4224 
s 1
f 4371/4384/4249 4322/4335/4200 4364/4377/4242 4366/4379/4244 
f 4376/4389/4254 4375/4388/4253 4374/4387/4252 4373/4386/4251 
s off
f 4320/4333/4198 4317/4330/4195 4378/4391/4256 4377/4390/4255 
f 4382/4395/4193 4381/4394/4258 4380/4393/4257 4379/4392/4193 
f 4381/4394/4258 4305/4318/4183 4378/4391/4256 4380/4393/4257 
s 1
f 4306/4319/4184 4327/4340/4205 4383/4396/4259 4377/4390/4255 
f 4385/4398/4261 4319/4332/4197 4383/4396/4259 4384/4397/4260 
s off
f 4358/4371/4236 4362/4375/4240 4387/4400/4263 4386/4399/4262 
f 4391/4404/4265 4390/4403/4233 4389/4402/4233 4388/4401/4264 
f 4349/4362/4227 4391/4404/4265 4388/4401/4264 4386/4399/4262 
s 1
f 4368/4381/4246 4348/4361/4226 4387/4400/4263 4392/4405/4266 
f 4363/4376/4241 4374/4387/4252 4393/4406/4267 4392/4405/4266 
f 4375/4388/4253 4385/4398/4261 4384/4397/4260 4394/4407/4268 
f 4372/4385/4250 4367/4380/4245 4393/4406/4267 4394/4407/4268 
s off
f 4379/4392/4193 4380/4393/4257 4314/4327/4192 4315/4328/4193 
f 4380/4393/4257 4378/4391/4256 4317/4330/4195 4314/4327/4192 
s 1
f 4377/4390/4255 4383/4396/4259 4319/4332/4197 4320/4333/4198 
s off
f 4388/4401/4264 4389/4402/4233 4355/4368/4233 4356/4369/4234 
f 4386/4399/4262 4388/4401/4264 4356/4369/4234 4358/4371/4236 
s 1
f 4392/4405/4266 4387/4400/4263 4362/4375/4240 4363/4376/4241 
f 4394/4407/4268 4393/4406/4267 4374/4387/4252 4375/4388/4253 
s off
f 4321/4334/4199 4316/4329/4194 4317/4330/4195 4320/4333/4198 
s 1
f 4395/4408/4269 4318/4331/4196 4319/4332/4197 4385/4398/4261 
s off
f 4359/4372/4237 4361/4374/4239 4362/4375/4240 4358/4371/4236 
s 1
f 4360/4373/4238 4373/4386/4251 4374/4387/4252 4363/4376/4241 
f 4376/4389/4254 4395/4408/4269 4385/4398/4261 4375/4388/4253 
s off
f 4377/4390/4255 4378/4391/4256 4305/4318/4183 4306/4319/4184 
s 1
f 4384/4397/4260 4383/4396/4259 4327/4340/4205 4328/4341/4206 
s off
f 4386/4399/4262 4387/4400/4263 4348/4361/4226 4349/4362/4227 
s 1
f 4392/4405/4266 4393/4406/4267 4367/4380/4245 4368/4381/4246 
f 4394/4407/4268 4384/4397/4260 4328/4341/4206 4372/4385/4250 
s off
f 4287/4300/4165 4288/4301/4166 4381/4394/4258 4382/4395/4193 
f 4288/4301/4166 4299/4312/4177 4305/4318/4183 4381/4394/4258 
s 1
f 4307/4320/4185 4325/4338/4203 4327/4340/4205 4306/4319/4184 
s off
f 4332/4345/4210 4329/4342/4207 4390/4403/4233 4391/4404/4265 
f 4342/4355/4220 4332/4345/4210 4391/4404/4265 4349/4362/4227 
s 1
f 4365/4378/4243 4347/4360/4225 4348/4361/4226 4368/4381/4246 
f 4371/4384/4249 4366/4379/4244 4367/4380/4245 4372/4385/4250 
s off
f 4397/4410/4271 4274/4287/4153 4273/4286/4152 4396/4409/4270 
f 4184/4197/4065 4397/4410/4271 4396/4409/4270 4183/4196/4064 
f 4182/4195/4063 4312/4325/4190 4313/4326/4191 4185/4198/4066 
f 4278/4291/4157 4249/4262/4130 4274/4287/4153 4397/4410/4271 
f 4186/4199/4067 4278/4291/4157 4397/4410/4271 4184/4197/4065 
f 4185/4198/4066 4313/4326/4191 4316/4329/4194 4187/4200/4068 
s 1
f 4281/4294/4160 4258/4271/4138 4248/4261/4129 4277/4290/4156 
f 4190/4203/4071 4281/4294/4160 4277/4290/4156 4189/4202/4070 
f 4188/4201/4069 4321/4334/4199 4318/4331/4196 4191/4204/4072 
s off
f 4399/4412/4273 4276/4289/4155 4275/4288/4154 4398/4411/4272 
f 4226/4239/4107 4399/4412/4273 4398/4411/4272 4225/4238/4106 
f 4224/4237/4105 4357/4370/4235 4354/4367/4232 4227/4240/4108 
f 4398/4411/4272 4275/4288/4154 4260/4273/4140 4282/4295/4161 
f 4225/4238/4106 4398/4411/4272 4282/4295/4161 4229/4242/4110 
f 4228/4241/4109 4359/4372/4237 4357/4370/4235 4224/4237/4105 
s 1
f 4283/4296/4162 4261/4274/4141 4268/4281/4147 4284/4297/4163 
f 4232/4245/4113 4283/4296/4162 4284/4297/4163 4231/4244/4112 
f 4230/4243/4111 4360/4373/4238 4361/4374/4239 4233/4246/4114 
f 4285/4298/4164 4269/4282/4148 4272/4285/4151 4286/4299/4124 
f 4245/4258/4126 4285/4298/4164 4286/4299/4124 4244/4257/4125 
f 4243/4256/4124 4376/4389/4254 4373/4386/4251 4246/4259/4127 
s off
f 4187/4200/4068 4316/4329/4194 4321/4334/4199 4188/4201/4069 
f 4186/4199/4067 4187/4200/4068 4188/4201/4069 4189/4202/4070 
f 4277/4290/4156 4248/4261/4129 4249/4262/4130 4278/4291/4157 
s 1
f 4191/4204/4072 4318/4331/4196 4395/4408/4269 4400/4413/4274 
f 4190/4203/4071 4191/4204/4072 4400/4413/4274 4280/4293/4159 
f 4279/4292/4158 4257/4270/4137 4258/4271/4138 4281/4294/4160 
s off
f 4233/4246/4114 4361/4374/4239 4359/4372/4237 4228/4241/4109 
f 4232/4245/4113 4233/4246/4114 4228/4241/4109 4229/4242/4110 
f 4282/4295/4161 4260/4273/4140 4261/4274/4141 4283/4296/4162 
s 1
f 4246/4259/4127 4373/4386/4251 4360/4373/4238 4230/4243/4111 
f 4245/4258/4126 4246/4259/4127 4230/4243/4111 4231/4244/4112 
f 4284/4297/4163 4268/4281/4147 4269/4282/4148 4285/4298/4164 
f 4400/4413/4274 4395/4408/4269 4376/4389/4254 4243/4256/4124 
f 4280/4293/4159 4400/4413/4274 4243/4256/4124 4244/4257/4125 
f 4286/4299/4124 4272/4285/4151 4257/4270/4137 4279/4292/4158 
# 216 polygons

#
# object Rectangle021
#

v  -892.8874 42.0632 -360.5607
v  -892.8874 41.4788 -360.1830
v  -892.3407 41.5833 -358.4828
v  -892.3407 41.8706 -358.6562
v  -892.8874 41.0256 -359.1692
v  -892.3407 41.3665 -358.0544
v  -892.8874 40.8342 -358.0652
v  -892.3407 41.2209 -357.2230
v  -892.8874 40.7332 -356.8475
v  -892.3407 41.1833 -356.7380
v  -892.8816 40.7332 -339.8796
v  -892.2462 41.1833 -339.8786
v  -891.8619 41.9565 -356.4572
v  -891.8755 42.1367 -356.5563
v  -891.8544 41.8533 -356.2711
v  -891.8593 41.7554 -355.7816
v  -891.8640 41.7344 -355.4971
v  -891.6477 41.7102 -339.8679
v  -891.5294 42.5764 -354.3564
v  -891.5324 45.9089 -354.3901
v  -891.8813 45.6887 -356.5787
v  -891.5306 42.4775 -354.2805
v  -891.5409 42.4011 -354.2015
v  -891.5461 42.3550 -354.0533
v  -891.5538 42.3152 -353.8704
v  -892.8877 2120.1904 -360.4241
v  -892.8876 1431.0022 -360.4667
v  -892.3409 1431.0017 -359.3115
v  -892.3411 2120.1902 -359.6709
v  -891.8887 1431.0051 -358.0772
v  -891.8894 2120.1919 -358.8677
v  -891.5516 2120.1943 -358.0204
v  -891.5497 1431.0098 -356.7750
v  -891.3029 1431.0117 -355.9233
v  -891.3030 2120.1951 -357.4607
v  -889.2749 42.3059 -324.9751
v  -889.5138 42.3103 -339.8539
v  -891.6519 41.7083 -324.9751
v  -891.3027 42.7292 -353.1056
v  -889.3550 42.7485 -339.8474
v  -888.9324 45.9961 -339.8473
v  -891.3027 45.9866 -353.0956
v  -892.8873 42.0632 -289.3894
v  -892.3407 41.8706 -291.2939
v  -892.3407 41.5833 -291.4674
v  -892.8873 41.4788 -289.7672
v  -892.3407 41.3665 -291.8957
v  -892.8873 41.0256 -290.7810
v  -892.3407 41.2209 -292.7272
v  -892.8873 40.8342 -291.8849
v  -892.3407 41.1833 -293.2121
v  -892.8873 40.7332 -293.1026
v  -892.2462 41.1833 -310.0717
v  -892.8816 40.7332 -310.0708
v  -891.8755 42.1367 -293.3938
v  -891.8619 41.9565 -293.4930
v  -891.8544 41.8533 -293.6791
v  -891.8593 41.7554 -294.1685
v  -891.8640 41.7344 -294.4531
v  -891.6477 41.7102 -310.0823
v  -891.8813 45.6887 -293.3715
v  -891.5323 45.9089 -295.5600
v  -891.5293 42.5764 -295.5938
v  -891.5306 42.4775 -295.6697
v  -891.5409 42.4011 -295.7487
v  -891.5461 42.3550 -295.8969
v  -891.5538 42.3152 -296.0798
v  -892.3411 2120.1902 -333.0296
v  -892.3409 1431.0017 -318.4514
v  -892.8876 1431.0022 -317.2961
v  -892.8877 2120.1904 -332.2764
v  -891.8894 2120.1919 -333.8328
v  -891.8887 1431.0051 -319.6856
v  -891.3030 2120.1953 -335.2398
v  -891.3029 1431.0117 -321.8396
v  -891.5497 1431.0098 -320.9879
v  -891.5516 2120.1941 -334.6801
v  -889.5138 42.3103 -310.0961
v  -891.3027 42.7292 -296.8445
v  -889.3550 42.7485 -310.1026
v  -891.3027 45.9866 -296.8546
v  -888.9324 45.9961 -310.1027
v  -892.8826 40.7332 -324.9751
v  -892.2498 41.1833 -324.9751
v  -889.1108 42.7678 -324.9751
v  -888.4534 46.0056 -324.9751
v  -888.0271 2120.1951 -346.3503
v  -888.0270 1431.0117 -338.8814
v  -888.9326 1431.0117 -329.8604
v  -888.9327 2120.1953 -340.4684
v  -891.5385 49.2415 -354.4239
v  -891.5460 52.6409 -354.4576
v  -891.8873 52.6316 -356.6132
v  -891.8849 49.2366 -356.5967
v  -892.8874 49.2356 -360.5607
v  -892.8874 45.6494 -360.5607
v  -892.3407 45.5520 -358.6562
v  -892.3407 49.2336 -358.6562
v  -891.3027 49.2434 -353.0855
v  -888.9324 49.2434 -339.8472
v  -888.9324 52.6448 -339.8471
v  -891.3027 52.6448 -353.0754
v  -891.8849 49.2366 -293.3534
v  -891.8873 52.6316 -293.3370
v  -891.5459 52.6409 -295.4925
v  -891.5385 49.2415 -295.5262
v  -892.3407 49.2336 -291.2939
v  -892.3407 45.5520 -291.2939
v  -892.8873 45.6494 -289.3894
v  -892.8873 49.2356 -289.3894
v  -891.3027 49.2434 -296.8647
v  -891.3027 52.6448 -296.8748
v  -888.9324 52.6448 -310.1028
v  -888.9324 49.2434 -310.1028
v  -888.0267 49.2439 -324.9751
v  -888.0267 52.6448 -324.9751
v  -892.8874 52.6257 -360.5607
v  -892.3407 52.6248 -358.6562
v  -892.3407 52.6248 -291.2939
v  -892.8873 52.6257 -289.3894
v  -891.5479 741.8254 -355.2321
v  -891.8880 741.8184 -356.9024
v  -888.9325 741.8281 -343.8815
v  -888.9326 1431.0117 -347.9024
v  -891.3028 741.8281 -354.1504
v  -891.8880 741.8184 -307.7666
v  -891.5479 741.8252 -309.4369
v  -891.3028 741.8284 -310.5186
v  -888.9325 741.8284 -320.7873
v  -888.0269 741.8281 -332.3345
v  -892.8878 2823.4834 -360.6349
v  -892.3412 2823.6760 -360.2507
v  -892.3412 2823.9631 -360.2157
v  -892.8878 2824.0681 -360.5587
v  -892.3412 2824.1799 -360.1293
v  -892.8878 2824.5210 -360.3542
v  -892.3412 2824.3254 -359.9615
v  -892.8878 2824.7124 -360.1315
v  -892.3412 2824.3630 -359.8637
v  -892.8878 2824.8135 -359.8858
v  -892.2466 2824.3630 -356.4625
v  -892.8820 2824.8135 -356.4626
v  -891.8760 2823.4099 -359.8271
v  -891.8624 2823.5901 -359.8071
v  -891.8549 2823.6931 -359.7695
v  -891.8598 2823.7910 -359.6708
v  -891.8645 2823.8120 -359.6133
v  -891.4556 2824.0479 -356.4603
v  -891.8818 2819.8577 -359.8316
v  -891.5328 2819.6375 -359.3900
v  -891.4541 2822.9700 -359.3832
v  -891.4514 2823.0691 -359.3679
v  -891.4570 2823.1458 -359.3520
v  -891.4634 2823.1917 -359.3221
v  -891.4727 2823.2314 -359.2852
v  -892.8878 2809.3787 -360.6349
v  -892.3412 2809.3787 -360.2507
v  -892.3412 2812.9216 -360.2507
v  -892.8878 2812.9209 -360.6349
v  -891.8901 2809.3787 -359.8419
v  -891.8878 2812.9150 -359.8385
v  -891.3032 2809.3787 -359.1228
v  -891.3032 2812.9019 -359.1248
v  -891.5464 2812.9060 -359.4037
v  -891.5535 2809.3787 -359.4105
v  -889.4927 2823.2410 -353.4558
v  -891.4598 2824.0500 -353.4558
v  -889.7316 2823.2363 -356.4575
v  -891.2692 2822.4360 -359.1309
v  -889.3215 2822.4167 -356.4561
v  -891.3032 2819.5603 -359.1289
v  -888.9329 2819.5505 -356.4561
v  -892.8878 2823.4834 -346.2766
v  -892.8878 2824.0681 -346.3528
v  -892.3412 2823.9631 -346.6959
v  -892.3412 2823.6760 -346.6609
v  -892.8878 2824.5210 -346.5574
v  -892.3412 2824.1799 -346.7823
v  -892.8878 2824.7124 -346.7801
v  -892.3412 2824.3254 -346.9500
v  -892.8878 2824.8135 -347.0258
v  -892.3412 2824.3630 -347.0479
v  -892.8820 2824.8135 -350.4489
v  -892.2466 2824.3630 -350.4492
v  -891.8624 2823.5901 -347.1045
v  -891.8760 2823.4099 -347.0845
v  -891.8549 2823.6931 -347.1420
v  -891.8598 2823.7910 -347.2408
v  -891.8645 2823.8120 -347.2982
v  -891.4556 2824.0479 -350.4513
v  -891.4541 2822.9700 -347.5283
v  -891.5328 2819.6375 -347.5215
v  -891.8818 2819.8577 -347.0800
v  -891.4514 2823.0691 -347.5436
v  -891.4570 2823.1458 -347.5596
v  -891.4634 2823.1917 -347.5895
v  -891.4726 2823.2314 -347.6264
v  -892.8878 2809.3787 -346.2766
v  -892.8878 2812.9209 -346.2766
v  -892.3412 2812.9216 -346.6609
v  -892.3412 2809.3787 -346.6609
v  -891.8878 2812.9150 -347.0730
v  -891.8901 2809.3787 -347.0697
v  -891.3032 2809.3787 -347.7888
v  -891.5535 2809.3787 -347.5011
v  -891.5464 2812.9060 -347.5079
v  -891.3032 2812.9021 -347.7867
v  -889.7316 2823.2363 -350.4541
v  -891.2692 2822.4360 -347.7807
v  -889.3215 2822.4167 -350.4554
v  -888.9329 2819.5505 -350.4554
v  -891.3032 2819.5603 -347.7827
v  -892.2503 2824.3630 -353.4558
v  -892.8831 2824.8135 -353.4558
v  -889.0773 2822.3977 -353.4558
v  -888.4539 2819.5410 -353.4558
v  -888.9329 2809.3787 -350.4554
v  -888.9329 2812.9021 -350.4554
v  -888.0272 2812.9019 -353.4558
v  -888.0272 2809.3787 -353.4558
v  -891.5389 2816.3049 -359.3969
v  -891.8854 2816.3101 -359.8352
v  -892.8878 2816.3110 -360.6349
v  -892.3412 2816.3130 -360.2507
v  -892.3412 2819.9946 -360.2507
v  -892.8878 2819.8972 -360.6349
v  -891.3032 2816.3032 -359.1268
v  -888.9329 2816.3030 -356.4561
v  -888.9329 2812.9019 -356.4561
v  -891.8854 2816.3101 -347.0764
v  -891.5389 2816.3049 -347.5147
v  -892.3412 2816.3130 -346.6609
v  -892.8878 2816.3110 -346.2766
v  -892.8878 2819.8972 -346.2766
v  -892.3412 2819.9946 -346.6609
v  -891.3032 2816.3032 -347.7847
v  -888.9329 2816.3030 -350.4554
v  -888.0272 2816.3030 -353.4558
v  -888.9329 2809.3787 -356.4561
v  -892.8875 741.8140 -359.9642
v  -892.3408 741.8132 -358.4855
v  -892.3408 741.8132 -306.1835
v  -892.8875 741.8140 -304.7048
v  -888.9327 2120.1951 -352.2320
# 244 vertices

vn 0.9720 -0.0541 -0.2285
vn 0.9490 -0.2147 -0.2308
vn 0.9482 -0.2522 -0.1931
vn 0.9763 -0.0679 -0.2053
vn 0.8523 -0.4895 -0.1845
vn 0.8797 -0.4566 -0.1332
vn 0.7589 -0.6438 -0.0982
vn 0.8162 -0.5736 -0.0693
vn 0.7209 -0.6923 -0.0313
vn 0.7917 -0.6102 -0.0299
vn 0.6632 -0.7484 -0.0001
vn 0.7028 -0.7114 -0.0015
vn 0.9850 -0.1029 -0.1387
vn 0.9883 -0.0120 -0.1520
vn 0.9580 -0.2719 -0.0913
vn 0.9133 -0.4053 -0.0399
vn 0.8883 -0.4590 -0.0135
vn 0.5524 -0.8336 -0.0037
vn 0.9911 -0.0480 -0.1241
vn 0.9911 -0.0003 -0.1334
vn 0.9886 0.0002 -0.1503
vn 0.9918 0.0415 0.1208
vn 0.9827 -0.1818 -0.0361
vn 0.9923 -0.1237 0.0034
vn 0.9687 -0.2341 -0.0824
vn 0.8649 -0.0001 -0.5019
vn 0.9353 -0.0001 -0.3539
vn 0.9482 -0.0003 -0.3177
vn 0.8897 -0.0003 -0.4566
vn 0.9701 -0.0003 -0.2426
vn 0.9339 -0.0005 -0.3574
vn 0.9477 -0.0006 -0.3192
vn 0.9767 -0.0004 -0.2147
vn 0.9737 -0.0005 -0.2278
vn 0.9412 -0.0008 -0.3377
vn 0.7187 -0.6953 -0.0000
vn 0.7329 -0.6787 -0.0476
vn 0.5383 -0.8427 -0.0000
vn 0.9845 -0.1255 -0.1225
vn 0.9797 -0.1903 -0.0631
vn 0.9952 -0.0515 -0.0835
vn 0.9900 0.0004 -0.1410
vn 0.9720 -0.0541 0.2285
vn 0.9763 -0.0679 0.2053
vn 0.9482 -0.2522 0.1931
vn 0.9490 -0.2147 0.2308
vn 0.8797 -0.4566 0.1332
vn 0.8523 -0.4895 0.1845
vn 0.8162 -0.5736 0.0693
vn 0.7589 -0.6438 0.0982
vn 0.7917 -0.6102 0.0299
vn 0.7209 -0.6923 0.0313
vn 0.7028 -0.7114 0.0015
vn 0.6632 -0.7484 0.0001
vn 0.9883 -0.0120 0.1520
vn 0.9850 -0.1029 0.1387
vn 0.9580 -0.2719 0.0913
vn 0.9133 -0.4053 0.0399
vn 0.8883 -0.4590 0.0135
vn 0.5524 -0.8336 0.0037
vn 0.9886 0.0002 0.1503
vn 0.9911 -0.0003 0.1334
vn 0.9911 -0.0480 0.1240
vn 0.9918 0.0415 -0.1208
vn 0.9827 -0.1818 0.0361
vn 0.9923 -0.1237 -0.0034
vn 0.9687 -0.2341 0.0824
vn 0.8896 0.0093 0.4566
vn 0.9482 0.0062 0.3178
vn 0.9353 0.0071 0.3538
vn 0.8649 0.0106 0.5019
vn 0.9339 0.0071 0.3574
vn 0.9701 0.0046 0.2427
vn 0.9412 0.0064 0.3377
vn 0.9737 0.0041 0.2278
vn 0.9767 0.0039 0.2147
vn 0.9477 0.0061 0.3192
vn 0.7329 -0.6787 0.0476
vn 0.9845 -0.1255 0.1225
vn 0.9797 -0.1903 0.0631
vn 0.9900 0.0004 0.1410
vn 0.9952 -0.0515 0.0835
vn 0.6648 -0.7471 -0.0000
vn 0.7030 -0.7112 -0.0000
vn 0.9762 -0.2170 -0.0000
vn 0.9912 -0.1325 -0.0000
vn 1.0000 -0.0000 -0.0000
vn 1.0000 0.0000 0.0000
vn 0.9878 0.0022 0.1555
vn 0.9725 0.0035 0.2329
vn 0.9911 0.0003 -0.1330
vn 0.9912 0.0001 -0.1325
vn 0.9886 -0.0001 -0.1502
vn 0.9886 -0.0001 -0.1504
vn 0.9747 0.0000 -0.2237
vn 0.9800 0.0000 -0.1989
vn 0.9800 0.0000 -0.1990
vn 0.9901 0.0004 -0.1406
vn 0.9955 0.0000 -0.0953
vn 0.9955 -0.0003 -0.0952
vn 0.9901 0.0001 -0.1406
vn 0.9886 -0.0001 0.1504
vn 0.9886 0.0015 0.1504
vn 0.9912 0.0016 0.1324
vn 0.9911 0.0003 0.1330
vn 0.9800 0.0000 0.1990
vn 0.9800 0.0000 0.1989
vn 0.9747 0.0000 0.2237
vn 0.9901 0.0004 0.1406
vn 0.9901 0.0016 0.1406
vn 0.9954 0.0007 0.0956
vn 0.9955 0.0000 0.0953
vn 0.9986 -0.0524 -0.0000
vn 1.0000 0.0000 0.0002
vn 0.9747 0.0001 -0.2237
vn 0.9799 0.0000 -0.1993
vn 0.9799 0.0022 0.1994
vn 0.9747 0.0025 0.2237
vn 0.9855 -0.0003 -0.1695
vn 0.9814 -0.0002 -0.1919
vn 0.9925 -0.0007 -0.1223
vn 0.9878 -0.0009 -0.1554
vn 0.9837 -0.0004 -0.1799
vn 0.9814 0.0037 0.1919
vn 0.9855 0.0031 0.1695
vn 0.9837 0.0033 0.1799
vn 0.9925 0.0018 0.1222
vn 0.6502 0.0383 -0.7588
vn 0.7061 0.0531 -0.7061
vn 0.7128 0.1810 -0.6776
vn 0.6343 0.2121 -0.7434
vn 0.7378 0.3826 -0.5561
vn 0.6640 0.4648 -0.5857
vn 0.7675 0.5478 -0.3329
vn 0.6922 0.6185 -0.3718
vn 0.7754 0.6174 -0.1326
vn 0.7148 0.6875 -0.1282
vn 0.5589 0.8292 -0.0059
vn 0.6633 0.7483 -0.0004
vn 0.7778 0.0110 -0.6284
vn 0.8052 0.0882 -0.5865
vn 0.8555 0.2612 -0.4470
vn 0.8755 0.4266 -0.2271
vn 0.8692 0.4794 -0.1209
vn 0.4769 0.8771 -0.0573
vn 0.8011 -0.0002 -0.5985
vn 0.8308 -0.0069 -0.5566
vn 0.8494 0.0240 -0.5272
vn 0.9802 -0.0309 0.1955
vn 0.9739 0.1326 -0.1842
vn 0.9891 0.1463 -0.0167
vn 0.9184 0.2423 -0.3127
vn 0.6602 -0.0001 -0.7510
vn 0.7065 -0.0003 -0.7077
vn 0.7070 0.0000 -0.7072
vn 0.6602 0.0000 -0.7510
vn 0.8019 -0.0004 -0.5975
vn 0.8015 0.0001 -0.5979
vn 0.8180 -0.0009 -0.5752
vn 0.8178 -0.0003 -0.5755
vn 0.8339 -0.0003 -0.5520
vn 0.8349 -0.0007 -0.5504
vn 0.7477 0.6641 -0.0000
vn 0.4507 0.8927 -0.0000
vn 0.7559 0.6224 -0.2031
vn 0.8655 0.0233 -0.5004
vn 0.9328 0.2287 -0.2786
vn 0.8166 -0.0039 -0.5772
vn 0.9316 0.0501 -0.3600
vn 0.6502 0.0383 0.7588
vn 0.6343 0.2121 0.7434
vn 0.7128 0.1810 0.6776
vn 0.7061 0.0531 0.7061
vn 0.6640 0.4648 0.5857
vn 0.7378 0.3826 0.5561
vn 0.6922 0.6185 0.3718
vn 0.7675 0.5478 0.3329
vn 0.7148 0.6875 0.1282
vn 0.7754 0.6174 0.1326
vn 0.6633 0.7483 0.0004
vn 0.5589 0.8292 0.0059
vn 0.8052 0.0882 0.5865
vn 0.7778 0.0110 0.6284
vn 0.8555 0.2612 0.4470
vn 0.8755 0.4266 0.2271
vn 0.8692 0.4794 0.1209
vn 0.4769 0.8771 0.0573
vn 0.8494 0.0240 0.5272
vn 0.8308 -0.0069 0.5566
vn 0.8011 -0.0002 0.5985
vn 0.9802 -0.0309 -0.1955
vn 0.9739 0.1326 0.1842
vn 0.9891 0.1463 0.0167
vn 0.9184 0.2423 0.3127
vn 0.6602 0.0077 0.7510
vn 0.6602 0.0000 0.7511
vn 0.7070 0.0000 0.7072
vn 0.7067 0.0070 0.7075
vn 0.8015 0.0001 0.5979
vn 0.8021 0.0058 0.5971
vn 0.8180 0.0051 0.5752
vn 0.8348 0.0050 0.5505
vn 0.8339 -0.0003 0.5520
vn 0.8178 -0.0003 0.5755
vn 0.7559 0.6224 0.2031
vn 0.8655 0.0233 0.5004
vn 0.9328 0.2287 0.2786
vn 0.9316 0.0501 0.3600
vn 0.8166 -0.0039 0.5772
vn 0.5594 0.8289 -0.0000
vn 0.6649 0.7470 -0.0000
vn 0.9631 0.2691 -0.0000
vn 0.9904 0.1380 -0.0000
vn 0.9104 0.0030 0.4137
vn 0.9102 -0.0000 0.4143
vn 1.0000 0.0000 -0.0000
vn 1.0000 -0.0000 -0.0008
vn 0.8329 -0.0002 -0.5535
vn 0.8010 0.0000 -0.5986
vn 0.7075 0.0000 -0.7067
vn 0.7077 0.0000 -0.7066
vn 0.8177 -0.0004 -0.5756
vn 0.9102 -0.0000 -0.4141
vn 0.9102 -0.0000 -0.4143
vn 0.8010 0.0000 0.5986
vn 0.8329 -0.0002 0.5535
vn 0.7075 0.0000 0.7067
vn 0.7077 0.0000 0.7066
vn 0.8177 -0.0004 0.5756
vn 0.9102 -0.0000 0.4141
vn 0.9986 0.0520 -0.0000
vn 0.9099 -0.0013 -0.4147
vn 0.9590 0.0000 -0.2834
vn 0.9674 -0.0001 -0.2533
vn 0.9674 0.0050 0.2533
vn 0.9590 0.0057 0.2834
vn 0.9725 -0.0014 -0.2329
# 237 vertex normals

vt 0.4980 0.0040 0.5130
vt 0.4977 0.0038 0.5130
vt 0.4962 0.0038 0.5403
vt 0.4964 0.0039 0.5403
vt 0.4968 0.0036 0.5130
vt 0.4959 0.0037 0.5403
vt 0.4959 0.0035 0.5130
vt 0.4952 0.0037 0.5403
vt 0.4949 0.0035 0.5130
vt 0.4948 0.0037 0.5403
vt 0.4807 0.0035 0.5133
vt 0.4807 0.0037 0.5450
vt 0.4946 0.0039 0.5642
vt 0.4946 0.0040 0.5636
vt 0.4944 0.0039 0.5646
vt 0.4940 0.0039 0.5644
vt 0.4938 0.0039 0.5641
vt 0.4807 0.0039 0.5749
vt 0.4928 0.0042 0.5809
vt 0.4928 0.0054 0.5807
vt 0.4947 0.0053 0.5633
vt 0.4927 0.0041 0.5808
vt 0.4927 0.0041 0.5803
vt 0.4926 0.0041 0.5800
vt 0.4924 0.0041 0.5796
vt 0.4979 0.7462 0.5130
vt 0.4979 0.5000 0.5130
vt 0.4969 0.5000 0.5403
vt 0.4972 0.7462 0.5403
vt 0.4959 0.5000 0.5629
vt 0.4966 0.7462 0.5629
vt 0.4959 0.7462 0.5798
vt 0.4948 0.5000 0.5798
vt 0.4941 0.5000 0.5922
vt 0.4954 0.7462 0.5922
vt 0.4683 0.0041 0.6936
vt 0.4807 0.0041 0.6816
vt 0.4683 0.0039 0.5747
vt 0.4918 0.0042 0.5922
vt 0.4807 0.0042 0.6896
vt 0.4807 0.0054 0.7107
vt 0.4918 0.0054 0.5922
vt 0.4387 0.0040 0.5130
vt 0.4403 0.0039 0.5403
vt 0.4404 0.0038 0.5403
vt 0.4390 0.0038 0.5130
vt 0.4408 0.0037 0.5403
vt 0.4398 0.0036 0.5130
vt 0.4415 0.0037 0.5403
vt 0.4407 0.0035 0.5130
vt 0.4419 0.0037 0.5403
vt 0.4418 0.0035 0.5130
vt 0.4559 0.0037 0.5450
vt 0.4559 0.0035 0.5133
vt 0.4420 0.0040 0.5636
vt 0.4421 0.0039 0.5642
vt 0.4422 0.0039 0.5646
vt 0.4427 0.0039 0.5644
vt 0.4429 0.0039 0.5641
vt 0.4559 0.0039 0.5750
vt 0.4420 0.0053 0.5633
vt 0.4438 0.0054 0.5807
vt 0.4438 0.0042 0.5809
vt 0.4439 0.0041 0.5808
vt 0.4440 0.0041 0.5803
vt 0.4441 0.0041 0.5800
vt 0.4442 0.0041 0.5796
vt 0.4750 0.7462 0.5403
vt 0.4629 0.5000 0.5403
vt 0.4619 0.5000 0.5130
vt 0.4744 0.7462 0.5130
vt 0.4757 0.7462 0.5629
vt 0.4639 0.5000 0.5629
vt 0.4769 0.7462 0.5922
vt 0.4657 0.5000 0.5922
vt 0.4650 0.5000 0.5798
vt 0.4764 0.7462 0.5798
vt 0.4559 0.0041 0.6816
vt 0.4449 0.0042 0.5922
vt 0.4559 0.0042 0.6896
vt 0.4449 0.0054 0.5922
vt 0.4559 0.0054 0.7107
vt 0.4683 0.0035 0.5132
vt 0.4683 0.0037 0.5448
vt 0.4683 0.0042 0.7018
vt 0.4683 0.0054 0.7347
vt 0.4861 0.7462 0.7560
vt 0.4799 0.5000 0.7560
vt 0.4724 0.5000 0.7107
vt 0.4812 0.7462 0.7107
vt 0.4929 0.0065 0.5804
vt 0.4929 0.0078 0.5800
vt 0.4947 0.0078 0.5630
vt 0.4947 0.0065 0.5631
vt 0.4980 0.0065 0.5130
vt 0.4980 0.0053 0.5130
vt 0.4964 0.0052 0.5403
vt 0.4964 0.0065 0.5403
vt 0.4917 0.0065 0.5922
vt 0.4807 0.0065 0.7107
vt 0.4807 0.0078 0.7107
vt 0.4917 0.0078 0.5922
vt 0.4420 0.0065 0.5631
vt 0.4420 0.0078 0.5630
vt 0.4438 0.0078 0.5800
vt 0.4438 0.0065 0.5804
vt 0.4403 0.0065 0.5403
vt 0.4403 0.0052 0.5403
vt 0.4387 0.0053 0.5130
vt 0.4387 0.0065 0.5130
vt 0.4449 0.0065 0.5922
vt 0.4449 0.0078 0.5922
vt 0.4559 0.0078 0.7107
vt 0.4559 0.0065 0.7107
vt 0.4683 0.0065 0.7560
vt 0.4683 0.0078 0.7560
vt 0.4980 0.0078 0.5130
vt 0.4964 0.0078 0.5403
vt 0.4403 0.0078 0.5403
vt 0.4387 0.0078 0.5130
vt 0.4935 0.2539 0.5799
vt 0.4949 0.2539 0.5629
vt 0.4841 0.2539 0.7107
vt 0.4874 0.5000 0.7107
vt 0.4926 0.2539 0.5922
vt 0.4540 0.2539 0.5629
vt 0.4554 0.2539 0.5799
vt 0.4563 0.2539 0.5922
vt 0.4648 0.2539 0.7107
vt 0.4745 0.2539 0.7560
vt 0.4980 0.9973 0.5129
vt 0.4977 0.9974 0.5403
vt 0.4977 0.9975 0.5403
vt 0.4980 0.9976 0.5129
vt 0.4976 0.9976 0.5403
vt 0.4978 0.9977 0.5129
vt 0.4975 0.9976 0.5403
vt 0.4976 0.9978 0.5129
vt 0.4974 0.9977 0.5403
vt 0.4974 0.9978 0.5129
vt 0.4946 0.9977 0.5450
vt 0.4946 0.9978 0.5132
vt 0.4974 0.9973 0.5635
vt 0.4974 0.9974 0.5642
vt 0.4973 0.9974 0.5646
vt 0.4972 0.9975 0.5643
vt 0.4972 0.9975 0.5641
vt 0.4946 0.9975 0.5846
vt 0.4974 0.9961 0.5632
vt 0.4970 0.9960 0.5807
vt 0.4970 0.9972 0.5846
vt 0.4970 0.9972 0.5848
vt 0.4970 0.9972 0.5845
vt 0.4969 0.9972 0.5842
vt 0.4969 0.9973 0.5837
vt 0.4980 0.9923 0.5129
vt 0.4977 0.9923 0.5403
vt 0.4977 0.9936 0.5403
vt 0.4980 0.9936 0.5129
vt 0.4974 0.9923 0.5628
vt 0.4974 0.9936 0.5629
vt 0.4968 0.9923 0.5922
vt 0.4968 0.9936 0.5922
vt 0.4970 0.9936 0.5800
vt 0.4970 0.9923 0.5797
vt 0.4921 0.9973 0.6827
vt 0.4921 0.9976 0.5843
vt 0.4946 0.9973 0.6708
vt 0.4968 0.9970 0.5939
vt 0.4946 0.9970 0.6913
vt 0.4968 0.9959 0.5922
vt 0.4946 0.9959 0.7107
vt 0.4861 0.9973 0.5129
vt 0.4861 0.9976 0.5129
vt 0.4864 0.9975 0.5403
vt 0.4864 0.9974 0.5403
vt 0.4863 0.9977 0.5129
vt 0.4865 0.9976 0.5403
vt 0.4865 0.9978 0.5129
vt 0.4866 0.9976 0.5403
vt 0.4867 0.9978 0.5129
vt 0.4867 0.9977 0.5403
vt 0.4896 0.9978 0.5132
vt 0.4896 0.9977 0.5450
vt 0.4868 0.9974 0.5642
vt 0.4867 0.9973 0.5635
vt 0.4868 0.9974 0.5646
vt 0.4869 0.9975 0.5643
vt 0.4869 0.9975 0.5641
vt 0.4896 0.9975 0.5846
vt 0.4871 0.9972 0.5846
vt 0.4871 0.9960 0.5807
vt 0.4867 0.9961 0.5632
vt 0.4871 0.9972 0.5848
vt 0.4871 0.9972 0.5845
vt 0.4872 0.9972 0.5842
vt 0.4872 0.9973 0.5837
vt 0.4861 0.9923 0.5129
vt 0.4861 0.9936 0.5129
vt 0.4864 0.9936 0.5403
vt 0.4864 0.9923 0.5403
vt 0.4867 0.9936 0.5629
vt 0.4867 0.9923 0.5628
vt 0.4873 0.9923 0.5922
vt 0.4871 0.9923 0.5797
vt 0.4871 0.9936 0.5800
vt 0.4873 0.9936 0.5922
vt 0.4896 0.9973 0.6708
vt 0.4873 0.9970 0.5939
vt 0.4896 0.9970 0.6913
vt 0.4896 0.9959 0.7107
vt 0.4873 0.9959 0.5922
vt 0.4921 0.9977 0.5448
vt 0.4921 0.9978 0.5132
vt 0.4921 0.9970 0.7035
vt 0.4921 0.9959 0.7346
vt 0.4896 0.9923 0.7107
vt 0.4896 0.9936 0.7107
vt 0.4921 0.9936 0.7560
vt 0.4921 0.9923 0.7560
vt 0.4970 0.9948 0.5804
vt 0.4974 0.9948 0.5631
vt 0.4980 0.9948 0.5129
vt 0.4977 0.9948 0.5403
vt 0.4977 0.9961 0.5403
vt 0.4980 0.9961 0.5129
vt 0.4968 0.9948 0.5922
vt 0.4946 0.9948 0.7107
vt 0.4946 0.9936 0.7107
vt 0.4867 0.9948 0.5631
vt 0.4871 0.9948 0.5804
vt 0.4864 0.9948 0.5403
vt 0.4861 0.9948 0.5129
vt 0.4861 0.9961 0.5129
vt 0.4864 0.9961 0.5403
vt 0.4873 0.9948 0.5922
vt 0.4896 0.9948 0.7107
vt 0.4921 0.9948 0.7560
vt 0.4946 0.9923 0.7107
vt 0.4975 0.2539 0.5130
vt 0.4962 0.2539 0.5403
vt 0.4527 0.2539 0.5403
vt 0.4514 0.2539 0.5130
vt 0.4910 0.7462 0.7107
# 244 texture coords

o Rectangle021
g Rectangle021
usemtl wire_115115115
s off
f 4404/4417/4278 4403/4416/4277 4402/4415/4276 4401/4414/4275 
f 4403/4416/4277 4406/4419/4280 4405/4418/4279 4402/4415/4276 
f 4406/4419/4280 4408/4421/4282 4407/4420/4281 4405/4418/4279 
f 4408/4421/4282 4410/4423/4284 4409/4422/4283 4407/4420/4281 
f 4410/4423/4284 4412/4425/4286 4411/4424/4285 4409/4422/4283 
f 4414/4427/4288 4413/4426/4287 4403/4416/4277 4404/4417/4278 
f 4413/4426/4287 4415/4428/4289 4406/4419/4280 4403/4416/4277 
f 4415/4428/4289 4416/4429/4290 4408/4421/4282 4406/4419/4280 
f 4416/4429/4290 4417/4430/4291 4410/4423/4284 4408/4421/4282 
f 4417/4430/4291 4418/4431/4292 4412/4425/4286 4410/4423/4284 
f 4421/4434/4295 4420/4433/4294 4419/4432/4293 4414/4427/4288 
f 4414/4427/4288 4419/4432/4293 4422/4435/4296 4413/4426/4287 
f 4413/4426/4287 4422/4435/4296 4423/4436/4297 4415/4428/4289 
f 4415/4428/4289 4423/4436/4297 4424/4437/4298 4416/4429/4290 
f 4416/4429/4290 4424/4437/4298 4425/4438/4299 4417/4430/4291 
f 4429/4442/4303 4428/4441/4302 4427/4440/4301 4426/4439/4300 
f 4431/4444/4305 4430/4443/4304 4428/4441/4302 4429/4442/4303 
s 1
f 4435/4448/4309 4434/4447/4308 4433/4446/4307 4432/4445/4306 
s off
f 4438/4451/4312 4418/4431/4292 4437/4450/4311 4436/4449/4310 
s 1
f 4439/4452/4313 4425/4438/4299 4424/4437/4298 4423/4436/4297 4422/4435/4296 4419/4432/4293 
f 4439/4452/4313 4440/4453/4314 4437/4450/4311 4425/4438/4299 
f 4442/4455/4316 4441/4454/4315 4440/4453/4314 4439/4452/4313 
s off
f 4446/4459/4320 4445/4458/4319 4444/4457/4318 4443/4456/4317 
f 4448/4461/4322 4447/4460/4321 4445/4458/4319 4446/4459/4320 
f 4450/4463/4324 4449/4462/4323 4447/4460/4321 4448/4461/4322 
f 4452/4465/4326 4451/4464/4325 4449/4462/4323 4450/4463/4324 
f 4454/4467/4328 4453/4466/4327 4451/4464/4325 4452/4465/4326 
f 4445/4458/4319 4456/4469/4330 4455/4468/4329 4444/4457/4318 
f 4447/4460/4321 4457/4470/4331 4456/4469/4330 4445/4458/4319 
f 4449/4462/4323 4458/4471/4332 4457/4470/4331 4447/4460/4321 
f 4451/4464/4325 4459/4472/4333 4458/4471/4332 4449/4462/4323 
f 4453/4466/4327 4460/4473/4334 4459/4472/4333 4451/4464/4325 
f 4463/4476/4337 4462/4475/4336 4461/4474/4335 4455/4468/4329 
f 4464/4477/4338 4463/4476/4337 4455/4468/4329 4456/4469/4330 
f 4465/4478/4339 4464/4477/4338 4456/4469/4330 4457/4470/4331 
f 4466/4479/4340 4465/4478/4339 4457/4470/4331 4458/4471/4332 
f 4467/4480/4341 4466/4479/4340 4458/4471/4332 4459/4472/4333 
f 4471/4484/4345 4470/4483/4344 4469/4482/4343 4468/4481/4342 
f 4468/4481/4342 4469/4482/4343 4473/4486/4347 4472/4485/4346 
s 1
f 4477/4490/4351 4476/4489/4350 4475/4488/4349 4474/4487/4348 
s off
f 4478/4491/4352 4460/4473/4334 4438/4451/4312 4436/4449/4310 
s 1
f 4464/4477/4338 4465/4478/4339 4466/4479/4340 4467/4480/4341 4479/4492/4353 4463/4476/4337 
f 4478/4491/4352 4480/4493/4354 4479/4492/4353 4467/4480/4341 
f 4480/4493/4354 4482/4495/4356 4481/4494/4355 4479/4492/4353 
s off
f 4412/4425/4286 4484/4497/4358 4483/4496/4357 4411/4424/4285 
f 4418/4431/4292 4438/4451/4312 4484/4497/4358 4412/4425/4286 
f 4418/4431/4292 4417/4430/4291 4425/4438/4299 4437/4450/4311 
s 1
f 4440/4453/4314 4485/4498/4359 4436/4449/4310 4437/4450/4311 
f 4441/4454/4315 4486/4499/4360 4485/4498/4359 4440/4453/4314 
s off
f 4454/4467/4328 4483/4496/4357 4484/4497/4358 4453/4466/4327 
f 4453/4466/4327 4484/4497/4358 4438/4451/4312 4460/4473/4334 
f 4478/4491/4352 4467/4480/4341 4459/4472/4333 4460/4473/4334 
s 1
f 4478/4491/4352 4436/4449/4310 4485/4498/4359 4480/4493/4354 
f 4490/4503/4364 4489/4502/4363 4488/4501/4362 4487/4500/4361 
s off
f 4494/4507/4368 4493/4506/4367 4492/4505/4366 4491/4504/4365 
f 4498/4511/4371 4497/4510/4370 4496/4509/4369 4495/4508/4369 
f 4494/4507/4368 4421/4434/4295 4497/4510/4370 4498/4511/4371 
s 1
f 4499/4512/4372 4442/4455/4316 4420/4433/4294 4491/4504/4365 
f 4499/4512/4372 4502/4515/4375 4501/4514/4374 4500/4513/4373 
s off
f 4506/4519/4379 4505/4518/4378 4504/4517/4377 4503/4516/4376 
f 4510/4523/4382 4509/4522/4382 4508/4521/4381 4507/4520/4380 
f 4507/4520/4380 4508/4521/4381 4461/4474/4335 4503/4516/4376 
s 1
f 4506/4519/4379 4462/4475/4336 4481/4494/4355 4511/4524/4383 
f 4514/4527/4386 4513/4526/4385 4512/4525/4384 4511/4524/4383 
f 4500/4513/4373 4501/4514/4374 4516/4529/4388 4515/4528/4387 
f 4514/4527/4386 4482/4495/4356 4486/4499/4360 4515/4528/4387 
s off
f 4518/4531/4390 4498/4511/4371 4495/4508/4369 4517/4530/4389 
f 4493/4506/4367 4494/4507/4368 4498/4511/4371 4518/4531/4390 
s 1
f 4502/4515/4375 4499/4512/4372 4491/4504/4365 4492/4505/4366 
s off
f 4520/4533/4392 4510/4523/4382 4507/4520/4380 4519/4532/4391 
f 4519/4532/4391 4507/4520/4380 4503/4516/4376 4504/4517/4377 
s 1
f 4505/4518/4378 4506/4519/4379 4511/4524/4383 4512/4525/4384 
f 4513/4526/4385 4514/4527/4386 4515/4528/4387 4516/4529/4388 
s off
f 4522/4535/4394 4430/4443/4304 4433/4446/4307 4521/4534/4393 
s 1
f 4525/4538/4397 4434/4447/4308 4524/4537/4396 4523/4536/4395 
s off
f 4527/4540/4399 4476/4489/4350 4473/4486/4347 4526/4539/4398 
s 1
f 4529/4542/4401 4489/4502/4363 4475/4488/4349 4528/4541/4400 
f 4523/4536/4395 4524/4537/4396 4488/4501/4362 4530/4543/4361 
s off
f 4421/4434/4295 4494/4507/4368 4491/4504/4365 4420/4433/4294 
s 1
f 4442/4455/4316 4499/4512/4372 4500/4513/4373 4441/4454/4315 
s off
f 4462/4475/4336 4506/4519/4379 4503/4516/4376 4461/4474/4335 
s 1
f 4482/4495/4356 4514/4527/4386 4511/4524/4383 4481/4494/4355 
f 4441/4454/4315 4500/4513/4373 4515/4528/4387 4486/4499/4360 
s off
f 4497/4510/4370 4404/4417/4278 4401/4414/4275 4496/4509/4369 
f 4421/4434/4295 4414/4427/4288 4404/4417/4278 4497/4510/4370 
s 1
f 4442/4455/4316 4439/4452/4313 4419/4432/4293 4420/4433/4294 
s off
f 4509/4522/4382 4443/4456/4317 4444/4457/4318 4508/4521/4381 
f 4508/4521/4381 4444/4457/4318 4455/4468/4329 4461/4474/4335 
s 1
f 4462/4475/4336 4463/4476/4337 4479/4492/4353 4481/4494/4355 
f 4482/4495/4356 4480/4493/4354 4485/4498/4359 4486/4499/4360 
s off
f 4534/4547/4405 4533/4546/4404 4532/4545/4403 4531/4544/4402 
f 4536/4549/4407 4535/4548/4406 4533/4546/4404 4534/4547/4405 
f 4538/4551/4409 4537/4550/4408 4535/4548/4406 4536/4549/4407 
f 4540/4553/4411 4539/4552/4410 4537/4550/4408 4538/4551/4409 
f 4542/4555/4413 4541/4554/4412 4539/4552/4410 4540/4553/4411 
f 4533/4546/4404 4544/4557/4415 4543/4556/4414 4532/4545/4403 
f 4535/4548/4406 4545/4558/4416 4544/4557/4415 4533/4546/4404 
f 4537/4550/4408 4546/4559/4417 4545/4558/4416 4535/4548/4406 
f 4539/4552/4410 4547/4560/4418 4546/4559/4417 4537/4550/4408 
f 4541/4554/4412 4548/4561/4419 4547/4560/4418 4539/4552/4410 
f 4551/4564/4422 4550/4563/4421 4549/4562/4420 4543/4556/4414 
f 4552/4565/4423 4551/4564/4422 4543/4556/4414 4544/4557/4415 
f 4553/4566/4424 4552/4565/4423 4544/4557/4415 4545/4558/4416 
f 4554/4567/4425 4553/4566/4424 4545/4558/4416 4546/4559/4417 
f 4555/4568/4426 4554/4567/4425 4546/4559/4417 4547/4560/4418 
f 4559/4572/4430 4558/4571/4429 4557/4570/4428 4556/4569/4427 
f 4558/4571/4429 4561/4574/4432 4560/4573/4431 4557/4570/4428 
s 1
f 4565/4578/4436 4564/4577/4435 4563/4576/4434 4562/4575/4433 
s off
f 4568/4581/4439 4548/4561/4419 4567/4580/4438 4566/4579/4437 
s 1
f 4552/4565/4423 4553/4566/4424 4554/4567/4425 4555/4568/4426 4569/4582/4440 4551/4564/4422 
f 4568/4581/4439 4570/4583/4441 4569/4582/4440 4555/4568/4426 
f 4570/4583/4441 4572/4585/4443 4571/4584/4442 4569/4582/4440 
s off
f 4576/4589/4447 4575/4588/4446 4574/4587/4445 4573/4586/4444 
f 4575/4588/4446 4578/4591/4449 4577/4590/4448 4574/4587/4445 
f 4578/4591/4449 4580/4593/4451 4579/4592/4450 4577/4590/4448 
f 4580/4593/4451 4582/4595/4453 4581/4594/4452 4579/4592/4450 
f 4582/4595/4453 4584/4597/4455 4583/4596/4454 4581/4594/4452 
f 4586/4599/4457 4585/4598/4456 4575/4588/4446 4576/4589/4447 
f 4585/4598/4456 4587/4600/4458 4578/4591/4449 4575/4588/4446 
f 4587/4600/4458 4588/4601/4459 4580/4593/4451 4578/4591/4449 
f 4588/4601/4459 4589/4602/4460 4582/4595/4453 4580/4593/4451 
f 4589/4602/4460 4590/4603/4461 4584/4597/4455 4582/4595/4453 
f 4593/4606/4464 4592/4605/4463 4591/4604/4462 4586/4599/4457 
f 4586/4599/4457 4591/4604/4462 4594/4607/4465 4585/4598/4456 
f 4585/4598/4456 4594/4607/4465 4595/4608/4466 4587/4600/4458 
f 4587/4600/4458 4595/4608/4466 4596/4609/4467 4588/4601/4459 
f 4588/4601/4459 4596/4609/4467 4597/4610/4468 4589/4602/4460 
f 4601/4614/4472 4600/4613/4471 4599/4612/4470 4598/4611/4469 
f 4603/4616/4474 4602/4615/4473 4600/4613/4471 4601/4614/4472 
s 1
f 4607/4620/4478 4606/4619/4477 4605/4618/4476 4604/4617/4475 
s off
f 4567/4580/4438 4590/4603/4461 4608/4621/4479 4566/4579/4437 
s 1
f 4609/4622/4480 4597/4610/4468 4596/4609/4467 4595/4608/4466 4594/4607/4465 4591/4604/4462 
f 4609/4622/4480 4610/4623/4481 4608/4621/4479 4597/4610/4468 
f 4612/4625/4483 4611/4624/4482 4610/4623/4481 4609/4622/4480 
s off
f 4614/4627/4485 4613/4626/4484 4541/4554/4412 4542/4555/4413 
f 4613/4626/4484 4567/4580/4438 4548/4561/4419 4541/4554/4412 
f 4555/4568/4426 4547/4560/4418 4548/4561/4419 4568/4581/4439 
s 1
f 4566/4579/4437 4615/4628/4486 4570/4583/4441 4568/4581/4439 
f 4615/4628/4486 4616/4629/4487 4572/4585/4443 4570/4583/4441 
s off
f 4613/4626/4484 4614/4627/4485 4583/4596/4454 4584/4597/4455 
f 4567/4580/4438 4613/4626/4484 4584/4597/4455 4590/4603/4461 
f 4589/4602/4460 4597/4610/4468 4608/4621/4479 4590/4603/4461 
s 1
f 4615/4628/4486 4566/4579/4437 4608/4621/4479 4610/4623/4481 
f 4620/4633/4491 4619/4632/4490 4618/4631/4489 4617/4630/4488 
s off
f 4564/4577/4435 4561/4574/4432 4622/4635/4493 4621/4634/4492 
f 4626/4639/4430 4625/4638/4495 4624/4637/4494 4623/4636/4430 
f 4625/4638/4495 4549/4562/4420 4622/4635/4493 4624/4637/4494 
s 1
f 4550/4563/4421 4571/4584/4442 4627/4640/4496 4621/4634/4492 
f 4629/4642/4498 4563/4576/4434 4627/4640/4496 4628/4641/4497 
s off
f 4602/4615/4473 4606/4619/4477 4631/4644/4500 4630/4643/4499 
f 4635/4648/4502 4634/4647/4470 4633/4646/4470 4632/4645/4501 
f 4593/4606/4464 4635/4648/4502 4632/4645/4501 4630/4643/4499 
s 1
f 4612/4625/4483 4592/4605/4463 4631/4644/4500 4636/4649/4503 
f 4607/4620/4478 4618/4631/4489 4637/4650/4504 4636/4649/4503 
f 4619/4632/4490 4629/4642/4498 4628/4641/4497 4638/4651/4505 
f 4616/4629/4487 4611/4624/4482 4637/4650/4504 4638/4651/4505 
s off
f 4623/4636/4430 4624/4637/4494 4558/4571/4429 4559/4572/4430 
f 4624/4637/4494 4622/4635/4493 4561/4574/4432 4558/4571/4429 
s 1
f 4621/4634/4492 4627/4640/4496 4563/4576/4434 4564/4577/4435 
s off
f 4632/4645/4501 4633/4646/4470 4599/4612/4470 4600/4613/4471 
f 4630/4643/4499 4632/4645/4501 4600/4613/4471 4602/4615/4473 
s 1
f 4636/4649/4503 4631/4644/4500 4606/4619/4477 4607/4620/4478 
f 4638/4651/4505 4637/4650/4504 4618/4631/4489 4619/4632/4490 
s off
f 4565/4578/4436 4560/4573/4431 4561/4574/4432 4564/4577/4435 
s 1
f 4639/4652/4506 4562/4575/4433 4563/4576/4434 4629/4642/4498 
s off
f 4603/4616/4474 4605/4618/4476 4606/4619/4477 4602/4615/4473 
s 1
f 4604/4617/4475 4617/4630/4488 4618/4631/4489 4607/4620/4478 
f 4620/4633/4491 4639/4652/4506 4629/4642/4498 4619/4632/4490 
s off
f 4621/4634/4492 4622/4635/4493 4549/4562/4420 4550/4563/4421 
s 1
f 4628/4641/4497 4627/4640/4496 4571/4584/4442 4572/4585/4443 
s off
f 4630/4643/4499 4631/4644/4500 4592/4605/4463 4593/4606/4464 
s 1
f 4636/4649/4503 4637/4650/4504 4611/4624/4482 4612/4625/4483 
f 4638/4651/4505 4628/4641/4497 4572/4585/4443 4616/4629/4487 
s off
f 4531/4544/4402 4532/4545/4403 4625/4638/4495 4626/4639/4430 
f 4532/4545/4403 4543/4556/4414 4549/4562/4420 4625/4638/4495 
s 1
f 4551/4564/4422 4569/4582/4440 4571/4584/4442 4550/4563/4421 
s off
f 4576/4589/4447 4573/4586/4444 4634/4647/4470 4635/4648/4502 
f 4586/4599/4457 4576/4589/4447 4635/4648/4502 4593/4606/4464 
s 1
f 4609/4622/4480 4591/4604/4462 4592/4605/4463 4612/4625/4483 
f 4615/4628/4486 4610/4623/4481 4611/4624/4482 4616/4629/4487 
s off
f 4641/4654/4508 4518/4531/4390 4517/4530/4389 4640/4653/4507 
f 4428/4441/4302 4641/4654/4508 4640/4653/4507 4427/4440/4301 
f 4426/4439/4300 4556/4569/4427 4557/4570/4428 4429/4442/4303 
f 4522/4535/4394 4493/4506/4367 4518/4531/4390 4641/4654/4508 
f 4430/4443/4304 4522/4535/4394 4641/4654/4508 4428/4441/4302 
f 4429/4442/4303 4557/4570/4428 4560/4573/4431 4431/4444/4305 
s 1
f 4525/4538/4397 4502/4515/4375 4492/4505/4366 4521/4534/4393 
f 4434/4447/4308 4525/4538/4397 4521/4534/4393 4433/4446/4307 
f 4432/4445/4306 4565/4578/4436 4562/4575/4433 4435/4448/4309 
s off
f 4643/4656/4510 4520/4533/4392 4519/4532/4391 4642/4655/4509 
f 4470/4483/4344 4643/4656/4510 4642/4655/4509 4469/4482/4343 
f 4468/4481/4342 4601/4614/4472 4598/4611/4469 4471/4484/4345 
f 4642/4655/4509 4519/4532/4391 4504/4517/4377 4526/4539/4398 
f 4469/4482/4343 4642/4655/4509 4526/4539/4398 4473/4486/4347 
f 4472/4485/4346 4603/4616/4474 4601/4614/4472 4468/4481/4342 
s 1
f 4527/4540/4399 4505/4518/4378 4512/4525/4384 4528/4541/4400 
f 4476/4489/4350 4527/4540/4399 4528/4541/4400 4475/4488/4349 
f 4474/4487/4348 4604/4617/4475 4605/4618/4476 4477/4490/4351 
f 4529/4542/4401 4513/4526/4385 4516/4529/4388 4530/4543/4361 
f 4489/4502/4363 4529/4542/4401 4530/4543/4361 4488/4501/4362 
f 4487/4500/4361 4620/4633/4491 4617/4630/4488 4490/4503/4364 
s off
f 4431/4444/4305 4560/4573/4431 4565/4578/4436 4432/4445/4306 
f 4430/4443/4304 4431/4444/4305 4432/4445/4306 4433/4446/4307 
f 4521/4534/4393 4492/4505/4366 4493/4506/4367 4522/4535/4394 
s 1
f 4435/4448/4309 4562/4575/4433 4639/4652/4506 4644/4657/4511 
f 4434/4447/4308 4435/4448/4309 4644/4657/4511 4524/4537/4396 
f 4523/4536/4395 4501/4514/4374 4502/4515/4375 4525/4538/4397 
s off
f 4477/4490/4351 4605/4618/4476 4603/4616/4474 4472/4485/4346 
f 4476/4489/4350 4477/4490/4351 4472/4485/4346 4473/4486/4347 
f 4526/4539/4398 4504/4517/4377 4505/4518/4378 4527/4540/4399 
s 1
f 4490/4503/4364 4617/4630/4488 4604/4617/4475 4474/4487/4348 
f 4489/4502/4363 4490/4503/4364 4474/4487/4348 4475/4488/4349 
f 4528/4541/4400 4512/4525/4384 4513/4526/4385 4529/4542/4401 
f 4644/4657/4511 4639/4652/4506 4620/4633/4491 4487/4500/4361 
f 4524/4537/4396 4644/4657/4511 4487/4500/4361 4488/4501/4362 
f 4530/4543/4361 4516/4529/4388 4501/4514/4374 4523/4536/4395 
# 216 polygons

#
# object Rectangle022
#

v  -892.8874 42.0632 -260.5764
v  -892.8874 41.4788 -260.1986
v  -892.3407 41.5833 -258.4984
v  -892.3407 41.8706 -258.6719
v  -892.8874 41.0256 -259.1848
v  -892.3407 41.3665 -258.0700
v  -892.8874 40.8342 -258.0809
v  -892.3407 41.2209 -257.2386
v  -892.8874 40.7332 -256.8631
v  -892.3407 41.1833 -256.7536
v  -892.8816 40.7332 -239.8952
v  -892.2462 41.1833 -239.8943
v  -891.8619 41.9565 -256.4728
v  -891.8755 42.1367 -256.5720
v  -891.8544 41.8533 -256.2867
v  -891.8593 41.7554 -255.7972
v  -891.8640 41.7344 -255.5127
v  -891.6477 41.7102 -239.8835
v  -891.5294 42.5764 -254.3720
v  -891.5324 45.9089 -254.4058
v  -891.8813 45.6887 -256.5943
v  -891.5306 42.4775 -254.2961
v  -891.5409 42.4011 -254.2171
v  -891.5461 42.3550 -254.0689
v  -891.5538 42.3152 -253.8860
v  -892.8877 2120.1904 -260.4397
v  -892.8876 1431.0022 -260.4824
v  -892.3409 1431.0017 -259.3271
v  -892.3411 2120.1902 -259.6865
v  -891.8887 1431.0051 -258.0929
v  -891.8894 2120.1919 -258.8833
v  -891.5516 2120.1943 -258.0360
v  -891.5497 1431.0098 -256.7906
v  -891.3029 1431.0117 -255.9389
v  -891.3030 2120.1951 -257.4763
v  -889.2749 42.3059 -224.9907
v  -889.5138 42.3103 -239.8696
v  -891.6519 41.7083 -224.9907
v  -891.3027 42.7292 -253.1212
v  -889.3550 42.7485 -239.8630
v  -888.9324 45.9961 -239.8629
v  -891.3027 45.9866 -253.1112
v  -892.8873 42.0632 -189.4050
v  -892.3407 41.8706 -191.3095
v  -892.3407 41.5833 -191.4830
v  -892.8873 41.4788 -189.7828
v  -892.3407 41.3665 -191.9113
v  -892.8873 41.0256 -190.7966
v  -892.3407 41.2209 -192.7428
v  -892.8873 40.8342 -191.9005
v  -892.3407 41.1833 -193.2278
v  -892.8873 40.7332 -193.1183
v  -892.2462 41.1833 -210.0874
v  -892.8816 40.7332 -210.0864
v  -891.8755 42.1367 -193.4094
v  -891.8619 41.9565 -193.5086
v  -891.8544 41.8533 -193.6947
v  -891.8593 41.7554 -194.1842
v  -891.8640 41.7344 -194.4687
v  -891.6477 41.7102 -210.0980
v  -891.8813 45.6887 -193.3871
v  -891.5323 45.9089 -195.5756
v  -891.5293 42.5764 -195.6094
v  -891.5306 42.4775 -195.6853
v  -891.5409 42.4011 -195.7643
v  -891.5461 42.3550 -195.9125
v  -891.5538 42.3152 -196.0954
v  -892.3411 2120.1902 -233.0453
v  -892.3409 1431.0017 -218.4670
v  -892.8876 1431.0022 -217.3118
v  -892.8877 2120.1904 -232.2921
v  -891.8894 2120.1919 -233.8484
v  -891.8887 1431.0051 -219.7013
v  -891.3030 2120.1953 -235.2554
v  -891.3029 1431.0117 -221.8552
v  -891.5497 1431.0098 -221.0035
v  -891.5516 2120.1941 -234.6958
v  -889.5138 42.3103 -210.1117
v  -891.3027 42.7292 -196.8602
v  -889.3550 42.7485 -210.1182
v  -891.3027 45.9866 -196.8702
v  -888.9324 45.9961 -210.1183
v  -892.8826 40.7332 -224.9907
v  -892.2498 41.1833 -224.9907
v  -889.1108 42.7678 -224.9907
v  -888.4534 46.0056 -224.9907
v  -888.0271 2120.1951 -246.3659
v  -888.0270 1431.0117 -238.8971
v  -888.9326 1431.0117 -229.8760
v  -888.9327 2120.1953 -240.4841
v  -891.5385 49.2415 -254.4395
v  -891.5460 52.6409 -254.4733
v  -891.8873 52.6316 -256.6288
v  -891.8849 49.2366 -256.6124
v  -892.8874 49.2356 -260.5764
v  -892.8874 45.6494 -260.5764
v  -892.3407 45.5520 -258.6719
v  -892.3407 49.2336 -258.6719
v  -891.3027 49.2434 -253.1011
v  -888.9324 49.2434 -239.8628
v  -888.9324 52.6448 -239.8627
v  -891.3027 52.6448 -253.0910
v  -891.8849 49.2366 -193.3690
v  -891.8873 52.6316 -193.3526
v  -891.5459 52.6409 -195.5081
v  -891.5385 49.2415 -195.5419
v  -892.3407 49.2336 -191.3095
v  -892.3407 45.5520 -191.3095
v  -892.8873 45.6494 -189.4050
v  -892.8873 49.2356 -189.4050
v  -891.3027 49.2434 -196.8803
v  -891.3027 52.6448 -196.8904
v  -888.9324 52.6448 -210.1185
v  -888.9324 49.2434 -210.1184
v  -888.0267 49.2439 -224.9907
v  -888.0267 52.6448 -224.9907
v  -892.8874 52.6257 -260.5764
v  -892.3407 52.6248 -258.6719
v  -892.3407 52.6248 -191.3095
v  -892.8873 52.6257 -189.4050
v  -891.5479 741.8254 -255.2478
v  -891.8880 741.8184 -256.9180
v  -888.9325 741.8281 -243.8972
v  -888.9326 1431.0117 -247.9180
v  -891.3028 741.8281 -254.1660
v  -891.8880 741.8184 -207.7822
v  -891.5479 741.8252 -209.4525
v  -891.3028 741.8284 -210.5342
v  -888.9325 741.8284 -220.8029
v  -888.0269 741.8281 -232.3501
v  -892.8878 2823.4834 -260.6505
v  -892.3412 2823.6760 -260.2663
v  -892.3412 2823.9631 -260.2313
v  -892.8878 2824.0681 -260.5743
v  -892.3412 2824.1799 -260.1449
v  -892.8878 2824.5210 -260.3698
v  -892.3412 2824.3254 -259.9772
v  -892.8878 2824.7124 -260.1471
v  -892.3412 2824.3630 -259.8793
v  -892.8878 2824.8135 -259.9014
v  -892.2466 2824.3630 -256.4781
v  -892.8820 2824.8135 -256.4783
v  -891.8760 2823.4099 -259.8427
v  -891.8624 2823.5901 -259.8227
v  -891.8549 2823.6931 -259.7852
v  -891.8598 2823.7910 -259.6864
v  -891.8645 2823.8120 -259.6290
v  -891.4556 2824.0479 -256.4759
v  -891.8818 2819.8577 -259.8472
v  -891.5328 2819.6375 -259.4057
v  -891.4541 2822.9700 -259.3989
v  -891.4514 2823.0691 -259.3835
v  -891.4570 2823.1458 -259.3676
v  -891.4634 2823.1917 -259.3377
v  -891.4727 2823.2314 -259.3008
v  -892.8878 2809.3787 -260.6505
v  -892.3412 2809.3787 -260.2663
v  -892.3412 2812.9216 -260.2663
v  -892.8878 2812.9209 -260.6505
v  -891.8901 2809.3787 -259.8575
v  -891.8878 2812.9150 -259.8542
v  -891.3032 2809.3787 -259.1384
v  -891.3032 2812.9019 -259.1404
v  -891.5464 2812.9060 -259.4193
v  -891.5535 2809.3787 -259.4261
v  -889.4927 2823.2410 -253.4714
v  -891.4598 2824.0500 -253.4714
v  -889.7316 2823.2363 -256.4731
v  -891.2692 2822.4360 -259.1465
v  -889.3215 2822.4167 -256.4718
v  -891.3032 2819.5603 -259.1445
v  -888.9329 2819.5505 -256.4718
v  -892.8878 2823.4834 -246.2923
v  -892.8878 2824.0681 -246.3685
v  -892.3412 2823.9631 -246.7115
v  -892.3412 2823.6760 -246.6765
v  -892.8878 2824.5210 -246.5730
v  -892.3412 2824.1799 -246.7979
v  -892.8878 2824.7124 -246.7957
v  -892.3412 2824.3254 -246.9656
v  -892.8878 2824.8135 -247.0414
v  -892.3412 2824.3630 -247.0635
v  -892.8820 2824.8135 -250.4646
v  -892.2466 2824.3630 -250.4648
v  -891.8624 2823.5901 -247.1201
v  -891.8760 2823.4099 -247.1001
v  -891.8549 2823.6931 -247.1577
v  -891.8598 2823.7910 -247.2564
v  -891.8645 2823.8120 -247.3138
v  -891.4556 2824.0479 -250.4669
v  -891.4541 2822.9700 -247.5439
v  -891.5328 2819.6375 -247.5371
v  -891.8818 2819.8577 -247.0956
v  -891.4514 2823.0691 -247.5593
v  -891.4570 2823.1458 -247.5752
v  -891.4634 2823.1917 -247.6051
v  -891.4726 2823.2314 -247.6420
v  -892.8878 2809.3787 -246.2923
v  -892.8878 2812.9209 -246.2923
v  -892.3412 2812.9216 -246.6765
v  -892.3412 2809.3787 -246.6765
v  -891.8878 2812.9150 -247.0887
v  -891.8901 2809.3787 -247.0853
v  -891.3032 2809.3787 -247.8044
v  -891.5535 2809.3787 -247.5167
v  -891.5464 2812.9060 -247.5235
v  -891.3032 2812.9021 -247.8024
v  -889.7316 2823.2363 -250.4697
v  -891.2692 2822.4360 -247.7963
v  -889.3215 2822.4167 -250.4710
v  -888.9329 2819.5505 -250.4710
v  -891.3032 2819.5603 -247.7983
v  -892.2503 2824.3630 -253.4714
v  -892.8831 2824.8135 -253.4714
v  -889.0773 2822.3977 -253.4714
v  -888.4539 2819.5410 -253.4714
v  -888.9329 2809.3787 -250.4711
v  -888.9329 2812.9021 -250.4710
v  -888.0272 2812.9019 -253.4714
v  -888.0272 2809.3787 -253.4714
v  -891.5389 2816.3049 -259.4125
v  -891.8854 2816.3101 -259.8508
v  -892.8878 2816.3110 -260.6505
v  -892.3412 2816.3130 -260.2663
v  -892.3412 2819.9946 -260.2663
v  -892.8878 2819.8972 -260.6505
v  -891.3032 2816.3032 -259.1425
v  -888.9329 2816.3030 -256.4717
v  -888.9329 2812.9019 -256.4717
v  -891.8854 2816.3101 -247.0920
v  -891.5389 2816.3049 -247.5303
v  -892.3412 2816.3130 -246.6765
v  -892.8878 2816.3110 -246.2923
v  -892.8878 2819.8972 -246.2923
v  -892.3412 2819.9946 -246.6765
v  -891.3032 2816.3032 -247.8003
v  -888.9329 2816.3030 -250.4710
v  -888.0272 2816.3030 -253.4714
v  -888.9329 2809.3787 -256.4717
v  -892.8875 741.8140 -259.9798
v  -892.3408 741.8132 -258.5011
v  -892.3408 741.8132 -206.1991
v  -892.8875 741.8140 -204.7204
v  -888.9327 2120.1951 -252.2476
# 244 vertices

vn 0.9720 -0.0541 -0.2285
vn 0.9490 -0.2147 -0.2308
vn 0.9482 -0.2522 -0.1931
vn 0.9763 -0.0679 -0.2053
vn 0.8523 -0.4895 -0.1845
vn 0.8797 -0.4566 -0.1332
vn 0.7589 -0.6438 -0.0982
vn 0.8162 -0.5736 -0.0693
vn 0.7209 -0.6923 -0.0313
vn 0.7917 -0.6102 -0.0299
vn 0.6632 -0.7484 -0.0001
vn 0.7028 -0.7114 -0.0015
vn 0.9850 -0.1029 -0.1387
vn 0.9883 -0.0120 -0.1520
vn 0.9580 -0.2719 -0.0913
vn 0.9133 -0.4053 -0.0399
vn 0.8883 -0.4590 -0.0135
vn 0.5524 -0.8336 -0.0037
vn 0.9911 -0.0480 -0.1241
vn 0.9911 -0.0003 -0.1334
vn 0.9886 0.0002 -0.1503
vn 0.9918 0.0415 0.1208
vn 0.9827 -0.1818 -0.0361
vn 0.9923 -0.1237 0.0034
vn 0.9687 -0.2341 -0.0824
vn 0.8649 -0.0001 -0.5019
vn 0.9353 -0.0001 -0.3539
vn 0.9482 -0.0003 -0.3177
vn 0.8897 -0.0003 -0.4566
vn 0.9701 -0.0003 -0.2426
vn 0.9339 -0.0005 -0.3574
vn 0.9477 -0.0006 -0.3192
vn 0.9767 -0.0004 -0.2147
vn 0.9737 -0.0005 -0.2278
vn 0.9412 -0.0008 -0.3377
vn 0.7187 -0.6953 -0.0000
vn 0.7329 -0.6787 -0.0476
vn 0.5383 -0.8427 -0.0000
vn 0.9845 -0.1255 -0.1225
vn 0.9797 -0.1903 -0.0631
vn 0.9952 -0.0515 -0.0835
vn 0.9900 0.0004 -0.1410
vn 0.9720 -0.0541 0.2285
vn 0.9763 -0.0679 0.2053
vn 0.9482 -0.2522 0.1931
vn 0.9490 -0.2147 0.2308
vn 0.8797 -0.4566 0.1332
vn 0.8523 -0.4895 0.1845
vn 0.8162 -0.5736 0.0693
vn 0.7589 -0.6438 0.0982
vn 0.7917 -0.6102 0.0299
vn 0.7209 -0.6923 0.0313
vn 0.7028 -0.7114 0.0015
vn 0.6632 -0.7484 0.0001
vn 0.9883 -0.0120 0.1520
vn 0.9850 -0.1029 0.1387
vn 0.9580 -0.2719 0.0913
vn 0.9133 -0.4053 0.0399
vn 0.8883 -0.4590 0.0135
vn 0.5524 -0.8336 0.0037
vn 0.9886 0.0002 0.1503
vn 0.9911 -0.0003 0.1334
vn 0.9911 -0.0480 0.1240
vn 0.9918 0.0415 -0.1208
vn 0.9827 -0.1818 0.0361
vn 0.9923 -0.1237 -0.0034
vn 0.9687 -0.2341 0.0824
vn 0.8896 0.0093 0.4566
vn 0.9482 0.0062 0.3178
vn 0.9353 0.0071 0.3538
vn 0.8649 0.0106 0.5019
vn 0.9339 0.0071 0.3574
vn 0.9701 0.0046 0.2427
vn 0.9412 0.0064 0.3377
vn 0.9737 0.0041 0.2278
vn 0.9767 0.0039 0.2147
vn 0.9477 0.0061 0.3192
vn 0.7329 -0.6787 0.0476
vn 0.9845 -0.1255 0.1225
vn 0.9797 -0.1903 0.0631
vn 0.9900 0.0004 0.1410
vn 0.9952 -0.0515 0.0835
vn 0.6648 -0.7471 -0.0000
vn 0.7030 -0.7112 -0.0000
vn 0.9762 -0.2170 -0.0000
vn 0.9912 -0.1325 -0.0000
vn 1.0000 -0.0000 -0.0000
vn 1.0000 0.0000 0.0000
vn 0.9878 0.0022 0.1555
vn 0.9725 0.0035 0.2329
vn 0.9911 0.0003 -0.1330
vn 0.9912 0.0001 -0.1325
vn 0.9886 -0.0001 -0.1502
vn 0.9886 -0.0001 -0.1504
vn 0.9747 0.0000 -0.2237
vn 0.9800 0.0000 -0.1989
vn 0.9800 0.0000 -0.1990
vn 0.9901 0.0004 -0.1406
vn 0.9955 0.0000 -0.0953
vn 0.9955 -0.0003 -0.0952
vn 0.9901 0.0001 -0.1406
vn 0.9886 -0.0001 0.1504
vn 0.9886 0.0015 0.1504
vn 0.9912 0.0016 0.1324
vn 0.9911 0.0003 0.1330
vn 0.9800 0.0000 0.1990
vn 0.9800 0.0000 0.1989
vn 0.9747 0.0000 0.2237
vn 0.9901 0.0004 0.1406
vn 0.9901 0.0016 0.1406
vn 0.9954 0.0007 0.0956
vn 0.9955 0.0000 0.0953
vn 0.9986 -0.0524 -0.0000
vn 1.0000 0.0000 0.0002
vn 0.9747 0.0001 -0.2237
vn 0.9799 0.0000 -0.1993
vn 0.9799 0.0022 0.1994
vn 0.9747 0.0025 0.2237
vn 0.9855 -0.0003 -0.1695
vn 0.9814 -0.0002 -0.1919
vn 0.9925 -0.0007 -0.1223
vn 0.9878 -0.0009 -0.1554
vn 0.9837 -0.0004 -0.1799
vn 0.9814 0.0037 0.1919
vn 0.9855 0.0031 0.1695
vn 0.9837 0.0033 0.1799
vn 0.9925 0.0018 0.1222
vn 0.6502 0.0383 -0.7588
vn 0.7061 0.0531 -0.7061
vn 0.7128 0.1810 -0.6776
vn 0.6343 0.2121 -0.7434
vn 0.7378 0.3826 -0.5561
vn 0.6640 0.4648 -0.5857
vn 0.7675 0.5478 -0.3329
vn 0.6922 0.6185 -0.3718
vn 0.7754 0.6174 -0.1326
vn 0.7148 0.6875 -0.1282
vn 0.5589 0.8292 -0.0059
vn 0.6633 0.7483 -0.0004
vn 0.7778 0.0110 -0.6284
vn 0.8052 0.0882 -0.5865
vn 0.8555 0.2612 -0.4470
vn 0.8755 0.4266 -0.2271
vn 0.8692 0.4794 -0.1209
vn 0.4769 0.8771 -0.0573
vn 0.8011 -0.0002 -0.5985
vn 0.8308 -0.0069 -0.5566
vn 0.8494 0.0240 -0.5272
vn 0.9802 -0.0309 0.1955
vn 0.9739 0.1326 -0.1842
vn 0.9891 0.1463 -0.0167
vn 0.9184 0.2423 -0.3127
vn 0.6602 -0.0001 -0.7510
vn 0.7065 -0.0003 -0.7077
vn 0.7070 0.0000 -0.7072
vn 0.6602 0.0000 -0.7510
vn 0.8019 -0.0004 -0.5975
vn 0.8015 0.0001 -0.5979
vn 0.8180 -0.0009 -0.5752
vn 0.8178 -0.0003 -0.5755
vn 0.8339 -0.0003 -0.5520
vn 0.8349 -0.0007 -0.5504
vn 0.7477 0.6641 -0.0000
vn 0.4507 0.8927 -0.0000
vn 0.7559 0.6224 -0.2031
vn 0.8655 0.0233 -0.5004
vn 0.9328 0.2287 -0.2786
vn 0.8166 -0.0039 -0.5772
vn 0.9316 0.0501 -0.3600
vn 0.6502 0.0383 0.7588
vn 0.6343 0.2121 0.7434
vn 0.7128 0.1810 0.6776
vn 0.7061 0.0531 0.7061
vn 0.6640 0.4648 0.5857
vn 0.7378 0.3826 0.5561
vn 0.6922 0.6185 0.3718
vn 0.7675 0.5478 0.3329
vn 0.7148 0.6875 0.1282
vn 0.7754 0.6174 0.1326
vn 0.6633 0.7483 0.0004
vn 0.5589 0.8292 0.0059
vn 0.8052 0.0882 0.5865
vn 0.7778 0.0110 0.6284
vn 0.8555 0.2612 0.4470
vn 0.8755 0.4266 0.2271
vn 0.8692 0.4794 0.1209
vn 0.4769 0.8771 0.0573
vn 0.8494 0.0240 0.5272
vn 0.8308 -0.0069 0.5566
vn 0.8011 -0.0002 0.5985
vn 0.9802 -0.0309 -0.1955
vn 0.9739 0.1326 0.1842
vn 0.9891 0.1463 0.0167
vn 0.9184 0.2423 0.3127
vn 0.6602 0.0077 0.7510
vn 0.6602 0.0000 0.7511
vn 0.7070 0.0000 0.7072
vn 0.7067 0.0070 0.7075
vn 0.8015 0.0001 0.5979
vn 0.8021 0.0058 0.5971
vn 0.8180 0.0051 0.5752
vn 0.8348 0.0050 0.5505
vn 0.8339 -0.0003 0.5520
vn 0.8178 -0.0003 0.5755
vn 0.7559 0.6224 0.2031
vn 0.8655 0.0233 0.5004
vn 0.9328 0.2287 0.2786
vn 0.9316 0.0501 0.3600
vn 0.8166 -0.0039 0.5772
vn 0.5594 0.8289 -0.0000
vn 0.6649 0.7470 -0.0000
vn 0.9631 0.2691 -0.0000
vn 0.9904 0.1380 -0.0000
vn 0.9104 0.0030 0.4137
vn 0.9102 -0.0000 0.4143
vn 1.0000 0.0000 -0.0000
vn 1.0000 -0.0000 -0.0008
vn 0.8329 -0.0002 -0.5535
vn 0.8010 0.0000 -0.5986
vn 0.7075 0.0000 -0.7067
vn 0.7077 0.0000 -0.7066
vn 0.8177 -0.0004 -0.5756
vn 0.9102 -0.0000 -0.4141
vn 0.9102 -0.0000 -0.4143
vn 0.8010 0.0000 0.5986
vn 0.8329 -0.0002 0.5535
vn 0.7075 0.0000 0.7067
vn 0.7077 0.0000 0.7066
vn 0.8177 -0.0004 0.5756
vn 0.9102 -0.0000 0.4141
vn 0.9986 0.0520 -0.0000
vn 0.9099 -0.0013 -0.4147
vn 0.9590 0.0000 -0.2834
vn 0.9674 -0.0001 -0.2533
vn 0.9674 0.0050 0.2533
vn 0.9590 0.0057 0.2834
vn 0.9725 -0.0014 -0.2329
# 237 vertex normals

vt 0.4147 0.0040 0.5130
vt 0.4143 0.0038 0.5130
vt 0.4129 0.0038 0.5403
vt 0.4131 0.0039 0.5403
vt 0.4135 0.0036 0.5130
vt 0.4126 0.0037 0.5403
vt 0.4126 0.0035 0.5130
vt 0.4119 0.0037 0.5403
vt 0.4116 0.0035 0.5130
vt 0.4115 0.0037 0.5403
vt 0.3974 0.0035 0.5133
vt 0.3974 0.0037 0.5450
vt 0.4112 0.0039 0.5642
vt 0.4113 0.0040 0.5636
vt 0.4111 0.0039 0.5646
vt 0.4107 0.0039 0.5644
vt 0.4104 0.0039 0.5641
vt 0.3974 0.0039 0.5749
vt 0.4095 0.0042 0.5809
vt 0.4095 0.0054 0.5807
vt 0.4113 0.0053 0.5633
vt 0.4094 0.0041 0.5808
vt 0.4094 0.0041 0.5803
vt 0.4092 0.0041 0.5800
vt 0.4091 0.0041 0.5796
vt 0.4145 0.7462 0.5129
vt 0.4146 0.5000 0.5130
vt 0.4136 0.5000 0.5403
vt 0.4139 0.7462 0.5403
vt 0.4126 0.5000 0.5629
vt 0.4132 0.7462 0.5629
vt 0.4125 0.7462 0.5798
vt 0.4115 0.5000 0.5798
vt 0.4108 0.5000 0.5922
vt 0.4121 0.7462 0.5922
vt 0.3850 0.0041 0.6936
vt 0.3974 0.0041 0.6816
vt 0.3850 0.0039 0.5747
vt 0.4084 0.0042 0.5922
vt 0.3974 0.0042 0.6896
vt 0.3974 0.0054 0.7107
vt 0.4084 0.0054 0.5922
vt 0.3553 0.0040 0.5130
vt 0.3569 0.0039 0.5403
vt 0.3571 0.0038 0.5403
vt 0.3557 0.0038 0.5130
vt 0.3574 0.0037 0.5403
vt 0.3565 0.0036 0.5130
vt 0.3581 0.0037 0.5403
vt 0.3574 0.0035 0.5130
vt 0.3585 0.0037 0.5403
vt 0.3584 0.0035 0.5130
vt 0.3726 0.0037 0.5450
vt 0.3726 0.0035 0.5133
vt 0.3587 0.0040 0.5636
vt 0.3588 0.0039 0.5642
vt 0.3589 0.0039 0.5646
vt 0.3593 0.0039 0.5644
vt 0.3596 0.0039 0.5641
vt 0.3726 0.0039 0.5749
vt 0.3587 0.0053 0.5633
vt 0.3605 0.0054 0.5807
vt 0.3605 0.0042 0.5809
vt 0.3606 0.0041 0.5808
vt 0.3606 0.0041 0.5803
vt 0.3608 0.0041 0.5800
vt 0.3609 0.0041 0.5796
vt 0.3917 0.7462 0.5403
vt 0.3796 0.5000 0.5403
vt 0.3786 0.5000 0.5130
vt 0.3911 0.7462 0.5130
vt 0.3924 0.7462 0.5629
vt 0.3806 0.5000 0.5629
vt 0.3936 0.7462 0.5922
vt 0.3824 0.5000 0.5922
vt 0.3817 0.5000 0.5798
vt 0.3931 0.7462 0.5798
vt 0.3726 0.0041 0.6816
vt 0.3616 0.0042 0.5922
vt 0.3726 0.0042 0.6896
vt 0.3616 0.0054 0.5922
vt 0.3726 0.0054 0.7107
vt 0.3850 0.0035 0.5132
vt 0.3850 0.0037 0.5448
vt 0.3850 0.0042 0.7018
vt 0.3850 0.0054 0.7347
vt 0.4028 0.7462 0.7560
vt 0.3966 0.5000 0.7560
vt 0.3891 0.5000 0.7107
vt 0.3979 0.7462 0.7107
vt 0.4095 0.0065 0.5804
vt 0.4096 0.0078 0.5800
vt 0.4114 0.0078 0.5630
vt 0.4114 0.0065 0.5631
vt 0.4147 0.0065 0.5130
vt 0.4147 0.0053 0.5130
vt 0.4131 0.0052 0.5403
vt 0.4131 0.0065 0.5403
vt 0.4084 0.0065 0.5922
vt 0.3974 0.0065 0.7107
vt 0.3974 0.0078 0.7107
vt 0.4084 0.0078 0.5922
vt 0.3587 0.0065 0.5631
vt 0.3586 0.0078 0.5630
vt 0.3604 0.0078 0.5800
vt 0.3605 0.0065 0.5804
vt 0.3569 0.0065 0.5403
vt 0.3569 0.0052 0.5403
vt 0.3553 0.0053 0.5130
vt 0.3553 0.0065 0.5130
vt 0.3616 0.0065 0.5922
vt 0.3616 0.0078 0.5922
vt 0.3726 0.0078 0.7107
vt 0.3726 0.0065 0.7107
vt 0.3850 0.0065 0.7560
vt 0.3850 0.0078 0.7560
vt 0.4147 0.0078 0.5130
vt 0.4131 0.0078 0.5403
vt 0.3569 0.0078 0.5403
vt 0.3553 0.0078 0.5130
vt 0.4102 0.2539 0.5799
vt 0.4116 0.2539 0.5629
vt 0.4008 0.2539 0.7107
vt 0.4041 0.5000 0.7107
vt 0.4093 0.2539 0.5922
vt 0.3707 0.2539 0.5629
vt 0.3721 0.2539 0.5799
vt 0.3730 0.2539 0.5922
vt 0.3815 0.2539 0.7107
vt 0.3911 0.2539 0.7560
vt 0.4147 0.9973 0.5129
vt 0.4144 0.9974 0.5403
vt 0.4144 0.9975 0.5403
vt 0.4147 0.9976 0.5129
vt 0.4143 0.9976 0.5403
vt 0.4145 0.9977 0.5129
vt 0.4142 0.9976 0.5403
vt 0.4143 0.9978 0.5129
vt 0.4141 0.9977 0.5403
vt 0.4141 0.9978 0.5129
vt 0.4112 0.9977 0.5450
vt 0.4112 0.9978 0.5132
vt 0.4140 0.9973 0.5635
vt 0.4140 0.9974 0.5642
vt 0.4140 0.9974 0.5646
vt 0.4139 0.9975 0.5643
vt 0.4139 0.9975 0.5641
vt 0.4112 0.9975 0.5846
vt 0.4141 0.9961 0.5632
vt 0.4137 0.9960 0.5807
vt 0.4137 0.9972 0.5846
vt 0.4137 0.9972 0.5848
vt 0.4137 0.9972 0.5845
vt 0.4136 0.9972 0.5842
vt 0.4136 0.9973 0.5837
vt 0.4147 0.9923 0.5129
vt 0.4144 0.9923 0.5403
vt 0.4144 0.9936 0.5403
vt 0.4147 0.9936 0.5129
vt 0.4141 0.9923 0.5628
vt 0.4141 0.9936 0.5629
vt 0.4135 0.9923 0.5922
vt 0.4135 0.9936 0.5922
vt 0.4137 0.9936 0.5800
vt 0.4137 0.9923 0.5797
vt 0.4087 0.9973 0.6827
vt 0.4087 0.9976 0.5843
vt 0.4112 0.9973 0.6708
vt 0.4135 0.9970 0.5939
vt 0.4112 0.9970 0.6913
vt 0.4135 0.9959 0.5922
vt 0.4112 0.9959 0.7107
vt 0.4028 0.9973 0.5129
vt 0.4028 0.9976 0.5129
vt 0.4031 0.9975 0.5403
vt 0.4031 0.9974 0.5403
vt 0.4030 0.9977 0.5129
vt 0.4032 0.9976 0.5403
vt 0.4032 0.9978 0.5129
vt 0.4033 0.9976 0.5403
vt 0.4034 0.9978 0.5129
vt 0.4034 0.9977 0.5403
vt 0.4062 0.9978 0.5132
vt 0.4062 0.9977 0.5450
vt 0.4034 0.9974 0.5642
vt 0.4034 0.9973 0.5635
vt 0.4035 0.9974 0.5646
vt 0.4036 0.9975 0.5643
vt 0.4036 0.9975 0.5641
vt 0.4062 0.9975 0.5846
vt 0.4038 0.9972 0.5846
vt 0.4038 0.9960 0.5807
vt 0.4034 0.9961 0.5632
vt 0.4038 0.9972 0.5848
vt 0.4038 0.9972 0.5845
vt 0.4038 0.9972 0.5842
vt 0.4039 0.9973 0.5837
vt 0.4028 0.9923 0.5129
vt 0.4028 0.9936 0.5129
vt 0.4031 0.9936 0.5403
vt 0.4031 0.9923 0.5403
vt 0.4034 0.9936 0.5629
vt 0.4034 0.9923 0.5628
vt 0.4040 0.9923 0.5922
vt 0.4038 0.9923 0.5797
vt 0.4038 0.9936 0.5800
vt 0.4040 0.9936 0.5922
vt 0.4062 0.9973 0.6708
vt 0.4040 0.9970 0.5939
vt 0.4062 0.9970 0.6913
vt 0.4062 0.9959 0.7107
vt 0.4040 0.9959 0.5922
vt 0.4087 0.9977 0.5448
vt 0.4087 0.9978 0.5132
vt 0.4087 0.9970 0.7035
vt 0.4087 0.9959 0.7346
vt 0.4062 0.9923 0.7107
vt 0.4062 0.9936 0.7107
vt 0.4087 0.9936 0.7560
vt 0.4087 0.9923 0.7560
vt 0.4137 0.9948 0.5804
vt 0.4141 0.9948 0.5631
vt 0.4147 0.9948 0.5129
vt 0.4144 0.9948 0.5403
vt 0.4144 0.9961 0.5403
vt 0.4147 0.9961 0.5129
vt 0.4135 0.9948 0.5922
vt 0.4112 0.9948 0.7107
vt 0.4112 0.9936 0.7107
vt 0.4034 0.9948 0.5631
vt 0.4038 0.9948 0.5804
vt 0.4031 0.9948 0.5403
vt 0.4028 0.9948 0.5129
vt 0.4028 0.9961 0.5129
vt 0.4031 0.9961 0.5403
vt 0.4040 0.9948 0.5922
vt 0.4062 0.9948 0.7107
vt 0.4087 0.9948 0.7560
vt 0.4112 0.9923 0.7107
vt 0.4142 0.2539 0.5130
vt 0.4129 0.2539 0.5403
vt 0.3693 0.2539 0.5403
vt 0.3681 0.2539 0.5130
vt 0.4077 0.7462 0.7107
# 244 texture coords

o Rectangle022
g Rectangle022
usemtl wire_115115115
s off
f 4648/4661/4515 4647/4660/4514 4646/4659/4513 4645/4658/4512 
f 4647/4660/4514 4650/4663/4517 4649/4662/4516 4646/4659/4513 
f 4650/4663/4517 4652/4665/4519 4651/4664/4518 4649/4662/4516 
f 4652/4665/4519 4654/4667/4521 4653/4666/4520 4651/4664/4518 
f 4654/4667/4521 4656/4669/4523 4655/4668/4522 4653/4666/4520 
f 4658/4671/4525 4657/4670/4524 4647/4660/4514 4648/4661/4515 
f 4657/4670/4524 4659/4672/4526 4650/4663/4517 4647/4660/4514 
f 4659/4672/4526 4660/4673/4527 4652/4665/4519 4650/4663/4517 
f 4660/4673/4527 4661/4674/4528 4654/4667/4521 4652/4665/4519 
f 4661/4674/4528 4662/4675/4529 4656/4669/4523 4654/4667/4521 
f 4665/4678/4532 4664/4677/4531 4663/4676/4530 4658/4671/4525 
f 4658/4671/4525 4663/4676/4530 4666/4679/4533 4657/4670/4524 
f 4657/4670/4524 4666/4679/4533 4667/4680/4534 4659/4672/4526 
f 4659/4672/4526 4667/4680/4534 4668/4681/4535 4660/4673/4527 
f 4660/4673/4527 4668/4681/4535 4669/4682/4536 4661/4674/4528 
f 4673/4686/4540 4672/4685/4539 4671/4684/4538 4670/4683/4537 
f 4675/4688/4542 4674/4687/4541 4672/4685/4539 4673/4686/4540 
s 1
f 4679/4692/4546 4678/4691/4545 4677/4690/4544 4676/4689/4543 
s off
f 4682/4695/4549 4662/4675/4529 4681/4694/4548 4680/4693/4547 
s 1
f 4683/4696/4550 4669/4682/4536 4668/4681/4535 4667/4680/4534 4666/4679/4533 4663/4676/4530 
f 4683/4696/4550 4684/4697/4551 4681/4694/4548 4669/4682/4536 
f 4686/4699/4553 4685/4698/4552 4684/4697/4551 4683/4696/4550 
s off
f 4690/4703/4557 4689/4702/4556 4688/4701/4555 4687/4700/4554 
f 4692/4705/4559 4691/4704/4558 4689/4702/4556 4690/4703/4557 
f 4694/4707/4561 4693/4706/4560 4691/4704/4558 4692/4705/4559 
f 4696/4709/4563 4695/4708/4562 4693/4706/4560 4694/4707/4561 
f 4698/4711/4565 4697/4710/4564 4695/4708/4562 4696/4709/4563 
f 4689/4702/4556 4700/4713/4567 4699/4712/4566 4688/4701/4555 
f 4691/4704/4558 4701/4714/4568 4700/4713/4567 4689/4702/4556 
f 4693/4706/4560 4702/4715/4569 4701/4714/4568 4691/4704/4558 
f 4695/4708/4562 4703/4716/4570 4702/4715/4569 4693/4706/4560 
f 4697/4710/4564 4704/4717/4571 4703/4716/4570 4695/4708/4562 
f 4707/4720/4574 4706/4719/4573 4705/4718/4572 4699/4712/4566 
f 4708/4721/4575 4707/4720/4574 4699/4712/4566 4700/4713/4567 
f 4709/4722/4576 4708/4721/4575 4700/4713/4567 4701/4714/4568 
f 4710/4723/4577 4709/4722/4576 4701/4714/4568 4702/4715/4569 
f 4711/4724/4578 4710/4723/4577 4702/4715/4569 4703/4716/4570 
f 4715/4728/4582 4714/4727/4581 4713/4726/4580 4712/4725/4579 
f 4712/4725/4579 4713/4726/4580 4717/4730/4584 4716/4729/4583 
s 1
f 4721/4734/4588 4720/4733/4587 4719/4732/4586 4718/4731/4585 
s off
f 4722/4735/4589 4704/4717/4571 4682/4695/4549 4680/4693/4547 
s 1
f 4708/4721/4575 4709/4722/4576 4710/4723/4577 4711/4724/4578 4723/4736/4590 4707/4720/4574 
f 4722/4735/4589 4724/4737/4591 4723/4736/4590 4711/4724/4578 
f 4724/4737/4591 4726/4739/4593 4725/4738/4592 4723/4736/4590 
s off
f 4656/4669/4523 4728/4741/4595 4727/4740/4594 4655/4668/4522 
f 4662/4675/4529 4682/4695/4549 4728/4741/4595 4656/4669/4523 
f 4662/4675/4529 4661/4674/4528 4669/4682/4536 4681/4694/4548 
s 1
f 4684/4697/4551 4729/4742/4596 4680/4693/4547 4681/4694/4548 
f 4685/4698/4552 4730/4743/4597 4729/4742/4596 4684/4697/4551 
s off
f 4698/4711/4565 4727/4740/4594 4728/4741/4595 4697/4710/4564 
f 4697/4710/4564 4728/4741/4595 4682/4695/4549 4704/4717/4571 
f 4722/4735/4589 4711/4724/4578 4703/4716/4570 4704/4717/4571 
s 1
f 4722/4735/4589 4680/4693/4547 4729/4742/4596 4724/4737/4591 
f 4734/4747/4601 4733/4746/4600 4732/4745/4599 4731/4744/4598 
s off
f 4738/4751/4605 4737/4750/4604 4736/4749/4603 4735/4748/4602 
f 4742/4755/4608 4741/4754/4607 4740/4753/4606 4739/4752/4606 
f 4738/4751/4605 4665/4678/4532 4741/4754/4607 4742/4755/4608 
s 1
f 4743/4756/4609 4686/4699/4553 4664/4677/4531 4735/4748/4602 
f 4743/4756/4609 4746/4759/4612 4745/4758/4611 4744/4757/4610 
s off
f 4750/4763/4616 4749/4762/4615 4748/4761/4614 4747/4760/4613 
f 4754/4767/4619 4753/4766/4619 4752/4765/4618 4751/4764/4617 
f 4751/4764/4617 4752/4765/4618 4705/4718/4572 4747/4760/4613 
s 1
f 4750/4763/4616 4706/4719/4573 4725/4738/4592 4755/4768/4620 
f 4758/4771/4623 4757/4770/4622 4756/4769/4621 4755/4768/4620 
f 4744/4757/4610 4745/4758/4611 4760/4773/4625 4759/4772/4624 
f 4758/4771/4623 4726/4739/4593 4730/4743/4597 4759/4772/4624 
s off
f 4762/4775/4627 4742/4755/4608 4739/4752/4606 4761/4774/4626 
f 4737/4750/4604 4738/4751/4605 4742/4755/4608 4762/4775/4627 
s 1
f 4746/4759/4612 4743/4756/4609 4735/4748/4602 4736/4749/4603 
s off
f 4764/4777/4629 4754/4767/4619 4751/4764/4617 4763/4776/4628 
f 4763/4776/4628 4751/4764/4617 4747/4760/4613 4748/4761/4614 
s 1
f 4749/4762/4615 4750/4763/4616 4755/4768/4620 4756/4769/4621 
f 4757/4770/4622 4758/4771/4623 4759/4772/4624 4760/4773/4625 
s off
f 4766/4779/4631 4674/4687/4541 4677/4690/4544 4765/4778/4630 
s 1
f 4769/4782/4634 4678/4691/4545 4768/4781/4633 4767/4780/4632 
s off
f 4771/4784/4636 4720/4733/4587 4717/4730/4584 4770/4783/4635 
s 1
f 4773/4786/4638 4733/4746/4600 4719/4732/4586 4772/4785/4637 
f 4767/4780/4632 4768/4781/4633 4732/4745/4599 4774/4787/4598 
s off
f 4665/4678/4532 4738/4751/4605 4735/4748/4602 4664/4677/4531 
s 1
f 4686/4699/4553 4743/4756/4609 4744/4757/4610 4685/4698/4552 
s off
f 4706/4719/4573 4750/4763/4616 4747/4760/4613 4705/4718/4572 
s 1
f 4726/4739/4593 4758/4771/4623 4755/4768/4620 4725/4738/4592 
f 4685/4698/4552 4744/4757/4610 4759/4772/4624 4730/4743/4597 
s off
f 4741/4754/4607 4648/4661/4515 4645/4658/4512 4740/4753/4606 
f 4665/4678/4532 4658/4671/4525 4648/4661/4515 4741/4754/4607 
s 1
f 4686/4699/4553 4683/4696/4550 4663/4676/4530 4664/4677/4531 
s off
f 4753/4766/4619 4687/4700/4554 4688/4701/4555 4752/4765/4618 
f 4752/4765/4618 4688/4701/4555 4699/4712/4566 4705/4718/4572 
s 1
f 4706/4719/4573 4707/4720/4574 4723/4736/4590 4725/4738/4592 
f 4726/4739/4593 4724/4737/4591 4729/4742/4596 4730/4743/4597 
s off
f 4778/4791/4642 4777/4790/4641 4776/4789/4640 4775/4788/4639 
f 4780/4793/4644 4779/4792/4643 4777/4790/4641 4778/4791/4642 
f 4782/4795/4646 4781/4794/4645 4779/4792/4643 4780/4793/4644 
f 4784/4797/4648 4783/4796/4647 4781/4794/4645 4782/4795/4646 
f 4786/4799/4650 4785/4798/4649 4783/4796/4647 4784/4797/4648 
f 4777/4790/4641 4788/4801/4652 4787/4800/4651 4776/4789/4640 
f 4779/4792/4643 4789/4802/4653 4788/4801/4652 4777/4790/4641 
f 4781/4794/4645 4790/4803/4654 4789/4802/4653 4779/4792/4643 
f 4783/4796/4647 4791/4804/4655 4790/4803/4654 4781/4794/4645 
f 4785/4798/4649 4792/4805/4656 4791/4804/4655 4783/4796/4647 
f 4795/4808/4659 4794/4807/4658 4793/4806/4657 4787/4800/4651 
f 4796/4809/4660 4795/4808/4659 4787/4800/4651 4788/4801/4652 
f 4797/4810/4661 4796/4809/4660 4788/4801/4652 4789/4802/4653 
f 4798/4811/4662 4797/4810/4661 4789/4802/4653 4790/4803/4654 
f 4799/4812/4663 4798/4811/4662 4790/4803/4654 4791/4804/4655 
f 4803/4816/4667 4802/4815/4666 4801/4814/4665 4800/4813/4664 
f 4802/4815/4666 4805/4818/4669 4804/4817/4668 4801/4814/4665 
s 1
f 4809/4822/4673 4808/4821/4672 4807/4820/4671 4806/4819/4670 
s off
f 4812/4825/4676 4792/4805/4656 4811/4824/4675 4810/4823/4674 
s 1
f 4796/4809/4660 4797/4810/4661 4798/4811/4662 4799/4812/4663 4813/4826/4677 4795/4808/4659 
f 4812/4825/4676 4814/4827/4678 4813/4826/4677 4799/4812/4663 
f 4814/4827/4678 4816/4829/4680 4815/4828/4679 4813/4826/4677 
s off
f 4820/4833/4684 4819/4832/4683 4818/4831/4682 4817/4830/4681 
f 4819/4832/4683 4822/4835/4686 4821/4834/4685 4818/4831/4682 
f 4822/4835/4686 4824/4837/4688 4823/4836/4687 4821/4834/4685 
f 4824/4837/4688 4826/4839/4690 4825/4838/4689 4823/4836/4687 
f 4826/4839/4690 4828/4841/4692 4827/4840/4691 4825/4838/4689 
f 4830/4843/4694 4829/4842/4693 4819/4832/4683 4820/4833/4684 
f 4829/4842/4693 4831/4844/4695 4822/4835/4686 4819/4832/4683 
f 4831/4844/4695 4832/4845/4696 4824/4837/4688 4822/4835/4686 
f 4832/4845/4696 4833/4846/4697 4826/4839/4690 4824/4837/4688 
f 4833/4846/4697 4834/4847/4698 4828/4841/4692 4826/4839/4690 
f 4837/4850/4701 4836/4849/4700 4835/4848/4699 4830/4843/4694 
f 4830/4843/4694 4835/4848/4699 4838/4851/4702 4829/4842/4693 
f 4829/4842/4693 4838/4851/4702 4839/4852/4703 4831/4844/4695 
f 4831/4844/4695 4839/4852/4703 4840/4853/4704 4832/4845/4696 
f 4832/4845/4696 4840/4853/4704 4841/4854/4705 4833/4846/4697 
f 4845/4858/4709 4844/4857/4708 4843/4856/4707 4842/4855/4706 
f 4847/4860/4711 4846/4859/4710 4844/4857/4708 4845/4858/4709 
s 1
f 4851/4864/4715 4850/4863/4714 4849/4862/4713 4848/4861/4712 
s off
f 4811/4824/4675 4834/4847/4698 4852/4865/4716 4810/4823/4674 
s 1
f 4853/4866/4717 4841/4854/4705 4840/4853/4704 4839/4852/4703 4838/4851/4702 4835/4848/4699 
f 4853/4866/4717 4854/4867/4718 4852/4865/4716 4841/4854/4705 
f 4856/4869/4720 4855/4868/4719 4854/4867/4718 4853/4866/4717 
s off
f 4858/4871/4722 4857/4870/4721 4785/4798/4649 4786/4799/4650 
f 4857/4870/4721 4811/4824/4675 4792/4805/4656 4785/4798/4649 
f 4799/4812/4663 4791/4804/4655 4792/4805/4656 4812/4825/4676 
s 1
f 4810/4823/4674 4859/4872/4723 4814/4827/4678 4812/4825/4676 
f 4859/4872/4723 4860/4873/4724 4816/4829/4680 4814/4827/4678 
s off
f 4857/4870/4721 4858/4871/4722 4827/4840/4691 4828/4841/4692 
f 4811/4824/4675 4857/4870/4721 4828/4841/4692 4834/4847/4698 
f 4833/4846/4697 4841/4854/4705 4852/4865/4716 4834/4847/4698 
s 1
f 4859/4872/4723 4810/4823/4674 4852/4865/4716 4854/4867/4718 
f 4864/4877/4728 4863/4876/4727 4862/4875/4726 4861/4874/4725 
s off
f 4808/4821/4672 4805/4818/4669 4866/4879/4730 4865/4878/4729 
f 4870/4883/4667 4869/4882/4732 4868/4881/4731 4867/4880/4667 
f 4869/4882/4732 4793/4806/4657 4866/4879/4730 4868/4881/4731 
s 1
f 4794/4807/4658 4815/4828/4679 4871/4884/4733 4865/4878/4729 
f 4873/4886/4735 4807/4820/4671 4871/4884/4733 4872/4885/4734 
s off
f 4846/4859/4710 4850/4863/4714 4875/4888/4737 4874/4887/4736 
f 4879/4892/4739 4878/4891/4707 4877/4890/4707 4876/4889/4738 
f 4837/4850/4701 4879/4892/4739 4876/4889/4738 4874/4887/4736 
s 1
f 4856/4869/4720 4836/4849/4700 4875/4888/4737 4880/4893/4740 
f 4851/4864/4715 4862/4875/4726 4881/4894/4741 4880/4893/4740 
f 4863/4876/4727 4873/4886/4735 4872/4885/4734 4882/4895/4742 
f 4860/4873/4724 4855/4868/4719 4881/4894/4741 4882/4895/4742 
s off
f 4867/4880/4667 4868/4881/4731 4802/4815/4666 4803/4816/4667 
f 4868/4881/4731 4866/4879/4730 4805/4818/4669 4802/4815/4666 
s 1
f 4865/4878/4729 4871/4884/4733 4807/4820/4671 4808/4821/4672 
s off
f 4876/4889/4738 4877/4890/4707 4843/4856/4707 4844/4857/4708 
f 4874/4887/4736 4876/4889/4738 4844/4857/4708 4846/4859/4710 
s 1
f 4880/4893/4740 4875/4888/4737 4850/4863/4714 4851/4864/4715 
f 4882/4895/4742 4881/4894/4741 4862/4875/4726 4863/4876/4727 
s off
f 4809/4822/4673 4804/4817/4668 4805/4818/4669 4808/4821/4672 
s 1
f 4883/4896/4743 4806/4819/4670 4807/4820/4671 4873/4886/4735 
s off
f 4847/4860/4711 4849/4862/4713 4850/4863/4714 4846/4859/4710 
s 1
f 4848/4861/4712 4861/4874/4725 4862/4875/4726 4851/4864/4715 
f 4864/4877/4728 4883/4896/4743 4873/4886/4735 4863/4876/4727 
s off
f 4865/4878/4729 4866/4879/4730 4793/4806/4657 4794/4807/4658 
s 1
f 4872/4885/4734 4871/4884/4733 4815/4828/4679 4816/4829/4680 
s off
f 4874/4887/4736 4875/4888/4737 4836/4849/4700 4837/4850/4701 
s 1
f 4880/4893/4740 4881/4894/4741 4855/4868/4719 4856/4869/4720 
f 4882/4895/4742 4872/4885/4734 4816/4829/4680 4860/4873/4724 
s off
f 4775/4788/4639 4776/4789/4640 4869/4882/4732 4870/4883/4667 
f 4776/4789/4640 4787/4800/4651 4793/4806/4657 4869/4882/4732 
s 1
f 4795/4808/4659 4813/4826/4677 4815/4828/4679 4794/4807/4658 
s off
f 4820/4833/4684 4817/4830/4681 4878/4891/4707 4879/4892/4739 
f 4830/4843/4694 4820/4833/4684 4879/4892/4739 4837/4850/4701 
s 1
f 4853/4866/4717 4835/4848/4699 4836/4849/4700 4856/4869/4720 
f 4859/4872/4723 4854/4867/4718 4855/4868/4719 4860/4873/4724 
s off
f 4885/4898/4745 4762/4775/4627 4761/4774/4626 4884/4897/4744 
f 4672/4685/4539 4885/4898/4745 4884/4897/4744 4671/4684/4538 
f 4670/4683/4537 4800/4813/4664 4801/4814/4665 4673/4686/4540 
f 4766/4779/4631 4737/4750/4604 4762/4775/4627 4885/4898/4745 
f 4674/4687/4541 4766/4779/4631 4885/4898/4745 4672/4685/4539 
f 4673/4686/4540 4801/4814/4665 4804/4817/4668 4675/4688/4542 
s 1
f 4769/4782/4634 4746/4759/4612 4736/4749/4603 4765/4778/4630 
f 4678/4691/4545 4769/4782/4634 4765/4778/4630 4677/4690/4544 
f 4676/4689/4543 4809/4822/4673 4806/4819/4670 4679/4692/4546 
s off
f 4887/4900/4747 4764/4777/4629 4763/4776/4628 4886/4899/4746 
f 4714/4727/4581 4887/4900/4747 4886/4899/4746 4713/4726/4580 
f 4712/4725/4579 4845/4858/4709 4842/4855/4706 4715/4728/4582 
f 4886/4899/4746 4763/4776/4628 4748/4761/4614 4770/4783/4635 
f 4713/4726/4580 4886/4899/4746 4770/4783/4635 4717/4730/4584 
f 4716/4729/4583 4847/4860/4711 4845/4858/4709 4712/4725/4579 
s 1
f 4771/4784/4636 4749/4762/4615 4756/4769/4621 4772/4785/4637 
f 4720/4733/4587 4771/4784/4636 4772/4785/4637 4719/4732/4586 
f 4718/4731/4585 4848/4861/4712 4849/4862/4713 4721/4734/4588 
f 4773/4786/4638 4757/4770/4622 4760/4773/4625 4774/4787/4598 
f 4733/4746/4600 4773/4786/4638 4774/4787/4598 4732/4745/4599 
f 4731/4744/4598 4864/4877/4728 4861/4874/4725 4734/4747/4601 
s off
f 4675/4688/4542 4804/4817/4668 4809/4822/4673 4676/4689/4543 
f 4674/4687/4541 4675/4688/4542 4676/4689/4543 4677/4690/4544 
f 4765/4778/4630 4736/4749/4603 4737/4750/4604 4766/4779/4631 
s 1
f 4679/4692/4546 4806/4819/4670 4883/4896/4743 4888/4901/4748 
f 4678/4691/4545 4679/4692/4546 4888/4901/4748 4768/4781/4633 
f 4767/4780/4632 4745/4758/4611 4746/4759/4612 4769/4782/4634 
s off
f 4721/4734/4588 4849/4862/4713 4847/4860/4711 4716/4729/4583 
f 4720/4733/4587 4721/4734/4588 4716/4729/4583 4717/4730/4584 
f 4770/4783/4635 4748/4761/4614 4749/4762/4615 4771/4784/4636 
s 1
f 4734/4747/4601 4861/4874/4725 4848/4861/4712 4718/4731/4585 
f 4733/4746/4600 4734/4747/4601 4718/4731/4585 4719/4732/4586 
f 4772/4785/4637 4756/4769/4621 4757/4770/4622 4773/4786/4638 
f 4888/4901/4748 4883/4896/4743 4864/4877/4728 4731/4744/4598 
f 4768/4781/4633 4888/4901/4748 4731/4744/4598 4732/4745/4599 
f 4774/4787/4598 4760/4773/4625 4745/4758/4611 4767/4780/4632 
# 216 polygons

#
# object Rectangle023
#

v  -892.8874 42.0632 -160.6623
v  -892.8874 41.4788 -160.2845
v  -892.3407 41.5833 -158.5843
v  -892.3407 41.8706 -158.7578
v  -892.8874 41.0256 -159.2707
v  -892.3407 41.3665 -158.1560
v  -892.8874 40.8342 -158.1668
v  -892.3407 41.2209 -157.3245
v  -892.8874 40.7332 -156.9491
v  -892.3407 41.1833 -156.8396
v  -892.8816 40.7332 -139.9811
v  -892.2462 41.1833 -139.9802
v  -891.8619 41.9565 -156.5587
v  -891.8755 42.1367 -156.6579
v  -891.8544 41.8533 -156.3726
v  -891.8593 41.7554 -155.8831
v  -891.8640 41.7344 -155.5986
v  -891.6477 41.7102 -139.9695
v  -891.5294 42.5764 -154.4579
v  -891.5324 45.9089 -154.4917
v  -891.8813 45.6887 -156.6803
v  -891.5306 42.4775 -154.3820
v  -891.5409 42.4011 -154.3031
v  -891.5461 42.3550 -154.1548
v  -891.5538 42.3152 -153.9719
v  -892.8877 2120.1904 -160.5256
v  -892.8876 1431.0022 -160.5683
v  -892.3409 1431.0017 -159.4131
v  -892.3411 2120.1902 -159.7724
v  -891.8887 1431.0051 -158.1788
v  -891.8894 2120.1919 -158.9693
v  -891.5516 2120.1943 -158.1219
v  -891.5497 1431.0098 -156.8766
v  -891.3029 1431.0117 -156.0248
v  -891.3030 2120.1951 -157.5623
v  -889.2749 42.3059 -125.0766
v  -889.5138 42.3103 -139.9555
v  -891.6519 41.7083 -125.0766
v  -891.3027 42.7292 -153.2072
v  -889.3550 42.7485 -139.9489
v  -888.9324 45.9961 -139.9488
v  -891.3027 45.9866 -153.1971
v  -892.8873 42.0632 -89.4910
v  -892.3407 41.8706 -91.3954
v  -892.3407 41.5833 -91.5689
v  -892.8873 41.4788 -89.8687
v  -892.3407 41.3665 -91.9973
v  -892.8873 41.0256 -90.8825
v  -892.3407 41.2209 -92.8287
v  -892.8873 40.8342 -91.9864
v  -892.3407 41.1833 -93.3137
v  -892.8873 40.7332 -93.2042
v  -892.2462 41.1833 -110.1733
v  -892.8816 40.7332 -110.1724
v  -891.8755 42.1367 -93.4954
v  -891.8619 41.9565 -93.5945
v  -891.8544 41.8533 -93.7806
v  -891.8593 41.7554 -94.2701
v  -891.8640 41.7344 -94.5546
v  -891.6477 41.7102 -110.1839
v  -891.8813 45.6887 -93.4730
v  -891.5323 45.9089 -95.6616
v  -891.5293 42.5764 -95.6953
v  -891.5306 42.4775 -95.7712
v  -891.5409 42.4011 -95.8502
v  -891.5461 42.3550 -95.9985
v  -891.5538 42.3152 -96.1814
v  -892.3411 2120.1902 -133.1312
v  -892.3409 1431.0017 -118.5529
v  -892.8876 1431.0022 -117.3977
v  -892.8877 2120.1904 -132.3780
v  -891.8894 2120.1919 -133.9343
v  -891.8887 1431.0051 -119.7872
v  -891.3030 2120.1953 -135.3414
v  -891.3029 1431.0117 -121.9412
v  -891.5497 1431.0098 -121.0894
v  -891.5516 2120.1941 -134.7817
v  -889.5138 42.3103 -110.1977
v  -891.3027 42.7292 -96.9461
v  -889.3550 42.7485 -110.2041
v  -891.3027 45.9866 -96.9562
v  -888.9324 45.9961 -110.2042
v  -892.8826 40.7332 -125.0766
v  -892.2498 41.1833 -125.0766
v  -889.1108 42.7678 -125.0766
v  -888.4534 46.0056 -125.0766
v  -888.0271 2120.1951 -146.4518
v  -888.0270 1431.0117 -138.9830
v  -888.9326 1431.0117 -129.9619
v  -888.9327 2120.1953 -140.5700
v  -891.5385 49.2415 -154.5255
v  -891.5460 52.6409 -154.5592
v  -891.8873 52.6316 -156.7147
v  -891.8849 49.2366 -156.6983
v  -892.8874 49.2356 -160.6623
v  -892.8874 45.6494 -160.6623
v  -892.3407 45.5520 -158.7578
v  -892.3407 49.2336 -158.7578
v  -891.3027 49.2434 -153.1870
v  -888.9324 49.2434 -139.9487
v  -888.9324 52.6448 -139.9487
v  -891.3027 52.6448 -153.1770
v  -891.8849 49.2366 -93.4550
v  -891.8873 52.6316 -93.4385
v  -891.5459 52.6409 -95.5941
v  -891.5385 49.2415 -95.6278
v  -892.3407 49.2336 -91.3954
v  -892.3407 45.5520 -91.3954
v  -892.8873 45.6494 -89.4910
v  -892.8873 49.2356 -89.4910
v  -891.3027 49.2434 -96.9662
v  -891.3027 52.6448 -96.9763
v  -888.9324 52.6448 -110.2044
v  -888.9324 49.2434 -110.2043
v  -888.0267 49.2439 -125.0766
v  -888.0267 52.6448 -125.0766
v  -892.8874 52.6257 -160.6623
v  -892.3407 52.6248 -158.7578
v  -892.3407 52.6248 -91.3954
v  -892.8873 52.6257 -89.4910
v  -891.5479 741.8254 -155.3337
v  -891.8880 741.8184 -157.0040
v  -888.9325 741.8281 -143.9831
v  -888.9326 1431.0117 -148.0039
v  -891.3028 741.8281 -154.2520
v  -891.8880 741.8184 -107.8682
v  -891.5479 741.8252 -109.5384
v  -891.3028 741.8284 -110.6201
v  -888.9325 741.8284 -120.8889
v  -888.0269 741.8281 -132.4361
v  -892.8878 2823.4834 -160.7365
v  -892.3412 2823.6760 -160.3523
v  -892.3412 2823.9631 -160.3173
v  -892.8878 2824.0681 -160.6603
v  -892.3412 2824.1799 -160.2309
v  -892.8878 2824.5210 -160.4557
v  -892.3412 2824.3254 -160.0631
v  -892.8878 2824.7124 -160.2330
v  -892.3412 2824.3630 -159.9653
v  -892.8878 2824.8135 -159.9874
v  -892.2466 2824.3630 -156.5640
v  -892.8820 2824.8135 -156.5642
v  -891.8760 2823.4099 -159.9286
v  -891.8624 2823.5901 -159.9086
v  -891.8549 2823.6931 -159.8711
v  -891.8598 2823.7910 -159.7723
v  -891.8645 2823.8120 -159.7149
v  -891.4556 2824.0479 -156.5619
v  -891.8818 2819.8577 -159.9332
v  -891.5328 2819.6375 -159.4916
v  -891.4541 2822.9700 -159.4848
v  -891.4514 2823.0691 -159.4695
v  -891.4570 2823.1458 -159.4536
v  -891.4634 2823.1917 -159.4236
v  -891.4727 2823.2314 -159.3867
v  -892.8878 2809.3787 -160.7365
v  -892.3412 2809.3787 -160.3523
v  -892.3412 2812.9216 -160.3523
v  -892.8878 2812.9209 -160.7365
v  -891.8901 2809.3787 -159.9434
v  -891.8878 2812.9150 -159.9401
v  -891.3032 2809.3787 -159.2243
v  -891.3032 2812.9019 -159.2264
v  -891.5464 2812.9060 -159.5052
v  -891.5535 2809.3787 -159.5120
v  -889.4927 2823.2410 -153.5573
v  -891.4598 2824.0500 -153.5573
v  -889.7316 2823.2363 -156.5591
v  -891.2692 2822.4360 -159.2325
v  -889.3215 2822.4167 -156.5577
v  -891.3032 2819.5603 -159.2304
v  -888.9329 2819.5505 -156.5577
v  -892.8878 2823.4834 -146.3782
v  -892.8878 2824.0681 -146.4544
v  -892.3412 2823.9631 -146.7974
v  -892.3412 2823.6760 -146.7624
v  -892.8878 2824.5210 -146.6589
v  -892.3412 2824.1799 -146.8838
v  -892.8878 2824.7124 -146.8817
v  -892.3412 2824.3254 -147.0516
v  -892.8878 2824.8135 -147.1273
v  -892.3412 2824.3630 -147.1494
v  -892.8820 2824.8135 -150.5505
v  -892.2466 2824.3630 -150.5507
v  -891.8624 2823.5901 -147.2061
v  -891.8760 2823.4099 -147.1861
v  -891.8549 2823.6931 -147.2436
v  -891.8598 2823.7910 -147.3423
v  -891.8645 2823.8120 -147.3998
v  -891.4556 2824.0479 -150.5528
v  -891.4541 2822.9700 -147.6299
v  -891.5328 2819.6375 -147.6231
v  -891.8818 2819.8577 -147.1815
v  -891.4514 2823.0691 -147.6452
v  -891.4570 2823.1458 -147.6611
v  -891.4634 2823.1917 -147.6910
v  -891.4726 2823.2314 -147.7279
v  -892.8878 2809.3787 -146.3782
v  -892.8878 2812.9209 -146.3782
v  -892.3412 2812.9216 -146.7624
v  -892.3412 2809.3787 -146.7624
v  -891.8878 2812.9150 -147.1746
v  -891.8901 2809.3787 -147.1713
v  -891.3032 2809.3787 -147.8903
v  -891.5535 2809.3787 -147.6026
v  -891.5464 2812.9060 -147.6095
v  -891.3032 2812.9021 -147.8883
v  -889.7316 2823.2363 -150.5556
v  -891.2692 2822.4360 -147.8822
v  -889.3215 2822.4167 -150.5569
v  -888.9329 2819.5505 -150.5569
v  -891.3032 2819.5603 -147.8842
v  -892.2503 2824.3630 -153.5573
v  -892.8831 2824.8135 -153.5573
v  -889.0773 2822.3977 -153.5573
v  -888.4539 2819.5410 -153.5573
v  -888.9329 2809.3787 -150.5570
v  -888.9329 2812.9021 -150.5570
v  -888.0272 2812.9019 -153.5573
v  -888.0272 2809.3787 -153.5573
v  -891.5389 2816.3049 -159.4984
v  -891.8854 2816.3101 -159.9368
v  -892.8878 2816.3110 -160.7365
v  -892.3412 2816.3130 -160.3523
v  -892.3412 2819.9946 -160.3523
v  -892.8878 2819.8972 -160.7365
v  -891.3032 2816.3032 -159.2284
v  -888.9329 2816.3030 -156.5577
v  -888.9329 2812.9019 -156.5577
v  -891.8854 2816.3101 -147.1779
v  -891.5389 2816.3049 -147.6163
v  -892.3412 2816.3130 -146.7624
v  -892.8878 2816.3110 -146.3782
v  -892.8878 2819.8972 -146.3782
v  -892.3412 2819.9946 -146.7624
v  -891.3032 2816.3032 -147.8863
v  -888.9329 2816.3030 -150.5570
v  -888.0272 2816.3030 -153.5573
v  -888.9329 2809.3787 -156.5576
v  -892.8875 741.8140 -160.0658
v  -892.3408 741.8132 -158.5871
v  -892.3408 741.8132 -106.2851
v  -892.8875 741.8140 -104.8064
v  -888.9327 2120.1951 -152.3335
# 244 vertices

vn 0.9720 -0.0541 -0.2285
vn 0.9490 -0.2147 -0.2308
vn 0.9482 -0.2522 -0.1931
vn 0.9763 -0.0679 -0.2053
vn 0.8523 -0.4895 -0.1845
vn 0.8797 -0.4566 -0.1332
vn 0.7589 -0.6438 -0.0982
vn 0.8162 -0.5736 -0.0693
vn 0.7209 -0.6923 -0.0313
vn 0.7917 -0.6102 -0.0299
vn 0.6632 -0.7484 -0.0001
vn 0.7028 -0.7114 -0.0015
vn 0.9850 -0.1029 -0.1387
vn 0.9883 -0.0120 -0.1520
vn 0.9580 -0.2719 -0.0913
vn 0.9133 -0.4053 -0.0399
vn 0.8883 -0.4590 -0.0135
vn 0.5524 -0.8336 -0.0037
vn 0.9911 -0.0480 -0.1241
vn 0.9911 -0.0003 -0.1334
vn 0.9886 0.0002 -0.1503
vn 0.9918 0.0415 0.1208
vn 0.9827 -0.1818 -0.0361
vn 0.9923 -0.1237 0.0034
vn 0.9687 -0.2341 -0.0824
vn 0.8649 -0.0001 -0.5019
vn 0.9353 -0.0001 -0.3539
vn 0.9482 -0.0003 -0.3177
vn 0.8897 -0.0003 -0.4566
vn 0.9701 -0.0003 -0.2426
vn 0.9339 -0.0005 -0.3574
vn 0.9477 -0.0006 -0.3192
vn 0.9767 -0.0004 -0.2147
vn 0.9737 -0.0005 -0.2278
vn 0.9412 -0.0008 -0.3377
vn 0.7187 -0.6953 -0.0000
vn 0.7329 -0.6787 -0.0476
vn 0.5383 -0.8427 -0.0000
vn 0.9845 -0.1255 -0.1225
vn 0.9797 -0.1903 -0.0631
vn 0.9952 -0.0515 -0.0835
vn 0.9900 0.0004 -0.1410
vn 0.9720 -0.0541 0.2285
vn 0.9763 -0.0679 0.2053
vn 0.9482 -0.2522 0.1931
vn 0.9490 -0.2147 0.2308
vn 0.8797 -0.4566 0.1332
vn 0.8523 -0.4895 0.1845
vn 0.8162 -0.5736 0.0693
vn 0.7589 -0.6438 0.0982
vn 0.7917 -0.6102 0.0299
vn 0.7209 -0.6923 0.0313
vn 0.7028 -0.7114 0.0015
vn 0.6632 -0.7484 0.0001
vn 0.9883 -0.0120 0.1520
vn 0.9850 -0.1029 0.1387
vn 0.9580 -0.2719 0.0913
vn 0.9133 -0.4053 0.0399
vn 0.8883 -0.4590 0.0135
vn 0.5524 -0.8336 0.0037
vn 0.9886 0.0002 0.1503
vn 0.9911 -0.0003 0.1334
vn 0.9911 -0.0480 0.1240
vn 0.9918 0.0415 -0.1208
vn 0.9827 -0.1818 0.0361
vn 0.9923 -0.1237 -0.0034
vn 0.9687 -0.2341 0.0824
vn 0.8896 0.0093 0.4566
vn 0.9482 0.0062 0.3178
vn 0.9353 0.0071 0.3538
vn 0.8649 0.0106 0.5019
vn 0.9339 0.0071 0.3574
vn 0.9701 0.0046 0.2427
vn 0.9412 0.0064 0.3377
vn 0.9737 0.0041 0.2278
vn 0.9767 0.0039 0.2147
vn 0.9477 0.0061 0.3192
vn 0.7329 -0.6787 0.0476
vn 0.9845 -0.1255 0.1225
vn 0.9797 -0.1903 0.0631
vn 0.9900 0.0004 0.1410
vn 0.9952 -0.0515 0.0835
vn 0.6648 -0.7471 -0.0000
vn 0.7030 -0.7112 -0.0000
vn 0.9762 -0.2170 -0.0000
vn 0.9912 -0.1325 -0.0000
vn 1.0000 -0.0000 -0.0000
vn 1.0000 0.0000 0.0000
vn 0.9878 0.0022 0.1555
vn 0.9725 0.0035 0.2329
vn 0.9911 0.0003 -0.1330
vn 0.9912 0.0001 -0.1325
vn 0.9886 -0.0001 -0.1502
vn 0.9886 -0.0001 -0.1504
vn 0.9747 0.0000 -0.2237
vn 0.9800 0.0000 -0.1989
vn 0.9800 0.0000 -0.1990
vn 0.9901 0.0004 -0.1406
vn 0.9955 0.0000 -0.0953
vn 0.9955 -0.0003 -0.0952
vn 0.9901 0.0001 -0.1406
vn 0.9886 -0.0001 0.1504
vn 0.9886 0.0015 0.1504
vn 0.9912 0.0016 0.1324
vn 0.9911 0.0003 0.1330
vn 0.9800 0.0000 0.1990
vn 0.9800 0.0000 0.1989
vn 0.9747 0.0000 0.2237
vn 0.9901 0.0004 0.1406
vn 0.9901 0.0016 0.1406
vn 0.9954 0.0007 0.0956
vn 0.9955 0.0000 0.0953
vn 0.9986 -0.0524 -0.0000
vn 1.0000 0.0000 0.0002
vn 0.9747 0.0001 -0.2237
vn 0.9799 0.0000 -0.1993
vn 0.9799 0.0022 0.1994
vn 0.9747 0.0025 0.2237
vn 0.9855 -0.0003 -0.1695
vn 0.9814 -0.0002 -0.1919
vn 0.9925 -0.0007 -0.1223
vn 0.9878 -0.0009 -0.1554
vn 0.9837 -0.0004 -0.1799
vn 0.9814 0.0037 0.1919
vn 0.9855 0.0031 0.1695
vn 0.9837 0.0033 0.1799
vn 0.9925 0.0018 0.1222
vn 0.6502 0.0383 -0.7588
vn 0.7061 0.0531 -0.7061
vn 0.7128 0.1810 -0.6776
vn 0.6343 0.2121 -0.7434
vn 0.7378 0.3826 -0.5561
vn 0.6640 0.4648 -0.5857
vn 0.7675 0.5478 -0.3329
vn 0.6922 0.6185 -0.3718
vn 0.7754 0.6174 -0.1326
vn 0.7148 0.6875 -0.1282
vn 0.5589 0.8292 -0.0059
vn 0.6633 0.7483 -0.0004
vn 0.7778 0.0110 -0.6284
vn 0.8052 0.0882 -0.5865
vn 0.8555 0.2612 -0.4470
vn 0.8755 0.4266 -0.2271
vn 0.8692 0.4794 -0.1209
vn 0.4769 0.8771 -0.0573
vn 0.8011 -0.0002 -0.5985
vn 0.8308 -0.0069 -0.5566
vn 0.8494 0.0240 -0.5272
vn 0.9802 -0.0309 0.1955
vn 0.9739 0.1326 -0.1842
vn 0.9891 0.1463 -0.0167
vn 0.9184 0.2423 -0.3127
vn 0.6602 -0.0001 -0.7510
vn 0.7065 -0.0003 -0.7077
vn 0.7070 0.0000 -0.7072
vn 0.6602 0.0000 -0.7510
vn 0.8019 -0.0004 -0.5975
vn 0.8015 0.0001 -0.5979
vn 0.8180 -0.0009 -0.5752
vn 0.8178 -0.0003 -0.5755
vn 0.8339 -0.0003 -0.5520
vn 0.8349 -0.0007 -0.5504
vn 0.7477 0.6641 -0.0000
vn 0.4507 0.8927 -0.0000
vn 0.7559 0.6224 -0.2031
vn 0.8655 0.0233 -0.5004
vn 0.9328 0.2287 -0.2786
vn 0.8166 -0.0039 -0.5772
vn 0.9316 0.0501 -0.3600
vn 0.6502 0.0383 0.7588
vn 0.6343 0.2121 0.7434
vn 0.7128 0.1810 0.6776
vn 0.7061 0.0531 0.7061
vn 0.6640 0.4648 0.5857
vn 0.7378 0.3826 0.5561
vn 0.6922 0.6185 0.3718
vn 0.7675 0.5478 0.3329
vn 0.7148 0.6875 0.1282
vn 0.7754 0.6174 0.1326
vn 0.6633 0.7483 0.0004
vn 0.5589 0.8292 0.0059
vn 0.8052 0.0882 0.5865
vn 0.7778 0.0110 0.6284
vn 0.8555 0.2612 0.4470
vn 0.8755 0.4266 0.2271
vn 0.8692 0.4794 0.1209
vn 0.4769 0.8771 0.0573
vn 0.8494 0.0240 0.5272
vn 0.8308 -0.0069 0.5566
vn 0.8011 -0.0002 0.5985
vn 0.9802 -0.0309 -0.1955
vn 0.9739 0.1326 0.1842
vn 0.9891 0.1463 0.0167
vn 0.9184 0.2423 0.3127
vn 0.6602 0.0077 0.7510
vn 0.6602 0.0000 0.7511
vn 0.7070 0.0000 0.7072
vn 0.7067 0.0070 0.7075
vn 0.8015 0.0001 0.5979
vn 0.8021 0.0058 0.5971
vn 0.8180 0.0051 0.5752
vn 0.8348 0.0050 0.5505
vn 0.8339 -0.0003 0.5520
vn 0.8178 -0.0003 0.5755
vn 0.7559 0.6224 0.2031
vn 0.8655 0.0233 0.5004
vn 0.9328 0.2287 0.2786
vn 0.9316 0.0501 0.3600
vn 0.8166 -0.0039 0.5772
vn 0.5594 0.8289 -0.0000
vn 0.6649 0.7470 -0.0000
vn 0.9631 0.2691 -0.0000
vn 0.9904 0.1380 -0.0000
vn 0.9104 0.0030 0.4137
vn 0.9102 -0.0000 0.4143
vn 1.0000 0.0000 -0.0000
vn 1.0000 -0.0000 -0.0008
vn 0.8329 -0.0002 -0.5535
vn 0.8010 0.0000 -0.5986
vn 0.7075 0.0000 -0.7067
vn 0.7077 0.0000 -0.7066
vn 0.8177 -0.0004 -0.5756
vn 0.9102 -0.0000 -0.4141
vn 0.9102 -0.0000 -0.4143
vn 0.8010 0.0000 0.5986
vn 0.8329 -0.0002 0.5535
vn 0.7075 0.0000 0.7067
vn 0.7077 0.0000 0.7066
vn 0.8177 -0.0004 0.5756
vn 0.9102 -0.0000 0.4141
vn 0.9986 0.0520 -0.0000
vn 0.9099 -0.0013 -0.4147
vn 0.9590 0.0000 -0.2834
vn 0.9674 -0.0001 -0.2533
vn 0.9674 0.0050 0.2533
vn 0.9590 0.0057 0.2834
vn 0.9725 -0.0014 -0.2329
# 237 vertex normals

vt 0.3314 0.0040 0.5130
vt 0.3311 0.0038 0.5130
vt 0.3297 0.0038 0.5403
vt 0.3298 0.0039 0.5403
vt 0.3302 0.0036 0.5130
vt 0.3293 0.0037 0.5403
vt 0.3293 0.0035 0.5130
vt 0.3286 0.0037 0.5403
vt 0.3283 0.0035 0.5130
vt 0.3282 0.0037 0.5403
vt 0.3142 0.0035 0.5133
vt 0.3142 0.0037 0.5450
vt 0.3280 0.0039 0.5642
vt 0.3281 0.0040 0.5636
vt 0.3278 0.0039 0.5646
vt 0.3274 0.0039 0.5644
vt 0.3272 0.0039 0.5641
vt 0.3142 0.0039 0.5749
vt 0.3262 0.0042 0.5809
vt 0.3263 0.0054 0.5807
vt 0.3281 0.0053 0.5633
vt 0.3262 0.0041 0.5808
vt 0.3261 0.0041 0.5803
vt 0.3260 0.0041 0.5800
vt 0.3258 0.0041 0.5796
vt 0.3313 0.7462 0.5129
vt 0.3313 0.5000 0.5130
vt 0.3304 0.5000 0.5403
vt 0.3307 0.7462 0.5403
vt 0.3293 0.5000 0.5629
vt 0.3300 0.7462 0.5629
vt 0.3293 0.7462 0.5798
vt 0.3282 0.5000 0.5798
vt 0.3275 0.5000 0.5922
vt 0.3288 0.7462 0.5922
vt 0.3017 0.0041 0.6936
vt 0.3141 0.0041 0.6816
vt 0.3017 0.0039 0.5747
vt 0.3252 0.0042 0.5922
vt 0.3141 0.0042 0.6896
vt 0.3141 0.0054 0.7107
vt 0.3252 0.0054 0.5922
vt 0.2721 0.0040 0.5130
vt 0.2737 0.0039 0.5403
vt 0.2738 0.0038 0.5403
vt 0.2724 0.0038 0.5130
vt 0.2742 0.0037 0.5403
vt 0.2732 0.0036 0.5130
vt 0.2749 0.0037 0.5403
vt 0.2742 0.0035 0.5130
vt 0.2753 0.0037 0.5403
vt 0.2752 0.0035 0.5130
vt 0.2893 0.0037 0.5450
vt 0.2893 0.0035 0.5133
vt 0.2754 0.0040 0.5636
vt 0.2755 0.0039 0.5642
vt 0.2757 0.0039 0.5646
vt 0.2761 0.0039 0.5644
vt 0.2763 0.0039 0.5641
vt 0.2893 0.0039 0.5749
vt 0.2754 0.0053 0.5633
vt 0.2772 0.0054 0.5807
vt 0.2773 0.0042 0.5809
vt 0.2773 0.0041 0.5808
vt 0.2774 0.0041 0.5803
vt 0.2775 0.0041 0.5800
vt 0.2777 0.0041 0.5796
vt 0.3085 0.7462 0.5403
vt 0.2963 0.5000 0.5403
vt 0.2953 0.5000 0.5130
vt 0.3078 0.7462 0.5129
vt 0.3091 0.7462 0.5629
vt 0.2973 0.5000 0.5629
vt 0.3103 0.7462 0.5922
vt 0.2991 0.5000 0.5922
vt 0.2984 0.5000 0.5798
vt 0.3098 0.7462 0.5798
vt 0.2893 0.0041 0.6816
vt 0.2783 0.0042 0.5922
vt 0.2893 0.0042 0.6896
vt 0.2783 0.0054 0.5922
vt 0.2893 0.0054 0.7107
vt 0.3017 0.0035 0.5132
vt 0.3017 0.0037 0.5448
vt 0.3017 0.0042 0.7018
vt 0.3017 0.0054 0.7347
vt 0.3196 0.7462 0.7560
vt 0.3133 0.5000 0.7560
vt 0.3058 0.5000 0.7107
vt 0.3147 0.7462 0.7107
vt 0.3263 0.0065 0.5804
vt 0.3263 0.0078 0.5800
vt 0.3281 0.0078 0.5630
vt 0.3281 0.0065 0.5631
vt 0.3314 0.0065 0.5130
vt 0.3314 0.0053 0.5130
vt 0.3298 0.0052 0.5403
vt 0.3298 0.0065 0.5403
vt 0.3252 0.0065 0.5922
vt 0.3141 0.0065 0.7107
vt 0.3141 0.0078 0.7107
vt 0.3252 0.0078 0.5922
vt 0.2754 0.0065 0.5631
vt 0.2754 0.0078 0.5630
vt 0.2772 0.0078 0.5800
vt 0.2772 0.0065 0.5804
vt 0.2737 0.0065 0.5403
vt 0.2737 0.0052 0.5403
vt 0.2721 0.0053 0.5130
vt 0.2721 0.0065 0.5130
vt 0.2783 0.0065 0.5922
vt 0.2783 0.0078 0.5922
vt 0.2893 0.0078 0.7107
vt 0.2893 0.0065 0.7107
vt 0.3017 0.0065 0.7560
vt 0.3017 0.0078 0.7560
vt 0.3314 0.0078 0.5130
vt 0.3298 0.0078 0.5403
vt 0.2737 0.0078 0.5403
vt 0.2721 0.0078 0.5130
vt 0.3270 0.2539 0.5799
vt 0.3283 0.2539 0.5629
vt 0.3175 0.2539 0.7107
vt 0.3208 0.5000 0.7107
vt 0.3261 0.2539 0.5922
vt 0.2874 0.2539 0.5629
vt 0.2888 0.2539 0.5799
vt 0.2897 0.2539 0.5922
vt 0.2983 0.2539 0.7107
vt 0.3079 0.2539 0.7560
vt 0.3315 0.9973 0.5129
vt 0.3311 0.9974 0.5403
vt 0.3311 0.9975 0.5403
vt 0.3314 0.9976 0.5129
vt 0.3310 0.9976 0.5403
vt 0.3312 0.9977 0.5129
vt 0.3309 0.9976 0.5403
vt 0.3310 0.9978 0.5129
vt 0.3308 0.9977 0.5403
vt 0.3308 0.9978 0.5129
vt 0.3280 0.9977 0.5450
vt 0.3280 0.9978 0.5132
vt 0.3308 0.9973 0.5635
vt 0.3308 0.9974 0.5642
vt 0.3307 0.9974 0.5646
vt 0.3307 0.9975 0.5643
vt 0.3306 0.9975 0.5641
vt 0.3280 0.9975 0.5846
vt 0.3308 0.9961 0.5632
vt 0.3304 0.9960 0.5807
vt 0.3304 0.9972 0.5846
vt 0.3304 0.9972 0.5848
vt 0.3304 0.9972 0.5845
vt 0.3304 0.9972 0.5842
vt 0.3303 0.9973 0.5837
vt 0.3315 0.9923 0.5129
vt 0.3311 0.9923 0.5403
vt 0.3311 0.9936 0.5403
vt 0.3315 0.9936 0.5129
vt 0.3308 0.9923 0.5628
vt 0.3308 0.9936 0.5629
vt 0.3302 0.9923 0.5922
vt 0.3302 0.9936 0.5922
vt 0.3304 0.9936 0.5800
vt 0.3304 0.9923 0.5797
vt 0.3255 0.9973 0.6827
vt 0.3255 0.9976 0.5843
vt 0.3280 0.9973 0.6708
vt 0.3302 0.9970 0.5939
vt 0.3280 0.9970 0.6913
vt 0.3302 0.9959 0.5922
vt 0.3280 0.9959 0.7107
vt 0.3195 0.9973 0.5129
vt 0.3196 0.9976 0.5129
vt 0.3198 0.9975 0.5403
vt 0.3198 0.9974 0.5403
vt 0.3197 0.9977 0.5129
vt 0.3199 0.9976 0.5403
vt 0.3199 0.9978 0.5129
vt 0.3201 0.9976 0.5403
vt 0.3201 0.9978 0.5129
vt 0.3201 0.9977 0.5403
vt 0.3230 0.9978 0.5132
vt 0.3230 0.9977 0.5450
vt 0.3202 0.9974 0.5642
vt 0.3202 0.9973 0.5635
vt 0.3202 0.9974 0.5646
vt 0.3203 0.9975 0.5643
vt 0.3203 0.9975 0.5641
vt 0.3230 0.9975 0.5846
vt 0.3205 0.9972 0.5846
vt 0.3205 0.9960 0.5807
vt 0.3202 0.9961 0.5632
vt 0.3205 0.9972 0.5848
vt 0.3206 0.9972 0.5845
vt 0.3206 0.9972 0.5842
vt 0.3206 0.9973 0.5837
vt 0.3195 0.9923 0.5129
vt 0.3195 0.9936 0.5129
vt 0.3198 0.9936 0.5403
vt 0.3198 0.9923 0.5403
vt 0.3202 0.9936 0.5629
vt 0.3202 0.9923 0.5628
vt 0.3208 0.9923 0.5922
vt 0.3205 0.9923 0.5797
vt 0.3205 0.9936 0.5800
vt 0.3208 0.9936 0.5922
vt 0.3230 0.9973 0.6708
vt 0.3207 0.9970 0.5939
vt 0.3230 0.9970 0.6913
vt 0.3230 0.9959 0.7107
vt 0.3207 0.9959 0.5922
vt 0.3255 0.9977 0.5448
vt 0.3255 0.9978 0.5132
vt 0.3255 0.9970 0.7035
vt 0.3255 0.9959 0.7346
vt 0.3230 0.9923 0.7107
vt 0.3230 0.9936 0.7107
vt 0.3255 0.9936 0.7560
vt 0.3255 0.9923 0.7560
vt 0.3304 0.9948 0.5804
vt 0.3308 0.9948 0.5631
vt 0.3315 0.9948 0.5129
vt 0.3311 0.9948 0.5403
vt 0.3311 0.9961 0.5403
vt 0.3315 0.9961 0.5129
vt 0.3302 0.9948 0.5922
vt 0.3280 0.9948 0.7107
vt 0.3280 0.9936 0.7107
vt 0.3202 0.9948 0.5631
vt 0.3205 0.9948 0.5804
vt 0.3198 0.9948 0.5403
vt 0.3195 0.9948 0.5129
vt 0.3195 0.9961 0.5129
vt 0.3198 0.9961 0.5403
vt 0.3207 0.9948 0.5922
vt 0.3230 0.9948 0.7107
vt 0.3255 0.9948 0.7560
vt 0.3280 0.9923 0.7107
vt 0.3309 0.2539 0.5130
vt 0.3297 0.2539 0.5403
vt 0.2861 0.2539 0.5403
vt 0.2848 0.2539 0.5130
vt 0.3245 0.7462 0.7107
# 244 texture coords

o Rectangle023
g Rectangle023
usemtl wire_115115115
s off
f 4892/4905/4752 4891/4904/4751 4890/4903/4750 4889/4902/4749 
f 4891/4904/4751 4894/4907/4754 4893/4906/4753 4890/4903/4750 
f 4894/4907/4754 4896/4909/4756 4895/4908/4755 4893/4906/4753 
f 4896/4909/4756 4898/4911/4758 4897/4910/4757 4895/4908/4755 
f 4898/4911/4758 4900/4913/4760 4899/4912/4759 4897/4910/4757 
f 4902/4915/4762 4901/4914/4761 4891/4904/4751 4892/4905/4752 
f 4901/4914/4761 4903/4916/4763 4894/4907/4754 4891/4904/4751 
f 4903/4916/4763 4904/4917/4764 4896/4909/4756 4894/4907/4754 
f 4904/4917/4764 4905/4918/4765 4898/4911/4758 4896/4909/4756 
f 4905/4918/4765 4906/4919/4766 4900/4913/4760 4898/4911/4758 
f 4909/4922/4769 4908/4921/4768 4907/4920/4767 4902/4915/4762 
f 4902/4915/4762 4907/4920/4767 4910/4923/4770 4901/4914/4761 
f 4901/4914/4761 4910/4923/4770 4911/4924/4771 4903/4916/4763 
f 4903/4916/4763 4911/4924/4771 4912/4925/4772 4904/4917/4764 
f 4904/4917/4764 4912/4925/4772 4913/4926/4773 4905/4918/4765 
f 4917/4930/4777 4916/4929/4776 4915/4928/4775 4914/4927/4774 
f 4919/4932/4779 4918/4931/4778 4916/4929/4776 4917/4930/4777 
s 1
f 4923/4936/4783 4922/4935/4782 4921/4934/4781 4920/4933/4780 
s off
f 4926/4939/4786 4906/4919/4766 4925/4938/4785 4924/4937/4784 
s 1
f 4927/4940/4787 4913/4926/4773 4912/4925/4772 4911/4924/4771 4910/4923/4770 4907/4920/4767 
f 4927/4940/4787 4928/4941/4788 4925/4938/4785 4913/4926/4773 
f 4930/4943/4790 4929/4942/4789 4928/4941/4788 4927/4940/4787 
s off
f 4934/4947/4794 4933/4946/4793 4932/4945/4792 4931/4944/4791 
f 4936/4949/4796 4935/4948/4795 4933/4946/4793 4934/4947/4794 
f 4938/4951/4798 4937/4950/4797 4935/4948/4795 4936/4949/4796 
f 4940/4953/4800 4939/4952/4799 4937/4950/4797 4938/4951/4798 
f 4942/4955/4802 4941/4954/4801 4939/4952/4799 4940/4953/4800 
f 4933/4946/4793 4944/4957/4804 4943/4956/4803 4932/4945/4792 
f 4935/4948/4795 4945/4958/4805 4944/4957/4804 4933/4946/4793 
f 4937/4950/4797 4946/4959/4806 4945/4958/4805 4935/4948/4795 
f 4939/4952/4799 4947/4960/4807 4946/4959/4806 4937/4950/4797 
f 4941/4954/4801 4948/4961/4808 4947/4960/4807 4939/4952/4799 
f 4951/4964/4811 4950/4963/4810 4949/4962/4809 4943/4956/4803 
f 4952/4965/4812 4951/4964/4811 4943/4956/4803 4944/4957/4804 
f 4953/4966/4813 4952/4965/4812 4944/4957/4804 4945/4958/4805 
f 4954/4967/4814 4953/4966/4813 4945/4958/4805 4946/4959/4806 
f 4955/4968/4815 4954/4967/4814 4946/4959/4806 4947/4960/4807 
f 4959/4972/4819 4958/4971/4818 4957/4970/4817 4956/4969/4816 
f 4956/4969/4816 4957/4970/4817 4961/4974/4821 4960/4973/4820 
s 1
f 4965/4978/4825 4964/4977/4824 4963/4976/4823 4962/4975/4822 
s off
f 4966/4979/4826 4948/4961/4808 4926/4939/4786 4924/4937/4784 
s 1
f 4952/4965/4812 4953/4966/4813 4954/4967/4814 4955/4968/4815 4967/4980/4827 4951/4964/4811 
f 4966/4979/4826 4968/4981/4828 4967/4980/4827 4955/4968/4815 
f 4968/4981/4828 4970/4983/4830 4969/4982/4829 4967/4980/4827 
s off
f 4900/4913/4760 4972/4985/4832 4971/4984/4831 4899/4912/4759 
f 4906/4919/4766 4926/4939/4786 4972/4985/4832 4900/4913/4760 
f 4906/4919/4766 4905/4918/4765 4913/4926/4773 4925/4938/4785 
s 1
f 4928/4941/4788 4973/4986/4833 4924/4937/4784 4925/4938/4785 
f 4929/4942/4789 4974/4987/4834 4973/4986/4833 4928/4941/4788 
s off
f 4942/4955/4802 4971/4984/4831 4972/4985/4832 4941/4954/4801 
f 4941/4954/4801 4972/4985/4832 4926/4939/4786 4948/4961/4808 
f 4966/4979/4826 4955/4968/4815 4947/4960/4807 4948/4961/4808 
s 1
f 4966/4979/4826 4924/4937/4784 4973/4986/4833 4968/4981/4828 
f 4978/4991/4838 4977/4990/4837 4976/4989/4836 4975/4988/4835 
s off
f 4982/4995/4842 4981/4994/4841 4980/4993/4840 4979/4992/4839 
f 4986/4999/4845 4985/4998/4844 4984/4997/4843 4983/4996/4843 
f 4982/4995/4842 4909/4922/4769 4985/4998/4844 4986/4999/4845 
s 1
f 4987/5000/4846 4930/4943/4790 4908/4921/4768 4979/4992/4839 
f 4987/5000/4846 4990/5003/4849 4989/5002/4848 4988/5001/4847 
s off
f 4994/5007/4853 4993/5006/4852 4992/5005/4851 4991/5004/4850 
f 4998/5011/4856 4997/5010/4856 4996/5009/4855 4995/5008/4854 
f 4995/5008/4854 4996/5009/4855 4949/4962/4809 4991/5004/4850 
s 1
f 4994/5007/4853 4950/4963/4810 4969/4982/4829 4999/5012/4857 
f 5002/5015/4860 5001/5014/4859 5000/5013/4858 4999/5012/4857 
f 4988/5001/4847 4989/5002/4848 5004/5017/4862 5003/5016/4861 
f 5002/5015/4860 4970/4983/4830 4974/4987/4834 5003/5016/4861 
s off
f 5006/5019/4864 4986/4999/4845 4983/4996/4843 5005/5018/4863 
f 4981/4994/4841 4982/4995/4842 4986/4999/4845 5006/5019/4864 
s 1
f 4990/5003/4849 4987/5000/4846 4979/4992/4839 4980/4993/4840 
s off
f 5008/5021/4866 4998/5011/4856 4995/5008/4854 5007/5020/4865 
f 5007/5020/4865 4995/5008/4854 4991/5004/4850 4992/5005/4851 
s 1
f 4993/5006/4852 4994/5007/4853 4999/5012/4857 5000/5013/4858 
f 5001/5014/4859 5002/5015/4860 5003/5016/4861 5004/5017/4862 
s off
f 5010/5023/4868 4918/4931/4778 4921/4934/4781 5009/5022/4867 
s 1
f 5013/5026/4871 4922/4935/4782 5012/5025/4870 5011/5024/4869 
s off
f 5015/5028/4873 4964/4977/4824 4961/4974/4821 5014/5027/4872 
s 1
f 5017/5030/4875 4977/4990/4837 4963/4976/4823 5016/5029/4874 
f 5011/5024/4869 5012/5025/4870 4976/4989/4836 5018/5031/4835 
s off
f 4909/4922/4769 4982/4995/4842 4979/4992/4839 4908/4921/4768 
s 1
f 4930/4943/4790 4987/5000/4846 4988/5001/4847 4929/4942/4789 
s off
f 4950/4963/4810 4994/5007/4853 4991/5004/4850 4949/4962/4809 
s 1
f 4970/4983/4830 5002/5015/4860 4999/5012/4857 4969/4982/4829 
f 4929/4942/4789 4988/5001/4847 5003/5016/4861 4974/4987/4834 
s off
f 4985/4998/4844 4892/4905/4752 4889/4902/4749 4984/4997/4843 
f 4909/4922/4769 4902/4915/4762 4892/4905/4752 4985/4998/4844 
s 1
f 4930/4943/4790 4927/4940/4787 4907/4920/4767 4908/4921/4768 
s off
f 4997/5010/4856 4931/4944/4791 4932/4945/4792 4996/5009/4855 
f 4996/5009/4855 4932/4945/4792 4943/4956/4803 4949/4962/4809 
s 1
f 4950/4963/4810 4951/4964/4811 4967/4980/4827 4969/4982/4829 
f 4970/4983/4830 4968/4981/4828 4973/4986/4833 4974/4987/4834 
s off
f 5022/5035/4879 5021/5034/4878 5020/5033/4877 5019/5032/4876 
f 5024/5037/4881 5023/5036/4880 5021/5034/4878 5022/5035/4879 
f 5026/5039/4883 5025/5038/4882 5023/5036/4880 5024/5037/4881 
f 5028/5041/4885 5027/5040/4884 5025/5038/4882 5026/5039/4883 
f 5030/5043/4887 5029/5042/4886 5027/5040/4884 5028/5041/4885 
f 5021/5034/4878 5032/5045/4889 5031/5044/4888 5020/5033/4877 
f 5023/5036/4880 5033/5046/4890 5032/5045/4889 5021/5034/4878 
f 5025/5038/4882 5034/5047/4891 5033/5046/4890 5023/5036/4880 
f 5027/5040/4884 5035/5048/4892 5034/5047/4891 5025/5038/4882 
f 5029/5042/4886 5036/5049/4893 5035/5048/4892 5027/5040/4884 
f 5039/5052/4896 5038/5051/4895 5037/5050/4894 5031/5044/4888 
f 5040/5053/4897 5039/5052/4896 5031/5044/4888 5032/5045/4889 
f 5041/5054/4898 5040/5053/4897 5032/5045/4889 5033/5046/4890 
f 5042/5055/4899 5041/5054/4898 5033/5046/4890 5034/5047/4891 
f 5043/5056/4900 5042/5055/4899 5034/5047/4891 5035/5048/4892 
f 5047/5060/4904 5046/5059/4903 5045/5058/4902 5044/5057/4901 
f 5046/5059/4903 5049/5062/4906 5048/5061/4905 5045/5058/4902 
s 1
f 5053/5066/4910 5052/5065/4909 5051/5064/4908 5050/5063/4907 
s off
f 5056/5069/4913 5036/5049/4893 5055/5068/4912 5054/5067/4911 
s 1
f 5040/5053/4897 5041/5054/4898 5042/5055/4899 5043/5056/4900 5057/5070/4914 5039/5052/4896 
f 5056/5069/4913 5058/5071/4915 5057/5070/4914 5043/5056/4900 
f 5058/5071/4915 5060/5073/4917 5059/5072/4916 5057/5070/4914 
s off
f 5064/5077/4921 5063/5076/4920 5062/5075/4919 5061/5074/4918 
f 5063/5076/4920 5066/5079/4923 5065/5078/4922 5062/5075/4919 
f 5066/5079/4923 5068/5081/4925 5067/5080/4924 5065/5078/4922 
f 5068/5081/4925 5070/5083/4927 5069/5082/4926 5067/5080/4924 
f 5070/5083/4927 5072/5085/4929 5071/5084/4928 5069/5082/4926 
f 5074/5087/4931 5073/5086/4930 5063/5076/4920 5064/5077/4921 
f 5073/5086/4930 5075/5088/4932 5066/5079/4923 5063/5076/4920 
f 5075/5088/4932 5076/5089/4933 5068/5081/4925 5066/5079/4923 
f 5076/5089/4933 5077/5090/4934 5070/5083/4927 5068/5081/4925 
f 5077/5090/4934 5078/5091/4935 5072/5085/4929 5070/5083/4927 
f 5081/5094/4938 5080/5093/4937 5079/5092/4936 5074/5087/4931 
f 5074/5087/4931 5079/5092/4936 5082/5095/4939 5073/5086/4930 
f 5073/5086/4930 5082/5095/4939 5083/5096/4940 5075/5088/4932 
f 5075/5088/4932 5083/5096/4940 5084/5097/4941 5076/5089/4933 
f 5076/5089/4933 5084/5097/4941 5085/5098/4942 5077/5090/4934 
f 5089/5102/4946 5088/5101/4945 5087/5100/4944 5086/5099/4943 
f 5091/5104/4948 5090/5103/4947 5088/5101/4945 5089/5102/4946 
s 1
f 5095/5108/4952 5094/5107/4951 5093/5106/4950 5092/5105/4949 
s off
f 5055/5068/4912 5078/5091/4935 5096/5109/4953 5054/5067/4911 
s 1
f 5097/5110/4954 5085/5098/4942 5084/5097/4941 5083/5096/4940 5082/5095/4939 5079/5092/4936 
f 5097/5110/4954 5098/5111/4955 5096/5109/4953 5085/5098/4942 
f 5100/5113/4957 5099/5112/4956 5098/5111/4955 5097/5110/4954 
s off
f 5102/5115/4959 5101/5114/4958 5029/5042/4886 5030/5043/4887 
f 5101/5114/4958 5055/5068/4912 5036/5049/4893 5029/5042/4886 
f 5043/5056/4900 5035/5048/4892 5036/5049/4893 5056/5069/4913 
s 1
f 5054/5067/4911 5103/5116/4960 5058/5071/4915 5056/5069/4913 
f 5103/5116/4960 5104/5117/4961 5060/5073/4917 5058/5071/4915 
s off
f 5101/5114/4958 5102/5115/4959 5071/5084/4928 5072/5085/4929 
f 5055/5068/4912 5101/5114/4958 5072/5085/4929 5078/5091/4935 
f 5077/5090/4934 5085/5098/4942 5096/5109/4953 5078/5091/4935 
s 1
f 5103/5116/4960 5054/5067/4911 5096/5109/4953 5098/5111/4955 
f 5108/5121/4965 5107/5120/4964 5106/5119/4963 5105/5118/4962 
s off
f 5052/5065/4909 5049/5062/4906 5110/5123/4967 5109/5122/4966 
f 5114/5127/4904 5113/5126/4969 5112/5125/4968 5111/5124/4904 
f 5113/5126/4969 5037/5050/4894 5110/5123/4967 5112/5125/4968 
s 1
f 5038/5051/4895 5059/5072/4916 5115/5128/4970 5109/5122/4966 
f 5117/5130/4972 5051/5064/4908 5115/5128/4970 5116/5129/4971 
s off
f 5090/5103/4947 5094/5107/4951 5119/5132/4974 5118/5131/4973 
f 5123/5136/4976 5122/5135/4944 5121/5134/4944 5120/5133/4975 
f 5081/5094/4938 5123/5136/4976 5120/5133/4975 5118/5131/4973 
s 1
f 5100/5113/4957 5080/5093/4937 5119/5132/4974 5124/5137/4977 
f 5095/5108/4952 5106/5119/4963 5125/5138/4978 5124/5137/4977 
f 5107/5120/4964 5117/5130/4972 5116/5129/4971 5126/5139/4979 
f 5104/5117/4961 5099/5112/4956 5125/5138/4978 5126/5139/4979 
s off
f 5111/5124/4904 5112/5125/4968 5046/5059/4903 5047/5060/4904 
f 5112/5125/4968 5110/5123/4967 5049/5062/4906 5046/5059/4903 
s 1
f 5109/5122/4966 5115/5128/4970 5051/5064/4908 5052/5065/4909 
s off
f 5120/5133/4975 5121/5134/4944 5087/5100/4944 5088/5101/4945 
f 5118/5131/4973 5120/5133/4975 5088/5101/4945 5090/5103/4947 
s 1
f 5124/5137/4977 5119/5132/4974 5094/5107/4951 5095/5108/4952 
f 5126/5139/4979 5125/5138/4978 5106/5119/4963 5107/5120/4964 
s off
f 5053/5066/4910 5048/5061/4905 5049/5062/4906 5052/5065/4909 
s 1
f 5127/5140/4980 5050/5063/4907 5051/5064/4908 5117/5130/4972 
s off
f 5091/5104/4948 5093/5106/4950 5094/5107/4951 5090/5103/4947 
s 1
f 5092/5105/4949 5105/5118/4962 5106/5119/4963 5095/5108/4952 
f 5108/5121/4965 5127/5140/4980 5117/5130/4972 5107/5120/4964 
s off
f 5109/5122/4966 5110/5123/4967 5037/5050/4894 5038/5051/4895 
s 1
f 5116/5129/4971 5115/5128/4970 5059/5072/4916 5060/5073/4917 
s off
f 5118/5131/4973 5119/5132/4974 5080/5093/4937 5081/5094/4938 
s 1
f 5124/5137/4977 5125/5138/4978 5099/5112/4956 5100/5113/4957 
f 5126/5139/4979 5116/5129/4971 5060/5073/4917 5104/5117/4961 
s off
f 5019/5032/4876 5020/5033/4877 5113/5126/4969 5114/5127/4904 
f 5020/5033/4877 5031/5044/4888 5037/5050/4894 5113/5126/4969 
s 1
f 5039/5052/4896 5057/5070/4914 5059/5072/4916 5038/5051/4895 
s off
f 5064/5077/4921 5061/5074/4918 5122/5135/4944 5123/5136/4976 
f 5074/5087/4931 5064/5077/4921 5123/5136/4976 5081/5094/4938 
s 1
f 5097/5110/4954 5079/5092/4936 5080/5093/4937 5100/5113/4957 
f 5103/5116/4960 5098/5111/4955 5099/5112/4956 5104/5117/4961 
s off
f 5129/5142/4982 5006/5019/4864 5005/5018/4863 5128/5141/4981 
f 4916/4929/4776 5129/5142/4982 5128/5141/4981 4915/4928/4775 
f 4914/4927/4774 5044/5057/4901 5045/5058/4902 4917/4930/4777 
f 5010/5023/4868 4981/4994/4841 5006/5019/4864 5129/5142/4982 
f 4918/4931/4778 5010/5023/4868 5129/5142/4982 4916/4929/4776 
f 4917/4930/4777 5045/5058/4902 5048/5061/4905 4919/4932/4779 
s 1
f 5013/5026/4871 4990/5003/4849 4980/4993/4840 5009/5022/4867 
f 4922/4935/4782 5013/5026/4871 5009/5022/4867 4921/4934/4781 
f 4920/4933/4780 5053/5066/4910 5050/5063/4907 4923/4936/4783 
s off
f 5131/5144/4984 5008/5021/4866 5007/5020/4865 5130/5143/4983 
f 4958/4971/4818 5131/5144/4984 5130/5143/4983 4957/4970/4817 
f 4956/4969/4816 5089/5102/4946 5086/5099/4943 4959/4972/4819 
f 5130/5143/4983 5007/5020/4865 4992/5005/4851 5014/5027/4872 
f 4957/4970/4817 5130/5143/4983 5014/5027/4872 4961/4974/4821 
f 4960/4973/4820 5091/5104/4948 5089/5102/4946 4956/4969/4816 
s 1
f 5015/5028/4873 4993/5006/4852 5000/5013/4858 5016/5029/4874 
f 4964/4977/4824 5015/5028/4873 5016/5029/4874 4963/4976/4823 
f 4962/4975/4822 5092/5105/4949 5093/5106/4950 4965/4978/4825 
f 5017/5030/4875 5001/5014/4859 5004/5017/4862 5018/5031/4835 
f 4977/4990/4837 5017/5030/4875 5018/5031/4835 4976/4989/4836 
f 4975/4988/4835 5108/5121/4965 5105/5118/4962 4978/4991/4838 
s off
f 4919/4932/4779 5048/5061/4905 5053/5066/4910 4920/4933/4780 
f 4918/4931/4778 4919/4932/4779 4920/4933/4780 4921/4934/4781 
f 5009/5022/4867 4980/4993/4840 4981/4994/4841 5010/5023/4868 
s 1
f 4923/4936/4783 5050/5063/4907 5127/5140/4980 5132/5145/4985 
f 4922/4935/4782 4923/4936/4783 5132/5145/4985 5012/5025/4870 
f 5011/5024/4869 4989/5002/4848 4990/5003/4849 5013/5026/4871 
s off
f 4965/4978/4825 5093/5106/4950 5091/5104/4948 4960/4973/4820 
f 4964/4977/4824 4965/4978/4825 4960/4973/4820 4961/4974/4821 
f 5014/5027/4872 4992/5005/4851 4993/5006/4852 5015/5028/4873 
s 1
f 4978/4991/4838 5105/5118/4962 5092/5105/4949 4962/4975/4822 
f 4977/4990/4837 4978/4991/4838 4962/4975/4822 4963/4976/4823 
f 5016/5029/4874 5000/5013/4858 5001/5014/4859 5017/5030/4875 
f 5132/5145/4985 5127/5140/4980 5108/5121/4965 4975/4988/4835 
f 5012/5025/4870 5132/5145/4985 4975/4988/4835 4976/4989/4836 
f 5018/5031/4835 5004/5017/4862 4989/5002/4848 5011/5024/4869 
# 216 polygons

#
# object Rectangle024
#

v  -892.8874 42.0632 -60.5842
v  -892.8874 41.4788 -60.2064
v  -892.3407 41.5833 -58.5062
v  -892.3407 41.8706 -58.6797
v  -892.8874 41.0256 -59.1926
v  -892.3407 41.3665 -58.0778
v  -892.8874 40.8342 -58.0887
v  -892.3407 41.2209 -57.2464
v  -892.8874 40.7332 -56.8710
v  -892.3407 41.1833 -56.7614
v  -892.8816 40.7332 -39.9030
v  -892.2462 41.1833 -39.9021
v  -891.8619 41.9565 -56.4806
v  -891.8755 42.1367 -56.5798
v  -891.8544 41.8533 -56.2945
v  -891.8593 41.7554 -55.8050
v  -891.8640 41.7344 -55.5205
v  -891.6477 41.7102 -39.8913
v  -891.5294 42.5764 -54.3798
v  -891.5324 45.9089 -54.4136
v  -891.8813 45.6887 -56.6021
v  -891.5306 42.4775 -54.3039
v  -891.5409 42.4011 -54.2249
v  -891.5461 42.3550 -54.0767
v  -891.5538 42.3152 -53.8938
v  -892.8877 2120.1904 -60.4475
v  -892.8876 1431.0022 -60.4902
v  -892.3409 1431.0017 -59.3350
v  -892.3411 2120.1902 -59.6943
v  -891.8887 1431.0051 -58.1007
v  -891.8894 2120.1919 -58.8912
v  -891.5516 2120.1943 -58.0438
v  -891.5497 1431.0098 -56.7984
v  -891.3029 1431.0117 -55.9467
v  -891.3030 2120.1951 -57.4841
v  -889.2749 42.3059 -24.9985
v  -889.5138 42.3103 -39.8774
v  -891.6519 41.7083 -24.9985
v  -891.3027 42.7292 -53.1291
v  -889.3550 42.7485 -39.8708
v  -888.9324 45.9961 -39.8707
v  -891.3027 45.9866 -53.1190
v  -892.8873 42.0632 10.5871
v  -892.3407 41.8706 8.6827
v  -892.3407 41.5833 8.5092
v  -892.8873 41.4788 10.2094
v  -892.3407 41.3665 8.0808
v  -892.8873 41.0256 9.1956
v  -892.3407 41.2209 7.2494
v  -892.8873 40.8342 8.0917
v  -892.3407 41.1833 6.7644
v  -892.8873 40.7332 6.8739
v  -892.2462 41.1833 -10.0952
v  -892.8816 40.7332 -10.0942
v  -891.8755 42.1367 6.5828
v  -891.8619 41.9565 6.4836
v  -891.8544 41.8533 6.2975
v  -891.8593 41.7554 5.8080
v  -891.8640 41.7344 5.5235
v  -891.6477 41.7102 -10.1058
v  -891.8813 45.6887 6.6051
v  -891.5323 45.9089 4.4165
v  -891.5293 42.5764 4.3828
v  -891.5306 42.4775 4.3069
v  -891.5409 42.4011 4.2279
v  -891.5461 42.3550 4.0797
v  -891.5538 42.3152 3.8968
v  -892.3411 2120.1902 -33.0531
v  -892.3409 1431.0017 -18.4748
v  -892.8876 1431.0022 -17.3196
v  -892.8877 2120.1904 -32.2999
v  -891.8894 2120.1919 -33.8562
v  -891.8887 1431.0051 -19.7091
v  -891.3030 2120.1953 -35.2632
v  -891.3029 1431.0117 -21.8630
v  -891.5497 1431.0098 -21.0113
v  -891.5516 2120.1941 -34.7036
v  -889.5138 42.3103 -10.1195
v  -891.3027 42.7292 3.1320
v  -889.3550 42.7485 -10.1260
v  -891.3027 45.9866 3.1220
v  -888.9324 45.9961 -10.1261
v  -892.8826 40.7332 -24.9985
v  -892.2498 41.1833 -24.9985
v  -889.1108 42.7678 -24.9985
v  -888.4534 46.0056 -24.9985
v  -888.0271 2120.1951 -46.3737
v  -888.0270 1431.0117 -38.9049
v  -888.9326 1431.0117 -29.8838
v  -888.9327 2120.1953 -40.4919
v  -891.5385 49.2415 -54.4473
v  -891.5460 52.6409 -54.4811
v  -891.8873 52.6316 -56.6366
v  -891.8849 49.2366 -56.6202
v  -892.8874 49.2356 -60.5842
v  -892.8874 45.6494 -60.5842
v  -892.3407 45.5520 -58.6797
v  -892.3407 49.2336 -58.6797
v  -891.3027 49.2434 -53.1089
v  -888.9324 49.2434 -39.8706
v  -888.9324 52.6448 -39.8705
v  -891.3027 52.6448 -53.0988
v  -891.8849 49.2366 6.6231
v  -891.8873 52.6316 6.6396
v  -891.5459 52.6409 4.4841
v  -891.5385 49.2415 4.4503
v  -892.3407 49.2336 8.6827
v  -892.3407 45.5520 8.6827
v  -892.8873 45.6494 10.5871
v  -892.8873 49.2356 10.5871
v  -891.3027 49.2434 3.1119
v  -891.3027 52.6448 3.1018
v  -888.9324 52.6448 -10.1263
v  -888.9324 49.2434 -10.1262
v  -888.0267 49.2439 -24.9985
v  -888.0267 52.6448 -24.9985
v  -892.8874 52.6257 -60.5842
v  -892.3407 52.6248 -58.6797
v  -892.3407 52.6248 8.6827
v  -892.8873 52.6257 10.5871
v  -891.5479 741.8254 -55.2556
v  -891.8880 741.8184 -56.9258
v  -888.9325 741.8281 -43.9050
v  -888.9326 1431.0117 -47.9258
v  -891.3028 741.8281 -54.1739
v  -891.8880 741.8184 -7.7901
v  -891.5479 741.8252 -9.4603
v  -891.3028 741.8284 -10.5420
v  -888.9325 741.8284 -20.8108
v  -888.0269 741.8281 -32.3580
v  -892.8878 2823.4834 -60.6584
v  -892.3412 2823.6760 -60.2741
v  -892.3412 2823.9631 -60.2391
v  -892.8878 2824.0681 -60.5822
v  -892.3412 2824.1799 -60.1527
v  -892.8878 2824.5210 -60.3776
v  -892.3412 2824.3254 -59.9850
v  -892.8878 2824.7124 -60.1549
v  -892.3412 2824.3630 -59.8872
v  -892.8878 2824.8135 -59.9092
v  -892.2466 2824.3630 -56.4859
v  -892.8820 2824.8135 -56.4861
v  -891.8760 2823.4099 -59.8505
v  -891.8624 2823.5901 -59.8305
v  -891.8549 2823.6931 -59.7930
v  -891.8598 2823.7910 -59.6942
v  -891.8645 2823.8120 -59.6368
v  -891.4556 2824.0479 -56.4837
v  -891.8818 2819.8577 -59.8550
v  -891.5328 2819.6375 -59.4135
v  -891.4541 2822.9700 -59.4067
v  -891.4514 2823.0691 -59.3914
v  -891.4570 2823.1458 -59.3754
v  -891.4634 2823.1917 -59.3455
v  -891.4727 2823.2314 -59.3086
v  -892.8878 2809.3787 -60.6584
v  -892.3412 2809.3787 -60.2741
v  -892.3412 2812.9216 -60.2741
v  -892.8878 2812.9209 -60.6584
v  -891.8901 2809.3787 -59.8653
v  -891.8878 2812.9150 -59.8620
v  -891.3032 2809.3787 -59.1462
v  -891.3032 2812.9019 -59.1483
v  -891.5464 2812.9060 -59.4271
v  -891.5535 2809.3787 -59.4339
v  -889.4927 2823.2410 -53.4792
v  -891.4598 2824.0500 -53.4792
v  -889.7316 2823.2363 -56.4809
v  -891.2692 2822.4360 -59.1543
v  -889.3215 2822.4167 -56.4796
v  -891.3032 2819.5603 -59.1523
v  -888.9329 2819.5505 -56.4796
v  -892.8878 2823.4834 -46.3001
v  -892.8878 2824.0681 -46.3763
v  -892.3412 2823.9631 -46.7193
v  -892.3412 2823.6760 -46.6843
v  -892.8878 2824.5210 -46.5808
v  -892.3412 2824.1799 -46.8057
v  -892.8878 2824.7124 -46.8035
v  -892.3412 2824.3254 -46.9735
v  -892.8878 2824.8135 -47.0492
v  -892.3412 2824.3630 -47.0713
v  -892.8820 2824.8135 -50.4724
v  -892.2466 2824.3630 -50.4726
v  -891.8624 2823.5901 -47.1279
v  -891.8760 2823.4099 -47.1079
v  -891.8549 2823.6931 -47.1655
v  -891.8598 2823.7910 -47.2642
v  -891.8645 2823.8120 -47.3217
v  -891.4556 2824.0479 -50.4747
v  -891.4541 2822.9700 -47.5518
v  -891.5328 2819.6375 -47.5450
v  -891.8818 2819.8577 -47.1034
v  -891.4514 2823.0691 -47.5671
v  -891.4570 2823.1458 -47.5830
v  -891.4634 2823.1917 -47.6129
v  -891.4726 2823.2314 -47.6498
v  -892.8878 2809.3787 -46.3001
v  -892.8878 2812.9209 -46.3001
v  -892.3412 2812.9216 -46.6843
v  -892.3412 2809.3787 -46.6843
v  -891.8878 2812.9150 -47.0965
v  -891.8901 2809.3787 -47.0932
v  -891.3032 2809.3787 -47.8122
v  -891.5535 2809.3787 -47.5245
v  -891.5464 2812.9060 -47.5313
v  -891.3032 2812.9021 -47.8102
v  -889.7316 2823.2363 -50.4775
v  -891.2692 2822.4360 -47.8041
v  -889.3215 2822.4167 -50.4788
v  -888.9329 2819.5505 -50.4788
v  -891.3032 2819.5603 -47.8061
v  -892.2503 2824.3630 -53.4792
v  -892.8831 2824.8135 -53.4792
v  -889.0773 2822.3977 -53.4792
v  -888.4539 2819.5410 -53.4792
v  -888.9329 2809.3787 -50.4789
v  -888.9329 2812.9021 -50.4789
v  -888.0272 2812.9019 -53.4792
v  -888.0272 2809.3787 -53.4792
v  -891.5389 2816.3049 -59.4203
v  -891.8854 2816.3101 -59.8587
v  -892.8878 2816.3110 -60.6584
v  -892.3412 2816.3130 -60.2741
v  -892.3412 2819.9946 -60.2741
v  -892.8878 2819.8972 -60.6584
v  -891.3032 2816.3032 -59.1503
v  -888.9329 2816.3030 -56.4796
v  -888.9329 2812.9019 -56.4795
v  -891.8854 2816.3101 -47.0998
v  -891.5389 2816.3049 -47.5381
v  -892.3412 2816.3130 -46.6843
v  -892.8878 2816.3110 -46.3001
v  -892.8878 2819.8972 -46.3001
v  -892.3412 2819.9946 -46.6843
v  -891.3032 2816.3032 -47.8082
v  -888.9329 2816.3030 -50.4788
v  -888.0272 2816.3030 -53.4792
v  -888.9329 2809.3787 -56.4795
v  -892.8875 741.8140 -59.9876
v  -892.3408 741.8132 -58.5089
v  -892.3408 741.8132 -6.2069
v  -892.8875 741.8140 -4.7283
v  -888.9327 2120.1951 -52.2554
# 244 vertices

vn 0.9720 -0.0541 -0.2285
vn 0.9490 -0.2147 -0.2308
vn 0.9482 -0.2522 -0.1931
vn 0.9763 -0.0679 -0.2053
vn 0.8523 -0.4895 -0.1845
vn 0.8797 -0.4566 -0.1332
vn 0.7589 -0.6438 -0.0982
vn 0.8162 -0.5736 -0.0693
vn 0.7209 -0.6923 -0.0313
vn 0.7917 -0.6102 -0.0299
vn 0.6632 -0.7484 -0.0001
vn 0.7028 -0.7114 -0.0015
vn 0.9850 -0.1029 -0.1387
vn 0.9883 -0.0120 -0.1520
vn 0.9580 -0.2719 -0.0913
vn 0.9133 -0.4053 -0.0399
vn 0.8883 -0.4590 -0.0135
vn 0.5524 -0.8336 -0.0037
vn 0.9911 -0.0480 -0.1241
vn 0.9911 -0.0003 -0.1334
vn 0.9886 0.0002 -0.1503
vn 0.9918 0.0415 0.1208
vn 0.9827 -0.1818 -0.0361
vn 0.9923 -0.1237 0.0034
vn 0.9687 -0.2341 -0.0824
vn 0.8649 -0.0001 -0.5019
vn 0.9353 -0.0001 -0.3539
vn 0.9482 -0.0003 -0.3177
vn 0.8897 -0.0003 -0.4566
vn 0.9701 -0.0003 -0.2426
vn 0.9339 -0.0005 -0.3574
vn 0.9477 -0.0006 -0.3192
vn 0.9767 -0.0004 -0.2147
vn 0.9737 -0.0005 -0.2278
vn 0.9412 -0.0008 -0.3377
vn 0.7187 -0.6953 -0.0000
vn 0.7329 -0.6787 -0.0476
vn 0.5383 -0.8427 -0.0000
vn 0.9845 -0.1255 -0.1225
vn 0.9797 -0.1903 -0.0631
vn 0.9952 -0.0515 -0.0835
vn 0.9900 0.0004 -0.1410
vn 0.9720 -0.0541 0.2285
vn 0.9763 -0.0679 0.2053
vn 0.9482 -0.2522 0.1931
vn 0.9490 -0.2147 0.2308
vn 0.8797 -0.4566 0.1332
vn 0.8523 -0.4895 0.1845
vn 0.8162 -0.5736 0.0693
vn 0.7589 -0.6438 0.0982
vn 0.7917 -0.6102 0.0299
vn 0.7209 -0.6923 0.0313
vn 0.7028 -0.7114 0.0015
vn 0.6632 -0.7484 0.0001
vn 0.9883 -0.0120 0.1520
vn 0.9850 -0.1029 0.1387
vn 0.9580 -0.2719 0.0913
vn 0.9133 -0.4053 0.0399
vn 0.8883 -0.4590 0.0135
vn 0.5524 -0.8336 0.0037
vn 0.9886 0.0002 0.1503
vn 0.9911 -0.0003 0.1334
vn 0.9911 -0.0480 0.1240
vn 0.9918 0.0415 -0.1208
vn 0.9827 -0.1818 0.0361
vn 0.9923 -0.1237 -0.0034
vn 0.9687 -0.2341 0.0824
vn 0.8896 0.0093 0.4566
vn 0.9482 0.0062 0.3178
vn 0.9353 0.0071 0.3538
vn 0.8649 0.0106 0.5019
vn 0.9339 0.0071 0.3574
vn 0.9701 0.0046 0.2427
vn 0.9412 0.0064 0.3377
vn 0.9737 0.0041 0.2278
vn 0.9767 0.0039 0.2147
vn 0.9477 0.0061 0.3192
vn 0.7329 -0.6787 0.0476
vn 0.9845 -0.1255 0.1225
vn 0.9797 -0.1903 0.0631
vn 0.9900 0.0004 0.1410
vn 0.9952 -0.0515 0.0835
vn 0.6648 -0.7471 -0.0000
vn 0.7030 -0.7112 -0.0000
vn 0.9762 -0.2170 -0.0000
vn 0.9912 -0.1325 -0.0000
vn 1.0000 -0.0000 -0.0000
vn 1.0000 0.0000 0.0000
vn 0.9878 0.0022 0.1555
vn 0.9725 0.0035 0.2329
vn 0.9911 0.0003 -0.1330
vn 0.9912 0.0001 -0.1325
vn 0.9886 -0.0001 -0.1502
vn 0.9886 -0.0001 -0.1504
vn 0.9747 0.0000 -0.2237
vn 0.9800 0.0000 -0.1989
vn 0.9800 0.0000 -0.1990
vn 0.9901 0.0004 -0.1406
vn 0.9955 0.0000 -0.0953
vn 0.9955 -0.0003 -0.0952
vn 0.9901 0.0001 -0.1406
vn 0.9886 -0.0001 0.1504
vn 0.9886 0.0015 0.1504
vn 0.9912 0.0016 0.1324
vn 0.9911 0.0003 0.1330
vn 0.9800 0.0000 0.1990
vn 0.9800 0.0000 0.1989
vn 0.9747 0.0000 0.2237
vn 0.9901 0.0004 0.1406
vn 0.9901 0.0016 0.1406
vn 0.9954 0.0007 0.0956
vn 0.9955 0.0000 0.0953
vn 0.9986 -0.0524 -0.0000
vn 1.0000 0.0000 0.0002
vn 0.9747 0.0001 -0.2237
vn 0.9799 0.0000 -0.1993
vn 0.9799 0.0022 0.1994
vn 0.9747 0.0025 0.2237
vn 0.9855 -0.0003 -0.1695
vn 0.9814 -0.0002 -0.1919
vn 0.9925 -0.0007 -0.1223
vn 0.9878 -0.0009 -0.1554
vn 0.9837 -0.0004 -0.1799
vn 0.9814 0.0037 0.1919
vn 0.9855 0.0031 0.1695
vn 0.9837 0.0033 0.1799
vn 0.9925 0.0018 0.1222
vn 0.6502 0.0383 -0.7588
vn 0.7061 0.0531 -0.7061
vn 0.7128 0.1810 -0.6776
vn 0.6343 0.2121 -0.7434
vn 0.7378 0.3826 -0.5561
vn 0.6640 0.4648 -0.5857
vn 0.7675 0.5478 -0.3329
vn 0.6922 0.6185 -0.3718
vn 0.7754 0.6174 -0.1326
vn 0.7148 0.6875 -0.1282
vn 0.5589 0.8292 -0.0059
vn 0.6633 0.7483 -0.0004
vn 0.7778 0.0110 -0.6284
vn 0.8052 0.0882 -0.5865
vn 0.8555 0.2612 -0.4470
vn 0.8755 0.4266 -0.2271
vn 0.8692 0.4794 -0.1209
vn 0.4769 0.8771 -0.0573
vn 0.8011 -0.0002 -0.5985
vn 0.8308 -0.0069 -0.5566
vn 0.8494 0.0240 -0.5272
vn 0.9802 -0.0309 0.1955
vn 0.9739 0.1326 -0.1842
vn 0.9891 0.1463 -0.0167
vn 0.9184 0.2423 -0.3127
vn 0.6602 -0.0001 -0.7510
vn 0.7065 -0.0003 -0.7077
vn 0.7070 0.0000 -0.7072
vn 0.6602 0.0000 -0.7510
vn 0.8019 -0.0004 -0.5975
vn 0.8015 0.0001 -0.5979
vn 0.8180 -0.0009 -0.5752
vn 0.8178 -0.0003 -0.5755
vn 0.8339 -0.0003 -0.5520
vn 0.8349 -0.0007 -0.5504
vn 0.7477 0.6641 -0.0000
vn 0.4507 0.8927 -0.0000
vn 0.7559 0.6224 -0.2031
vn 0.8655 0.0233 -0.5004
vn 0.9328 0.2287 -0.2786
vn 0.8166 -0.0039 -0.5772
vn 0.9316 0.0501 -0.3600
vn 0.6502 0.0383 0.7588
vn 0.6343 0.2121 0.7434
vn 0.7128 0.1810 0.6776
vn 0.7061 0.0531 0.7061
vn 0.6640 0.4648 0.5857
vn 0.7378 0.3826 0.5561
vn 0.6922 0.6185 0.3718
vn 0.7675 0.5478 0.3329
vn 0.7148 0.6875 0.1282
vn 0.7754 0.6174 0.1326
vn 0.6633 0.7483 0.0004
vn 0.5589 0.8292 0.0059
vn 0.8052 0.0882 0.5865
vn 0.7778 0.0110 0.6284
vn 0.8555 0.2612 0.4470
vn 0.8755 0.4266 0.2271
vn 0.8692 0.4794 0.1209
vn 0.4769 0.8771 0.0573
vn 0.8494 0.0240 0.5272
vn 0.8308 -0.0069 0.5566
vn 0.8011 -0.0002 0.5985
vn 0.9802 -0.0309 -0.1955
vn 0.9739 0.1326 0.1842
vn 0.9891 0.1463 0.0167
vn 0.9184 0.2423 0.3127
vn 0.6602 0.0077 0.7510
vn 0.6602 0.0000 0.7511
vn 0.7070 0.0000 0.7072
vn 0.7067 0.0070 0.7075
vn 0.8015 0.0001 0.5979
vn 0.8021 0.0058 0.5971
vn 0.8180 0.0051 0.5752
vn 0.8348 0.0050 0.5505
vn 0.8339 -0.0003 0.5520
vn 0.8178 -0.0003 0.5755
vn 0.7559 0.6224 0.2031
vn 0.8655 0.0233 0.5004
vn 0.9328 0.2287 0.2786
vn 0.9316 0.0501 0.3600
vn 0.8166 -0.0039 0.5772
vn 0.5594 0.8289 -0.0000
vn 0.6649 0.7470 -0.0000
vn 0.9631 0.2691 -0.0000
vn 0.9904 0.1380 -0.0000
vn 0.9104 0.0030 0.4137
vn 0.9102 -0.0000 0.4143
vn 1.0000 0.0000 -0.0000
vn 1.0000 -0.0000 -0.0008
vn 0.8329 -0.0002 -0.5535
vn 0.8010 0.0000 -0.5986
vn 0.7075 0.0000 -0.7067
vn 0.7077 0.0000 -0.7066
vn 0.8177 -0.0004 -0.5756
vn 0.9102 -0.0000 -0.4141
vn 0.9102 -0.0000 -0.4143
vn 0.8010 0.0000 0.5986
vn 0.8329 -0.0002 0.5535
vn 0.7075 0.0000 0.7067
vn 0.7077 0.0000 0.7066
vn 0.8177 -0.0004 0.5756
vn 0.9102 -0.0000 0.4141
vn 0.9986 0.0520 -0.0000
vn 0.9099 -0.0013 -0.4147
vn 0.9590 0.0000 -0.2834
vn 0.9674 -0.0001 -0.2533
vn 0.9674 0.0050 0.2533
vn 0.9590 0.0057 0.2834
vn 0.9725 -0.0014 -0.2329
# 237 vertex normals

vt 0.2480 0.0040 0.5130
vt 0.2477 0.0038 0.5130
vt 0.2463 0.0038 0.5403
vt 0.2464 0.0039 0.5403
vt 0.2468 0.0036 0.5130
vt 0.2459 0.0037 0.5403
vt 0.2459 0.0035 0.5130
vt 0.2452 0.0037 0.5403
vt 0.2449 0.0035 0.5130
vt 0.2448 0.0037 0.5403
vt 0.2308 0.0035 0.5133
vt 0.2308 0.0037 0.5450
vt 0.2446 0.0039 0.5642
vt 0.2447 0.0040 0.5636
vt 0.2444 0.0039 0.5646
vt 0.2440 0.0039 0.5644
vt 0.2438 0.0039 0.5641
vt 0.2308 0.0039 0.5749
vt 0.2428 0.0042 0.5809
vt 0.2429 0.0054 0.5807
vt 0.2447 0.0053 0.5633
vt 0.2428 0.0041 0.5808
vt 0.2427 0.0041 0.5803
vt 0.2426 0.0041 0.5800
vt 0.2424 0.0041 0.5796
vt 0.2479 0.7462 0.5129
vt 0.2479 0.5000 0.5130
vt 0.2470 0.5000 0.5403
vt 0.2473 0.7462 0.5403
vt 0.2459 0.5000 0.5629
vt 0.2466 0.7462 0.5629
vt 0.2459 0.7462 0.5798
vt 0.2448 0.5000 0.5798
vt 0.2441 0.5000 0.5922
vt 0.2454 0.7462 0.5922
vt 0.2183 0.0041 0.6936
vt 0.2307 0.0041 0.6816
vt 0.2183 0.0039 0.5747
vt 0.2418 0.0042 0.5922
vt 0.2307 0.0042 0.6896
vt 0.2307 0.0054 0.7107
vt 0.2418 0.0054 0.5922
vt 0.1887 0.0040 0.5130
vt 0.1903 0.0039 0.5403
vt 0.1904 0.0038 0.5403
vt 0.1890 0.0038 0.5130
vt 0.1908 0.0037 0.5403
vt 0.1898 0.0036 0.5130
vt 0.1915 0.0037 0.5403
vt 0.1908 0.0035 0.5130
vt 0.1919 0.0037 0.5403
vt 0.1918 0.0035 0.5130
vt 0.2059 0.0037 0.5450
vt 0.2059 0.0035 0.5133
vt 0.1920 0.0040 0.5636
vt 0.1921 0.0039 0.5642
vt 0.1923 0.0039 0.5646
vt 0.1927 0.0039 0.5644
vt 0.1929 0.0039 0.5641
vt 0.2059 0.0039 0.5749
vt 0.1920 0.0053 0.5633
vt 0.1938 0.0054 0.5807
vt 0.1939 0.0042 0.5809
vt 0.1939 0.0041 0.5808
vt 0.1940 0.0041 0.5803
vt 0.1941 0.0041 0.5800
vt 0.1943 0.0041 0.5796
vt 0.2251 0.7462 0.5403
vt 0.2129 0.5000 0.5403
vt 0.2119 0.5000 0.5130
vt 0.2244 0.7462 0.5129
vt 0.2257 0.7462 0.5629
vt 0.2139 0.5000 0.5629
vt 0.2269 0.7462 0.5922
vt 0.2157 0.5000 0.5922
vt 0.2150 0.5000 0.5798
vt 0.2264 0.7462 0.5798
vt 0.2059 0.0041 0.6816
vt 0.1949 0.0042 0.5922
vt 0.2059 0.0042 0.6896
vt 0.1949 0.0054 0.5922
vt 0.2059 0.0054 0.7107
vt 0.2183 0.0035 0.5132
vt 0.2183 0.0037 0.5448
vt 0.2183 0.0042 0.7018
vt 0.2183 0.0054 0.7347
vt 0.2362 0.7462 0.7560
vt 0.2299 0.5000 0.7560
vt 0.2224 0.5000 0.7107
vt 0.2313 0.7462 0.7107
vt 0.2429 0.0065 0.5804
vt 0.2429 0.0078 0.5800
vt 0.2447 0.0078 0.5630
vt 0.2447 0.0065 0.5631
vt 0.2480 0.0065 0.5130
vt 0.2480 0.0053 0.5130
vt 0.2464 0.0052 0.5403
vt 0.2464 0.0065 0.5403
vt 0.2418 0.0065 0.5922
vt 0.2307 0.0065 0.7107
vt 0.2307 0.0078 0.7107
vt 0.2418 0.0078 0.5922
vt 0.1920 0.0065 0.5631
vt 0.1920 0.0078 0.5630
vt 0.1938 0.0078 0.5800
vt 0.1938 0.0065 0.5804
vt 0.1903 0.0065 0.5403
vt 0.1903 0.0052 0.5403
vt 0.1887 0.0053 0.5130
vt 0.1887 0.0065 0.5130
vt 0.1949 0.0065 0.5922
vt 0.1949 0.0078 0.5922
vt 0.2059 0.0078 0.7107
vt 0.2059 0.0065 0.7107
vt 0.2183 0.0065 0.7560
vt 0.2183 0.0078 0.7560
vt 0.2480 0.0078 0.5130
vt 0.2464 0.0078 0.5403
vt 0.1903 0.0078 0.5403
vt 0.1887 0.0078 0.5130
vt 0.2436 0.2539 0.5799
vt 0.2449 0.2539 0.5629
vt 0.2341 0.2539 0.7107
vt 0.2374 0.5000 0.7107
vt 0.2427 0.2539 0.5922
vt 0.2040 0.2539 0.5629
vt 0.2054 0.2539 0.5799
vt 0.2063 0.2539 0.5922
vt 0.2149 0.2539 0.7107
vt 0.2245 0.2539 0.7560
vt 0.2481 0.9973 0.5129
vt 0.2477 0.9974 0.5403
vt 0.2477 0.9975 0.5403
vt 0.2480 0.9976 0.5129
vt 0.2476 0.9976 0.5403
vt 0.2478 0.9977 0.5129
vt 0.2475 0.9976 0.5403
vt 0.2476 0.9978 0.5129
vt 0.2474 0.9977 0.5403
vt 0.2474 0.9978 0.5129
vt 0.2446 0.9977 0.5450
vt 0.2446 0.9978 0.5132
vt 0.2474 0.9973 0.5635
vt 0.2474 0.9974 0.5642
vt 0.2473 0.9974 0.5646
vt 0.2473 0.9975 0.5643
vt 0.2472 0.9975 0.5641
vt 0.2446 0.9975 0.5846
vt 0.2474 0.9961 0.5632
vt 0.2470 0.9960 0.5807
vt 0.2470 0.9972 0.5846
vt 0.2470 0.9972 0.5848
vt 0.2470 0.9972 0.5845
vt 0.2470 0.9972 0.5842
vt 0.2469 0.9973 0.5837
vt 0.2481 0.9923 0.5129
vt 0.2477 0.9923 0.5403
vt 0.2477 0.9936 0.5403
vt 0.2481 0.9936 0.5129
vt 0.2474 0.9923 0.5628
vt 0.2474 0.9936 0.5629
vt 0.2468 0.9923 0.5922
vt 0.2468 0.9936 0.5922
vt 0.2470 0.9936 0.5800
vt 0.2470 0.9923 0.5797
vt 0.2421 0.9973 0.6827
vt 0.2421 0.9976 0.5843
vt 0.2446 0.9973 0.6708
vt 0.2468 0.9970 0.5939
vt 0.2446 0.9970 0.6913
vt 0.2468 0.9959 0.5922
vt 0.2446 0.9959 0.7107
vt 0.2361 0.9973 0.5129
vt 0.2362 0.9976 0.5129
vt 0.2364 0.9975 0.5403
vt 0.2364 0.9974 0.5403
vt 0.2363 0.9977 0.5129
vt 0.2365 0.9976 0.5403
vt 0.2365 0.9978 0.5129
vt 0.2367 0.9976 0.5403
vt 0.2367 0.9978 0.5129
vt 0.2367 0.9977 0.5403
vt 0.2396 0.9978 0.5132
vt 0.2396 0.9977 0.5450
vt 0.2368 0.9974 0.5642
vt 0.2368 0.9973 0.5635
vt 0.2368 0.9974 0.5646
vt 0.2369 0.9975 0.5643
vt 0.2369 0.9975 0.5641
vt 0.2396 0.9975 0.5846
vt 0.2371 0.9972 0.5846
vt 0.2371 0.9960 0.5807
vt 0.2368 0.9961 0.5632
vt 0.2372 0.9972 0.5848
vt 0.2372 0.9972 0.5845
vt 0.2372 0.9972 0.5842
vt 0.2372 0.9973 0.5837
vt 0.2361 0.9923 0.5129
vt 0.2361 0.9936 0.5129
vt 0.2364 0.9936 0.5403
vt 0.2364 0.9923 0.5403
vt 0.2368 0.9936 0.5629
vt 0.2368 0.9923 0.5628
vt 0.2374 0.9923 0.5922
vt 0.2371 0.9923 0.5797
vt 0.2371 0.9936 0.5800
vt 0.2374 0.9936 0.5922
vt 0.2396 0.9973 0.6708
vt 0.2373 0.9970 0.5939
vt 0.2396 0.9970 0.6913
vt 0.2396 0.9959 0.7107
vt 0.2373 0.9959 0.5922
vt 0.2421 0.9977 0.5448
vt 0.2421 0.9978 0.5132
vt 0.2421 0.9970 0.7035
vt 0.2421 0.9959 0.7346
vt 0.2396 0.9923 0.7107
vt 0.2396 0.9936 0.7107
vt 0.2421 0.9936 0.7560
vt 0.2421 0.9923 0.7560
vt 0.2470 0.9948 0.5804
vt 0.2474 0.9948 0.5631
vt 0.2481 0.9948 0.5129
vt 0.2477 0.9948 0.5403
vt 0.2477 0.9961 0.5403
vt 0.2481 0.9961 0.5129
vt 0.2468 0.9948 0.5922
vt 0.2446 0.9948 0.7107
vt 0.2446 0.9936 0.7107
vt 0.2368 0.9948 0.5631
vt 0.2371 0.9948 0.5804
vt 0.2364 0.9948 0.5403
vt 0.2361 0.9948 0.5129
vt 0.2361 0.9961 0.5129
vt 0.2364 0.9961 0.5403
vt 0.2374 0.9948 0.5922
vt 0.2396 0.9948 0.7107
vt 0.2421 0.9948 0.7560
vt 0.2446 0.9923 0.7107
vt 0.2475 0.2539 0.5130
vt 0.2463 0.2539 0.5403
vt 0.2027 0.2539 0.5403
vt 0.2015 0.2539 0.5130
vt 0.2411 0.7462 0.7107
# 244 texture coords

o Rectangle024
g Rectangle024
usemtl wire_115115115
s off
f 5136/5149/4989 5135/5148/4988 5134/5147/4987 5133/5146/4986 
f 5135/5148/4988 5138/5151/4991 5137/5150/4990 5134/5147/4987 
f 5138/5151/4991 5140/5153/4993 5139/5152/4992 5137/5150/4990 
f 5140/5153/4993 5142/5155/4995 5141/5154/4994 5139/5152/4992 
f 5142/5155/4995 5144/5157/4997 5143/5156/4996 5141/5154/4994 
f 5146/5159/4999 5145/5158/4998 5135/5148/4988 5136/5149/4989 
f 5145/5158/4998 5147/5160/5000 5138/5151/4991 5135/5148/4988 
f 5147/5160/5000 5148/5161/5001 5140/5153/4993 5138/5151/4991 
f 5148/5161/5001 5149/5162/5002 5142/5155/4995 5140/5153/4993 
f 5149/5162/5002 5150/5163/5003 5144/5157/4997 5142/5155/4995 
f 5153/5166/5006 5152/5165/5005 5151/5164/5004 5146/5159/4999 
f 5146/5159/4999 5151/5164/5004 5154/5167/5007 5145/5158/4998 
f 5145/5158/4998 5154/5167/5007 5155/5168/5008 5147/5160/5000 
f 5147/5160/5000 5155/5168/5008 5156/5169/5009 5148/5161/5001 
f 5148/5161/5001 5156/5169/5009 5157/5170/5010 5149/5162/5002 
f 5161/5174/5014 5160/5173/5013 5159/5172/5012 5158/5171/5011 
f 5163/5176/5016 5162/5175/5015 5160/5173/5013 5161/5174/5014 
s 1
f 5167/5180/5020 5166/5179/5019 5165/5178/5018 5164/5177/5017 
s off
f 5170/5183/5023 5150/5163/5003 5169/5182/5022 5168/5181/5021 
s 1
f 5171/5184/5024 5157/5170/5010 5156/5169/5009 5155/5168/5008 5154/5167/5007 5151/5164/5004 
f 5171/5184/5024 5172/5185/5025 5169/5182/5022 5157/5170/5010 
f 5174/5187/5027 5173/5186/5026 5172/5185/5025 5171/5184/5024 
s off
f 5178/5191/5031 5177/5190/5030 5176/5189/5029 5175/5188/5028 
f 5180/5193/5033 5179/5192/5032 5177/5190/5030 5178/5191/5031 
f 5182/5195/5035 5181/5194/5034 5179/5192/5032 5180/5193/5033 
f 5184/5197/5037 5183/5196/5036 5181/5194/5034 5182/5195/5035 
f 5186/5199/5039 5185/5198/5038 5183/5196/5036 5184/5197/5037 
f 5177/5190/5030 5188/5201/5041 5187/5200/5040 5176/5189/5029 
f 5179/5192/5032 5189/5202/5042 5188/5201/5041 5177/5190/5030 
f 5181/5194/5034 5190/5203/5043 5189/5202/5042 5179/5192/5032 
f 5183/5196/5036 5191/5204/5044 5190/5203/5043 5181/5194/5034 
f 5185/5198/5038 5192/5205/5045 5191/5204/5044 5183/5196/5036 
f 5195/5208/5048 5194/5207/5047 5193/5206/5046 5187/5200/5040 
f 5196/5209/5049 5195/5208/5048 5187/5200/5040 5188/5201/5041 
f 5197/5210/5050 5196/5209/5049 5188/5201/5041 5189/5202/5042 
f 5198/5211/5051 5197/5210/5050 5189/5202/5042 5190/5203/5043 
f 5199/5212/5052 5198/5211/5051 5190/5203/5043 5191/5204/5044 
f 5203/5216/5056 5202/5215/5055 5201/5214/5054 5200/5213/5053 
f 5200/5213/5053 5201/5214/5054 5205/5218/5058 5204/5217/5057 
s 1
f 5209/5222/5062 5208/5221/5061 5207/5220/5060 5206/5219/5059 
s off
f 5210/5223/5063 5192/5205/5045 5170/5183/5023 5168/5181/5021 
s 1
f 5196/5209/5049 5197/5210/5050 5198/5211/5051 5199/5212/5052 5211/5224/5064 5195/5208/5048 
f 5210/5223/5063 5212/5225/5065 5211/5224/5064 5199/5212/5052 
f 5212/5225/5065 5214/5227/5067 5213/5226/5066 5211/5224/5064 
s off
f 5144/5157/4997 5216/5229/5069 5215/5228/5068 5143/5156/4996 
f 5150/5163/5003 5170/5183/5023 5216/5229/5069 5144/5157/4997 
f 5150/5163/5003 5149/5162/5002 5157/5170/5010 5169/5182/5022 
s 1
f 5172/5185/5025 5217/5230/5070 5168/5181/5021 5169/5182/5022 
f 5173/5186/5026 5218/5231/5071 5217/5230/5070 5172/5185/5025 
s off
f 5186/5199/5039 5215/5228/5068 5216/5229/5069 5185/5198/5038 
f 5185/5198/5038 5216/5229/5069 5170/5183/5023 5192/5205/5045 
f 5210/5223/5063 5199/5212/5052 5191/5204/5044 5192/5205/5045 
s 1
f 5210/5223/5063 5168/5181/5021 5217/5230/5070 5212/5225/5065 
f 5222/5235/5075 5221/5234/5074 5220/5233/5073 5219/5232/5072 
s off
f 5226/5239/5079 5225/5238/5078 5224/5237/5077 5223/5236/5076 
f 5230/5243/5082 5229/5242/5081 5228/5241/5080 5227/5240/5080 
f 5226/5239/5079 5153/5166/5006 5229/5242/5081 5230/5243/5082 
s 1
f 5231/5244/5083 5174/5187/5027 5152/5165/5005 5223/5236/5076 
f 5231/5244/5083 5234/5247/5086 5233/5246/5085 5232/5245/5084 
s off
f 5238/5251/5090 5237/5250/5089 5236/5249/5088 5235/5248/5087 
f 5242/5255/5093 5241/5254/5093 5240/5253/5092 5239/5252/5091 
f 5239/5252/5091 5240/5253/5092 5193/5206/5046 5235/5248/5087 
s 1
f 5238/5251/5090 5194/5207/5047 5213/5226/5066 5243/5256/5094 
f 5246/5259/5097 5245/5258/5096 5244/5257/5095 5243/5256/5094 
f 5232/5245/5084 5233/5246/5085 5248/5261/5099 5247/5260/5098 
f 5246/5259/5097 5214/5227/5067 5218/5231/5071 5247/5260/5098 
s off
f 5250/5263/5101 5230/5243/5082 5227/5240/5080 5249/5262/5100 
f 5225/5238/5078 5226/5239/5079 5230/5243/5082 5250/5263/5101 
s 1
f 5234/5247/5086 5231/5244/5083 5223/5236/5076 5224/5237/5077 
s off
f 5252/5265/5103 5242/5255/5093 5239/5252/5091 5251/5264/5102 
f 5251/5264/5102 5239/5252/5091 5235/5248/5087 5236/5249/5088 
s 1
f 5237/5250/5089 5238/5251/5090 5243/5256/5094 5244/5257/5095 
f 5245/5258/5096 5246/5259/5097 5247/5260/5098 5248/5261/5099 
s off
f 5254/5267/5105 5162/5175/5015 5165/5178/5018 5253/5266/5104 
s 1
f 5257/5270/5108 5166/5179/5019 5256/5269/5107 5255/5268/5106 
s off
f 5259/5272/5110 5208/5221/5061 5205/5218/5058 5258/5271/5109 
s 1
f 5261/5274/5112 5221/5234/5074 5207/5220/5060 5260/5273/5111 
f 5255/5268/5106 5256/5269/5107 5220/5233/5073 5262/5275/5072 
s off
f 5153/5166/5006 5226/5239/5079 5223/5236/5076 5152/5165/5005 
s 1
f 5174/5187/5027 5231/5244/5083 5232/5245/5084 5173/5186/5026 
s off
f 5194/5207/5047 5238/5251/5090 5235/5248/5087 5193/5206/5046 
s 1
f 5214/5227/5067 5246/5259/5097 5243/5256/5094 5213/5226/5066 
f 5173/5186/5026 5232/5245/5084 5247/5260/5098 5218/5231/5071 
s off
f 5229/5242/5081 5136/5149/4989 5133/5146/4986 5228/5241/5080 
f 5153/5166/5006 5146/5159/4999 5136/5149/4989 5229/5242/5081 
s 1
f 5174/5187/5027 5171/5184/5024 5151/5164/5004 5152/5165/5005 
s off
f 5241/5254/5093 5175/5188/5028 5176/5189/5029 5240/5253/5092 
f 5240/5253/5092 5176/5189/5029 5187/5200/5040 5193/5206/5046 
s 1
f 5194/5207/5047 5195/5208/5048 5211/5224/5064 5213/5226/5066 
f 5214/5227/5067 5212/5225/5065 5217/5230/5070 5218/5231/5071 
s off
f 5266/5279/5116 5265/5278/5115 5264/5277/5114 5263/5276/5113 
f 5268/5281/5118 5267/5280/5117 5265/5278/5115 5266/5279/5116 
f 5270/5283/5120 5269/5282/5119 5267/5280/5117 5268/5281/5118 
f 5272/5285/5122 5271/5284/5121 5269/5282/5119 5270/5283/5120 
f 5274/5287/5124 5273/5286/5123 5271/5284/5121 5272/5285/5122 
f 5265/5278/5115 5276/5289/5126 5275/5288/5125 5264/5277/5114 
f 5267/5280/5117 5277/5290/5127 5276/5289/5126 5265/5278/5115 
f 5269/5282/5119 5278/5291/5128 5277/5290/5127 5267/5280/5117 
f 5271/5284/5121 5279/5292/5129 5278/5291/5128 5269/5282/5119 
f 5273/5286/5123 5280/5293/5130 5279/5292/5129 5271/5284/5121 
f 5283/5296/5133 5282/5295/5132 5281/5294/5131 5275/5288/5125 
f 5284/5297/5134 5283/5296/5133 5275/5288/5125 5276/5289/5126 
f 5285/5298/5135 5284/5297/5134 5276/5289/5126 5277/5290/5127 
f 5286/5299/5136 5285/5298/5135 5277/5290/5127 5278/5291/5128 
f 5287/5300/5137 5286/5299/5136 5278/5291/5128 5279/5292/5129 
f 5291/5304/5141 5290/5303/5140 5289/5302/5139 5288/5301/5138 
f 5290/5303/5140 5293/5306/5143 5292/5305/5142 5289/5302/5139 
s 1
f 5297/5310/5147 5296/5309/5146 5295/5308/5145 5294/5307/5144 
s off
f 5300/5313/5150 5280/5293/5130 5299/5312/5149 5298/5311/5148 
s 1
f 5284/5297/5134 5285/5298/5135 5286/5299/5136 5287/5300/5137 5301/5314/5151 5283/5296/5133 
f 5300/5313/5150 5302/5315/5152 5301/5314/5151 5287/5300/5137 
f 5302/5315/5152 5304/5317/5154 5303/5316/5153 5301/5314/5151 
s off
f 5308/5321/5158 5307/5320/5157 5306/5319/5156 5305/5318/5155 
f 5307/5320/5157 5310/5323/5160 5309/5322/5159 5306/5319/5156 
f 5310/5323/5160 5312/5325/5162 5311/5324/5161 5309/5322/5159 
f 5312/5325/5162 5314/5327/5164 5313/5326/5163 5311/5324/5161 
f 5314/5327/5164 5316/5329/5166 5315/5328/5165 5313/5326/5163 
f 5318/5331/5168 5317/5330/5167 5307/5320/5157 5308/5321/5158 
f 5317/5330/5167 5319/5332/5169 5310/5323/5160 5307/5320/5157 
f 5319/5332/5169 5320/5333/5170 5312/5325/5162 5310/5323/5160 
f 5320/5333/5170 5321/5334/5171 5314/5327/5164 5312/5325/5162 
f 5321/5334/5171 5322/5335/5172 5316/5329/5166 5314/5327/5164 
f 5325/5338/5175 5324/5337/5174 5323/5336/5173 5318/5331/5168 
f 5318/5331/5168 5323/5336/5173 5326/5339/5176 5317/5330/5167 
f 5317/5330/5167 5326/5339/5176 5327/5340/5177 5319/5332/5169 
f 5319/5332/5169 5327/5340/5177 5328/5341/5178 5320/5333/5170 
f 5320/5333/5170 5328/5341/5178 5329/5342/5179 5321/5334/5171 
f 5333/5346/5183 5332/5345/5182 5331/5344/5181 5330/5343/5180 
f 5335/5348/5185 5334/5347/5184 5332/5345/5182 5333/5346/5183 
s 1
f 5339/5352/5189 5338/5351/5188 5337/5350/5187 5336/5349/5186 
s off
f 5299/5312/5149 5322/5335/5172 5340/5353/5190 5298/5311/5148 
s 1
f 5341/5354/5191 5329/5342/5179 5328/5341/5178 5327/5340/5177 5326/5339/5176 5323/5336/5173 
f 5341/5354/5191 5342/5355/5192 5340/5353/5190 5329/5342/5179 
f 5344/5357/5194 5343/5356/5193 5342/5355/5192 5341/5354/5191 
s off
f 5346/5359/5196 5345/5358/5195 5273/5286/5123 5274/5287/5124 
f 5345/5358/5195 5299/5312/5149 5280/5293/5130 5273/5286/5123 
f 5287/5300/5137 5279/5292/5129 5280/5293/5130 5300/5313/5150 
s 1
f 5298/5311/5148 5347/5360/5197 5302/5315/5152 5300/5313/5150 
f 5347/5360/5197 5348/5361/5198 5304/5317/5154 5302/5315/5152 
s off
f 5345/5358/5195 5346/5359/5196 5315/5328/5165 5316/5329/5166 
f 5299/5312/5149 5345/5358/5195 5316/5329/5166 5322/5335/5172 
f 5321/5334/5171 5329/5342/5179 5340/5353/5190 5322/5335/5172 
s 1
f 5347/5360/5197 5298/5311/5148 5340/5353/5190 5342/5355/5192 
f 5352/5365/5202 5351/5364/5201 5350/5363/5200 5349/5362/5199 
s off
f 5296/5309/5146 5293/5306/5143 5354/5367/5204 5353/5366/5203 
f 5358/5371/5141 5357/5370/5206 5356/5369/5205 5355/5368/5141 
f 5357/5370/5206 5281/5294/5131 5354/5367/5204 5356/5369/5205 
s 1
f 5282/5295/5132 5303/5316/5153 5359/5372/5207 5353/5366/5203 
f 5361/5374/5209 5295/5308/5145 5359/5372/5207 5360/5373/5208 
s off
f 5334/5347/5184 5338/5351/5188 5363/5376/5211 5362/5375/5210 
f 5367/5380/5213 5366/5379/5181 5365/5378/5181 5364/5377/5212 
f 5325/5338/5175 5367/5380/5213 5364/5377/5212 5362/5375/5210 
s 1
f 5344/5357/5194 5324/5337/5174 5363/5376/5211 5368/5381/5214 
f 5339/5352/5189 5350/5363/5200 5369/5382/5215 5368/5381/5214 
f 5351/5364/5201 5361/5374/5209 5360/5373/5208 5370/5383/5216 
f 5348/5361/5198 5343/5356/5193 5369/5382/5215 5370/5383/5216 
s off
f 5355/5368/5141 5356/5369/5205 5290/5303/5140 5291/5304/5141 
f 5356/5369/5205 5354/5367/5204 5293/5306/5143 5290/5303/5140 
s 1
f 5353/5366/5203 5359/5372/5207 5295/5308/5145 5296/5309/5146 
s off
f 5364/5377/5212 5365/5378/5181 5331/5344/5181 5332/5345/5182 
f 5362/5375/5210 5364/5377/5212 5332/5345/5182 5334/5347/5184 
s 1
f 5368/5381/5214 5363/5376/5211 5338/5351/5188 5339/5352/5189 
f 5370/5383/5216 5369/5382/5215 5350/5363/5200 5351/5364/5201 
s off
f 5297/5310/5147 5292/5305/5142 5293/5306/5143 5296/5309/5146 
s 1
f 5371/5384/5217 5294/5307/5144 5295/5308/5145 5361/5374/5209 
s off
f 5335/5348/5185 5337/5350/5187 5338/5351/5188 5334/5347/5184 
s 1
f 5336/5349/5186 5349/5362/5199 5350/5363/5200 5339/5352/5189 
f 5352/5365/5202 5371/5384/5217 5361/5374/5209 5351/5364/5201 
s off
f 5353/5366/5203 5354/5367/5204 5281/5294/5131 5282/5295/5132 
s 1
f 5360/5373/5208 5359/5372/5207 5303/5316/5153 5304/5317/5154 
s off
f 5362/5375/5210 5363/5376/5211 5324/5337/5174 5325/5338/5175 
s 1
f 5368/5381/5214 5369/5382/5215 5343/5356/5193 5344/5357/5194 
f 5370/5383/5216 5360/5373/5208 5304/5317/5154 5348/5361/5198 
s off
f 5263/5276/5113 5264/5277/5114 5357/5370/5206 5358/5371/5141 
f 5264/5277/5114 5275/5288/5125 5281/5294/5131 5357/5370/5206 
s 1
f 5283/5296/5133 5301/5314/5151 5303/5316/5153 5282/5295/5132 
s off
f 5308/5321/5158 5305/5318/5155 5366/5379/5181 5367/5380/5213 
f 5318/5331/5168 5308/5321/5158 5367/5380/5213 5325/5338/5175 
s 1
f 5341/5354/5191 5323/5336/5173 5324/5337/5174 5344/5357/5194 
f 5347/5360/5197 5342/5355/5192 5343/5356/5193 5348/5361/5198 
s off
f 5373/5386/5219 5250/5263/5101 5249/5262/5100 5372/5385/5218 
f 5160/5173/5013 5373/5386/5219 5372/5385/5218 5159/5172/5012 
f 5158/5171/5011 5288/5301/5138 5289/5302/5139 5161/5174/5014 
f 5254/5267/5105 5225/5238/5078 5250/5263/5101 5373/5386/5219 
f 5162/5175/5015 5254/5267/5105 5373/5386/5219 5160/5173/5013 
f 5161/5174/5014 5289/5302/5139 5292/5305/5142 5163/5176/5016 
s 1
f 5257/5270/5108 5234/5247/5086 5224/5237/5077 5253/5266/5104 
f 5166/5179/5019 5257/5270/5108 5253/5266/5104 5165/5178/5018 
f 5164/5177/5017 5297/5310/5147 5294/5307/5144 5167/5180/5020 
s off
f 5375/5388/5221 5252/5265/5103 5251/5264/5102 5374/5387/5220 
f 5202/5215/5055 5375/5388/5221 5374/5387/5220 5201/5214/5054 
f 5200/5213/5053 5333/5346/5183 5330/5343/5180 5203/5216/5056 
f 5374/5387/5220 5251/5264/5102 5236/5249/5088 5258/5271/5109 
f 5201/5214/5054 5374/5387/5220 5258/5271/5109 5205/5218/5058 
f 5204/5217/5057 5335/5348/5185 5333/5346/5183 5200/5213/5053 
s 1
f 5259/5272/5110 5237/5250/5089 5244/5257/5095 5260/5273/5111 
f 5208/5221/5061 5259/5272/5110 5260/5273/5111 5207/5220/5060 
f 5206/5219/5059 5336/5349/5186 5337/5350/5187 5209/5222/5062 
f 5261/5274/5112 5245/5258/5096 5248/5261/5099 5262/5275/5072 
f 5221/5234/5074 5261/5274/5112 5262/5275/5072 5220/5233/5073 
f 5219/5232/5072 5352/5365/5202 5349/5362/5199 5222/5235/5075 
s off
f 5163/5176/5016 5292/5305/5142 5297/5310/5147 5164/5177/5017 
f 5162/5175/5015 5163/5176/5016 5164/5177/5017 5165/5178/5018 
f 5253/5266/5104 5224/5237/5077 5225/5238/5078 5254/5267/5105 
s 1
f 5167/5180/5020 5294/5307/5144 5371/5384/5217 5376/5389/5222 
f 5166/5179/5019 5167/5180/5020 5376/5389/5222 5256/5269/5107 
f 5255/5268/5106 5233/5246/5085 5234/5247/5086 5257/5270/5108 
s off
f 5209/5222/5062 5337/5350/5187 5335/5348/5185 5204/5217/5057 
f 5208/5221/5061 5209/5222/5062 5204/5217/5057 5205/5218/5058 
f 5258/5271/5109 5236/5249/5088 5237/5250/5089 5259/5272/5110 
s 1
f 5222/5235/5075 5349/5362/5199 5336/5349/5186 5206/5219/5059 
f 5221/5234/5074 5222/5235/5075 5206/5219/5059 5207/5220/5060 
f 5260/5273/5111 5244/5257/5095 5245/5258/5096 5261/5274/5112 
f 5376/5389/5222 5371/5384/5217 5352/5365/5202 5219/5232/5072 
f 5256/5269/5107 5376/5389/5222 5219/5232/5072 5220/5233/5073 
f 5262/5275/5072 5248/5261/5099 5233/5246/5085 5255/5268/5106 
# 216 polygons

#
# object Rectangle025
#

v  -892.8874 42.0632 39.5721
v  -892.8874 41.4788 39.9498
v  -892.3407 41.5833 41.6501
v  -892.3407 41.8706 41.4766
v  -892.8874 41.0256 40.9637
v  -892.3407 41.3665 42.0784
v  -892.8874 40.8342 42.0676
v  -892.3407 41.2209 42.9099
v  -892.8874 40.7332 43.2853
v  -892.3407 41.1833 43.3948
v  -892.8816 40.7332 60.2532
v  -892.2462 41.1833 60.2542
v  -891.8619 41.9565 43.6756
v  -891.8755 42.1367 43.5765
v  -891.8544 41.8533 43.8618
v  -891.8593 41.7554 44.3512
v  -891.8640 41.7344 44.6357
v  -891.6477 41.7102 60.2649
v  -891.5294 42.5764 45.7764
v  -891.5324 45.9089 45.7427
v  -891.8813 45.6887 43.5541
v  -891.5306 42.4775 45.8523
v  -891.5409 42.4011 45.9313
v  -891.5461 42.3550 46.0796
v  -891.5538 42.3152 46.2625
v  -892.8877 2120.1904 39.7087
v  -892.8876 1431.0022 39.6661
v  -892.3409 1431.0017 40.8213
v  -892.3411 2120.1902 40.4619
v  -891.8887 1431.0051 42.0556
v  -891.8894 2120.1919 41.2651
v  -891.5516 2120.1943 42.1124
v  -891.5497 1431.0098 43.3578
v  -891.3029 1431.0117 44.2095
v  -891.3030 2120.1951 42.6721
v  -889.2749 42.3059 75.1577
v  -889.5138 42.3103 60.2789
v  -891.6519 41.7083 75.1577
v  -891.3027 42.7292 47.0272
v  -889.3550 42.7485 60.2855
v  -888.9324 45.9961 60.2855
v  -891.3027 45.9866 47.0373
v  -892.8873 42.0632 110.7434
v  -892.3407 41.8706 108.8389
v  -892.3407 41.5833 108.6654
v  -892.8873 41.4788 110.3657
v  -892.3407 41.3665 108.2371
v  -892.8873 41.0256 109.3518
v  -892.3407 41.2209 107.4056
v  -892.8873 40.8342 108.2479
v  -892.3407 41.1833 106.9207
v  -892.8873 40.7332 107.0302
v  -892.2462 41.1833 90.0611
v  -892.8816 40.7332 90.0620
v  -891.8755 42.1367 106.7390
v  -891.8619 41.9565 106.6398
v  -891.8544 41.8533 106.4537
v  -891.8593 41.7554 105.9643
v  -891.8640 41.7344 105.6797
v  -891.6477 41.7102 90.0505
v  -891.8813 45.6887 106.7614
v  -891.5323 45.9089 104.5728
v  -891.5293 42.5764 104.5390
v  -891.5306 42.4775 104.4632
v  -891.5409 42.4011 104.3842
v  -891.5461 42.3550 104.2359
v  -891.5538 42.3152 104.0530
v  -892.3411 2120.1902 67.1032
v  -892.3409 1431.0017 81.6815
v  -892.8876 1431.0022 82.8367
v  -892.8877 2120.1904 67.8564
v  -891.8894 2120.1919 66.3000
v  -891.8887 1431.0051 80.4472
v  -891.3030 2120.1953 64.8930
v  -891.3029 1431.0117 78.2932
v  -891.5497 1431.0098 79.1449
v  -891.5516 2120.1941 65.4527
v  -889.5138 42.3103 90.0367
v  -891.3027 42.7292 103.2883
v  -889.3550 42.7485 90.0302
v  -891.3027 45.9866 103.2782
v  -888.9324 45.9961 90.0301
v  -892.8826 40.7332 75.1577
v  -892.2498 41.1833 75.1577
v  -889.1108 42.7678 75.1577
v  -888.4534 46.0056 75.1577
v  -888.0271 2120.1951 53.7826
v  -888.0270 1431.0117 61.2514
v  -888.9326 1431.0117 70.2724
v  -888.9327 2120.1953 59.6644
v  -891.5385 49.2415 45.7089
v  -891.5460 52.6409 45.6752
v  -891.8873 52.6316 43.5196
v  -891.8849 49.2366 43.5361
v  -892.8874 49.2356 39.5721
v  -892.8874 45.6494 39.5721
v  -892.3407 45.5520 41.4765
v  -892.3407 49.2336 41.4765
v  -891.3027 49.2434 47.0473
v  -888.9324 49.2434 60.2856
v  -888.9324 52.6448 60.2857
v  -891.3027 52.6448 47.0574
v  -891.8849 49.2366 106.7794
v  -891.8873 52.6316 106.7958
v  -891.5459 52.6409 104.6403
v  -891.5385 49.2415 104.6066
v  -892.3407 49.2336 108.8389
v  -892.3407 45.5520 108.8389
v  -892.8873 45.6494 110.7434
v  -892.8873 49.2356 110.7434
v  -891.3027 49.2434 103.2681
v  -891.3027 52.6448 103.2581
v  -888.9324 52.6448 90.0300
v  -888.9324 49.2434 90.0301
v  -888.0267 49.2439 75.1577
v  -888.0267 52.6448 75.1577
v  -892.8874 52.6257 39.5721
v  -892.3407 52.6248 41.4765
v  -892.3407 52.6248 108.8389
v  -892.8873 52.6257 110.7434
v  -891.5479 741.8254 44.9007
v  -891.8880 741.8184 43.2304
v  -888.9325 741.8281 56.2513
v  -888.9326 1431.0117 52.2304
v  -891.3028 741.8281 45.9824
v  -891.8880 741.8184 92.3662
v  -891.5479 741.8252 90.6959
v  -891.3028 741.8284 89.6142
v  -888.9325 741.8284 79.3455
v  -888.0269 741.8281 67.7983
v  -892.8878 2823.4834 39.4979
v  -892.3412 2823.6760 39.8821
v  -892.3412 2823.9631 39.9171
v  -892.8878 2824.0681 39.5741
v  -892.3412 2824.1799 40.0035
v  -892.8878 2824.5210 39.7786
v  -892.3412 2824.3254 40.1713
v  -892.8878 2824.7124 40.0013
v  -892.3412 2824.3630 40.2691
v  -892.8878 2824.8135 40.2470
v  -892.2466 2824.3630 43.6703
v  -892.8820 2824.8135 43.6702
v  -891.8760 2823.4099 40.3057
v  -891.8624 2823.5901 40.3257
v  -891.8549 2823.6931 40.3633
v  -891.8598 2823.7910 40.4620
v  -891.8645 2823.8120 40.5195
v  -891.4556 2824.0479 43.6725
v  -891.8818 2819.8577 40.3012
v  -891.5328 2819.6375 40.7428
v  -891.4541 2822.9700 40.7496
v  -891.4514 2823.0691 40.7649
v  -891.4570 2823.1458 40.7808
v  -891.4634 2823.1917 40.8107
v  -891.4727 2823.2314 40.8476
v  -892.8878 2809.3787 39.4979
v  -892.3412 2809.3787 39.8821
v  -892.3412 2812.9216 39.8821
v  -892.8878 2812.9209 39.4979
v  -891.8901 2809.3787 40.2910
v  -891.8878 2812.9150 40.2943
v  -891.3032 2809.3787 41.0100
v  -891.3032 2812.9019 41.0080
v  -891.5464 2812.9060 40.7291
v  -891.5535 2809.3787 40.7223
v  -889.4927 2823.2410 46.6770
v  -891.4598 2824.0500 46.6770
v  -889.7316 2823.2363 43.6753
v  -891.2692 2822.4360 41.0019
v  -889.3215 2822.4167 43.6767
v  -891.3032 2819.5603 41.0039
v  -888.9329 2819.5505 43.6767
v  -892.8878 2823.4834 53.8562
v  -892.8878 2824.0681 53.7800
v  -892.3412 2823.9631 53.4370
v  -892.3412 2823.6760 53.4720
v  -892.8878 2824.5210 53.5754
v  -892.3412 2824.1799 53.3505
v  -892.8878 2824.7124 53.3527
v  -892.3412 2824.3254 53.1828
v  -892.8878 2824.8135 53.1071
v  -892.3412 2824.3630 53.0850
v  -892.8820 2824.8135 49.6839
v  -892.2466 2824.3630 49.6837
v  -891.8624 2823.5901 53.0283
v  -891.8760 2823.4099 53.0483
v  -891.8549 2823.6931 52.9908
v  -891.8598 2823.7910 52.8920
v  -891.8645 2823.8120 52.8346
v  -891.4556 2824.0479 49.6815
v  -891.4541 2822.9700 52.6045
v  -891.5328 2819.6375 52.6113
v  -891.8818 2819.8577 53.0528
v  -891.4514 2823.0691 52.5892
v  -891.4570 2823.1458 52.5732
v  -891.4634 2823.1917 52.5433
v  -891.4726 2823.2314 52.5064
v  -892.8878 2809.3787 53.8562
v  -892.8878 2812.9209 53.8562
v  -892.3412 2812.9216 53.4720
v  -892.3412 2809.3787 53.4720
v  -891.8878 2812.9150 53.0598
v  -891.8901 2809.3787 53.0631
v  -891.3032 2809.3787 52.3440
v  -891.5535 2809.3787 52.6317
v  -891.5464 2812.9060 52.6249
v  -891.3032 2812.9021 52.3461
v  -889.7316 2823.2363 49.6787
v  -891.2692 2822.4360 52.3522
v  -889.3215 2822.4167 49.6774
v  -888.9329 2819.5505 49.6774
v  -891.3032 2819.5603 52.3501
v  -892.2503 2824.3630 46.6770
v  -892.8831 2824.8135 46.6770
v  -889.0773 2822.3977 46.6770
v  -888.4539 2819.5410 46.6770
v  -888.9329 2809.3787 49.6774
v  -888.9329 2812.9021 49.6774
v  -888.0272 2812.9019 46.6770
v  -888.0272 2809.3787 46.6770
v  -891.5389 2816.3049 40.7360
v  -891.8854 2816.3101 40.2976
v  -892.8878 2816.3110 39.4979
v  -892.3412 2816.3130 39.8821
v  -892.3412 2819.9946 39.8821
v  -892.8878 2819.8972 39.4979
v  -891.3032 2816.3032 41.0060
v  -888.9329 2816.3030 43.6767
v  -888.9329 2812.9019 43.6767
v  -891.8854 2816.3101 53.0565
v  -891.5389 2816.3049 52.6181
v  -892.3412 2816.3130 53.4720
v  -892.8878 2816.3110 53.8562
v  -892.8878 2819.8972 53.8562
v  -892.3412 2819.9946 53.4720
v  -891.3032 2816.3032 52.3481
v  -888.9329 2816.3030 49.6774
v  -888.0272 2816.3030 46.6770
v  -888.9329 2809.3787 43.6767
v  -892.8875 741.8140 40.1686
v  -892.3408 741.8132 41.6473
v  -892.3408 741.8132 93.9493
v  -892.8875 741.8140 95.4280
v  -888.9327 2120.1951 47.9008
# 244 vertices

vn 0.9720 -0.0541 -0.2285
vn 0.9490 -0.2147 -0.2308
vn 0.9482 -0.2522 -0.1931
vn 0.9763 -0.0679 -0.2053
vn 0.8523 -0.4895 -0.1845
vn 0.8797 -0.4566 -0.1332
vn 0.7589 -0.6438 -0.0982
vn 0.8162 -0.5736 -0.0693
vn 0.7209 -0.6923 -0.0313
vn 0.7917 -0.6102 -0.0299
vn 0.6632 -0.7484 -0.0001
vn 0.7028 -0.7114 -0.0015
vn 0.9850 -0.1029 -0.1387
vn 0.9883 -0.0120 -0.1520
vn 0.9580 -0.2719 -0.0913
vn 0.9133 -0.4053 -0.0399
vn 0.8883 -0.4590 -0.0135
vn 0.5524 -0.8336 -0.0037
vn 0.9911 -0.0480 -0.1241
vn 0.9911 -0.0003 -0.1334
vn 0.9886 0.0002 -0.1503
vn 0.9918 0.0415 0.1208
vn 0.9827 -0.1818 -0.0361
vn 0.9923 -0.1237 0.0034
vn 0.9687 -0.2341 -0.0824
vn 0.8649 -0.0001 -0.5019
vn 0.9353 -0.0001 -0.3539
vn 0.9482 -0.0003 -0.3177
vn 0.8897 -0.0003 -0.4566
vn 0.9701 -0.0003 -0.2426
vn 0.9339 -0.0005 -0.3574
vn 0.9477 -0.0006 -0.3192
vn 0.9767 -0.0004 -0.2147
vn 0.9737 -0.0005 -0.2278
vn 0.9412 -0.0008 -0.3377
vn 0.7187 -0.6953 -0.0000
vn 0.7329 -0.6787 -0.0476
vn 0.5383 -0.8427 -0.0000
vn 0.9845 -0.1255 -0.1225
vn 0.9797 -0.1903 -0.0631
vn 0.9952 -0.0515 -0.0835
vn 0.9900 0.0004 -0.1410
vn 0.9720 -0.0541 0.2285
vn 0.9763 -0.0679 0.2053
vn 0.9482 -0.2522 0.1931
vn 0.9490 -0.2147 0.2308
vn 0.8797 -0.4566 0.1332
vn 0.8523 -0.4895 0.1845
vn 0.8162 -0.5736 0.0693
vn 0.7589 -0.6438 0.0982
vn 0.7917 -0.6102 0.0299
vn 0.7209 -0.6923 0.0313
vn 0.7028 -0.7114 0.0015
vn 0.6632 -0.7484 0.0001
vn 0.9883 -0.0120 0.1520
vn 0.9850 -0.1029 0.1387
vn 0.9580 -0.2719 0.0913
vn 0.9133 -0.4053 0.0399
vn 0.8883 -0.4590 0.0135
vn 0.5524 -0.8336 0.0037
vn 0.9886 0.0002 0.1503
vn 0.9911 -0.0003 0.1334
vn 0.9911 -0.0480 0.1240
vn 0.9918 0.0415 -0.1208
vn 0.9827 -0.1818 0.0361
vn 0.9923 -0.1237 -0.0034
vn 0.9687 -0.2341 0.0824
vn 0.8896 0.0093 0.4566
vn 0.9482 0.0062 0.3178
vn 0.9353 0.0071 0.3538
vn 0.8649 0.0106 0.5019
vn 0.9339 0.0071 0.3574
vn 0.9701 0.0046 0.2427
vn 0.9412 0.0064 0.3377
vn 0.9737 0.0041 0.2278
vn 0.9767 0.0039 0.2147
vn 0.9477 0.0061 0.3192
vn 0.7329 -0.6787 0.0476
vn 0.9845 -0.1255 0.1225
vn 0.9797 -0.1903 0.0631
vn 0.9900 0.0004 0.1410
vn 0.9952 -0.0515 0.0835
vn 0.6648 -0.7471 -0.0000
vn 0.7030 -0.7112 -0.0000
vn 0.9762 -0.2170 -0.0000
vn 0.9912 -0.1325 -0.0000
vn 1.0000 -0.0000 -0.0000
vn 1.0000 0.0000 0.0000
vn 0.9878 0.0022 0.1555
vn 0.9725 0.0035 0.2329
vn 0.9911 0.0003 -0.1330
vn 0.9912 0.0001 -0.1325
vn 0.9886 -0.0001 -0.1502
vn 0.9886 -0.0001 -0.1504
vn 0.9747 0.0000 -0.2237
vn 0.9800 0.0000 -0.1989
vn 0.9800 0.0000 -0.1990
vn 0.9901 0.0004 -0.1406
vn 0.9955 0.0000 -0.0953
vn 0.9955 -0.0003 -0.0952
vn 0.9901 0.0001 -0.1406
vn 0.9886 -0.0001 0.1504
vn 0.9886 0.0015 0.1504
vn 0.9912 0.0016 0.1324
vn 0.9911 0.0003 0.1330
vn 0.9800 0.0000 0.1990
vn 0.9800 0.0000 0.1989
vn 0.9747 0.0000 0.2237
vn 0.9901 0.0004 0.1406
vn 0.9901 0.0016 0.1406
vn 0.9954 0.0007 0.0956
vn 0.9955 0.0000 0.0953
vn 0.9986 -0.0524 -0.0000
vn 1.0000 0.0000 0.0002
vn 0.9747 0.0001 -0.2237
vn 0.9799 0.0000 -0.1993
vn 0.9799 0.0022 0.1994
vn 0.9747 0.0025 0.2237
vn 0.9855 -0.0003 -0.1695
vn 0.9814 -0.0002 -0.1919
vn 0.9925 -0.0007 -0.1223
vn 0.9878 -0.0009 -0.1554
vn 0.9837 -0.0004 -0.1799
vn 0.9814 0.0037 0.1919
vn 0.9855 0.0031 0.1695
vn 0.9837 0.0033 0.1799
vn 0.9925 0.0018 0.1222
vn 0.6502 0.0383 -0.7588
vn 0.7061 0.0531 -0.7061
vn 0.7128 0.1810 -0.6776
vn 0.6343 0.2121 -0.7434
vn 0.7378 0.3826 -0.5561
vn 0.6640 0.4648 -0.5857
vn 0.7675 0.5478 -0.3329
vn 0.6922 0.6185 -0.3718
vn 0.7754 0.6174 -0.1326
vn 0.7148 0.6875 -0.1282
vn 0.5589 0.8292 -0.0059
vn 0.6633 0.7483 -0.0004
vn 0.7778 0.0110 -0.6284
vn 0.8052 0.0882 -0.5865
vn 0.8555 0.2612 -0.4470
vn 0.8755 0.4266 -0.2271
vn 0.8692 0.4794 -0.1209
vn 0.4769 0.8771 -0.0573
vn 0.8011 -0.0002 -0.5985
vn 0.8308 -0.0069 -0.5566
vn 0.8494 0.0240 -0.5272
vn 0.9802 -0.0309 0.1955
vn 0.9739 0.1326 -0.1842
vn 0.9891 0.1463 -0.0167
vn 0.9184 0.2423 -0.3127
vn 0.6602 -0.0001 -0.7510
vn 0.7065 -0.0003 -0.7077
vn 0.7070 0.0000 -0.7072
vn 0.6602 0.0000 -0.7510
vn 0.8019 -0.0004 -0.5975
vn 0.8015 0.0001 -0.5979
vn 0.8180 -0.0009 -0.5752
vn 0.8178 -0.0003 -0.5755
vn 0.8339 -0.0003 -0.5520
vn 0.8349 -0.0007 -0.5504
vn 0.7477 0.6641 -0.0000
vn 0.4507 0.8927 -0.0000
vn 0.7559 0.6224 -0.2031
vn 0.8655 0.0233 -0.5004
vn 0.9328 0.2287 -0.2786
vn 0.8166 -0.0039 -0.5772
vn 0.9316 0.0501 -0.3600
vn 0.6502 0.0383 0.7588
vn 0.6343 0.2121 0.7434
vn 0.7128 0.1810 0.6776
vn 0.7061 0.0531 0.7061
vn 0.6640 0.4648 0.5857
vn 0.7378 0.3826 0.5561
vn 0.6922 0.6185 0.3718
vn 0.7675 0.5478 0.3329
vn 0.7148 0.6875 0.1282
vn 0.7754 0.6174 0.1326
vn 0.6633 0.7483 0.0004
vn 0.5589 0.8292 0.0059
vn 0.8052 0.0882 0.5865
vn 0.7778 0.0110 0.6284
vn 0.8555 0.2612 0.4470
vn 0.8755 0.4266 0.2271
vn 0.8692 0.4794 0.1209
vn 0.4769 0.8771 0.0573
vn 0.8494 0.0240 0.5272
vn 0.8308 -0.0069 0.5566
vn 0.8011 -0.0002 0.5985
vn 0.9802 -0.0309 -0.1955
vn 0.9739 0.1326 0.1842
vn 0.9891 0.1463 0.0167
vn 0.9184 0.2423 0.3127
vn 0.6602 0.0077 0.7510
vn 0.6602 0.0000 0.7511
vn 0.7070 0.0000 0.7072
vn 0.7067 0.0070 0.7075
vn 0.8015 0.0001 0.5979
vn 0.8021 0.0058 0.5971
vn 0.8180 0.0051 0.5752
vn 0.8348 0.0050 0.5505
vn 0.8339 -0.0003 0.5520
vn 0.8178 -0.0003 0.5755
vn 0.7559 0.6224 0.2031
vn 0.8655 0.0233 0.5004
vn 0.9328 0.2287 0.2786
vn 0.9316 0.0501 0.3600
vn 0.8166 -0.0039 0.5772
vn 0.5594 0.8289 -0.0000
vn 0.6649 0.7470 -0.0000
vn 0.9631 0.2691 -0.0000
vn 0.9904 0.1380 -0.0000
vn 0.9104 0.0030 0.4137
vn 0.9102 -0.0000 0.4143
vn 1.0000 0.0000 -0.0000
vn 1.0000 -0.0000 -0.0008
vn 0.8329 -0.0002 -0.5535
vn 0.8010 0.0000 -0.5986
vn 0.7075 0.0000 -0.7067
vn 0.7077 0.0000 -0.7066
vn 0.8177 -0.0004 -0.5756
vn 0.9102 -0.0000 -0.4141
vn 0.9102 -0.0000 -0.4143
vn 0.8010 0.0000 0.5986
vn 0.8329 -0.0002 0.5535
vn 0.7075 0.0000 0.7067
vn 0.7077 0.0000 0.7066
vn 0.8177 -0.0004 0.5756
vn 0.9102 -0.0000 0.4141
vn 0.9986 0.0520 -0.0000
vn 0.9099 -0.0013 -0.4147
vn 0.9590 0.0000 -0.2834
vn 0.9674 -0.0001 -0.2533
vn 0.9674 0.0050 0.2533
vn 0.9590 0.0057 0.2834
vn 0.9725 -0.0014 -0.2329
# 237 vertex normals

vt 0.1645 0.0040 0.5130
vt 0.1642 0.0038 0.5130
vt 0.1628 0.0038 0.5403
vt 0.1629 0.0039 0.5403
vt 0.1634 0.0036 0.5130
vt 0.1624 0.0037 0.5403
vt 0.1625 0.0035 0.5130
vt 0.1618 0.0037 0.5403
vt 0.1614 0.0035 0.5130
vt 0.1613 0.0037 0.5403
vt 0.1473 0.0035 0.5133
vt 0.1473 0.0037 0.5450
vt 0.1611 0.0039 0.5642
vt 0.1612 0.0040 0.5636
vt 0.1610 0.0039 0.5646
vt 0.1606 0.0039 0.5644
vt 0.1603 0.0039 0.5641
vt 0.1473 0.0039 0.5749
vt 0.1594 0.0042 0.5809
vt 0.1594 0.0054 0.5807
vt 0.1612 0.0053 0.5633
vt 0.1593 0.0041 0.5808
vt 0.1592 0.0041 0.5803
vt 0.1591 0.0041 0.5800
vt 0.1590 0.0041 0.5796
vt 0.1644 0.7462 0.5129
vt 0.1645 0.5000 0.5130
vt 0.1635 0.5000 0.5403
vt 0.1638 0.7462 0.5403
vt 0.1625 0.5000 0.5629
vt 0.1631 0.7462 0.5629
vt 0.1624 0.7462 0.5797
vt 0.1614 0.5000 0.5798
vt 0.1607 0.5000 0.5922
vt 0.1620 0.7462 0.5922
vt 0.1349 0.0041 0.6936
vt 0.1473 0.0041 0.6816
vt 0.1349 0.0039 0.5747
vt 0.1583 0.0042 0.5922
vt 0.1473 0.0042 0.6896
vt 0.1473 0.0054 0.7107
vt 0.1583 0.0054 0.5922
vt 0.1052 0.0040 0.5130
vt 0.1068 0.0039 0.5403
vt 0.1070 0.0038 0.5403
vt 0.1055 0.0038 0.5130
vt 0.1073 0.0037 0.5403
vt 0.1064 0.0036 0.5130
vt 0.1080 0.0037 0.5403
vt 0.1073 0.0035 0.5130
vt 0.1084 0.0037 0.5403
vt 0.1083 0.0035 0.5130
vt 0.1225 0.0037 0.5450
vt 0.1225 0.0035 0.5133
vt 0.1086 0.0040 0.5636
vt 0.1086 0.0039 0.5642
vt 0.1088 0.0039 0.5646
vt 0.1092 0.0039 0.5644
vt 0.1094 0.0039 0.5641
vt 0.1225 0.0039 0.5749
vt 0.1085 0.0053 0.5633
vt 0.1104 0.0054 0.5807
vt 0.1104 0.0042 0.5809
vt 0.1105 0.0041 0.5808
vt 0.1105 0.0041 0.5803
vt 0.1106 0.0041 0.5800
vt 0.1108 0.0041 0.5796
vt 0.1416 0.7462 0.5403
vt 0.1294 0.5000 0.5403
vt 0.1285 0.5000 0.5130
vt 0.1410 0.7462 0.5129
vt 0.1423 0.7462 0.5629
vt 0.1305 0.5000 0.5629
vt 0.1434 0.7462 0.5922
vt 0.1323 0.5000 0.5922
vt 0.1316 0.5000 0.5798
vt 0.1430 0.7462 0.5797
vt 0.1225 0.0041 0.6816
vt 0.1114 0.0042 0.5922
vt 0.1225 0.0042 0.6896
vt 0.1114 0.0054 0.5922
vt 0.1225 0.0054 0.7107
vt 0.1349 0.0035 0.5132
vt 0.1349 0.0037 0.5448
vt 0.1349 0.0042 0.7018
vt 0.1349 0.0054 0.7347
vt 0.1527 0.7462 0.7560
vt 0.1465 0.5000 0.7560
vt 0.1390 0.5000 0.7107
vt 0.1478 0.7462 0.7107
vt 0.1594 0.0065 0.5804
vt 0.1594 0.0078 0.5800
vt 0.1612 0.0078 0.5630
vt 0.1612 0.0065 0.5631
vt 0.1645 0.0065 0.5130
vt 0.1645 0.0053 0.5130
vt 0.1629 0.0052 0.5403
vt 0.1629 0.0065 0.5403
vt 0.1583 0.0065 0.5922
vt 0.1473 0.0065 0.7107
vt 0.1473 0.0078 0.7107
vt 0.1583 0.0078 0.5922
vt 0.1085 0.0065 0.5631
vt 0.1085 0.0078 0.5630
vt 0.1103 0.0078 0.5800
vt 0.1103 0.0065 0.5804
vt 0.1068 0.0065 0.5403
vt 0.1068 0.0052 0.5403
vt 0.1052 0.0053 0.5130
vt 0.1052 0.0065 0.5130
vt 0.1115 0.0065 0.5922
vt 0.1115 0.0078 0.5922
vt 0.1225 0.0078 0.7107
vt 0.1225 0.0065 0.7107
vt 0.1349 0.0065 0.7560
vt 0.1349 0.0078 0.7560
vt 0.1645 0.0078 0.5130
vt 0.1629 0.0078 0.5403
vt 0.1068 0.0078 0.5403
vt 0.1052 0.0078 0.5130
vt 0.1601 0.2539 0.5799
vt 0.1615 0.2539 0.5629
vt 0.1506 0.2539 0.7107
vt 0.1540 0.5000 0.7107
vt 0.1592 0.2539 0.5922
vt 0.1205 0.2539 0.5629
vt 0.1219 0.2539 0.5799
vt 0.1228 0.2539 0.5922
vt 0.1314 0.2539 0.7107
vt 0.1410 0.2539 0.7560
vt 0.1646 0.9973 0.5129
vt 0.1643 0.9974 0.5403
vt 0.1642 0.9975 0.5403
vt 0.1645 0.9976 0.5129
vt 0.1642 0.9976 0.5403
vt 0.1644 0.9977 0.5129
vt 0.1640 0.9976 0.5403
vt 0.1642 0.9978 0.5129
vt 0.1640 0.9977 0.5403
vt 0.1640 0.9978 0.5129
vt 0.1611 0.9977 0.5450
vt 0.1611 0.9978 0.5132
vt 0.1639 0.9973 0.5635
vt 0.1639 0.9974 0.5642
vt 0.1639 0.9974 0.5646
vt 0.1638 0.9975 0.5643
vt 0.1637 0.9975 0.5641
vt 0.1611 0.9975 0.5846
vt 0.1639 0.9961 0.5632
vt 0.1636 0.9960 0.5807
vt 0.1636 0.9972 0.5846
vt 0.1635 0.9972 0.5848
vt 0.1635 0.9972 0.5845
vt 0.1635 0.9972 0.5842
vt 0.1635 0.9973 0.5837
vt 0.1646 0.9923 0.5129
vt 0.1643 0.9923 0.5403
vt 0.1643 0.9936 0.5403
vt 0.1646 0.9936 0.5129
vt 0.1639 0.9923 0.5628
vt 0.1639 0.9936 0.5629
vt 0.1633 0.9923 0.5922
vt 0.1633 0.9936 0.5922
vt 0.1636 0.9936 0.5800
vt 0.1636 0.9923 0.5797
vt 0.1586 0.9973 0.6827
vt 0.1586 0.9976 0.5843
vt 0.1611 0.9973 0.6708
vt 0.1633 0.9970 0.5939
vt 0.1611 0.9970 0.6913
vt 0.1633 0.9959 0.5922
vt 0.1611 0.9959 0.7107
vt 0.1526 0.9973 0.5129
vt 0.1527 0.9976 0.5129
vt 0.1530 0.9975 0.5403
vt 0.1530 0.9974 0.5403
vt 0.1529 0.9977 0.5129
vt 0.1531 0.9976 0.5403
vt 0.1531 0.9978 0.5129
vt 0.1532 0.9976 0.5403
vt 0.1533 0.9978 0.5129
vt 0.1533 0.9977 0.5403
vt 0.1561 0.9978 0.5132
vt 0.1561 0.9977 0.5450
vt 0.1533 0.9974 0.5642
vt 0.1533 0.9973 0.5635
vt 0.1534 0.9974 0.5646
vt 0.1534 0.9975 0.5643
vt 0.1535 0.9975 0.5641
vt 0.1561 0.9975 0.5846
vt 0.1537 0.9972 0.5846
vt 0.1537 0.9960 0.5807
vt 0.1533 0.9961 0.5632
vt 0.1537 0.9972 0.5848
vt 0.1537 0.9972 0.5845
vt 0.1537 0.9972 0.5842
vt 0.1538 0.9973 0.5837
vt 0.1526 0.9923 0.5129
vt 0.1526 0.9936 0.5129
vt 0.1530 0.9936 0.5403
vt 0.1530 0.9923 0.5403
vt 0.1533 0.9936 0.5629
vt 0.1533 0.9923 0.5628
vt 0.1539 0.9923 0.5922
vt 0.1537 0.9923 0.5797
vt 0.1537 0.9936 0.5800
vt 0.1539 0.9936 0.5922
vt 0.1561 0.9973 0.6708
vt 0.1539 0.9970 0.5939
vt 0.1561 0.9970 0.6913
vt 0.1561 0.9959 0.7107
vt 0.1539 0.9959 0.5922
vt 0.1586 0.9977 0.5448
vt 0.1586 0.9978 0.5132
vt 0.1586 0.9970 0.7035
vt 0.1586 0.9959 0.7346
vt 0.1561 0.9923 0.7107
vt 0.1561 0.9936 0.7107
vt 0.1586 0.9936 0.7560
vt 0.1586 0.9923 0.7560
vt 0.1636 0.9948 0.5804
vt 0.1639 0.9948 0.5631
vt 0.1646 0.9948 0.5129
vt 0.1643 0.9948 0.5403
vt 0.1643 0.9961 0.5403
vt 0.1646 0.9961 0.5129
vt 0.1633 0.9948 0.5922
vt 0.1611 0.9948 0.7107
vt 0.1611 0.9936 0.7107
vt 0.1533 0.9948 0.5631
vt 0.1537 0.9948 0.5804
vt 0.1530 0.9948 0.5403
vt 0.1526 0.9948 0.5129
vt 0.1526 0.9961 0.5129
vt 0.1530 0.9961 0.5403
vt 0.1539 0.9948 0.5922
vt 0.1561 0.9948 0.7107
vt 0.1586 0.9948 0.7560
vt 0.1611 0.9923 0.7107
vt 0.1640 0.2539 0.5130
vt 0.1628 0.2539 0.5403
vt 0.1192 0.2539 0.5403
vt 0.1180 0.2539 0.5130
vt 0.1576 0.7462 0.7107
# 244 texture coords

o Rectangle025
g Rectangle025
usemtl wire_115115115
s off
f 5380/5393/5226 5379/5392/5225 5378/5391/5224 5377/5390/5223 
f 5379/5392/5225 5382/5395/5228 5381/5394/5227 5378/5391/5224 
f 5382/5395/5228 5384/5397/5230 5383/5396/5229 5381/5394/5227 
f 5384/5397/5230 5386/5399/5232 5385/5398/5231 5383/5396/5229 
f 5386/5399/5232 5388/5401/5234 5387/5400/5233 5385/5398/5231 
f 5390/5403/5236 5389/5402/5235 5379/5392/5225 5380/5393/5226 
f 5389/5402/5235 5391/5404/5237 5382/5395/5228 5379/5392/5225 
f 5391/5404/5237 5392/5405/5238 5384/5397/5230 5382/5395/5228 
f 5392/5405/5238 5393/5406/5239 5386/5399/5232 5384/5397/5230 
f 5393/5406/5239 5394/5407/5240 5388/5401/5234 5386/5399/5232 
f 5397/5410/5243 5396/5409/5242 5395/5408/5241 5390/5403/5236 
f 5390/5403/5236 5395/5408/5241 5398/5411/5244 5389/5402/5235 
f 5389/5402/5235 5398/5411/5244 5399/5412/5245 5391/5404/5237 
f 5391/5404/5237 5399/5412/5245 5400/5413/5246 5392/5405/5238 
f 5392/5405/5238 5400/5413/5246 5401/5414/5247 5393/5406/5239 
f 5405/5418/5251 5404/5417/5250 5403/5416/5249 5402/5415/5248 
f 5407/5420/5253 5406/5419/5252 5404/5417/5250 5405/5418/5251 
s 1
f 5411/5424/5257 5410/5423/5256 5409/5422/5255 5408/5421/5254 
s off
f 5414/5427/5260 5394/5407/5240 5413/5426/5259 5412/5425/5258 
s 1
f 5415/5428/5261 5401/5414/5247 5400/5413/5246 5399/5412/5245 5398/5411/5244 5395/5408/5241 
f 5415/5428/5261 5416/5429/5262 5413/5426/5259 5401/5414/5247 
f 5418/5431/5264 5417/5430/5263 5416/5429/5262 5415/5428/5261 
s off
f 5422/5435/5268 5421/5434/5267 5420/5433/5266 5419/5432/5265 
f 5424/5437/5270 5423/5436/5269 5421/5434/5267 5422/5435/5268 
f 5426/5439/5272 5425/5438/5271 5423/5436/5269 5424/5437/5270 
f 5428/5441/5274 5427/5440/5273 5425/5438/5271 5426/5439/5272 
f 5430/5443/5276 5429/5442/5275 5427/5440/5273 5428/5441/5274 
f 5421/5434/5267 5432/5445/5278 5431/5444/5277 5420/5433/5266 
f 5423/5436/5269 5433/5446/5279 5432/5445/5278 5421/5434/5267 
f 5425/5438/5271 5434/5447/5280 5433/5446/5279 5423/5436/5269 
f 5427/5440/5273 5435/5448/5281 5434/5447/5280 5425/5438/5271 
f 5429/5442/5275 5436/5449/5282 5435/5448/5281 5427/5440/5273 
f 5439/5452/5285 5438/5451/5284 5437/5450/5283 5431/5444/5277 
f 5440/5453/5286 5439/5452/5285 5431/5444/5277 5432/5445/5278 
f 5441/5454/5287 5440/5453/5286 5432/5445/5278 5433/5446/5279 
f 5442/5455/5288 5441/5454/5287 5433/5446/5279 5434/5447/5280 
f 5443/5456/5289 5442/5455/5288 5434/5447/5280 5435/5448/5281 
f 5447/5460/5293 5446/5459/5292 5445/5458/5291 5444/5457/5290 
f 5444/5457/5290 5445/5458/5291 5449/5462/5295 5448/5461/5294 
s 1
f 5453/5466/5299 5452/5465/5298 5451/5464/5297 5450/5463/5296 
s off
f 5454/5467/5300 5436/5449/5282 5414/5427/5260 5412/5425/5258 
s 1
f 5440/5453/5286 5441/5454/5287 5442/5455/5288 5443/5456/5289 5455/5468/5301 5439/5452/5285 
f 5454/5467/5300 5456/5469/5302 5455/5468/5301 5443/5456/5289 
f 5456/5469/5302 5458/5471/5304 5457/5470/5303 5455/5468/5301 
s off
f 5388/5401/5234 5460/5473/5306 5459/5472/5305 5387/5400/5233 
f 5394/5407/5240 5414/5427/5260 5460/5473/5306 5388/5401/5234 
f 5394/5407/5240 5393/5406/5239 5401/5414/5247 5413/5426/5259 
s 1
f 5416/5429/5262 5461/5474/5307 5412/5425/5258 5413/5426/5259 
f 5417/5430/5263 5462/5475/5308 5461/5474/5307 5416/5429/5262 
s off
f 5430/5443/5276 5459/5472/5305 5460/5473/5306 5429/5442/5275 
f 5429/5442/5275 5460/5473/5306 5414/5427/5260 5436/5449/5282 
f 5454/5467/5300 5443/5456/5289 5435/5448/5281 5436/5449/5282 
s 1
f 5454/5467/5300 5412/5425/5258 5461/5474/5307 5456/5469/5302 
f 5466/5479/5312 5465/5478/5311 5464/5477/5310 5463/5476/5309 
s off
f 5470/5483/5316 5469/5482/5315 5468/5481/5314 5467/5480/5313 
f 5474/5487/5319 5473/5486/5318 5472/5485/5317 5471/5484/5317 
f 5470/5483/5316 5397/5410/5243 5473/5486/5318 5474/5487/5319 
s 1
f 5475/5488/5320 5418/5431/5264 5396/5409/5242 5467/5480/5313 
f 5475/5488/5320 5478/5491/5323 5477/5490/5322 5476/5489/5321 
s off
f 5482/5495/5327 5481/5494/5326 5480/5493/5325 5479/5492/5324 
f 5486/5499/5330 5485/5498/5330 5484/5497/5329 5483/5496/5328 
f 5483/5496/5328 5484/5497/5329 5437/5450/5283 5479/5492/5324 
s 1
f 5482/5495/5327 5438/5451/5284 5457/5470/5303 5487/5500/5331 
f 5490/5503/5334 5489/5502/5333 5488/5501/5332 5487/5500/5331 
f 5476/5489/5321 5477/5490/5322 5492/5505/5336 5491/5504/5335 
f 5490/5503/5334 5458/5471/5304 5462/5475/5308 5491/5504/5335 
s off
f 5494/5507/5338 5474/5487/5319 5471/5484/5317 5493/5506/5337 
f 5469/5482/5315 5470/5483/5316 5474/5487/5319 5494/5507/5338 
s 1
f 5478/5491/5323 5475/5488/5320 5467/5480/5313 5468/5481/5314 
s off
f 5496/5509/5340 5486/5499/5330 5483/5496/5328 5495/5508/5339 
f 5495/5508/5339 5483/5496/5328 5479/5492/5324 5480/5493/5325 
s 1
f 5481/5494/5326 5482/5495/5327 5487/5500/5331 5488/5501/5332 
f 5489/5502/5333 5490/5503/5334 5491/5504/5335 5492/5505/5336 
s off
f 5498/5511/5342 5406/5419/5252 5409/5422/5255 5497/5510/5341 
s 1
f 5501/5514/5345 5410/5423/5256 5500/5513/5344 5499/5512/5343 
s off
f 5503/5516/5347 5452/5465/5298 5449/5462/5295 5502/5515/5346 
s 1
f 5505/5518/5349 5465/5478/5311 5451/5464/5297 5504/5517/5348 
f 5499/5512/5343 5500/5513/5344 5464/5477/5310 5506/5519/5309 
s off
f 5397/5410/5243 5470/5483/5316 5467/5480/5313 5396/5409/5242 
s 1
f 5418/5431/5264 5475/5488/5320 5476/5489/5321 5417/5430/5263 
s off
f 5438/5451/5284 5482/5495/5327 5479/5492/5324 5437/5450/5283 
s 1
f 5458/5471/5304 5490/5503/5334 5487/5500/5331 5457/5470/5303 
f 5417/5430/5263 5476/5489/5321 5491/5504/5335 5462/5475/5308 
s off
f 5473/5486/5318 5380/5393/5226 5377/5390/5223 5472/5485/5317 
f 5397/5410/5243 5390/5403/5236 5380/5393/5226 5473/5486/5318 
s 1
f 5418/5431/5264 5415/5428/5261 5395/5408/5241 5396/5409/5242 
s off
f 5485/5498/5330 5419/5432/5265 5420/5433/5266 5484/5497/5329 
f 5484/5497/5329 5420/5433/5266 5431/5444/5277 5437/5450/5283 
s 1
f 5438/5451/5284 5439/5452/5285 5455/5468/5301 5457/5470/5303 
f 5458/5471/5304 5456/5469/5302 5461/5474/5307 5462/5475/5308 
s off
f 5510/5523/5353 5509/5522/5352 5508/5521/5351 5507/5520/5350 
f 5512/5525/5355 5511/5524/5354 5509/5522/5352 5510/5523/5353 
f 5514/5527/5357 5513/5526/5356 5511/5524/5354 5512/5525/5355 
f 5516/5529/5359 5515/5528/5358 5513/5526/5356 5514/5527/5357 
f 5518/5531/5361 5517/5530/5360 5515/5528/5358 5516/5529/5359 
f 5509/5522/5352 5520/5533/5363 5519/5532/5362 5508/5521/5351 
f 5511/5524/5354 5521/5534/5364 5520/5533/5363 5509/5522/5352 
f 5513/5526/5356 5522/5535/5365 5521/5534/5364 5511/5524/5354 
f 5515/5528/5358 5523/5536/5366 5522/5535/5365 5513/5526/5356 
f 5517/5530/5360 5524/5537/5367 5523/5536/5366 5515/5528/5358 
f 5527/5540/5370 5526/5539/5369 5525/5538/5368 5519/5532/5362 
f 5528/5541/5371 5527/5540/5370 5519/5532/5362 5520/5533/5363 
f 5529/5542/5372 5528/5541/5371 5520/5533/5363 5521/5534/5364 
f 5530/5543/5373 5529/5542/5372 5521/5534/5364 5522/5535/5365 
f 5531/5544/5374 5530/5543/5373 5522/5535/5365 5523/5536/5366 
f 5535/5548/5378 5534/5547/5377 5533/5546/5376 5532/5545/5375 
f 5534/5547/5377 5537/5550/5380 5536/5549/5379 5533/5546/5376 
s 1
f 5541/5554/5384 5540/5553/5383 5539/5552/5382 5538/5551/5381 
s off
f 5544/5557/5387 5524/5537/5367 5543/5556/5386 5542/5555/5385 
s 1
f 5528/5541/5371 5529/5542/5372 5530/5543/5373 5531/5544/5374 5545/5558/5388 5527/5540/5370 
f 5544/5557/5387 5546/5559/5389 5545/5558/5388 5531/5544/5374 
f 5546/5559/5389 5548/5561/5391 5547/5560/5390 5545/5558/5388 
s off
f 5552/5565/5395 5551/5564/5394 5550/5563/5393 5549/5562/5392 
f 5551/5564/5394 5554/5567/5397 5553/5566/5396 5550/5563/5393 
f 5554/5567/5397 5556/5569/5399 5555/5568/5398 5553/5566/5396 
f 5556/5569/5399 5558/5571/5401 5557/5570/5400 5555/5568/5398 
f 5558/5571/5401 5560/5573/5403 5559/5572/5402 5557/5570/5400 
f 5562/5575/5405 5561/5574/5404 5551/5564/5394 5552/5565/5395 
f 5561/5574/5404 5563/5576/5406 5554/5567/5397 5551/5564/5394 
f 5563/5576/5406 5564/5577/5407 5556/5569/5399 5554/5567/5397 
f 5564/5577/5407 5565/5578/5408 5558/5571/5401 5556/5569/5399 
f 5565/5578/5408 5566/5579/5409 5560/5573/5403 5558/5571/5401 
f 5569/5582/5412 5568/5581/5411 5567/5580/5410 5562/5575/5405 
f 5562/5575/5405 5567/5580/5410 5570/5583/5413 5561/5574/5404 
f 5561/5574/5404 5570/5583/5413 5571/5584/5414 5563/5576/5406 
f 5563/5576/5406 5571/5584/5414 5572/5585/5415 5564/5577/5407 
f 5564/5577/5407 5572/5585/5415 5573/5586/5416 5565/5578/5408 
f 5577/5590/5420 5576/5589/5419 5575/5588/5418 5574/5587/5417 
f 5579/5592/5422 5578/5591/5421 5576/5589/5419 5577/5590/5420 
s 1
f 5583/5596/5426 5582/5595/5425 5581/5594/5424 5580/5593/5423 
s off
f 5543/5556/5386 5566/5579/5409 5584/5597/5427 5542/5555/5385 
s 1
f 5585/5598/5428 5573/5586/5416 5572/5585/5415 5571/5584/5414 5570/5583/5413 5567/5580/5410 
f 5585/5598/5428 5586/5599/5429 5584/5597/5427 5573/5586/5416 
f 5588/5601/5431 5587/5600/5430 5586/5599/5429 5585/5598/5428 
s off
f 5590/5603/5433 5589/5602/5432 5517/5530/5360 5518/5531/5361 
f 5589/5602/5432 5543/5556/5386 5524/5537/5367 5517/5530/5360 
f 5531/5544/5374 5523/5536/5366 5524/5537/5367 5544/5557/5387 
s 1
f 5542/5555/5385 5591/5604/5434 5546/5559/5389 5544/5557/5387 
f 5591/5604/5434 5592/5605/5435 5548/5561/5391 5546/5559/5389 
s off
f 5589/5602/5432 5590/5603/5433 5559/5572/5402 5560/5573/5403 
f 5543/5556/5386 5589/5602/5432 5560/5573/5403 5566/5579/5409 
f 5565/5578/5408 5573/5586/5416 5584/5597/5427 5566/5579/5409 
s 1
f 5591/5604/5434 5542/5555/5385 5584/5597/5427 5586/5599/5429 
f 5596/5609/5439 5595/5608/5438 5594/5607/5437 5593/5606/5436 
s off
f 5540/5553/5383 5537/5550/5380 5598/5611/5441 5597/5610/5440 
f 5602/5615/5378 5601/5614/5443 5600/5613/5442 5599/5612/5378 
f 5601/5614/5443 5525/5538/5368 5598/5611/5441 5600/5613/5442 
s 1
f 5526/5539/5369 5547/5560/5390 5603/5616/5444 5597/5610/5440 
f 5605/5618/5446 5539/5552/5382 5603/5616/5444 5604/5617/5445 
s off
f 5578/5591/5421 5582/5595/5425 5607/5620/5448 5606/5619/5447 
f 5611/5624/5450 5610/5623/5418 5609/5622/5418 5608/5621/5449 
f 5569/5582/5412 5611/5624/5450 5608/5621/5449 5606/5619/5447 
s 1
f 5588/5601/5431 5568/5581/5411 5607/5620/5448 5612/5625/5451 
f 5583/5596/5426 5594/5607/5437 5613/5626/5452 5612/5625/5451 
f 5595/5608/5438 5605/5618/5446 5604/5617/5445 5614/5627/5453 
f 5592/5605/5435 5587/5600/5430 5613/5626/5452 5614/5627/5453 
s off
f 5599/5612/5378 5600/5613/5442 5534/5547/5377 5535/5548/5378 
f 5600/5613/5442 5598/5611/5441 5537/5550/5380 5534/5547/5377 
s 1
f 5597/5610/5440 5603/5616/5444 5539/5552/5382 5540/5553/5383 
s off
f 5608/5621/5449 5609/5622/5418 5575/5588/5418 5576/5589/5419 
f 5606/5619/5447 5608/5621/5449 5576/5589/5419 5578/5591/5421 
s 1
f 5612/5625/5451 5607/5620/5448 5582/5595/5425 5583/5596/5426 
f 5614/5627/5453 5613/5626/5452 5594/5607/5437 5595/5608/5438 
s off
f 5541/5554/5384 5536/5549/5379 5537/5550/5380 5540/5553/5383 
s 1
f 5615/5628/5454 5538/5551/5381 5539/5552/5382 5605/5618/5446 
s off
f 5579/5592/5422 5581/5594/5424 5582/5595/5425 5578/5591/5421 
s 1
f 5580/5593/5423 5593/5606/5436 5594/5607/5437 5583/5596/5426 
f 5596/5609/5439 5615/5628/5454 5605/5618/5446 5595/5608/5438 
s off
f 5597/5610/5440 5598/5611/5441 5525/5538/5368 5526/5539/5369 
s 1
f 5604/5617/5445 5603/5616/5444 5547/5560/5390 5548/5561/5391 
s off
f 5606/5619/5447 5607/5620/5448 5568/5581/5411 5569/5582/5412 
s 1
f 5612/5625/5451 5613/5626/5452 5587/5600/5430 5588/5601/5431 
f 5614/5627/5453 5604/5617/5445 5548/5561/5391 5592/5605/5435 
s off
f 5507/5520/5350 5508/5521/5351 5601/5614/5443 5602/5615/5378 
f 5508/5521/5351 5519/5532/5362 5525/5538/5368 5601/5614/5443 
s 1
f 5527/5540/5370 5545/5558/5388 5547/5560/5390 5526/5539/5369 
s off
f 5552/5565/5395 5549/5562/5392 5610/5623/5418 5611/5624/5450 
f 5562/5575/5405 5552/5565/5395 5611/5624/5450 5569/5582/5412 
s 1
f 5585/5598/5428 5567/5580/5410 5568/5581/5411 5588/5601/5431 
f 5591/5604/5434 5586/5599/5429 5587/5600/5430 5592/5605/5435 
s off
f 5617/5630/5456 5494/5507/5338 5493/5506/5337 5616/5629/5455 
f 5404/5417/5250 5617/5630/5456 5616/5629/5455 5403/5416/5249 
f 5402/5415/5248 5532/5545/5375 5533/5546/5376 5405/5418/5251 
f 5498/5511/5342 5469/5482/5315 5494/5507/5338 5617/5630/5456 
f 5406/5419/5252 5498/5511/5342 5617/5630/5456 5404/5417/5250 
f 5405/5418/5251 5533/5546/5376 5536/5549/5379 5407/5420/5253 
s 1
f 5501/5514/5345 5478/5491/5323 5468/5481/5314 5497/5510/5341 
f 5410/5423/5256 5501/5514/5345 5497/5510/5341 5409/5422/5255 
f 5408/5421/5254 5541/5554/5384 5538/5551/5381 5411/5424/5257 
s off
f 5619/5632/5458 5496/5509/5340 5495/5508/5339 5618/5631/5457 
f 5446/5459/5292 5619/5632/5458 5618/5631/5457 5445/5458/5291 
f 5444/5457/5290 5577/5590/5420 5574/5587/5417 5447/5460/5293 
f 5618/5631/5457 5495/5508/5339 5480/5493/5325 5502/5515/5346 
f 5445/5458/5291 5618/5631/5457 5502/5515/5346 5449/5462/5295 
f 5448/5461/5294 5579/5592/5422 5577/5590/5420 5444/5457/5290 
s 1
f 5503/5516/5347 5481/5494/5326 5488/5501/5332 5504/5517/5348 
f 5452/5465/5298 5503/5516/5347 5504/5517/5348 5451/5464/5297 
f 5450/5463/5296 5580/5593/5423 5581/5594/5424 5453/5466/5299 
f 5505/5518/5349 5489/5502/5333 5492/5505/5336 5506/5519/5309 
f 5465/5478/5311 5505/5518/5349 5506/5519/5309 5464/5477/5310 
f 5463/5476/5309 5596/5609/5439 5593/5606/5436 5466/5479/5312 
s off
f 5407/5420/5253 5536/5549/5379 5541/5554/5384 5408/5421/5254 
f 5406/5419/5252 5407/5420/5253 5408/5421/5254 5409/5422/5255 
f 5497/5510/5341 5468/5481/5314 5469/5482/5315 5498/5511/5342 
s 1
f 5411/5424/5257 5538/5551/5381 5615/5628/5454 5620/5633/5459 
f 5410/5423/5256 5411/5424/5257 5620/5633/5459 5500/5513/5344 
f 5499/5512/5343 5477/5490/5322 5478/5491/5323 5501/5514/5345 
s off
f 5453/5466/5299 5581/5594/5424 5579/5592/5422 5448/5461/5294 
f 5452/5465/5298 5453/5466/5299 5448/5461/5294 5449/5462/5295 
f 5502/5515/5346 5480/5493/5325 5481/5494/5326 5503/5516/5347 
s 1
f 5466/5479/5312 5593/5606/5436 5580/5593/5423 5450/5463/5296 
f 5465/5478/5311 5466/5479/5312 5450/5463/5296 5451/5464/5297 
f 5504/5517/5348 5488/5501/5332 5489/5502/5333 5505/5518/5349 
f 5620/5633/5459 5615/5628/5454 5596/5609/5439 5463/5476/5309 
f 5500/5513/5344 5620/5633/5459 5463/5476/5309 5464/5477/5310 
f 5506/5519/5309 5492/5505/5336 5477/5490/5322 5499/5512/5343 
# 216 polygons

#
# object Rectangle026
#

v  -892.8874 42.0632 139.5096
v  -892.8874 41.4788 139.8873
v  -892.3407 41.5833 141.5876
v  -892.3407 41.8706 141.4140
v  -892.8874 41.0256 140.9012
v  -892.3407 41.3665 142.0159
v  -892.8874 40.8342 142.0051
v  -892.3407 41.2209 142.8474
v  -892.8874 40.7332 143.2228
v  -892.3407 41.1833 143.3323
v  -892.8816 40.7332 160.1907
v  -892.2462 41.1833 160.1917
v  -891.8619 41.9565 143.6131
v  -891.8755 42.1367 143.5140
v  -891.8544 41.8533 143.7993
v  -891.8593 41.7554 144.2887
v  -891.8640 41.7344 144.5732
v  -891.6477 41.7102 160.2024
v  -891.5294 42.5764 145.7139
v  -891.5324 45.9089 145.6802
v  -891.8813 45.6887 143.4916
v  -891.5306 42.4775 145.7898
v  -891.5409 42.4011 145.8688
v  -891.5461 42.3550 146.0171
v  -891.5538 42.3152 146.2000
v  -892.8877 2120.1904 139.6462
v  -892.8876 1431.0022 139.6036
v  -892.3409 1431.0017 140.7588
v  -892.3411 2120.1902 140.3994
v  -891.8887 1431.0051 141.9931
v  -891.8894 2120.1919 141.2026
v  -891.5516 2120.1943 142.0500
v  -891.5497 1431.0098 143.2953
v  -891.3029 1431.0117 144.1470
v  -891.3030 2120.1951 142.6096
v  -889.2749 42.3059 175.0952
v  -889.5138 42.3103 160.2164
v  -891.6519 41.7083 175.0952
v  -891.3027 42.7292 146.9647
v  -889.3550 42.7485 160.2230
v  -888.9324 45.9961 160.2231
v  -891.3027 45.9866 146.9748
v  -892.8873 42.0632 210.6809
v  -892.3407 41.8706 208.7764
v  -892.3407 41.5833 208.6029
v  -892.8873 41.4788 210.3032
v  -892.3407 41.3665 208.1746
v  -892.8873 41.0256 209.2893
v  -892.3407 41.2209 207.3431
v  -892.8873 40.8342 208.1854
v  -892.3407 41.1833 206.8582
v  -892.8873 40.7332 206.9677
v  -892.2462 41.1833 189.9986
v  -892.8816 40.7332 189.9995
v  -891.8755 42.1367 206.6765
v  -891.8619 41.9565 206.5774
v  -891.8544 41.8533 206.3912
v  -891.8593 41.7554 205.9018
v  -891.8640 41.7344 205.6172
v  -891.6477 41.7102 189.9880
v  -891.8813 45.6887 206.6989
v  -891.5323 45.9089 204.5103
v  -891.5293 42.5764 204.4765
v  -891.5306 42.4775 204.4007
v  -891.5409 42.4011 204.3217
v  -891.5461 42.3550 204.1734
v  -891.5538 42.3152 203.9905
v  -892.3411 2120.1902 167.0407
v  -892.3409 1431.0017 181.6190
v  -892.8876 1431.0022 182.7742
v  -892.8877 2120.1904 167.7939
v  -891.8894 2120.1919 166.2375
v  -891.8887 1431.0051 180.3847
v  -891.3030 2120.1953 164.8305
v  -891.3029 1431.0117 178.2307
v  -891.5497 1431.0098 179.0824
v  -891.5516 2120.1941 165.3902
v  -889.5138 42.3103 189.9742
v  -891.3027 42.7292 203.2258
v  -889.3550 42.7485 189.9677
v  -891.3027 45.9866 203.2157
v  -888.9324 45.9961 189.9676
v  -892.8826 40.7332 175.0952
v  -892.2498 41.1833 175.0952
v  -889.1108 42.7678 175.0952
v  -888.4534 46.0056 175.0952
v  -888.0271 2120.1951 153.7201
v  -888.0270 1431.0117 161.1889
v  -888.9326 1431.0117 170.2099
v  -888.9327 2120.1953 159.6019
v  -891.5385 49.2415 145.6464
v  -891.5460 52.6409 145.6127
v  -891.8873 52.6316 143.4572
v  -891.8849 49.2366 143.4736
v  -892.8874 49.2356 139.5096
v  -892.8874 45.6494 139.5096
v  -892.3407 45.5520 141.4140
v  -892.3407 49.2336 141.4140
v  -891.3027 49.2434 146.9848
v  -888.9324 49.2434 160.2231
v  -888.9324 52.6448 160.2232
v  -891.3027 52.6448 146.9949
v  -891.8849 49.2366 206.7169
v  -891.8873 52.6316 206.7333
v  -891.5459 52.6409 204.5778
v  -891.5385 49.2415 204.5441
v  -892.3407 49.2336 208.7764
v  -892.3407 45.5520 208.7764
v  -892.8873 45.6494 210.6809
v  -892.8873 49.2356 210.6809
v  -891.3027 49.2434 203.2056
v  -891.3027 52.6448 203.1956
v  -888.9324 52.6448 189.9675
v  -888.9324 49.2434 189.9676
v  -888.0267 49.2439 175.0952
v  -888.0267 52.6448 175.0952
v  -892.8874 52.6257 139.5096
v  -892.3407 52.6248 141.4140
v  -892.3407 52.6248 208.7764
v  -892.8873 52.6257 210.6809
v  -891.5479 741.8254 144.8382
v  -891.8880 741.8184 143.1679
v  -888.9325 741.8281 156.1888
v  -888.9326 1431.0117 152.1679
v  -891.3028 741.8281 145.9199
v  -891.8880 741.8184 192.3037
v  -891.5479 741.8252 190.6335
v  -891.3028 741.8284 189.5517
v  -888.9325 741.8284 179.2830
v  -888.0269 741.8281 167.7358
v  -892.8878 2823.4834 139.4354
v  -892.3412 2823.6760 139.8196
v  -892.3412 2823.9631 139.8546
v  -892.8878 2824.0681 139.5116
v  -892.3412 2824.1799 139.9410
v  -892.8878 2824.5210 139.7161
v  -892.3412 2824.3254 140.1088
v  -892.8878 2824.7124 139.9388
v  -892.3412 2824.3630 140.2066
v  -892.8878 2824.8135 140.1845
v  -892.2466 2824.3630 143.6078
v  -892.8820 2824.8135 143.6077
v  -891.8760 2823.4099 140.2432
v  -891.8624 2823.5901 140.2632
v  -891.8549 2823.6931 140.3008
v  -891.8598 2823.7910 140.3995
v  -891.8645 2823.8120 140.4570
v  -891.4556 2824.0479 143.6100
v  -891.8818 2819.8577 140.2387
v  -891.5328 2819.6375 140.6803
v  -891.4541 2822.9700 140.6871
v  -891.4514 2823.0691 140.7024
v  -891.4570 2823.1458 140.7183
v  -891.4634 2823.1917 140.7482
v  -891.4727 2823.2314 140.7851
v  -892.8878 2809.3787 139.4354
v  -892.3412 2809.3787 139.8196
v  -892.3412 2812.9216 139.8196
v  -892.8878 2812.9209 139.4354
v  -891.8901 2809.3787 140.2285
v  -891.8878 2812.9150 140.2318
v  -891.3032 2809.3787 140.9475
v  -891.3032 2812.9019 140.9455
v  -891.5464 2812.9060 140.6666
v  -891.5535 2809.3787 140.6598
v  -889.4927 2823.2410 146.6145
v  -891.4598 2824.0500 146.6145
v  -889.7316 2823.2363 143.6128
v  -891.2692 2822.4360 140.9394
v  -889.3215 2822.4167 143.6142
v  -891.3032 2819.5603 140.9414
v  -888.9329 2819.5505 143.6142
v  -892.8878 2823.4834 153.7937
v  -892.8878 2824.0681 153.7175
v  -892.3412 2823.9631 153.3745
v  -892.3412 2823.6760 153.4095
v  -892.8878 2824.5210 153.5129
v  -892.3412 2824.1799 153.2880
v  -892.8878 2824.7124 153.2902
v  -892.3412 2824.3254 153.1203
v  -892.8878 2824.8135 153.0446
v  -892.3412 2824.3630 153.0225
v  -892.8820 2824.8135 149.6214
v  -892.2466 2824.3630 149.6212
v  -891.8624 2823.5901 152.9658
v  -891.8760 2823.4099 152.9858
v  -891.8549 2823.6931 152.9283
v  -891.8598 2823.7910 152.8295
v  -891.8645 2823.8120 152.7721
v  -891.4556 2824.0479 149.6190
v  -891.4541 2822.9700 152.5420
v  -891.5328 2819.6375 152.5488
v  -891.8818 2819.8577 152.9903
v  -891.4514 2823.0691 152.5267
v  -891.4570 2823.1458 152.5107
v  -891.4634 2823.1917 152.4808
v  -891.4726 2823.2314 152.4439
v  -892.8878 2809.3787 153.7937
v  -892.8878 2812.9209 153.7937
v  -892.3412 2812.9216 153.4095
v  -892.3412 2809.3787 153.4095
v  -891.8878 2812.9150 152.9973
v  -891.8901 2809.3787 153.0006
v  -891.3032 2809.3787 152.2815
v  -891.5535 2809.3787 152.5692
v  -891.5464 2812.9060 152.5624
v  -891.3032 2812.9021 152.2836
v  -889.7316 2823.2363 149.6163
v  -891.2692 2822.4360 152.2897
v  -889.3215 2822.4167 149.6149
v  -888.9329 2819.5505 149.6149
v  -891.3032 2819.5603 152.2876
v  -892.2503 2824.3630 146.6145
v  -892.8831 2824.8135 146.6145
v  -889.0773 2822.3977 146.6145
v  -888.4539 2819.5410 146.6145
v  -888.9329 2809.3787 149.6149
v  -888.9329 2812.9021 149.6149
v  -888.0272 2812.9019 146.6145
v  -888.0272 2809.3787 146.6145
v  -891.5389 2816.3049 140.6735
v  -891.8854 2816.3101 140.2351
v  -892.8878 2816.3110 139.4354
v  -892.3412 2816.3130 139.8196
v  -892.3412 2819.9946 139.8196
v  -892.8878 2819.8972 139.4354
v  -891.3032 2816.3032 140.9435
v  -888.9329 2816.3030 143.6142
v  -888.9329 2812.9019 143.6142
v  -891.8854 2816.3101 152.9940
v  -891.5389 2816.3049 152.5556
v  -892.3412 2816.3130 153.4095
v  -892.8878 2816.3110 153.7937
v  -892.8878 2819.8972 153.7937
v  -892.3412 2819.9946 153.4095
v  -891.3032 2816.3032 152.2856
v  -888.9329 2816.3030 149.6149
v  -888.0272 2816.3030 146.6145
v  -888.9329 2809.3787 143.6142
v  -892.8875 741.8140 140.1061
v  -892.3408 741.8132 141.5848
v  -892.3408 741.8132 193.8868
v  -892.8875 741.8140 195.3655
v  -888.9327 2120.1951 147.8383
# 244 vertices

vn 0.9720 -0.0541 -0.2285
vn 0.9490 -0.2147 -0.2308
vn 0.9482 -0.2522 -0.1931
vn 0.9763 -0.0679 -0.2053
vn 0.8523 -0.4895 -0.1845
vn 0.8797 -0.4566 -0.1332
vn 0.7589 -0.6438 -0.0982
vn 0.8162 -0.5736 -0.0693
vn 0.7209 -0.6923 -0.0313
vn 0.7917 -0.6102 -0.0299
vn 0.6632 -0.7484 -0.0001
vn 0.7028 -0.7114 -0.0015
vn 0.9850 -0.1029 -0.1387
vn 0.9883 -0.0120 -0.1520
vn 0.9580 -0.2719 -0.0913
vn 0.9133 -0.4053 -0.0399
vn 0.8883 -0.4590 -0.0135
vn 0.5524 -0.8336 -0.0037
vn 0.9911 -0.0480 -0.1241
vn 0.9911 -0.0003 -0.1334
vn 0.9886 0.0002 -0.1503
vn 0.9918 0.0415 0.1208
vn 0.9827 -0.1818 -0.0361
vn 0.9923 -0.1237 0.0034
vn 0.9687 -0.2341 -0.0824
vn 0.8649 -0.0001 -0.5019
vn 0.9353 -0.0001 -0.3539
vn 0.9482 -0.0003 -0.3177
vn 0.8897 -0.0003 -0.4566
vn 0.9701 -0.0003 -0.2426
vn 0.9339 -0.0005 -0.3574
vn 0.9477 -0.0006 -0.3192
vn 0.9767 -0.0004 -0.2147
vn 0.9737 -0.0005 -0.2278
vn 0.9412 -0.0008 -0.3377
vn 0.7187 -0.6953 -0.0000
vn 0.7329 -0.6787 -0.0476
vn 0.5383 -0.8427 -0.0000
vn 0.9845 -0.1255 -0.1225
vn 0.9797 -0.1903 -0.0631
vn 0.9952 -0.0515 -0.0835
vn 0.9900 0.0004 -0.1410
vn 0.9720 -0.0541 0.2285
vn 0.9763 -0.0679 0.2053
vn 0.9482 -0.2522 0.1931
vn 0.9490 -0.2147 0.2308
vn 0.8797 -0.4566 0.1332
vn 0.8523 -0.4895 0.1845
vn 0.8162 -0.5736 0.0693
vn 0.7589 -0.6438 0.0982
vn 0.7917 -0.6102 0.0299
vn 0.7209 -0.6923 0.0313
vn 0.7028 -0.7114 0.0015
vn 0.6632 -0.7484 0.0001
vn 0.9883 -0.0120 0.1520
vn 0.9850 -0.1029 0.1387
vn 0.9580 -0.2719 0.0913
vn 0.9133 -0.4053 0.0399
vn 0.8883 -0.4590 0.0135
vn 0.5524 -0.8336 0.0037
vn 0.9886 0.0002 0.1503
vn 0.9911 -0.0003 0.1334
vn 0.9911 -0.0480 0.1240
vn 0.9918 0.0415 -0.1208
vn 0.9827 -0.1818 0.0361
vn 0.9923 -0.1237 -0.0034
vn 0.9687 -0.2341 0.0824
vn 0.8896 0.0093 0.4566
vn 0.9482 0.0062 0.3178
vn 0.9353 0.0071 0.3538
vn 0.8649 0.0106 0.5019
vn 0.9339 0.0071 0.3574
vn 0.9701 0.0046 0.2427
vn 0.9412 0.0064 0.3377
vn 0.9737 0.0041 0.2278
vn 0.9767 0.0039 0.2147
vn 0.9477 0.0061 0.3192
vn 0.7329 -0.6787 0.0476
vn 0.9845 -0.1255 0.1225
vn 0.9797 -0.1903 0.0631
vn 0.9900 0.0004 0.1410
vn 0.9952 -0.0515 0.0835
vn 0.6648 -0.7471 -0.0000
vn 0.7030 -0.7112 -0.0000
vn 0.9762 -0.2170 -0.0000
vn 0.9912 -0.1325 -0.0000
vn 1.0000 -0.0000 -0.0000
vn 1.0000 0.0000 0.0000
vn 0.9878 0.0022 0.1555
vn 0.9725 0.0035 0.2329
vn 0.9911 0.0003 -0.1330
vn 0.9912 0.0001 -0.1325
vn 0.9886 -0.0001 -0.1502
vn 0.9886 -0.0001 -0.1504
vn 0.9747 0.0000 -0.2237
vn 0.9800 0.0000 -0.1989
vn 0.9800 0.0000 -0.1990
vn 0.9901 0.0004 -0.1406
vn 0.9955 0.0000 -0.0953
vn 0.9955 -0.0003 -0.0952
vn 0.9901 0.0001 -0.1406
vn 0.9886 -0.0001 0.1504
vn 0.9886 0.0015 0.1504
vn 0.9912 0.0016 0.1324
vn 0.9911 0.0003 0.1330
vn 0.9800 0.0000 0.1990
vn 0.9800 0.0000 0.1989
vn 0.9747 0.0000 0.2237
vn 0.9901 0.0004 0.1406
vn 0.9901 0.0016 0.1406
vn 0.9954 0.0007 0.0956
vn 0.9955 0.0000 0.0953
vn 0.9986 -0.0524 -0.0000
vn 1.0000 0.0000 0.0002
vn 0.9747 0.0001 -0.2237
vn 0.9799 0.0000 -0.1993
vn 0.9799 0.0022 0.1994
vn 0.9747 0.0025 0.2237
vn 0.9855 -0.0003 -0.1695
vn 0.9814 -0.0002 -0.1919
vn 0.9925 -0.0007 -0.1223
vn 0.9878 -0.0009 -0.1554
vn 0.9837 -0.0004 -0.1799
vn 0.9814 0.0037 0.1919
vn 0.9855 0.0031 0.1695
vn 0.9837 0.0033 0.1799
vn 0.9925 0.0018 0.1222
vn 0.6502 0.0383 -0.7588
vn 0.7061 0.0531 -0.7061
vn 0.7128 0.1810 -0.6776
vn 0.6343 0.2121 -0.7434
vn 0.7378 0.3826 -0.5561
vn 0.6640 0.4648 -0.5857
vn 0.7675 0.5478 -0.3329
vn 0.6922 0.6185 -0.3718
vn 0.7754 0.6174 -0.1326
vn 0.7148 0.6875 -0.1282
vn 0.5589 0.8292 -0.0059
vn 0.6633 0.7483 -0.0004
vn 0.7778 0.0110 -0.6284
vn 0.8052 0.0882 -0.5865
vn 0.8555 0.2612 -0.4470
vn 0.8755 0.4266 -0.2271
vn 0.8692 0.4794 -0.1209
vn 0.4769 0.8771 -0.0573
vn 0.8011 -0.0002 -0.5985
vn 0.8308 -0.0069 -0.5566
vn 0.8494 0.0240 -0.5272
vn 0.9802 -0.0309 0.1955
vn 0.9739 0.1326 -0.1842
vn 0.9891 0.1463 -0.0167
vn 0.9184 0.2423 -0.3127
vn 0.6602 -0.0001 -0.7510
vn 0.7065 -0.0003 -0.7077
vn 0.7070 0.0000 -0.7072
vn 0.6602 0.0000 -0.7510
vn 0.8019 -0.0004 -0.5975
vn 0.8015 0.0001 -0.5979
vn 0.8180 -0.0009 -0.5752
vn 0.8178 -0.0003 -0.5755
vn 0.8339 -0.0003 -0.5520
vn 0.8349 -0.0007 -0.5504
vn 0.7477 0.6641 -0.0000
vn 0.4507 0.8927 -0.0000
vn 0.7559 0.6224 -0.2031
vn 0.8655 0.0233 -0.5004
vn 0.9328 0.2287 -0.2786
vn 0.8166 -0.0039 -0.5772
vn 0.9316 0.0501 -0.3600
vn 0.6502 0.0383 0.7588
vn 0.6343 0.2121 0.7434
vn 0.7128 0.1810 0.6776
vn 0.7061 0.0531 0.7061
vn 0.6640 0.4648 0.5857
vn 0.7378 0.3826 0.5561
vn 0.6922 0.6185 0.3718
vn 0.7675 0.5478 0.3329
vn 0.7148 0.6875 0.1282
vn 0.7754 0.6174 0.1326
vn 0.6633 0.7483 0.0004
vn 0.5589 0.8292 0.0059
vn 0.8052 0.0882 0.5865
vn 0.7778 0.0110 0.6284
vn 0.8555 0.2612 0.4470
vn 0.8755 0.4266 0.2271
vn 0.8692 0.4794 0.1209
vn 0.4769 0.8771 0.0573
vn 0.8494 0.0240 0.5272
vn 0.8308 -0.0069 0.5566
vn 0.8011 -0.0002 0.5985
vn 0.9802 -0.0309 -0.1955
vn 0.9739 0.1326 0.1842
vn 0.9891 0.1463 0.0167
vn 0.9184 0.2423 0.3127
vn 0.6602 0.0077 0.7510
vn 0.6602 0.0000 0.7511
vn 0.7070 0.0000 0.7072
vn 0.7067 0.0070 0.7075
vn 0.8015 0.0001 0.5979
vn 0.8021 0.0058 0.5971
vn 0.8180 0.0051 0.5752
vn 0.8348 0.0050 0.5505
vn 0.8339 -0.0003 0.5520
vn 0.8178 -0.0003 0.5755
vn 0.7559 0.6224 0.2031
vn 0.8655 0.0233 0.5004
vn 0.9328 0.2287 0.2786
vn 0.9316 0.0501 0.3600
vn 0.8166 -0.0039 0.5772
vn 0.5594 0.8289 -0.0000
vn 0.6649 0.7470 -0.0000
vn 0.9631 0.2691 -0.0000
vn 0.9904 0.1380 -0.0000
vn 0.9104 0.0030 0.4137
vn 0.9102 -0.0000 0.4143
vn 1.0000 0.0000 -0.0000
vn 1.0000 -0.0000 -0.0008
vn 0.8329 -0.0002 -0.5535
vn 0.8010 0.0000 -0.5986
vn 0.7075 0.0000 -0.7067
vn 0.7077 0.0000 -0.7066
vn 0.8177 -0.0004 -0.5756
vn 0.9102 -0.0000 -0.4141
vn 0.9102 -0.0000 -0.4143
vn 0.8010 0.0000 0.5986
vn 0.8329 -0.0002 0.5535
vn 0.7075 0.0000 0.7067
vn 0.7077 0.0000 0.7066
vn 0.8177 -0.0004 0.5756
vn 0.9102 -0.0000 0.4141
vn 0.9986 0.0520 -0.0000
vn 0.9099 -0.0013 -0.4147
vn 0.9590 0.0000 -0.2834
vn 0.9674 -0.0001 -0.2533
vn 0.9674 0.0050 0.2533
vn 0.9590 0.0057 0.2834
vn 0.9725 -0.0014 -0.2329
# 237 vertex normals

vt 0.0813 0.0040 0.5130
vt 0.0809 0.0038 0.5130
vt 0.0795 0.0038 0.5403
vt 0.0797 0.0039 0.5403
vt 0.0801 0.0036 0.5130
vt 0.0792 0.0037 0.5403
vt 0.0792 0.0035 0.5130
vt 0.0785 0.0037 0.5403
vt 0.0782 0.0035 0.5130
vt 0.0781 0.0037 0.5403
vt 0.0640 0.0035 0.5133
vt 0.0640 0.0037 0.5450
vt 0.0778 0.0039 0.5642
vt 0.0779 0.0040 0.5636
vt 0.0777 0.0039 0.5646
vt 0.0773 0.0039 0.5644
vt 0.0770 0.0039 0.5641
vt 0.0640 0.0039 0.5749
vt 0.0761 0.0042 0.5809
vt 0.0761 0.0054 0.5807
vt 0.0779 0.0053 0.5633
vt 0.0760 0.0041 0.5808
vt 0.0760 0.0041 0.5803
vt 0.0758 0.0041 0.5800
vt 0.0757 0.0041 0.5796
vt 0.0811 0.7462 0.5129
vt 0.0812 0.5000 0.5130
vt 0.0802 0.5000 0.5403
vt 0.0805 0.7462 0.5403
vt 0.0792 0.5000 0.5629
vt 0.0798 0.7462 0.5629
vt 0.0791 0.7462 0.5797
vt 0.0781 0.5000 0.5798
vt 0.0774 0.5000 0.5922
vt 0.0787 0.7462 0.5922
vt 0.0516 0.0041 0.6936
vt 0.0640 0.0041 0.6816
vt 0.0516 0.0039 0.5747
vt 0.0750 0.0042 0.5922
vt 0.0640 0.0042 0.6896
vt 0.0640 0.0054 0.7107
vt 0.0750 0.0054 0.5922
vt 0.0219 0.0040 0.5130
vt 0.0235 0.0039 0.5403
vt 0.0237 0.0038 0.5403
vt 0.0223 0.0038 0.5130
vt 0.0240 0.0037 0.5403
vt 0.0231 0.0036 0.5130
vt 0.0247 0.0037 0.5403
vt 0.0240 0.0035 0.5130
vt 0.0251 0.0037 0.5403
vt 0.0250 0.0035 0.5130
vt 0.0392 0.0037 0.5450
vt 0.0392 0.0035 0.5133
vt 0.0253 0.0040 0.5636
vt 0.0254 0.0039 0.5642
vt 0.0255 0.0039 0.5646
vt 0.0259 0.0039 0.5644
vt 0.0262 0.0039 0.5641
vt 0.0392 0.0039 0.5749
vt 0.0253 0.0053 0.5633
vt 0.0271 0.0054 0.5807
vt 0.0271 0.0042 0.5809
vt 0.0272 0.0041 0.5808
vt 0.0272 0.0041 0.5803
vt 0.0274 0.0041 0.5800
vt 0.0275 0.0041 0.5796
vt 0.0583 0.7462 0.5403
vt 0.0462 0.5000 0.5403
vt 0.0452 0.5000 0.5130
vt 0.0577 0.7462 0.5129
vt 0.0590 0.7462 0.5629
vt 0.0472 0.5000 0.5629
vt 0.0602 0.7462 0.5922
vt 0.0490 0.5000 0.5922
vt 0.0483 0.5000 0.5798
vt 0.0597 0.7462 0.5797
vt 0.0392 0.0041 0.6816
vt 0.0282 0.0042 0.5922
vt 0.0392 0.0042 0.6896
vt 0.0282 0.0054 0.5922
vt 0.0392 0.0054 0.7107
vt 0.0516 0.0035 0.5132
vt 0.0516 0.0037 0.5448
vt 0.0516 0.0042 0.7018
vt 0.0516 0.0054 0.7347
vt 0.0694 0.7462 0.7560
vt 0.0632 0.5000 0.7560
vt 0.0557 0.5000 0.7107
vt 0.0645 0.7462 0.7107
vt 0.0761 0.0065 0.5804
vt 0.0762 0.0078 0.5800
vt 0.0780 0.0078 0.5630
vt 0.0779 0.0065 0.5631
vt 0.0813 0.0065 0.5130
vt 0.0813 0.0053 0.5130
vt 0.0797 0.0052 0.5403
vt 0.0797 0.0065 0.5403
vt 0.0750 0.0065 0.5922
vt 0.0640 0.0065 0.7107
vt 0.0640 0.0078 0.7107
vt 0.0750 0.0078 0.5922
vt 0.0252 0.0065 0.5631
vt 0.0252 0.0078 0.5630
vt 0.0270 0.0078 0.5800
vt 0.0271 0.0065 0.5804
vt 0.0235 0.0065 0.5403
vt 0.0235 0.0052 0.5403
vt 0.0219 0.0053 0.5130
vt 0.0219 0.0065 0.5130
vt 0.0282 0.0065 0.5922
vt 0.0282 0.0078 0.5922
vt 0.0392 0.0078 0.7107
vt 0.0392 0.0065 0.7107
vt 0.0516 0.0065 0.7560
vt 0.0516 0.0078 0.7560
vt 0.0813 0.0078 0.5130
vt 0.0797 0.0078 0.5403
vt 0.0235 0.0078 0.5403
vt 0.0219 0.0078 0.5130
vt 0.0768 0.2539 0.5799
vt 0.0782 0.2539 0.5629
vt 0.0674 0.2539 0.7107
vt 0.0707 0.5000 0.7107
vt 0.0759 0.2539 0.5922
vt 0.0373 0.2539 0.5629
vt 0.0386 0.2539 0.5799
vt 0.0396 0.2539 0.5922
vt 0.0481 0.2539 0.7107
vt 0.0577 0.2539 0.7560
vt 0.0813 0.9973 0.5129
vt 0.0810 0.9974 0.5403
vt 0.0810 0.9975 0.5403
vt 0.0813 0.9976 0.5129
vt 0.0809 0.9976 0.5403
vt 0.0811 0.9977 0.5129
vt 0.0808 0.9976 0.5403
vt 0.0809 0.9978 0.5129
vt 0.0807 0.9977 0.5403
vt 0.0807 0.9978 0.5129
vt 0.0778 0.9977 0.5450
vt 0.0778 0.9978 0.5132
vt 0.0806 0.9973 0.5635
vt 0.0806 0.9974 0.5642
vt 0.0806 0.9974 0.5646
vt 0.0805 0.9975 0.5643
vt 0.0805 0.9975 0.5641
vt 0.0778 0.9975 0.5846
vt 0.0806 0.9961 0.5632
vt 0.0803 0.9960 0.5807
vt 0.0803 0.9972 0.5846
vt 0.0803 0.9972 0.5848
vt 0.0802 0.9972 0.5845
vt 0.0802 0.9972 0.5842
vt 0.0802 0.9973 0.5837
vt 0.0813 0.9923 0.5129
vt 0.0810 0.9923 0.5403
vt 0.0810 0.9936 0.5403
vt 0.0813 0.9936 0.5129
vt 0.0807 0.9923 0.5628
vt 0.0807 0.9936 0.5629
vt 0.0801 0.9923 0.5922
vt 0.0801 0.9936 0.5922
vt 0.0803 0.9936 0.5800
vt 0.0803 0.9923 0.5797
vt 0.0753 0.9973 0.6827
vt 0.0753 0.9976 0.5843
vt 0.0778 0.9973 0.6708
vt 0.0801 0.9970 0.5939
vt 0.0778 0.9970 0.6913
vt 0.0801 0.9959 0.5922
vt 0.0778 0.9959 0.7107
vt 0.0693 0.9973 0.5129
vt 0.0694 0.9976 0.5129
vt 0.0697 0.9975 0.5403
vt 0.0697 0.9974 0.5403
vt 0.0696 0.9977 0.5129
vt 0.0698 0.9976 0.5403
vt 0.0698 0.9978 0.5129
vt 0.0699 0.9976 0.5403
vt 0.0700 0.9978 0.5129
vt 0.0700 0.9977 0.5403
vt 0.0728 0.9978 0.5132
vt 0.0728 0.9977 0.5450
vt 0.0700 0.9974 0.5642
vt 0.0700 0.9973 0.5635
vt 0.0701 0.9974 0.5646
vt 0.0702 0.9975 0.5643
vt 0.0702 0.9975 0.5641
vt 0.0728 0.9975 0.5846
vt 0.0704 0.9972 0.5846
vt 0.0704 0.9960 0.5807
vt 0.0700 0.9961 0.5632
vt 0.0704 0.9972 0.5848
vt 0.0704 0.9972 0.5845
vt 0.0704 0.9972 0.5842
vt 0.0705 0.9973 0.5837
vt 0.0693 0.9923 0.5129
vt 0.0693 0.9936 0.5129
vt 0.0697 0.9936 0.5403
vt 0.0697 0.9923 0.5403
vt 0.0700 0.9936 0.5629
vt 0.0700 0.9923 0.5628
vt 0.0706 0.9923 0.5922
vt 0.0704 0.9923 0.5797
vt 0.0704 0.9936 0.5800
vt 0.0706 0.9936 0.5922
vt 0.0728 0.9973 0.6708
vt 0.0706 0.9970 0.5939
vt 0.0728 0.9970 0.6913
vt 0.0728 0.9959 0.7107
vt 0.0706 0.9959 0.5922
vt 0.0753 0.9977 0.5448
vt 0.0753 0.9978 0.5132
vt 0.0753 0.9970 0.7035
vt 0.0753 0.9959 0.7346
vt 0.0728 0.9923 0.7107
vt 0.0728 0.9936 0.7107
vt 0.0753 0.9936 0.7560
vt 0.0753 0.9923 0.7560
vt 0.0803 0.9948 0.5804
vt 0.0806 0.9948 0.5631
vt 0.0813 0.9948 0.5129
vt 0.0810 0.9948 0.5403
vt 0.0810 0.9961 0.5403
vt 0.0813 0.9961 0.5129
vt 0.0801 0.9948 0.5922
vt 0.0778 0.9948 0.7107
vt 0.0778 0.9936 0.7107
vt 0.0700 0.9948 0.5631
vt 0.0704 0.9948 0.5804
vt 0.0697 0.9948 0.5403
vt 0.0693 0.9948 0.5129
vt 0.0693 0.9961 0.5129
vt 0.0697 0.9961 0.5403
vt 0.0706 0.9948 0.5922
vt 0.0728 0.9948 0.7107
vt 0.0753 0.9948 0.7560
vt 0.0778 0.9923 0.7107
vt 0.0808 0.2539 0.5130
vt 0.0795 0.2539 0.5403
vt 0.0359 0.2539 0.5403
vt 0.0347 0.2539 0.5130
vt 0.0743 0.7462 0.7107
# 244 texture coords

o Rectangle026
g Rectangle026
usemtl wire_115115115
s off
f 5624/5637/5463 5623/5636/5462 5622/5635/5461 5621/5634/5460 
f 5623/5636/5462 5626/5639/5465 5625/5638/5464 5622/5635/5461 
f 5626/5639/5465 5628/5641/5467 5627/5640/5466 5625/5638/5464 
f 5628/5641/5467 5630/5643/5469 5629/5642/5468 5627/5640/5466 
f 5630/5643/5469 5632/5645/5471 5631/5644/5470 5629/5642/5468 
f 5634/5647/5473 5633/5646/5472 5623/5636/5462 5624/5637/5463 
f 5633/5646/5472 5635/5648/5474 5626/5639/5465 5623/5636/5462 
f 5635/5648/5474 5636/5649/5475 5628/5641/5467 5626/5639/5465 
f 5636/5649/5475 5637/5650/5476 5630/5643/5469 5628/5641/5467 
f 5637/5650/5476 5638/5651/5477 5632/5645/5471 5630/5643/5469 
f 5641/5654/5480 5640/5653/5479 5639/5652/5478 5634/5647/5473 
f 5634/5647/5473 5639/5652/5478 5642/5655/5481 5633/5646/5472 
f 5633/5646/5472 5642/5655/5481 5643/5656/5482 5635/5648/5474 
f 5635/5648/5474 5643/5656/5482 5644/5657/5483 5636/5649/5475 
f 5636/5649/5475 5644/5657/5483 5645/5658/5484 5637/5650/5476 
f 5649/5662/5488 5648/5661/5487 5647/5660/5486 5646/5659/5485 
f 5651/5664/5490 5650/5663/5489 5648/5661/5487 5649/5662/5488 
s 1
f 5655/5668/5494 5654/5667/5493 5653/5666/5492 5652/5665/5491 
s off
f 5658/5671/5497 5638/5651/5477 5657/5670/5496 5656/5669/5495 
s 1
f 5659/5672/5498 5645/5658/5484 5644/5657/5483 5643/5656/5482 5642/5655/5481 5639/5652/5478 
f 5659/5672/5498 5660/5673/5499 5657/5670/5496 5645/5658/5484 
f 5662/5675/5501 5661/5674/5500 5660/5673/5499 5659/5672/5498 
s off
f 5666/5679/5505 5665/5678/5504 5664/5677/5503 5663/5676/5502 
f 5668/5681/5507 5667/5680/5506 5665/5678/5504 5666/5679/5505 
f 5670/5683/5509 5669/5682/5508 5667/5680/5506 5668/5681/5507 
f 5672/5685/5511 5671/5684/5510 5669/5682/5508 5670/5683/5509 
f 5674/5687/5513 5673/5686/5512 5671/5684/5510 5672/5685/5511 
f 5665/5678/5504 5676/5689/5515 5675/5688/5514 5664/5677/5503 
f 5667/5680/5506 5677/5690/5516 5676/5689/5515 5665/5678/5504 
f 5669/5682/5508 5678/5691/5517 5677/5690/5516 5667/5680/5506 
f 5671/5684/5510 5679/5692/5518 5678/5691/5517 5669/5682/5508 
f 5673/5686/5512 5680/5693/5519 5679/5692/5518 5671/5684/5510 
f 5683/5696/5522 5682/5695/5521 5681/5694/5520 5675/5688/5514 
f 5684/5697/5523 5683/5696/5522 5675/5688/5514 5676/5689/5515 
f 5685/5698/5524 5684/5697/5523 5676/5689/5515 5677/5690/5516 
f 5686/5699/5525 5685/5698/5524 5677/5690/5516 5678/5691/5517 
f 5687/5700/5526 5686/5699/5525 5678/5691/5517 5679/5692/5518 
f 5691/5704/5530 5690/5703/5529 5689/5702/5528 5688/5701/5527 
f 5688/5701/5527 5689/5702/5528 5693/5706/5532 5692/5705/5531 
s 1
f 5697/5710/5536 5696/5709/5535 5695/5708/5534 5694/5707/5533 
s off
f 5698/5711/5537 5680/5693/5519 5658/5671/5497 5656/5669/5495 
s 1
f 5684/5697/5523 5685/5698/5524 5686/5699/5525 5687/5700/5526 5699/5712/5538 5683/5696/5522 
f 5698/5711/5537 5700/5713/5539 5699/5712/5538 5687/5700/5526 
f 5700/5713/5539 5702/5715/5541 5701/5714/5540 5699/5712/5538 
s off
f 5632/5645/5471 5704/5717/5543 5703/5716/5542 5631/5644/5470 
f 5638/5651/5477 5658/5671/5497 5704/5717/5543 5632/5645/5471 
f 5638/5651/5477 5637/5650/5476 5645/5658/5484 5657/5670/5496 
s 1
f 5660/5673/5499 5705/5718/5544 5656/5669/5495 5657/5670/5496 
f 5661/5674/5500 5706/5719/5545 5705/5718/5544 5660/5673/5499 
s off
f 5674/5687/5513 5703/5716/5542 5704/5717/5543 5673/5686/5512 
f 5673/5686/5512 5704/5717/5543 5658/5671/5497 5680/5693/5519 
f 5698/5711/5537 5687/5700/5526 5679/5692/5518 5680/5693/5519 
s 1
f 5698/5711/5537 5656/5669/5495 5705/5718/5544 5700/5713/5539 
f 5710/5723/5549 5709/5722/5548 5708/5721/5547 5707/5720/5546 
s off
f 5714/5727/5553 5713/5726/5552 5712/5725/5551 5711/5724/5550 
f 5718/5731/5556 5717/5730/5555 5716/5729/5554 5715/5728/5554 
f 5714/5727/5553 5641/5654/5480 5717/5730/5555 5718/5731/5556 
s 1
f 5719/5732/5557 5662/5675/5501 5640/5653/5479 5711/5724/5550 
f 5719/5732/5557 5722/5735/5560 5721/5734/5559 5720/5733/5558 
s off
f 5726/5739/5564 5725/5738/5563 5724/5737/5562 5723/5736/5561 
f 5730/5743/5567 5729/5742/5567 5728/5741/5566 5727/5740/5565 
f 5727/5740/5565 5728/5741/5566 5681/5694/5520 5723/5736/5561 
s 1
f 5726/5739/5564 5682/5695/5521 5701/5714/5540 5731/5744/5568 
f 5734/5747/5571 5733/5746/5570 5732/5745/5569 5731/5744/5568 
f 5720/5733/5558 5721/5734/5559 5736/5749/5573 5735/5748/5572 
f 5734/5747/5571 5702/5715/5541 5706/5719/5545 5735/5748/5572 
s off
f 5738/5751/5575 5718/5731/5556 5715/5728/5554 5737/5750/5574 
f 5713/5726/5552 5714/5727/5553 5718/5731/5556 5738/5751/5575 
s 1
f 5722/5735/5560 5719/5732/5557 5711/5724/5550 5712/5725/5551 
s off
f 5740/5753/5577 5730/5743/5567 5727/5740/5565 5739/5752/5576 
f 5739/5752/5576 5727/5740/5565 5723/5736/5561 5724/5737/5562 
s 1
f 5725/5738/5563 5726/5739/5564 5731/5744/5568 5732/5745/5569 
f 5733/5746/5570 5734/5747/5571 5735/5748/5572 5736/5749/5573 
s off
f 5742/5755/5579 5650/5663/5489 5653/5666/5492 5741/5754/5578 
s 1
f 5745/5758/5582 5654/5667/5493 5744/5757/5581 5743/5756/5580 
s off
f 5747/5760/5584 5696/5709/5535 5693/5706/5532 5746/5759/5583 
s 1
f 5749/5762/5586 5709/5722/5548 5695/5708/5534 5748/5761/5585 
f 5743/5756/5580 5744/5757/5581 5708/5721/5547 5750/5763/5546 
s off
f 5641/5654/5480 5714/5727/5553 5711/5724/5550 5640/5653/5479 
s 1
f 5662/5675/5501 5719/5732/5557 5720/5733/5558 5661/5674/5500 
s off
f 5682/5695/5521 5726/5739/5564 5723/5736/5561 5681/5694/5520 
s 1
f 5702/5715/5541 5734/5747/5571 5731/5744/5568 5701/5714/5540 
f 5661/5674/5500 5720/5733/5558 5735/5748/5572 5706/5719/5545 
s off
f 5717/5730/5555 5624/5637/5463 5621/5634/5460 5716/5729/5554 
f 5641/5654/5480 5634/5647/5473 5624/5637/5463 5717/5730/5555 
s 1
f 5662/5675/5501 5659/5672/5498 5639/5652/5478 5640/5653/5479 
s off
f 5729/5742/5567 5663/5676/5502 5664/5677/5503 5728/5741/5566 
f 5728/5741/5566 5664/5677/5503 5675/5688/5514 5681/5694/5520 
s 1
f 5682/5695/5521 5683/5696/5522 5699/5712/5538 5701/5714/5540 
f 5702/5715/5541 5700/5713/5539 5705/5718/5544 5706/5719/5545 
s off
f 5754/5767/5590 5753/5766/5589 5752/5765/5588 5751/5764/5587 
f 5756/5769/5592 5755/5768/5591 5753/5766/5589 5754/5767/5590 
f 5758/5771/5594 5757/5770/5593 5755/5768/5591 5756/5769/5592 
f 5760/5773/5596 5759/5772/5595 5757/5770/5593 5758/5771/5594 
f 5762/5775/5598 5761/5774/5597 5759/5772/5595 5760/5773/5596 
f 5753/5766/5589 5764/5777/5600 5763/5776/5599 5752/5765/5588 
f 5755/5768/5591 5765/5778/5601 5764/5777/5600 5753/5766/5589 
f 5757/5770/5593 5766/5779/5602 5765/5778/5601 5755/5768/5591 
f 5759/5772/5595 5767/5780/5603 5766/5779/5602 5757/5770/5593 
f 5761/5774/5597 5768/5781/5604 5767/5780/5603 5759/5772/5595 
f 5771/5784/5607 5770/5783/5606 5769/5782/5605 5763/5776/5599 
f 5772/5785/5608 5771/5784/5607 5763/5776/5599 5764/5777/5600 
f 5773/5786/5609 5772/5785/5608 5764/5777/5600 5765/5778/5601 
f 5774/5787/5610 5773/5786/5609 5765/5778/5601 5766/5779/5602 
f 5775/5788/5611 5774/5787/5610 5766/5779/5602 5767/5780/5603 
f 5779/5792/5615 5778/5791/5614 5777/5790/5613 5776/5789/5612 
f 5778/5791/5614 5781/5794/5617 5780/5793/5616 5777/5790/5613 
s 1
f 5785/5798/5621 5784/5797/5620 5783/5796/5619 5782/5795/5618 
s off
f 5788/5801/5624 5768/5781/5604 5787/5800/5623 5786/5799/5622 
s 1
f 5772/5785/5608 5773/5786/5609 5774/5787/5610 5775/5788/5611 5789/5802/5625 5771/5784/5607 
f 5788/5801/5624 5790/5803/5626 5789/5802/5625 5775/5788/5611 
f 5790/5803/5626 5792/5805/5628 5791/5804/5627 5789/5802/5625 
s off
f 5796/5809/5632 5795/5808/5631 5794/5807/5630 5793/5806/5629 
f 5795/5808/5631 5798/5811/5634 5797/5810/5633 5794/5807/5630 
f 5798/5811/5634 5800/5813/5636 5799/5812/5635 5797/5810/5633 
f 5800/5813/5636 5802/5815/5638 5801/5814/5637 5799/5812/5635 
f 5802/5815/5638 5804/5817/5640 5803/5816/5639 5801/5814/5637 
f 5806/5819/5642 5805/5818/5641 5795/5808/5631 5796/5809/5632 
f 5805/5818/5641 5807/5820/5643 5798/5811/5634 5795/5808/5631 
f 5807/5820/5643 5808/5821/5644 5800/5813/5636 5798/5811/5634 
f 5808/5821/5644 5809/5822/5645 5802/5815/5638 5800/5813/5636 
f 5809/5822/5645 5810/5823/5646 5804/5817/5640 5802/5815/5638 
f 5813/5826/5649 5812/5825/5648 5811/5824/5647 5806/5819/5642 
f 5806/5819/5642 5811/5824/5647 5814/5827/5650 5805/5818/5641 
f 5805/5818/5641 5814/5827/5650 5815/5828/5651 5807/5820/5643 
f 5807/5820/5643 5815/5828/5651 5816/5829/5652 5808/5821/5644 
f 5808/5821/5644 5816/5829/5652 5817/5830/5653 5809/5822/5645 
f 5821/5834/5657 5820/5833/5656 5819/5832/5655 5818/5831/5654 
f 5823/5836/5659 5822/5835/5658 5820/5833/5656 5821/5834/5657 
s 1
f 5827/5840/5663 5826/5839/5662 5825/5838/5661 5824/5837/5660 
s off
f 5787/5800/5623 5810/5823/5646 5828/5841/5664 5786/5799/5622 
s 1
f 5829/5842/5665 5817/5830/5653 5816/5829/5652 5815/5828/5651 5814/5827/5650 5811/5824/5647 
f 5829/5842/5665 5830/5843/5666 5828/5841/5664 5817/5830/5653 
f 5832/5845/5668 5831/5844/5667 5830/5843/5666 5829/5842/5665 
s off
f 5834/5847/5670 5833/5846/5669 5761/5774/5597 5762/5775/5598 
f 5833/5846/5669 5787/5800/5623 5768/5781/5604 5761/5774/5597 
f 5775/5788/5611 5767/5780/5603 5768/5781/5604 5788/5801/5624 
s 1
f 5786/5799/5622 5835/5848/5671 5790/5803/5626 5788/5801/5624 
f 5835/5848/5671 5836/5849/5672 5792/5805/5628 5790/5803/5626 
s off
f 5833/5846/5669 5834/5847/5670 5803/5816/5639 5804/5817/5640 
f 5787/5800/5623 5833/5846/5669 5804/5817/5640 5810/5823/5646 
f 5809/5822/5645 5817/5830/5653 5828/5841/5664 5810/5823/5646 
s 1
f 5835/5848/5671 5786/5799/5622 5828/5841/5664 5830/5843/5666 
f 5840/5853/5676 5839/5852/5675 5838/5851/5674 5837/5850/5673 
s off
f 5784/5797/5620 5781/5794/5617 5842/5855/5678 5841/5854/5677 
f 5846/5859/5615 5845/5858/5680 5844/5857/5679 5843/5856/5615 
f 5845/5858/5680 5769/5782/5605 5842/5855/5678 5844/5857/5679 
s 1
f 5770/5783/5606 5791/5804/5627 5847/5860/5681 5841/5854/5677 
f 5849/5862/5683 5783/5796/5619 5847/5860/5681 5848/5861/5682 
s off
f 5822/5835/5658 5826/5839/5662 5851/5864/5685 5850/5863/5684 
f 5855/5868/5687 5854/5867/5655 5853/5866/5655 5852/5865/5686 
f 5813/5826/5649 5855/5868/5687 5852/5865/5686 5850/5863/5684 
s 1
f 5832/5845/5668 5812/5825/5648 5851/5864/5685 5856/5869/5688 
f 5827/5840/5663 5838/5851/5674 5857/5870/5689 5856/5869/5688 
f 5839/5852/5675 5849/5862/5683 5848/5861/5682 5858/5871/5690 
f 5836/5849/5672 5831/5844/5667 5857/5870/5689 5858/5871/5690 
s off
f 5843/5856/5615 5844/5857/5679 5778/5791/5614 5779/5792/5615 
f 5844/5857/5679 5842/5855/5678 5781/5794/5617 5778/5791/5614 
s 1
f 5841/5854/5677 5847/5860/5681 5783/5796/5619 5784/5797/5620 
s off
f 5852/5865/5686 5853/5866/5655 5819/5832/5655 5820/5833/5656 
f 5850/5863/5684 5852/5865/5686 5820/5833/5656 5822/5835/5658 
s 1
f 5856/5869/5688 5851/5864/5685 5826/5839/5662 5827/5840/5663 
f 5858/5871/5690 5857/5870/5689 5838/5851/5674 5839/5852/5675 
s off
f 5785/5798/5621 5780/5793/5616 5781/5794/5617 5784/5797/5620 
s 1
f 5859/5872/5691 5782/5795/5618 5783/5796/5619 5849/5862/5683 
s off
f 5823/5836/5659 5825/5838/5661 5826/5839/5662 5822/5835/5658 
s 1
f 5824/5837/5660 5837/5850/5673 5838/5851/5674 5827/5840/5663 
f 5840/5853/5676 5859/5872/5691 5849/5862/5683 5839/5852/5675 
s off
f 5841/5854/5677 5842/5855/5678 5769/5782/5605 5770/5783/5606 
s 1
f 5848/5861/5682 5847/5860/5681 5791/5804/5627 5792/5805/5628 
s off
f 5850/5863/5684 5851/5864/5685 5812/5825/5648 5813/5826/5649 
s 1
f 5856/5869/5688 5857/5870/5689 5831/5844/5667 5832/5845/5668 
f 5858/5871/5690 5848/5861/5682 5792/5805/5628 5836/5849/5672 
s off
f 5751/5764/5587 5752/5765/5588 5845/5858/5680 5846/5859/5615 
f 5752/5765/5588 5763/5776/5599 5769/5782/5605 5845/5858/5680 
s 1
f 5771/5784/5607 5789/5802/5625 5791/5804/5627 5770/5783/5606 
s off
f 5796/5809/5632 5793/5806/5629 5854/5867/5655 5855/5868/5687 
f 5806/5819/5642 5796/5809/5632 5855/5868/5687 5813/5826/5649 
s 1
f 5829/5842/5665 5811/5824/5647 5812/5825/5648 5832/5845/5668 
f 5835/5848/5671 5830/5843/5666 5831/5844/5667 5836/5849/5672 
s off
f 5861/5874/5693 5738/5751/5575 5737/5750/5574 5860/5873/5692 
f 5648/5661/5487 5861/5874/5693 5860/5873/5692 5647/5660/5486 
f 5646/5659/5485 5776/5789/5612 5777/5790/5613 5649/5662/5488 
f 5742/5755/5579 5713/5726/5552 5738/5751/5575 5861/5874/5693 
f 5650/5663/5489 5742/5755/5579 5861/5874/5693 5648/5661/5487 
f 5649/5662/5488 5777/5790/5613 5780/5793/5616 5651/5664/5490 
s 1
f 5745/5758/5582 5722/5735/5560 5712/5725/5551 5741/5754/5578 
f 5654/5667/5493 5745/5758/5582 5741/5754/5578 5653/5666/5492 
f 5652/5665/5491 5785/5798/5621 5782/5795/5618 5655/5668/5494 
s off
f 5863/5876/5695 5740/5753/5577 5739/5752/5576 5862/5875/5694 
f 5690/5703/5529 5863/5876/5695 5862/5875/5694 5689/5702/5528 
f 5688/5701/5527 5821/5834/5657 5818/5831/5654 5691/5704/5530 
f 5862/5875/5694 5739/5752/5576 5724/5737/5562 5746/5759/5583 
f 5689/5702/5528 5862/5875/5694 5746/5759/5583 5693/5706/5532 
f 5692/5705/5531 5823/5836/5659 5821/5834/5657 5688/5701/5527 
s 1
f 5747/5760/5584 5725/5738/5563 5732/5745/5569 5748/5761/5585 
f 5696/5709/5535 5747/5760/5584 5748/5761/5585 5695/5708/5534 
f 5694/5707/5533 5824/5837/5660 5825/5838/5661 5697/5710/5536 
f 5749/5762/5586 5733/5746/5570 5736/5749/5573 5750/5763/5546 
f 5709/5722/5548 5749/5762/5586 5750/5763/5546 5708/5721/5547 
f 5707/5720/5546 5840/5853/5676 5837/5850/5673 5710/5723/5549 
s off
f 5651/5664/5490 5780/5793/5616 5785/5798/5621 5652/5665/5491 
f 5650/5663/5489 5651/5664/5490 5652/5665/5491 5653/5666/5492 
f 5741/5754/5578 5712/5725/5551 5713/5726/5552 5742/5755/5579 
s 1
f 5655/5668/5494 5782/5795/5618 5859/5872/5691 5864/5877/5696 
f 5654/5667/5493 5655/5668/5494 5864/5877/5696 5744/5757/5581 
f 5743/5756/5580 5721/5734/5559 5722/5735/5560 5745/5758/5582 
s off
f 5697/5710/5536 5825/5838/5661 5823/5836/5659 5692/5705/5531 
f 5696/5709/5535 5697/5710/5536 5692/5705/5531 5693/5706/5532 
f 5746/5759/5583 5724/5737/5562 5725/5738/5563 5747/5760/5584 
s 1
f 5710/5723/5549 5837/5850/5673 5824/5837/5660 5694/5707/5533 
f 5709/5722/5548 5710/5723/5549 5694/5707/5533 5695/5708/5534 
f 5748/5761/5585 5732/5745/5569 5733/5746/5570 5749/5762/5586 
f 5864/5877/5696 5859/5872/5691 5840/5853/5676 5707/5720/5546 
f 5744/5757/5581 5864/5877/5696 5707/5720/5546 5708/5721/5547 
f 5750/5763/5546 5736/5749/5573 5721/5734/5559 5743/5756/5580 
# 216 polygons

